method,path,endpoint,module,source_file,source_line,tags,deprecated,include_in_schema,dependencies,auth_dependencies,db_writes,external_effects,audit_effects,tenant_derivation
GET,/health,health_check,app.engines.health_router,app\engines\health_router.py,66,Health,False,True,health_check,NONE,,,,
GET,/v1/health,health_check_v1,app.engines.health_router,app\engines\health_router.py,77,Health,False,True,health_check_v1,NONE,,,,
GET,/v1/ready,readiness_check,app.engines.health_router,app\engines\health_router.py,88,Health|Health,False,True,readiness_check,NONE,,,,
GET,/engines,list_engines,app.engine_registry.router,app\engine_registry\router.py,18,Engine Registry,False,True,list_engines|get_tenant|get_db|get_current_user|<fastapi.security.http.HTTPBearer object at 0x0000012C233CCA70>,get_current_user,,,,
GET,/engines/{engine_id},get_engine,app.engine_registry.router,app\engine_registry\router.py,65,Engine Registry,False,True,get_engine|get_tenant|get_db|get_current_user|<fastapi.security.http.HTTPBearer object at 0x0000012C233CCA70>,get_current_user,,,,
GET,/v1/auth/meta,engine_meta,app.engines.auth.router,app\engines\auth\router.py,62,Auth & IAM|Engine Registry,False,True,engine_meta,NONE,,,,
POST,/v1/auth/register/customer,register_customer,app.engines.auth.router,app\engines\auth\router.py,79,Auth & IAM,False,True,register_customer|_svc|get_db,NONE,add|flush,,_audit|record_platform_audit,
POST,/v1/auth/login,login,app.engines.auth.router,app\engines\auth\router.py,111,Auth & IAM,False,True,login|_svc|get_db,NONE,add|flush,,_audit|record_platform_audit,user.tenant_id
POST,/v1/auth/otp/send,send_otp,app.engines.auth.router,app\engines\auth\router.py,137,Auth & IAM,False,True,send_otp|_svc|get_db,NONE,add,,,
POST,/v1/auth/otp/verify,verify_otp,app.engines.auth.router,app\engines\auth\router.py,159,Auth & IAM,False,True,verify_otp|_svc|get_db,NONE,add|flush,,_audit|record_platform_audit,user.tenant_id
POST,/v1/auth/mfa/verify,verify_mfa,app.engines.auth.router,app\engines\auth\router.py,183,Auth & IAM,False,True,verify_mfa|_svc|get_db,NONE,add|flush,,_audit|record_platform_audit,user.tenant_id
POST,/v1/auth/mfa/setup,setup_mfa,app.engines.auth.router,app\engines\auth\router.py,209,Auth & IAM,False,True,setup_mfa|get_current_user|<fastapi.security.http.HTTPBearer object at 0x0000012C233CCA70>|_svc|get_db,get_current_user,add|sqlalchemy.update(),,_audit|record_platform_audit,
POST,/v1/auth/mfa/confirm,confirm_mfa,app.engines.auth.router,app\engines\auth\router.py,228,Auth & IAM,False,True,confirm_mfa|get_current_user|<fastapi.security.http.HTTPBearer object at 0x0000012C233CCA70>|_svc|get_db,get_current_user,add,,_audit|record_platform_audit,user.tenant_id
POST,/v1/auth/mfa/disable,disable_mfa,app.engines.auth.router,app\engines\auth\router.py,244,Auth & IAM,False,True,disable_mfa|get_current_user|<fastapi.security.http.HTTPBearer object at 0x0000012C233CCA70>|_svc|get_db,get_current_user,add,,_audit|record_platform_audit,user.tenant_id
POST,/v1/auth/mfa/backup-codes/regenerate,regenerate_backup_codes,app.engines.auth.router,app\engines\auth\router.py,266,Auth & IAM,False,True,regenerate_backup_codes|get_current_user|<fastapi.security.http.HTTPBearer object at 0x0000012C233CCA70>|_svc|get_db,get_current_user,add|sqlalchemy.update(),,_audit|record_platform_audit,
POST,/v1/auth/token/refresh,refresh_token,app.engines.auth.router,app\engines\auth\router.py,282,Auth & IAM,False,True,refresh_token|_svc|get_db,NONE,add|sqlalchemy.update(),,_audit|record_platform_audit,user.tenant_id
POST,/v1/auth/token/introspect,introspect_token,app.engines.auth.router,app\engines\auth\router.py,302,Auth & IAM,False,True,introspect_token|require_super_admin|get_current_user|<fastapi.security.http.HTTPBearer object at 0x0000012C233CCA70>|_svc|get_db,require_super_admin|get_current_user,,,,
POST,/v1/auth/logout,logout,app.engines.auth.router,app\engines\auth\router.py,318,Auth & IAM,False,True,logout|get_current_user|<fastapi.security.http.HTTPBearer object at 0x0000012C233CCA70>|_svc|get_db,get_current_user,add,,_audit|record_platform_audit,
POST,/v1/auth/logout-all,logout_all,app.engines.auth.router,app\engines\auth\router.py,333,Auth & IAM,False,True,logout_all|get_current_user|<fastapi.security.http.HTTPBearer object at 0x0000012C233CCA70>|_svc|get_db,get_current_user,add,,_audit|record_platform_audit,
GET,/v1/auth/me,get_me,app.engines.auth.router,app\engines\auth\router.py,349,Auth & IAM,False,True,get_me|get_current_user|<fastapi.security.http.HTTPBearer object at 0x0000012C233CCA70>|_svc|get_db,get_current_user,,,,user.tenant_id
PUT,/v1/auth/me,update_profile,app.engines.auth.router,app\engines\auth\router.py,372,Auth & IAM,False,True,update_profile|get_current_user|<fastapi.security.http.HTTPBearer object at 0x0000012C233CCA70>|_svc|get_db,get_current_user,add|raw_sql,,_audit|record_platform_audit,user.tenant_id
PUT,/v1/auth/password/change,change_password,app.engines.auth.router,app\engines\auth\router.py,390,Auth & IAM,False,True,change_password|get_current_user|<fastapi.security.http.HTTPBearer object at 0x0000012C233CCA70>|_svc|get_db,get_current_user,add,,_audit|record_platform_audit,user.tenant_id
POST,/v1/auth/password/reset/request,request_password_reset,app.engines.auth.router,app\engines\auth\router.py,409,Auth & IAM,False,True,request_password_reset|_svc|get_db,NONE,add,,_audit|record_platform_audit,user.tenant_id
POST,/v1/auth/password/reset/confirm,confirm_password_reset,app.engines.auth.router,app\engines\auth\router.py,432,Auth & IAM,False,True,confirm_password_reset|_svc|get_db,NONE,,,,
GET,/v1/auth/sessions,list_sessions,app.engines.auth.router,app\engines\auth\router.py,447,Auth & IAM,False,True,list_sessions|get_current_user|<fastapi.security.http.HTTPBearer object at 0x0000012C233CCA70>|_svc|get_db,get_current_user,,,,
DELETE,/v1/auth/sessions/{session_id},revoke_session,app.engines.auth.router,app\engines\auth\router.py,463,Auth & IAM,False,True,revoke_session|get_current_user|<fastapi.security.http.HTTPBearer object at 0x0000012C233CCA70>|_svc|get_db,get_current_user,add,,_audit|record_platform_audit,
POST,/v1/auth/sessions/{session_id}/approve,approve_device,app.engines.auth.router,app\engines\auth\router.py,480,Auth & IAM,False,True,approve_device|require_tenant_owner|get_current_user|<fastapi.security.http.HTTPBearer object at 0x0000012C233CCA70>|_svc|get_db,require_tenant_owner|get_current_user,add,,_audit|record_platform_audit,
POST,/v1/auth/staff/invite,invite_staff,app.engines.auth.router,app\engines\auth\router.py,496,Auth & IAM,False,True,invite_staff|require_auth_staff_invite|get_current_user|<fastapi.security.http.HTTPBearer object at 0x0000012C233CCA70>|_svc|get_db,get_current_user,add|flush,,_audit|record_platform_audit,user.tenant_id
POST,/v1/auth/staff/invite/accept,accept_invite,app.engines.auth.router,app\engines\auth\router.py,522,Auth & IAM,False,True,accept_invite|_svc|get_db,NONE,add,,_audit|record_platform_audit,user.tenant_id
POST,/v1/auth/staff/{user_id}/invite/resend,resend_invite,app.engines.auth.router,app\engines\auth\router.py,537,Auth & IAM,False,True,resend_invite|require_auth_staff_invite|get_current_user|<fastapi.security.http.HTTPBearer object at 0x0000012C233CCA70>|_svc|get_db,get_current_user,add,,_audit|record_platform_audit,
PUT,/v1/auth/staff/{user_id}/permissions,update_permissions,app.engines.auth.router,app\engines\auth\router.py,553,Auth & IAM,False,True,update_permissions|require_auth_permissions_manage|get_current_user|<fastapi.security.http.HTTPBearer object at 0x0000012C233CCA70>|_svc|get_db,get_current_user,add|raw_sql|sqlalchemy.update(),,_audit|record_platform_audit,user.tenant_id
POST,/v1/auth/staff/{user_id}/deactivate,deactivate_staff,app.engines.auth.router,app\engines\auth\router.py,577,Auth & IAM,False,True,deactivate_staff|require_auth_staff_manage|get_current_user|<fastapi.security.http.HTTPBearer object at 0x0000012C233CCA70>|_svc|get_db,get_current_user,add|sqlalchemy.update(),,_audit|record_platform_audit,user.tenant_id
GET,/v1/auth/staff,list_staff,app.engines.auth.router,app\engines\auth\router.py,599,Auth & IAM,False,True,list_staff|require_staff_read|get_current_user|<fastapi.security.http.HTTPBearer object at 0x0000012C233CCA70>|_svc|get_db,get_current_user,,,,
GET,/v1/auth/staff/{user_id},get_staff,app.engines.auth.router,app\engines\auth\router.py,614,Auth & IAM,False,True,get_staff|require_staff_read|get_current_user|<fastapi.security.http.HTTPBearer object at 0x0000012C233CCA70>|_svc|get_db,get_current_user,,,,
PUT,/v1/auth/staff/{user_id}/schedule,update_staff_schedule,app.engines.auth.router,app\engines\auth\router.py,629,Auth & IAM,False,True,update_staff_schedule|require_staff_manage|get_current_user|<fastapi.security.http.HTTPBearer object at 0x0000012C233CCA70>|_svc|get_db,get_current_user,raw_sql,,,
POST,/v1/auth/impersonate,impersonate,app.engines.auth.router,app\engines\auth\router.py,646,Auth & IAM,False,True,impersonate|require_platform_impersonate|get_current_user|<fastapi.security.http.HTTPBearer object at 0x0000012C233CCA70>|_svc|get_db,get_current_user,add,,_audit|record_platform_audit,user.tenant_id
POST,/v1/auth/impersonate/{session_id}/end,end_impersonation,app.engines.auth.router,app\engines\auth\router.py,666,Auth & IAM,False,True,end_impersonation|require_super_admin|get_current_user|<fastapi.security.http.HTTPBearer object at 0x0000012C233CCA70>|_svc|get_db,require_super_admin|get_current_user,add,,_audit|record_platform_audit,
GET,/v1/auth/impersonate/active,list_impersonations,app.engines.auth.router,app\engines\auth\router.py,682,Auth & IAM,False,True,list_impersonations|require_super_admin|get_current_user|<fastapi.security.http.HTTPBearer object at 0x0000012C233CCA70>|_svc|get_db,require_super_admin|get_current_user,,,,
POST,/v1/auth/api-keys,create_api_key,app.engines.auth.router,app\engines\auth\router.py,698,Auth & IAM,False,True,create_api_key|require_auth_apikeys_manage|get_current_user|<fastapi.security.http.HTTPBearer object at 0x0000012C233CCA70>|_svc|get_db,get_current_user,add|flush,,_audit|record_platform_audit,user.tenant_id
GET,/v1/auth/api-keys,list_api_keys,app.engines.auth.router,app\engines\auth\router.py,724,Auth & IAM,False,True,list_api_keys|require_auth_apikeys_manage|get_current_user|<fastapi.security.http.HTTPBearer object at 0x0000012C233CCA70>|_svc|get_db,get_current_user,,,,user.tenant_id
DELETE,/v1/auth/api-keys/{key_id},revoke_api_key,app.engines.auth.router,app\engines\auth\router.py,741,Auth & IAM,False,True,revoke_api_key|require_auth_apikeys_manage|get_current_user|<fastapi.security.http.HTTPBearer object at 0x0000012C233CCA70>|_svc|get_db,get_current_user,add,,_audit|record_platform_audit,user.tenant_id
PATCH,/v1/auth/api-keys/{key_id},update_api_key,app.engines.auth.router,app\engines\auth\router.py,759,Auth & IAM,False,True,update_api_key|require_auth_apikeys_manage|get_current_user|<fastapi.security.http.HTTPBearer object at 0x0000012C233CCA70>|_svc|get_db,get_current_user,add|raw_sql,,_audit|record_platform_audit,user.tenant_id
GET,/v1/auth/audit-log,get_audit_log,app.engines.auth.router,app\engines\auth\router.py,781,Auth & IAM,False,True,get_audit_log|get_current_user|<fastapi.security.http.HTTPBearer object at 0x0000012C233CCA70>|_svc|get_db,get_current_user,,,,user.tenant_id
GET,/v1/auth/users,list_users,app.engines.auth.router,app\engines\auth\router.py,804,Auth & IAM,False,True,list_users|require_auth_users_read|get_current_user|<fastapi.security.http.HTTPBearer object at 0x0000012C233CCA70>|get_db,get_current_user,,,,u.tenant_id
GET,/v1/auth/users/{user_id},get_user,app.engines.auth.router,app\engines\auth\router.py,845,Auth & IAM,False,True,get_user|require_auth_users_read|get_current_user|<fastapi.security.http.HTTPBearer object at 0x0000012C233CCA70>|_svc|get_db,get_current_user,,,,user.tenant_id
GET,/v1/auth/permissions/map,get_permissions_map,app.engines.auth.router,app\engines\auth\router.py,860,Auth & IAM,False,True,get_permissions_map|get_current_user|<fastapi.security.http.HTTPBearer object at 0x0000012C233CCA70>,get_current_user,,,,
POST,/v1/auth/change-password-required,change_password_required,app.engines.auth.router,app\engines\auth\router.py,877,Auth & IAM|Auth Security|Password Management,False,True,change_password_required|get_current_user|<fastapi.security.http.HTTPBearer object at 0x0000012C233CCA70>|_svc|get_db,get_current_user,add,,_audit|record_platform_audit,user.tenant_id
GET,/v1/admin/users/{user_id}/security-status,get_user_security_status,app.engines.auth.router,app\engines\auth\router.py,908,Admin User Security,False,True,get_user_security_status|require_super_admin|get_current_user|<fastapi.security.http.HTTPBearer object at 0x0000012C233CCA70>|_svc|get_db,require_super_admin|get_current_user,,,,
POST,/v1/admin/users/{user_id}/force-password-change,admin_force_password_change,app.engines.auth.router,app\engines\auth\router.py,923,Admin User Security|Auth Security,False,True,admin_force_password_change|require_super_admin|get_current_user|<fastapi.security.http.HTTPBearer object at 0x0000012C233CCA70>|_svc|get_db,require_super_admin|get_current_user,add,,_audit|record_platform_audit,
POST,/v1/admin/users/{user_id}/send-password-reset,admin_send_password_reset,app.engines.auth.router,app\engines\auth\router.py,951,Admin User Security|Auth Security,False,True,admin_send_password_reset|require_super_admin|get_current_user|<fastapi.security.http.HTTPBearer object at 0x0000012C233CCA70>|_svc|get_db,require_super_admin|get_current_user,add,,_audit|record_platform_audit,
POST,/v1/admin/users/{user_id}/generate-temporary-password,admin_generate_temporary_password,app.engines.auth.router,app\engines\auth\router.py,979,Admin User Security|Auth Security,False,True,admin_generate_temporary_password|require_super_admin|get_current_user|<fastapi.security.http.HTTPBearer object at 0x0000012C233CCA70>|_svc|get_db,require_super_admin|get_current_user,add,,_audit|record_platform_audit,
GET,/v1/admin/users/{user_id}/security,get_full_user_security,app.engines.auth.router,app\engines\auth\router.py,1009,Admin User Security|Account Security,False,True,get_full_user_security|require_super_admin|get_current_user|<fastapi.security.http.HTTPBearer object at 0x0000012C233CCA70>|_svc|get_db,require_super_admin|get_current_user,add,,_audit|record_platform_audit,
POST,/v1/admin/users/{user_id}/lock,lock_user,app.engines.auth.router,app\engines\auth\router.py,1026,Admin User Security|Account Security,False,True,lock_user|require_super_admin|get_current_user|<fastapi.security.http.HTTPBearer object at 0x0000012C233CCA70>|_svc|get_db,require_super_admin|get_current_user,add,,_audit|record_platform_audit,
POST,/v1/admin/users/{user_id}/unlock,unlock_user,app.engines.auth.router,app\engines\auth\router.py,1047,Admin User Security|Account Security,False,True,unlock_user|require_super_admin|get_current_user|<fastapi.security.http.HTTPBearer object at 0x0000012C233CCA70>|_svc|get_db,require_super_admin|get_current_user,add,,_audit|record_platform_audit,
POST,/v1/admin/users/{user_id}/deactivate,admin_deactivate_user,app.engines.auth.router,app\engines\auth\router.py,1065,Admin User Security|Account Security,False,True,admin_deactivate_user|require_super_admin|get_current_user|<fastapi.security.http.HTTPBearer object at 0x0000012C233CCA70>|_svc|get_db,require_super_admin|get_current_user,add,,_audit|record_platform_audit,
POST,/v1/admin/users/{user_id}/reactivate,admin_reactivate_user,app.engines.auth.router,app\engines\auth\router.py,1085,Admin User Security|Account Security,False,True,admin_reactivate_user|require_super_admin|get_current_user|<fastapi.security.http.HTTPBearer object at 0x0000012C233CCA70>|_svc|get_db,require_super_admin|get_current_user,add,,_audit|record_platform_audit,
GET,/v1/admin/users/{user_id}/sessions,admin_list_user_sessions,app.engines.auth.router,app\engines\auth\router.py,1103,Admin User Security|Account Security|User Sessions,False,True,admin_list_user_sessions|require_super_admin|get_current_user|<fastapi.security.http.HTTPBearer object at 0x0000012C233CCA70>|_svc|get_db,require_super_admin|get_current_user,add,,_audit|record_platform_audit,
POST,/v1/admin/users/{user_id}/sessions/revoke-all,admin_revoke_all_user_sessions,app.engines.auth.router,app\engines\auth\router.py,1119,Admin User Security|Account Security|User Sessions,False,True,admin_revoke_all_user_sessions|require_super_admin|get_current_user|<fastapi.security.http.HTTPBearer object at 0x0000012C233CCA70>|_svc|get_db,require_super_admin|get_current_user,add,,_audit|record_platform_audit,
GET,/v1/admin/users/{user_id}/login-history,admin_get_login_history,app.engines.auth.router,app\engines\auth\router.py,1137,Admin User Security|Account Security|Login History,False,True,admin_get_login_history|require_super_admin|get_current_user|<fastapi.security.http.HTTPBearer object at 0x0000012C233CCA70>|_svc|get_db,require_super_admin|get_current_user,add,,_audit|record_platform_audit,
GET,/v1/auth/login-history,get_own_login_history,app.engines.auth.router,app\engines\auth\router.py,1164,Login History|User Sessions,False,True,get_own_login_history|get_current_user|<fastapi.security.http.HTTPBearer object at 0x0000012C233CCA70>|_svc|get_db,get_current_user,add,,_audit|record_platform_audit,
POST,/v1/auth/sessions/revoke-all-other,revoke_all_other_sessions,app.engines.auth.router,app\engines\auth\router.py,1184,Login History|User Sessions,False,True,revoke_all_other_sessions|get_current_user|<fastapi.security.http.HTTPBearer object at 0x0000012C233CCA70>|_svc|get_db,get_current_user,add,,_audit|record_platform_audit,
POST,/v1/public/register/initiate,initiate_registration,app.engines.public_registration.router,app\engines\public_registration\router.py,117,Public Registration,False,True,initiate_registration|get_redis,NONE,,send_sms,,
POST,/v1/public/register/confirm-plan,confirm_plan,app.engines.public_registration.router,app\engines\public_registration\router.py,186,Public Registration,False,True,confirm_plan|get_redis,NONE,raw_sql,,,
POST,/v1/public/register/verify,verify_otp,app.engines.public_registration.router,app\engines\public_registration\router.py,208,Public Registration,False,True,verify_otp|get_redis,NONE,,,,
POST,/v1/public/register/payment-order,create_payment_order,app.engines.public_registration.router,app\engines\public_registration\router.py,271,Public Registration,False,True,create_payment_order|get_redis,NONE,,,,
POST,/v1/public/register/complete,complete_registration,app.engines.public_registration.router,app\engines\public_registration\router.py,330,Public Registration,False,True,complete_registration|get_db|get_redis,NONE,add|commit|flush,send_email|send_sms,,
POST,/v1/public/register/webhook/razorpay,razorpay_webhook,app.engines.public_registration.router,app\engines\public_registration\router.py,510,Public Registration,False,False,razorpay_webhook,NONE,,,,
GET,/v1/admin/platform-users/summary,get_summary,app.engines.auth.platform_users_router,app\engines\auth\platform_users_router.py,66,Platform Users,False,True,get_summary|get_db|require_super_admin|get_current_user|<fastapi.security.http.HTTPBearer object at 0x0000012C233CCA70>,require_super_admin|get_current_user,,,,_svc()
GET,/v1/admin/platform-users,list_users,app.engines.auth.platform_users_router,app\engines\auth\platform_users_router.py,73,Platform Users,False,True,list_users|get_db|require_super_admin|get_current_user|<fastapi.security.http.HTTPBearer object at 0x0000012C233CCA70>,require_super_admin|get_current_user,,,,_svc()|u.tenant_id
GET,/v1/admin/platform-users/export,export_users,app.engines.auth.platform_users_router,app\engines\auth\platform_users_router.py,96,Platform Users,False,True,export_users|get_db|require_super_admin|get_current_user|<fastapi.security.http.HTTPBearer object at 0x0000012C233CCA70>,require_super_admin|get_current_user,,,,_svc()|u.tenant_id
GET,/v1/admin/platform-users/audit-logs,list_audit_logs,app.engines.auth.platform_users_router,app\engines\auth\platform_users_router.py,105,Platform Users,False,True,list_audit_logs|get_db|require_super_admin|get_current_user|<fastapi.security.http.HTTPBearer object at 0x0000012C233CCA70>,require_super_admin|get_current_user,,,,_svc()
GET,/v1/admin/platform-users/invites,list_invites,app.engines.auth.platform_users_router,app\engines\auth\platform_users_router.py,114,Platform Users,False,True,list_invites|get_db|require_super_admin|get_current_user|<fastapi.security.http.HTTPBearer object at 0x0000012C233CCA70>,require_super_admin|get_current_user,,,,_svc()
POST,/v1/admin/platform-users/invite,invite_user,app.engines.auth.platform_users_router,app\engines\auth\platform_users_router.py,121,Platform Users,False,True,invite_user|get_db|require_platform_mutate|require_super_admin|get_current_user|<fastapi.security.http.HTTPBearer object at 0x0000012C233CCA70>,require_super_admin|get_current_user,add|flush,,_audit|record_platform_audit,_svc()
POST,/v1/admin/platform-users/invites/{invite_id}/resend,resend_invite,app.engines.auth.platform_users_router,app\engines\auth\platform_users_router.py,132,Platform Users,False,True,resend_invite|get_db|require_platform_mutate|require_super_admin|get_current_user|<fastapi.security.http.HTTPBearer object at 0x0000012C233CCA70>,require_super_admin|get_current_user,add,,_audit|record_platform_audit,_svc()
POST,/v1/admin/platform-users/invites/{invite_id}/revoke,revoke_invite,app.engines.auth.platform_users_router,app\engines\auth\platform_users_router.py,141,Platform Users,False,True,revoke_invite|get_db|require_platform_mutate|require_super_admin|get_current_user|<fastapi.security.http.HTTPBearer object at 0x0000012C233CCA70>,require_super_admin|get_current_user,add,,_audit|record_platform_audit,_svc()
POST,/v1/admin/platform-users/bulk/{action},bulk_action,app.engines.auth.platform_users_router,app\engines\auth\platform_users_router.py,149,Platform Users,False,True,bulk_action|get_db|require_platform_mutate|require_super_admin|get_current_user|<fastapi.security.http.HTTPBearer object at 0x0000012C233CCA70>,require_super_admin|get_current_user,,,_audit,_svc()
GET,/v1/admin/platform-users/{user_id},get_detail,app.engines.auth.platform_users_router,app\engines\auth\platform_users_router.py,158,Platform Users,False,True,get_detail|get_db|require_super_admin|get_current_user|<fastapi.security.http.HTTPBearer object at 0x0000012C233CCA70>,require_super_admin|get_current_user,,,,_svc()|u.tenant_id
PUT,/v1/admin/platform-users/{user_id}/role,change_role,app.engines.auth.platform_users_router,app\engines\auth\platform_users_router.py,168,Platform Users,False,True,change_role|get_db|require_platform_mutate|require_super_admin|get_current_user|<fastapi.security.http.HTTPBearer object at 0x0000012C233CCA70>,require_super_admin|get_current_user,add,,_audit|record_platform_audit,_svc()
PUT,/v1/admin/platform-users/{user_id}/access-scope,change_scope,app.engines.auth.platform_users_router,app\engines\auth\platform_users_router.py,177,Platform Users,False,True,change_scope|get_db|require_platform_mutate|require_super_admin|get_current_user|<fastapi.security.http.HTTPBearer object at 0x0000012C233CCA70>,require_super_admin|get_current_user,add,,_audit|record_platform_audit,_svc()
POST,/v1/admin/platform-users/{user_id}/suspend,suspend,app.engines.auth.platform_users_router,app\engines\auth\platform_users_router.py,188,Platform Users,False,True,suspend|get_db|require_platform_mutate|require_super_admin|get_current_user|<fastapi.security.http.HTTPBearer object at 0x0000012C233CCA70>,require_super_admin|get_current_user,add,,_audit|record_platform_audit,_svc()
POST,/v1/admin/platform-users/{user_id}/unsuspend,unsuspend,app.engines.auth.platform_users_router,app\engines\auth\platform_users_router.py,197,Platform Users,False,True,unsuspend|get_db|require_platform_mutate|require_super_admin|get_current_user|<fastapi.security.http.HTTPBearer object at 0x0000012C233CCA70>,require_super_admin|get_current_user,add,,_audit|record_platform_audit,_svc()
POST,/v1/admin/platform-users/{user_id}/deactivate,deactivate,app.engines.auth.platform_users_router,app\engines\auth\platform_users_router.py,205,Platform Users,False,True,deactivate|get_db|require_platform_mutate|require_super_admin|get_current_user|<fastapi.security.http.HTTPBearer object at 0x0000012C233CCA70>,require_super_admin|get_current_user,add,,_audit|record_platform_audit,_svc()
POST,/v1/admin/platform-users/{user_id}/reactivate,reactivate,app.engines.auth.platform_users_router,app\engines\auth\platform_users_router.py,214,Platform Users,False,True,reactivate|get_db|require_platform_mutate|require_super_admin|get_current_user|<fastapi.security.http.HTTPBearer object at 0x0000012C233CCA70>,require_super_admin|get_current_user,add,,_audit|record_platform_audit,_svc()
POST,/v1/admin/platform-users/{user_id}/lock,lock,app.engines.auth.platform_users_router,app\engines\auth\platform_users_router.py,222,Platform Users,False,True,lock|get_db|require_platform_mutate|require_super_admin|get_current_user|<fastapi.security.http.HTTPBearer object at 0x0000012C233CCA70>,require_super_admin|get_current_user,add,,_audit|record_platform_audit,_svc()
POST,/v1/admin/platform-users/{user_id}/unlock,unlock,app.engines.auth.platform_users_router,app\engines\auth\platform_users_router.py,231,Platform Users,False,True,unlock|get_db|require_platform_mutate|require_super_admin|get_current_user|<fastapi.security.http.HTTPBearer object at 0x0000012C233CCA70>,require_super_admin|get_current_user,add,,_audit|record_platform_audit,_svc()
POST,/v1/admin/platform-users/{user_id}/require-mfa,require_mfa,app.engines.auth.platform_users_router,app\engines\auth\platform_users_router.py,241,Platform Users,False,True,require_mfa|get_db|require_platform_mutate|require_super_admin|get_current_user|<fastapi.security.http.HTTPBearer object at 0x0000012C233CCA70>,require_super_admin|get_current_user,add,,_audit|record_platform_audit,_svc()
POST,/v1/admin/platform-users/{user_id}/reset-mfa,reset_mfa,app.engines.auth.platform_users_router,app\engines\auth\platform_users_router.py,249,Platform Users,False,True,reset_mfa|get_db|require_platform_mutate|require_super_admin|get_current_user|<fastapi.security.http.HTTPBearer object at 0x0000012C233CCA70>,require_super_admin|get_current_user,add|sqlalchemy.delete(),,_audit|record_platform_audit,_svc()
POST,/v1/admin/platform-users/{user_id}/force-password-reset,force_password_reset,app.engines.auth.platform_users_router,app\engines\auth\platform_users_router.py,257,Platform Users,False,True,force_password_reset|get_db|require_platform_mutate|require_super_admin|get_current_user|<fastapi.security.http.HTTPBearer object at 0x0000012C233CCA70>,require_super_admin|get_current_user,add,,_audit|record_platform_audit,_svc()
POST,/v1/admin/platform-users/{user_id}/send-reset-link,send_reset_link,app.engines.auth.platform_users_router,app\engines\auth\platform_users_router.py,266,Platform Users,False,True,send_reset_link|get_db|require_platform_mutate|require_super_admin|get_current_user|<fastapi.security.http.HTTPBearer object at 0x0000012C233CCA70>,require_super_admin|get_current_user,add,,_audit|record_platform_audit,_svc()
POST,/v1/admin/platform-users/{user_id}/generate-temp-password,generate_temp_password,app.engines.auth.platform_users_router,app\engines\auth\platform_users_router.py,275,Platform Users,False,True,generate_temp_password|get_db|require_super_admin|get_current_user|<fastapi.security.http.HTTPBearer object at 0x0000012C233CCA70>,require_super_admin|get_current_user,add,,_audit|record_platform_audit,_svc()
GET,/v1/admin/platform-users/{user_id}/sessions,list_sessions,app.engines.auth.platform_users_router,app\engines\auth\platform_users_router.py,287,Platform Users,False,True,list_sessions|get_db|require_super_admin|get_current_user|<fastapi.security.http.HTTPBearer object at 0x0000012C233CCA70>,require_super_admin|get_current_user,add,,_audit|record_platform_audit,_svc()
POST,/v1/admin/platform-users/{user_id}/sessions/{session_id}/revoke,revoke_session,app.engines.auth.platform_users_router,app\engines\auth\platform_users_router.py,296,Platform Users,False,True,revoke_session|get_db|require_platform_mutate|require_super_admin|get_current_user|<fastapi.security.http.HTTPBearer object at 0x0000012C233CCA70>,require_super_admin|get_current_user,add,,_audit|record_platform_audit,_svc()
POST,/v1/admin/platform-users/{user_id}/sessions/revoke-all,revoke_all_sessions,app.engines.auth.platform_users_router,app\engines\auth\platform_users_router.py,305,Platform Users,False,True,revoke_all_sessions|get_db|require_platform_mutate|require_super_admin|get_current_user|<fastapi.security.http.HTTPBearer object at 0x0000012C233CCA70>,require_super_admin|get_current_user,add,,_audit|record_platform_audit,_svc()
GET,/v1/admin/platform-users/{user_id}/login-history,login_history,app.engines.auth.platform_users_router,app\engines\auth\platform_users_router.py,313,Platform Users,False,True,login_history|get_db|require_super_admin|get_current_user|<fastapi.security.http.HTTPBearer object at 0x0000012C233CCA70>,require_super_admin|get_current_user,add,,_audit|record_platform_audit,_svc()
GET,/v1/admin/platform-users/{user_id}/risk-signals,risk_signals,app.engines.auth.platform_users_router,app\engines\auth\platform_users_router.py,325,Platform Users,False,True,risk_signals|get_db|require_super_admin|get_current_user|<fastapi.security.http.HTTPBearer object at 0x0000012C233CCA70>,require_super_admin|get_current_user,,,,_svc()
GET,/v1/admin/platform-users/{user_id}/audit-logs,user_audit_logs,app.engines.auth.platform_users_router,app\engines\auth\platform_users_router.py,333,Platform Users,False,True,user_audit_logs|get_db|require_super_admin|get_current_user|<fastapi.security.http.HTTPBearer object at 0x0000012C233CCA70>,require_super_admin|get_current_user,,,,_svc()
GET,/v1/tenants/meta,engine_meta,app.engines.tenant_engine.router,app\engines\tenant_engine\router.py,98,Tenant Engine|Engine Registry,False,True,engine_meta,NONE,,,,
POST,/v1/tenants/onboarding/signup,submit_signup,app.engines.tenant_engine.router,app\engines\tenant_engine\router.py,118,Tenant Engine,False,True,submit_signup|_svc|get_db,NONE,add|flush,,,
GET,/v1/tenants/onboarding/queue,list_onboarding_queue,app.engines.tenant_engine.router,app\engines\tenant_engine\router.py,128,Tenant Engine,False,True,list_onboarding_queue|require_super_admin|get_current_user|<fastapi.security.http.HTTPBearer object at 0x0000012C233CCA70>|_svc_with_actor|get_db|get_current_user|<fastapi.security.http.HTTPBearer object at 0x0000012C233CCA70>,require_super_admin|get_current_user|get_current_user,,,,
GET,/v1/tenants/onboarding/{request_id},get_onboarding_request,app.engines.tenant_engine.router,app\engines\tenant_engine\router.py,143,Tenant Engine,False,True,get_onboarding_request|require_super_admin|get_current_user|<fastapi.security.http.HTTPBearer object at 0x0000012C233CCA70>|_svc_with_actor|get_db|get_current_user|<fastapi.security.http.HTTPBearer object at 0x0000012C233CCA70>,require_super_admin|get_current_user|get_current_user,,,,
POST,/v1/tenants/onboarding/{request_id}/start-review,start_review,app.engines.tenant_engine.router,app\engines\tenant_engine\router.py,153,Tenant Engine,False,True,start_review|require_super_admin|get_current_user|<fastapi.security.http.HTTPBearer object at 0x0000012C233CCA70>|_svc_with_actor|get_db|get_current_user|<fastapi.security.http.HTTPBearer object at 0x0000012C233CCA70>,require_super_admin|get_current_user|get_current_user,,,,
POST,/v1/tenants/onboarding/{request_id}/request-documents,request_documents,app.engines.tenant_engine.router,app\engines\tenant_engine\router.py,164,Tenant Engine,False,True,request_documents|require_super_admin|get_current_user|<fastapi.security.http.HTTPBearer object at 0x0000012C233CCA70>|_svc_with_actor|get_db|get_current_user|<fastapi.security.http.HTTPBearer object at 0x0000012C233CCA70>,require_super_admin|get_current_user|get_current_user,,,,
PUT,/v1/tenants/onboarding/{request_id}/checklist/{item_key},update_checklist,app.engines.tenant_engine.router,app\engines\tenant_engine\router.py,176,Tenant Engine,False,True,update_checklist|require_super_admin|get_current_user|<fastapi.security.http.HTTPBearer object at 0x0000012C233CCA70>|_svc_with_actor|get_db|get_current_user|<fastapi.security.http.HTTPBearer object at 0x0000012C233CCA70>,require_super_admin|get_current_user|get_current_user,raw_sql,,,
POST,/v1/tenants/onboarding/{request_id}/preflight-check,preflight_check,app.engines.tenant_engine.router,app\engines\tenant_engine\router.py,189,Tenant Engine,False,True,preflight_check|require_super_admin|get_current_user|<fastapi.security.http.HTTPBearer object at 0x0000012C233CCA70>|_svc_with_actor|get_db|get_current_user|<fastapi.security.http.HTTPBearer object at 0x0000012C233CCA70>,require_super_admin|get_current_user|get_current_user,,,,
POST,/v1/tenants/onboarding/{request_id}/activate,activate_tenant,app.engines.tenant_engine.router,app\engines\tenant_engine\router.py,200,Tenant Engine,False,True,activate_tenant|require_super_admin|get_current_user|<fastapi.security.http.HTTPBearer object at 0x0000012C233CCA70>|_svc_with_actor|get_db|get_current_user|<fastapi.security.http.HTTPBearer object at 0x0000012C233CCA70>,require_super_admin|get_current_user|get_current_user,add|flush,,_audit|record_platform_audit,
POST,/v1/tenants/onboarding/{request_id}/reject,reject_onboarding,app.engines.tenant_engine.router,app\engines\tenant_engine\router.py,215,Tenant Engine,False,True,reject_onboarding|require_super_admin|get_current_user|<fastapi.security.http.HTTPBearer object at 0x0000012C233CCA70>|_svc_with_actor|get_db|get_current_user|<fastapi.security.http.HTTPBearer object at 0x0000012C233CCA70>,require_super_admin|get_current_user|get_current_user,,,,
GET,/v1/tenants,list_tenants,app.engines.tenant_engine.router,app\engines\tenant_engine\router.py,231,Tenant Engine,False,True,list_tenants|require_tenant_read|get_current_user|<fastapi.security.http.HTTPBearer object at 0x0000012C233CCA70>|_svc_with_actor|get_db|get_current_user|<fastapi.security.http.HTTPBearer object at 0x0000012C233CCA70>,get_current_user|get_current_user,,,,
GET,/v1/tenants/{tenant_id},get_tenant,app.engines.tenant_engine.router,app\engines\tenant_engine\router.py,248,Tenant Engine,False,True,get_tenant|require_tenant_read|get_current_user|<fastapi.security.http.HTTPBearer object at 0x0000012C233CCA70>|_svc_with_actor|get_db|get_current_user|<fastapi.security.http.HTTPBearer object at 0x0000012C233CCA70>,get_current_user|get_current_user,,,,
PUT,/v1/tenants/{tenant_id},update_tenant,app.engines.tenant_engine.router,app\engines\tenant_engine\router.py,267,Tenant Engine,False,True,update_tenant|require_tenant_mutation_tenant_update|get_current_user|<fastapi.security.http.HTTPBearer object at 0x0000012C233CCA70>|_svc_with_actor|get_db|get_current_user|<fastapi.security.http.HTTPBearer object at 0x0000012C233CCA70>,get_current_user|get_current_user,add|raw_sql,,_audit|record_platform_audit,
GET,/v1/tenants/{tenant_id}/360,get_360_view,app.engines.tenant_engine.router,app\engines\tenant_engine\router.py,279,Tenant Engine,False,True,get_360_view|require_tenant_360_read|get_current_user|<fastapi.security.http.HTTPBearer object at 0x0000012C233CCA70>|_svc_with_actor|get_db|get_current_user|<fastapi.security.http.HTTPBearer object at 0x0000012C233CCA70>,get_current_user|get_current_user,,,,
GET,/v1/tenants/{tenant_id}/health,get_health_score,app.engines.tenant_engine.router,app\engines\tenant_engine\router.py,295,Tenant Engine,False,True,get_health_score|require_tenant_health_read|get_current_user|<fastapi.security.http.HTTPBearer object at 0x0000012C233CCA70>|_svc_with_actor|get_db|get_current_user|<fastapi.security.http.HTTPBearer object at 0x0000012C233CCA70>,get_current_user|get_current_user,,,,
GET,/v1/tenants/{tenant_id}/health/history,get_health_history,app.engines.tenant_engine.router,app\engines\tenant_engine\router.py,307,Tenant Engine,False,True,get_health_history|require_tenant_health_read|get_current_user|<fastapi.security.http.HTTPBearer object at 0x0000012C233CCA70>|_svc_with_actor|get_db|get_current_user|<fastapi.security.http.HTTPBearer object at 0x0000012C233CCA70>,get_current_user|get_current_user,,,,
GET,/v1/tenants/{tenant_id}/limits/check/{limit_type},check_limit,app.engines.tenant_engine.router,app\engines\tenant_engine\router.py,320,Tenant Engine,False,True,check_limit|require_tenant_read|get_current_user|<fastapi.security.http.HTTPBearer object at 0x0000012C233CCA70>|_svc_with_actor|get_db|get_current_user|<fastapi.security.http.HTTPBearer object at 0x0000012C233CCA70>,get_current_user|get_current_user,,,,
POST,/v1/tenants/{tenant_id}/suspend,suspend_tenant,app.engines.tenant_engine.router,app\engines\tenant_engine\router.py,336,Tenant Engine,False,True,suspend_tenant|require_tenant_mutation_tenant_suspend|get_current_user|<fastapi.security.http.HTTPBearer object at 0x0000012C233CCA70>|_svc_with_actor|get_db|get_current_user|<fastapi.security.http.HTTPBearer object at 0x0000012C233CCA70>,get_current_user|get_current_user,add,publish,_audit|record_platform_audit,
POST,/v1/tenants/{tenant_id}/reinstate,reinstate_tenant,app.engines.tenant_engine.router,app\engines\tenant_engine\router.py,350,Tenant Engine,False,True,reinstate_tenant|require_tenant_mutation_tenant_reinstate|get_current_user|<fastapi.security.http.HTTPBearer object at 0x0000012C233CCA70>|_svc_with_actor|get_db|get_current_user|<fastapi.security.http.HTTPBearer object at 0x0000012C233CCA70>,get_current_user|get_current_user,add,,_audit|record_platform_audit,
POST,/v1/tenants/{tenant_id}/terminate/begin,begin_termination,app.engines.tenant_engine.router,app\engines\tenant_engine\router.py,366,Tenant Engine,False,True,begin_termination|require_tenant_mutation_tenant_terminate|get_current_user|<fastapi.security.http.HTTPBearer object at 0x0000012C233CCA70>|_svc_with_actor|get_db|get_current_user|<fastapi.security.http.HTTPBearer object at 0x0000012C233CCA70>,get_current_user|get_current_user,add,,_audit|record_platform_audit,
POST,/v1/tenants/{tenant_id}/terminate/confirm,confirm_termination,app.engines.tenant_engine.router,app\engines\tenant_engine\router.py,379,Tenant Engine,False,True,confirm_termination|require_tenant_mutation_tenant_terminate|get_current_user|<fastapi.security.http.HTTPBearer object at 0x0000012C233CCA70>|_svc_with_actor|get_db|get_current_user|<fastapi.security.http.HTTPBearer object at 0x0000012C233CCA70>,get_current_user|get_current_user,add,,_audit|record_platform_audit,
POST,/v1/tenants/{tenant_id}/plan/upgrade,upgrade_plan,app.engines.tenant_engine.router,app\engines\tenant_engine\router.py,391,Tenant Engine,False,True,upgrade_plan|require_tenant_mutation_tenant_plan_manage|get_current_user|<fastapi.security.http.HTTPBearer object at 0x0000012C233CCA70>|_svc_with_actor|get_db|get_current_user|<fastapi.security.http.HTTPBearer object at 0x0000012C233CCA70>,get_current_user|get_current_user,add,,_audit|record_platform_audit,
POST,/v1/tenants/{tenant_id}/plan/downgrade,downgrade_plan,app.engines.tenant_engine.router,app\engines\tenant_engine\router.py,407,Tenant Engine,False,True,downgrade_plan|require_tenant_mutation_tenant_plan_manage|get_current_user|<fastapi.security.http.HTTPBearer object at 0x0000012C233CCA70>|_svc_with_actor|get_db|get_current_user|<fastapi.security.http.HTTPBearer object at 0x0000012C233CCA70>,get_current_user|get_current_user,add,,_audit|record_platform_audit,
POST,/v1/tenants/{tenant_id}/trial/convert,convert_trial,app.engines.tenant_engine.router,app\engines\tenant_engine\router.py,420,Tenant Engine,False,True,convert_trial|require_tenant_mutation_tenant_plan_manage|get_current_user|<fastapi.security.http.HTTPBearer object at 0x0000012C233CCA70>|_svc_with_actor|get_db|get_current_user|<fastapi.security.http.HTTPBearer object at 0x0000012C233CCA70>,get_current_user|get_current_user,add,,_audit|record_platform_audit,
GET,/v1/tenants/{tenant_id}/engines,list_engines,app.engines.tenant_engine.router,app\engines\tenant_engine\router.py,436,Tenant Engine,False,True,list_engines|require_tenant_engines_manage|get_current_user|<fastapi.security.http.HTTPBearer object at 0x0000012C233CCA70>|_svc_with_actor|get_db|get_current_user|<fastapi.security.http.HTTPBearer object at 0x0000012C233CCA70>,get_current_user|get_current_user,,,,
POST,/v1/tenants/{tenant_id}/engines/{engine_id}/enable,enable_engine,app.engines.tenant_engine.router,app\engines\tenant_engine\router.py,448,Tenant Engine,False,True,enable_engine|require_tenant_mutation_tenant_engines_manage|get_current_user|<fastapi.security.http.HTTPBearer object at 0x0000012C233CCA70>|_svc_with_actor|get_db|get_current_user|<fastapi.security.http.HTTPBearer object at 0x0000012C233CCA70>,get_current_user|get_current_user,add,,_audit|record_platform_audit,
POST,/v1/tenants/{tenant_id}/engines/{engine_id}/disable,disable_engine,app.engines.tenant_engine.router,app\engines\tenant_engine\router.py,460,Tenant Engine,False,True,disable_engine|require_tenant_mutation_tenant_engines_manage|get_current_user|<fastapi.security.http.HTTPBearer object at 0x0000012C233CCA70>|_svc_with_actor|get_db|get_current_user|<fastapi.security.http.HTTPBearer object at 0x0000012C233CCA70>,get_current_user|get_current_user,add,,_audit|record_platform_audit,
POST,/v1/tenants/{tenant_id}/engines/bulk-enable,bulk_enable,app.engines.tenant_engine.router,app\engines\tenant_engine\router.py,472,Tenant Engine,False,True,bulk_enable|require_tenant_mutation_tenant_engines_manage|get_current_user|<fastapi.security.http.HTTPBearer object at 0x0000012C233CCA70>|_svc_with_actor|get_db|get_current_user|<fastapi.security.http.HTTPBearer object at 0x0000012C233CCA70>,get_current_user|get_current_user,add,,_audit,
POST,/v1/tenants/{tenant_id}/engines/bulk-disable,bulk_disable,app.engines.tenant_engine.router,app\engines\tenant_engine\router.py,485,Tenant Engine,False,True,bulk_disable|require_tenant_mutation_tenant_engines_manage|get_current_user|<fastapi.security.http.HTTPBearer object at 0x0000012C233CCA70>|_svc_with_actor|get_db|get_current_user|<fastapi.security.http.HTTPBearer object at 0x0000012C233CCA70>,get_current_user|get_current_user,,,_audit,
GET,/v1/tenants/{tenant_id}/engines/{engine_id}/config,get_engine_config,app.engines.tenant_engine.router,app\engines\tenant_engine\router.py,498,Tenant Engine,False,True,get_engine_config|require_tenant_engines_manage|get_current_user|<fastapi.security.http.HTTPBearer object at 0x0000012C233CCA70>|_svc_with_actor|get_db|get_current_user|<fastapi.security.http.HTTPBearer object at 0x0000012C233CCA70>,get_current_user|get_current_user,,,,
PUT,/v1/tenants/{tenant_id}/engines/{engine_id}/config,update_engine_config,app.engines.tenant_engine.router,app\engines\tenant_engine\router.py,510,Tenant Engine,False,True,update_engine_config|require_tenant_mutation_tenant_engines_manage|get_current_user|<fastapi.security.http.HTTPBearer object at 0x0000012C233CCA70>|_svc_with_actor|get_db|get_current_user|<fastapi.security.http.HTTPBearer object at 0x0000012C233CCA70>,get_current_user|get_current_user,add|raw_sql,,_audit|record_platform_audit,
POST,/v1/tenants/{tenant_id}/engines/{engine_id}/config/validate,validate_engine_config,app.engines.tenant_engine.router,app\engines\tenant_engine\router.py,523,Tenant Engine,False,True,validate_engine_config|require_tenant_mutation_tenant_engines_manage|get_current_user|<fastapi.security.http.HTTPBearer object at 0x0000012C233CCA70>|_svc_with_actor|get_db|get_current_user|<fastapi.security.http.HTTPBearer object at 0x0000012C233CCA70>,get_current_user|get_current_user,,,,
GET,/v1/tenants/{tenant_id}/feature-flags,list_feature_flags,app.engines.tenant_engine.router,app\engines\tenant_engine\router.py,540,Tenant Engine,False,True,list_feature_flags|require_tenant_flags_manage|get_current_user|<fastapi.security.http.HTTPBearer object at 0x0000012C233CCA70>|_svc_with_actor|get_db|get_current_user|<fastapi.security.http.HTTPBearer object at 0x0000012C233CCA70>,get_current_user|get_current_user,,,,
PUT,/v1/tenants/{tenant_id}/feature-flags/{flag_key},set_feature_flag,app.engines.tenant_engine.router,app\engines\tenant_engine\router.py,552,Tenant Engine,False,True,set_feature_flag|require_tenant_mutation_tenant_flags_manage|get_current_user|<fastapi.security.http.HTTPBearer object at 0x0000012C233CCA70>|_svc_with_actor|get_db|get_current_user|<fastapi.security.http.HTTPBearer object at 0x0000012C233CCA70>,get_current_user|get_current_user,add,,_audit|record_platform_audit,
DELETE,/v1/tenants/{tenant_id}/feature-flags/{flag_key},delete_feature_flag,app.engines.tenant_engine.router,app\engines\tenant_engine\router.py,565,Tenant Engine,False,True,delete_feature_flag|require_tenant_mutation_tenant_flags_manage|get_current_user|<fastapi.security.http.HTTPBearer object at 0x0000012C233CCA70>|_svc_with_actor|get_db|get_current_user|<fastapi.security.http.HTTPBearer object at 0x0000012C233CCA70>,get_current_user|get_current_user,add|delete,,_audit|record_platform_audit,
GET,/v1/tenants/{tenant_id}/feature-flags/{flag_key}/resolve,resolve_feature_flag,app.engines.tenant_engine.router,app\engines\tenant_engine\router.py,577,Tenant Engine,False,True,resolve_feature_flag|require_tenant_flags_manage|get_current_user|<fastapi.security.http.HTTPBearer object at 0x0000012C233CCA70>|_svc_with_actor|get_db|get_current_user|<fastapi.security.http.HTTPBearer object at 0x0000012C233CCA70>,get_current_user|get_current_user,,,,
GET,/v1/tenants/{tenant_id}/billing,get_billing,app.engines.tenant_engine.router,app\engines\tenant_engine\router.py,593,Tenant Engine,False,True,get_billing|require_tenant_billing_read|get_current_user|<fastapi.security.http.HTTPBearer object at 0x0000012C233CCA70>|_svc_with_actor|get_db|get_current_user|<fastapi.security.http.HTTPBearer object at 0x0000012C233CCA70>,get_current_user|get_current_user,,,,
PUT,/v1/tenants/{tenant_id}/billing/payment-method,update_payment_method,app.engines.tenant_engine.router,app\engines\tenant_engine\router.py,605,Tenant Engine,False,True,update_payment_method|require_tenant_mutation_tenant_billing_manage|get_current_user|<fastapi.security.http.HTTPBearer object at 0x0000012C233CCA70>|_svc_with_actor|get_db|get_current_user|<fastapi.security.http.HTTPBearer object at 0x0000012C233CCA70>,get_current_user|get_current_user,add|raw_sql,,_audit|record_platform_audit,
GET,/v1/tenants/{tenant_id}/billing/invoices,list_invoices,app.engines.tenant_engine.router,app\engines\tenant_engine\router.py,618,Tenant Engine,False,True,list_invoices|require_tenant_billing_read|get_current_user|<fastapi.security.http.HTTPBearer object at 0x0000012C233CCA70>|_svc_with_actor|get_db|get_current_user|<fastapi.security.http.HTTPBearer object at 0x0000012C233CCA70>,get_current_user|get_current_user,,,,
POST,/v1/tenants/{tenant_id}/billing/dunning,trigger_dunning,app.engines.tenant_engine.router,app\engines\tenant_engine\router.py,631,Tenant Engine,False,True,trigger_dunning|require_super_admin|get_current_user|<fastapi.security.http.HTTPBearer object at 0x0000012C233CCA70>|_svc_with_actor|get_db|get_current_user|<fastapi.security.http.HTTPBearer object at 0x0000012C233CCA70>,require_super_admin|get_current_user|get_current_user,,,,
POST,/v1/tenants/{tenant_id}/data/export,request_data_export,app.engines.tenant_engine.router,app\engines\tenant_engine\router.py,647,Tenant Engine,False,True,request_data_export|require_tenant_mutation_tenant_data_export|get_current_user|<fastapi.security.http.HTTPBearer object at 0x0000012C233CCA70>|_svc_with_actor|get_db|get_current_user|<fastapi.security.http.HTTPBearer object at 0x0000012C233CCA70>,get_current_user|get_current_user,add,,_audit|record_platform_audit,
GET,/v1/tenants/{tenant_id}/data/export/{job_id},get_export_status,app.engines.tenant_engine.router,app\engines\tenant_engine\router.py,659,Tenant Engine,False,True,get_export_status|require_tenant_data_export|get_current_user|<fastapi.security.http.HTTPBearer object at 0x0000012C233CCA70>|_svc_with_actor|get_db|get_current_user|<fastapi.security.http.HTTPBearer object at 0x0000012C233CCA70>,get_current_user|get_current_user,,,,
POST,/v1/tenants/{tenant_id}/data/delete-request,gdpr_deletion,app.engines.tenant_engine.router,app\engines\tenant_engine\router.py,671,Tenant Engine,False,True,gdpr_deletion|require_tenant_mutation_tenant_data_delete|get_current_user|<fastapi.security.http.HTTPBearer object at 0x0000012C233CCA70>|_svc_with_actor|get_db|get_current_user|<fastapi.security.http.HTTPBearer object at 0x0000012C233CCA70>,get_current_user|get_current_user,add,,_audit|record_platform_audit,
GET,/v1/tenants/{tenant_id}/audit-log,get_audit_log,app.engines.tenant_engine.router,app\engines\tenant_engine\router.py,688,Tenant Engine,False,True,get_audit_log|require_auth_audit_read|get_current_user|<fastapi.security.http.HTTPBearer object at 0x0000012C233CCA70>|_svc_with_actor|get_db|get_current_user|<fastapi.security.http.HTTPBearer object at 0x0000012C233CCA70>,get_current_user|get_current_user,,,,
GET,/v1/serviceability/meta,engine_meta,app.engines.serviceability.router,app\engines\serviceability\router.py,48,Serviceability|Engine Registry,False,True,engine_meta,NONE,,,,
GET,/v1/customers/me/addresses,list_my_addresses,app.engines.serviceability.router,app\engines\serviceability\router.py,60,Serviceability|Customer Addresses,False,True,list_my_addresses|require_customer_address_read_own|get_current_user|<fastapi.security.http.HTTPBearer object at 0x0000012C233CCA70>|_svc|get_db|get_current_user|<fastapi.security.http.HTTPBearer object at 0x0000012C233CCA70>,get_current_user|get_current_user,,,,
POST,/v1/customers/me/addresses,create_my_address,app.engines.serviceability.router,app\engines\serviceability\router.py,68,Serviceability|Customer Addresses,False,True,create_my_address|require_customer_address_create_own|get_current_user|<fastapi.security.http.HTTPBearer object at 0x0000012C233CCA70>|_svc|get_db|get_current_user|<fastapi.security.http.HTTPBearer object at 0x0000012C233CCA70>,get_current_user|get_current_user,add|commit,,,u.tenant_id
GET,/v1/customers/me/addresses/{address_id},get_my_address,app.engines.serviceability.router,app\engines\serviceability\router.py,79,Serviceability|Customer Addresses,False,True,get_my_address|require_customer_address_read_own|get_current_user|<fastapi.security.http.HTTPBearer object at 0x0000012C233CCA70>|_svc|get_db|get_current_user|<fastapi.security.http.HTTPBearer object at 0x0000012C233CCA70>,get_current_user|get_current_user,,,,
PUT,/v1/customers/me/addresses/{address_id},update_my_address,app.engines.serviceability.router,app\engines\serviceability\router.py,87,Serviceability|Customer Addresses,False,True,update_my_address|require_customer_address_update_own|get_current_user|<fastapi.security.http.HTTPBearer object at 0x0000012C233CCA70>|_svc|get_db|get_current_user|<fastapi.security.http.HTTPBearer object at 0x0000012C233CCA70>,get_current_user|get_current_user,commit|raw_sql,,,
DELETE,/v1/customers/me/addresses/{address_id},delete_my_address,app.engines.serviceability.router,app\engines\serviceability\router.py,96,Serviceability|Customer Addresses,False,True,delete_my_address|require_customer_address_delete_own|get_current_user|<fastapi.security.http.HTTPBearer object at 0x0000012C233CCA70>|_svc|get_db|get_current_user|<fastapi.security.http.HTTPBearer object at 0x0000012C233CCA70>,get_current_user|get_current_user,commit,,,
POST,/v1/customers/me/addresses/{address_id}/set-default,set_default_address,app.engines.serviceability.router,app\engines\serviceability\router.py,104,Serviceability|Customer Addresses,False,True,set_default_address|require_customer_address_update_own|get_current_user|<fastapi.security.http.HTTPBearer object at 0x0000012C233CCA70>|_svc|get_db|get_current_user|<fastapi.security.http.HTTPBearer object at 0x0000012C233CCA70>,get_current_user|get_current_user,commit,,,
GET,/v1/admin/customers/{customer_id}/addresses,admin_list_customer_addresses,app.engines.serviceability.router,app\engines\serviceability\router.py,116,Serviceability|Customer Addresses,False,True,admin_list_customer_addresses|require_customer_address_admin_read|get_current_user|<fastapi.security.http.HTTPBearer object at 0x0000012C233CCA70>|_svc|get_db|get_current_user|<fastapi.security.http.HTTPBearer object at 0x0000012C233CCA70>,get_current_user|get_current_user,,,,self.actor_tenant_id
GET,/v1/admin/customers/{customer_id}/addresses/{address_id},admin_get_customer_address,app.engines.serviceability.router,app\engines\serviceability\router.py,126,Serviceability|Customer Addresses,False,True,admin_get_customer_address|require_customer_address_admin_read|get_current_user|<fastapi.security.http.HTTPBearer object at 0x0000012C233CCA70>|_svc|get_db|get_current_user|<fastapi.security.http.HTTPBearer object at 0x0000012C233CCA70>,get_current_user|get_current_user,,,,self.actor_tenant_id
GET,/v1/tenant/service-areas,list_tenant_service_areas,app.engines.serviceability.router,app\engines\serviceability\router.py,140,Serviceability|Tenant Service Areas,False,True,list_tenant_service_areas|require_tenant_service_area_read|get_current_user|<fastapi.security.http.HTTPBearer object at 0x0000012C233CCA70>|_svc|get_db|get_current_user|<fastapi.security.http.HTTPBearer object at 0x0000012C233CCA70>,get_current_user|get_current_user,,,,self.actor_tenant_id|u.tenant_id
POST,/v1/tenant/service-areas,create_tenant_service_area,app.engines.serviceability.router,app\engines\serviceability\router.py,148,Serviceability|Tenant Service Areas,False,True,create_tenant_service_area|require_tenant_mutation_tenant_service_area_create|get_current_user|<fastapi.security.http.HTTPBearer object at 0x0000012C233CCA70>|_svc|get_db|get_current_user|<fastapi.security.http.HTTPBearer object at 0x0000012C233CCA70>,get_current_user|get_current_user,add|commit|flush,,record_platform_audit,self.actor_tenant_id|u.tenant_id
GET,/v1/tenant/service-areas/limits,get_tenant_service_area_limits,app.engines.serviceability.router,app\engines\serviceability\router.py,159,Serviceability|Tenant Service Areas,False,True,get_tenant_service_area_limits|require_tenant_service_area_read|get_current_user|<fastapi.security.http.HTTPBearer object at 0x0000012C233CCA70>|_svc|get_db|get_current_user|<fastapi.security.http.HTTPBearer object at 0x0000012C233CCA70>,get_current_user|get_current_user,,,,self.actor_tenant_id|u.tenant_id
POST,/v1/tenant/service-areas/validate,validate_tenant_service_area,app.engines.serviceability.router,app\engines\serviceability\router.py,167,Serviceability|Tenant Service Areas,False,True,validate_tenant_service_area|require_tenant_mutation_tenant_service_area_create|get_current_user|<fastapi.security.http.HTTPBearer object at 0x0000012C233CCA70>|_svc|get_db|get_current_user|<fastapi.security.http.HTTPBearer object at 0x0000012C233CCA70>,get_current_user|get_current_user,,,,self.actor_tenant_id|u.tenant_id
GET,/v1/tenant/service-areas/{area_id},get_tenant_service_area,app.engines.serviceability.router,app\engines\serviceability\router.py,177,Serviceability|Tenant Service Areas,False,True,get_tenant_service_area|require_tenant_service_area_read|get_current_user|<fastapi.security.http.HTTPBearer object at 0x0000012C233CCA70>|_svc|get_db|get_current_user|<fastapi.security.http.HTTPBearer object at 0x0000012C233CCA70>,get_current_user|get_current_user,,,,
PUT,/v1/tenant/service-areas/{area_id},update_tenant_service_area,app.engines.serviceability.router,app\engines\serviceability\router.py,186,Serviceability|Tenant Service Areas,False,True,update_tenant_service_area|require_tenant_mutation_tenant_service_area_update|get_current_user|<fastapi.security.http.HTTPBearer object at 0x0000012C233CCA70>|_svc|get_db|get_current_user|<fastapi.security.http.HTTPBearer object at 0x0000012C233CCA70>,get_current_user|get_current_user,commit|flush|raw_sql,,record_platform_audit,
DELETE,/v1/tenant/service-areas/{area_id},delete_tenant_service_area,app.engines.serviceability.router,app\engines\serviceability\router.py,196,Serviceability|Tenant Service Areas,False,True,delete_tenant_service_area|require_tenant_mutation_tenant_service_area_delete|get_current_user|<fastapi.security.http.HTTPBearer object at 0x0000012C233CCA70>|_svc|get_db|get_current_user|<fastapi.security.http.HTTPBearer object at 0x0000012C233CCA70>,get_current_user|get_current_user,commit|flush,,record_platform_audit,
POST,/v1/tenant/service-areas/{area_id}/set-primary,set_primary_tenant_service_area,app.engines.serviceability.router,app\engines\serviceability\router.py,205,Serviceability|Tenant Service Areas,False,True,set_primary_tenant_service_area|require_tenant_mutation_tenant_service_area_update|get_current_user|<fastapi.security.http.HTTPBearer object at 0x0000012C233CCA70>|_svc|get_db|get_current_user|<fastapi.security.http.HTTPBearer object at 0x0000012C233CCA70>,get_current_user|get_current_user,commit,,,
POST,/v1/tenant/service-areas/{area_id}/services,add_service_mapping,app.engines.serviceability.router,app\engines\serviceability\router.py,214,Serviceability|Tenant Service Areas,False,True,add_service_mapping|require_tenant_mutation_tenant_service_area_service_create|get_current_user|<fastapi.security.http.HTTPBearer object at 0x0000012C233CCA70>|_svc|get_db|get_current_user|<fastapi.security.http.HTTPBearer object at 0x0000012C233CCA70>,get_current_user|get_current_user,add|commit,,,
GET,/v1/tenant/service-areas/{area_id}/services,list_service_mappings,app.engines.serviceability.router,app\engines\serviceability\router.py,225,Serviceability|Tenant Service Areas,False,True,list_service_mappings|require_tenant_service_area_service_read|get_current_user|<fastapi.security.http.HTTPBearer object at 0x0000012C233CCA70>|_svc|get_db|get_current_user|<fastapi.security.http.HTTPBearer object at 0x0000012C233CCA70>,get_current_user|get_current_user,,,,
PUT,/v1/tenant/service-areas/{area_id}/services/{mapping_id},update_service_mapping,app.engines.serviceability.router,app\engines\serviceability\router.py,234,Serviceability|Tenant Service Areas,False,True,update_service_mapping|require_tenant_mutation_tenant_service_area_service_update|get_current_user|<fastapi.security.http.HTTPBearer object at 0x0000012C233CCA70>|_svc|get_db|get_current_user|<fastapi.security.http.HTTPBearer object at 0x0000012C233CCA70>,get_current_user|get_current_user,commit|raw_sql,,,
DELETE,/v1/tenant/service-areas/{area_id}/services/{mapping_id},delete_service_mapping,app.engines.serviceability.router,app\engines\serviceability\router.py,244,Serviceability|Tenant Service Areas,False,True,delete_service_mapping|require_tenant_mutation_tenant_service_area_service_delete|get_current_user|<fastapi.security.http.HTTPBearer object at 0x0000012C233CCA70>|_svc|get_db|get_current_user|<fastapi.security.http.HTTPBearer object at 0x0000012C233CCA70>,get_current_user|get_current_user,commit,,,
GET,/v1/admin/tenants/{tenant_id}/service-areas,admin_list_service_areas,app.engines.serviceability.router,app\engines\serviceability\router.py,257,Serviceability|Tenant Service Areas,False,True,admin_list_service_areas|require_platform_admin|get_current_user|<fastapi.security.http.HTTPBearer object at 0x0000012C233CCA70>|_svc|get_db|get_current_user|<fastapi.security.http.HTTPBearer object at 0x0000012C233CCA70>,get_current_user|get_current_user,,,,self.actor_tenant_id
POST,/v1/admin/tenants/{tenant_id}/service-areas,admin_create_service_area,app.engines.serviceability.router,app\engines\serviceability\router.py,266,Serviceability|Tenant Service Areas,False,True,admin_create_service_area|require_platform_admin|get_current_user|<fastapi.security.http.HTTPBearer object at 0x0000012C233CCA70>|_svc|get_db|get_current_user|<fastapi.security.http.HTTPBearer object at 0x0000012C233CCA70>,get_current_user|get_current_user,add|commit|flush,,record_platform_audit,self.actor_tenant_id
PUT,/v1/admin/tenants/{tenant_id}/service-areas/{area_id},admin_update_service_area,app.engines.serviceability.router,app\engines\serviceability\router.py,277,Serviceability|Tenant Service Areas,False,True,admin_update_service_area|require_platform_admin|get_current_user|<fastapi.security.http.HTTPBearer object at 0x0000012C233CCA70>|_svc|get_db|get_current_user|<fastapi.security.http.HTTPBearer object at 0x0000012C233CCA70>,get_current_user|get_current_user,commit|flush|raw_sql,,record_platform_audit,
DELETE,/v1/admin/tenants/{tenant_id}/service-areas/{area_id},admin_delete_service_area,app.engines.serviceability.router,app\engines\serviceability\router.py,287,Serviceability|Tenant Service Areas,False,True,admin_delete_service_area|require_platform_admin|get_current_user|<fastapi.security.http.HTTPBearer object at 0x0000012C233CCA70>|_svc|get_db|get_current_user|<fastapi.security.http.HTTPBearer object at 0x0000012C233CCA70>,get_current_user|get_current_user,commit|flush,,record_platform_audit,
POST,/v1/serviceability/check,check_serviceability,app.engines.serviceability.router,app\engines\serviceability\router.py,300,Serviceability|Serviceability,False,True,check_serviceability|require_serviceability_check|get_current_user|<fastapi.security.http.HTTPBearer object at 0x0000012C233CCA70>|_svc|get_db|get_current_user|<fastapi.security.http.HTTPBearer object at 0x0000012C233CCA70>,get_current_user|get_current_user,add|commit,,,
POST,/v1/serviceability/matching-tenants,matching_tenants,app.engines.serviceability.router,app\engines\serviceability\router.py,317,Serviceability|Serviceability,False,True,matching_tenants|require_serviceability_matching_tenants_read|get_current_user|<fastapi.security.http.HTTPBearer object at 0x0000012C233CCA70>|_svc|get_db|get_current_user|<fastapi.security.http.HTTPBearer object at 0x0000012C233CCA70>,get_current_user|get_current_user,,,,self.actor_tenant_id
POST,/v1/customer/services/available,available_services,app.engines.serviceability.router,app\engines\serviceability\router.py,333,Serviceability|Customer Available Services,False,True,available_services|require_serviceability_available_services_read|get_current_user|<fastapi.security.http.HTTPBearer object at 0x0000012C233CCA70>|_svc|get_db|get_current_user|<fastapi.security.http.HTTPBearer object at 0x0000012C233CCA70>,get_current_user|get_current_user,,,,
POST,/v1/admin/serviceability/test,admin_serviceability_test,app.engines.serviceability.router,app\engines\serviceability\router.py,349,Serviceability|Admin Serviceability,False,True,admin_serviceability_test|require_serviceability_admin_test|get_current_user|<fastapi.security.http.HTTPBearer object at 0x0000012C233CCA70>|_svc|get_db|get_current_user|<fastapi.security.http.HTTPBearer object at 0x0000012C233CCA70>,get_current_user|get_current_user,,,,
GET,/v1/marketing/meta,engine_meta,app.engines.marketing.router,app\engines\marketing\router.py,24,Marketing Automation Engine|Engine Registry,False,True,engine_meta,NONE,,,,
POST,/v1/marketing/accounts,connect_account,app.engines.marketing.router,app\engines\marketing\router.py,44,Marketing Automation Engine,False,True,connect_account|require_super_admin|get_current_user|<fastapi.security.http.HTTPBearer object at 0x0000012C233CCA70>|_svc|get_db|get_current_user|<fastapi.security.http.HTTPBearer object at 0x0000012C233CCA70>,require_super_admin|get_current_user|get_current_user,add|flush,,,
GET,/v1/marketing/accounts,list_accounts,app.engines.marketing.router,app\engines\marketing\router.py,58,Marketing Automation Engine,False,True,list_accounts|require_super_admin|get_current_user|<fastapi.security.http.HTTPBearer object at 0x0000012C233CCA70>|_svc|get_db|get_current_user|<fastapi.security.http.HTTPBearer object at 0x0000012C233CCA70>,require_super_admin|get_current_user|get_current_user,,,,
GET,/v1/marketing/accounts/{account_id},get_account,app.engines.marketing.router,app\engines\marketing\router.py,68,Marketing Automation Engine,False,True,get_account|require_super_admin|get_current_user|<fastapi.security.http.HTTPBearer object at 0x0000012C233CCA70>|_svc|get_db|get_current_user|<fastapi.security.http.HTTPBearer object at 0x0000012C233CCA70>,require_super_admin|get_current_user|get_current_user,,,,
POST,/v1/marketing/accounts/{account_id}/refresh-token,refresh_token,app.engines.marketing.router,app\engines\marketing\router.py,77,Marketing Automation Engine,False,True,refresh_token|require_super_admin|get_current_user|<fastapi.security.http.HTTPBearer object at 0x0000012C233CCA70>|_svc|get_db|get_current_user|<fastapi.security.http.HTTPBearer object at 0x0000012C233CCA70>,require_super_admin|get_current_user|get_current_user,raw_sql,,,
POST,/v1/marketing/templates,create_template,app.engines.marketing.router,app\engines\marketing\router.py,87,Marketing Automation Engine,False,True,create_template|require_super_admin|get_current_user|<fastapi.security.http.HTTPBearer object at 0x0000012C233CCA70>|_svc|get_db|get_current_user|<fastapi.security.http.HTTPBearer object at 0x0000012C233CCA70>,require_super_admin|get_current_user|get_current_user,add|flush,,,
GET,/v1/marketing/templates,list_templates,app.engines.marketing.router,app\engines\marketing\router.py,101,Marketing Automation Engine,False,True,list_templates|require_super_admin|get_current_user|<fastapi.security.http.HTTPBearer object at 0x0000012C233CCA70>|_svc|get_db|get_current_user|<fastapi.security.http.HTTPBearer object at 0x0000012C233CCA70>,require_super_admin|get_current_user|get_current_user,,,,
GET,/v1/marketing/templates/{template_id},get_template,app.engines.marketing.router,app\engines\marketing\router.py,112,Marketing Automation Engine,False,True,get_template|require_super_admin|get_current_user|<fastapi.security.http.HTTPBearer object at 0x0000012C233CCA70>|_svc|get_db|get_current_user|<fastapi.security.http.HTTPBearer object at 0x0000012C233CCA70>,require_super_admin|get_current_user|get_current_user,,,,
POST,/v1/marketing/images/generate,generate_image,app.engines.marketing.router,app\engines\marketing\router.py,121,Marketing Automation Engine,False,True,generate_image|require_super_admin|get_current_user|<fastapi.security.http.HTTPBearer object at 0x0000012C233CCA70>|_svc|get_db|get_current_user|<fastapi.security.http.HTTPBearer object at 0x0000012C233CCA70>,require_super_admin|get_current_user|get_current_user,add|flush,,,
GET,/v1/marketing/images/{asset_id},get_asset,app.engines.marketing.router,app\engines\marketing\router.py,135,Marketing Automation Engine,False,True,get_asset|require_super_admin|get_current_user|<fastapi.security.http.HTTPBearer object at 0x0000012C233CCA70>|_svc|get_db|get_current_user|<fastapi.security.http.HTTPBearer object at 0x0000012C233CCA70>,require_super_admin|get_current_user|get_current_user,,,,
GET,/v1/marketing/images,list_assets,app.engines.marketing.router,app\engines\marketing\router.py,144,Marketing Automation Engine,False,True,list_assets|require_super_admin|get_current_user|<fastapi.security.http.HTTPBearer object at 0x0000012C233CCA70>|_svc|get_db|get_current_user|<fastapi.security.http.HTTPBearer object at 0x0000012C233CCA70>,require_super_admin|get_current_user|get_current_user,,,,
POST,/v1/marketing/posts,schedule_post,app.engines.marketing.router,app\engines\marketing\router.py,157,Marketing Automation Engine,False,True,schedule_post|require_super_admin|get_current_user|<fastapi.security.http.HTTPBearer object at 0x0000012C233CCA70>|_svc|get_db|get_current_user|<fastapi.security.http.HTTPBearer object at 0x0000012C233CCA70>,require_super_admin|get_current_user|get_current_user,add|flush,,,
GET,/v1/marketing/calendar,get_calendar,app.engines.marketing.router,app\engines\marketing\router.py,173,Marketing Automation Engine,False,True,get_calendar|require_super_admin|get_current_user|<fastapi.security.http.HTTPBearer object at 0x0000012C233CCA70>|_svc|get_db|get_current_user|<fastapi.security.http.HTTPBearer object at 0x0000012C233CCA70>,require_super_admin|get_current_user|get_current_user,,,,
POST,/v1/marketing/posts/{post_id}/publish,publish_post,app.engines.marketing.router,app\engines\marketing\router.py,185,Marketing Automation Engine,False,True,publish_post|require_super_admin|get_current_user|<fastapi.security.http.HTTPBearer object at 0x0000012C233CCA70>|_svc|get_db|get_current_user|<fastapi.security.http.HTTPBearer object at 0x0000012C233CCA70>,require_super_admin|get_current_user|get_current_user,add|flush,,,
POST,/v1/marketing/posts/{post_id}/cancel,cancel_post,app.engines.marketing.router,app\engines\marketing\router.py,194,Marketing Automation Engine,False,True,cancel_post|require_super_admin|get_current_user|<fastapi.security.http.HTTPBearer object at 0x0000012C233CCA70>|_svc|get_db|get_current_user|<fastapi.security.http.HTTPBearer object at 0x0000012C233CCA70>,require_super_admin|get_current_user|get_current_user,,,,
GET,/v1/marketing/deliveries,list_deliveries,app.engines.marketing.router,app\engines\marketing\router.py,205,Marketing Automation Engine,False,True,list_deliveries|require_super_admin|get_current_user|<fastapi.security.http.HTTPBearer object at 0x0000012C233CCA70>|_svc|get_db|get_current_user|<fastapi.security.http.HTTPBearer object at 0x0000012C233CCA70>,require_super_admin|get_current_user|get_current_user,,,,
GET,/v1/marketing/budget,budget_status,app.engines.marketing.router,app\engines\marketing\router.py,219,Marketing Automation Engine,False,True,budget_status|require_super_admin|get_current_user|<fastapi.security.http.HTTPBearer object at 0x0000012C233CCA70>|_svc|get_db|get_current_user|<fastapi.security.http.HTTPBearer object at 0x0000012C233CCA70>,require_super_admin|get_current_user|get_current_user,,,,
GET,/v1/marketing/summary,marketing_summary,app.engines.marketing.router,app\engines\marketing\router.py,228,Marketing Automation Engine,False,True,marketing_summary|require_super_admin|get_current_user|<fastapi.security.http.HTTPBearer object at 0x0000012C233CCA70>|_svc|get_db|get_current_user|<fastapi.security.http.HTTPBearer object at 0x0000012C233CCA70>,require_super_admin|get_current_user|get_current_user,,,,
POST,/v1/marketing/tenant-onboarded,tenant_onboarded,app.engines.marketing.router,app\engines\marketing\router.py,238,Marketing Automation Engine,False,True,tenant_onboarded|require_super_admin|get_current_user|<fastapi.security.http.HTTPBearer object at 0x0000012C233CCA70>|_svc|get_db|get_current_user|<fastapi.security.http.HTTPBearer object at 0x0000012C233CCA70>,require_super_admin|get_current_user|get_current_user,add|flush,,,
GET,/v1/billing/meta,engine_meta,app.engines.platform_commerce.billing_endpoint,app\engines\platform_commerce\billing_endpoint.py,26,Billing Router|Engine Registry,False,True,engine_meta,NONE,,,,
POST,/v1/billing/profiles,activate_profile,app.engines.platform_commerce.billing_endpoint,app\engines\platform_commerce\billing_endpoint.py,43,Billing Router,False,True,activate_profile|require_super_admin|get_current_user|<fastapi.security.http.HTTPBearer object at 0x0000012C233CCA70>|_svc|get_db|get_current_user|<fastapi.security.http.HTTPBearer object at 0x0000012C233CCA70>,require_super_admin|get_current_user|get_current_user,raw_sql,,,
GET,/v1/billing/profiles/{tenant_id},get_profile,app.engines.platform_commerce.billing_endpoint,app\engines\platform_commerce\billing_endpoint.py,57,Billing Router,False,True,get_profile|get_current_user|<fastapi.security.http.HTTPBearer object at 0x0000012C233CCA70>|_svc|get_db|get_current_user|<fastapi.security.http.HTTPBearer object at 0x0000012C233CCA70>,get_current_user|get_current_user,,,,
GET,/v1/billing/profiles/{tenant_id}/history,profile_history,app.engines.platform_commerce.billing_endpoint,app\engines\platform_commerce\billing_endpoint.py,66,Billing Router,False,True,profile_history|require_super_admin|get_current_user|<fastapi.security.http.HTTPBearer object at 0x0000012C233CCA70>|_svc|get_db|get_current_user|<fastapi.security.http.HTTPBearer object at 0x0000012C233CCA70>,require_super_admin|get_current_user|get_current_user,,,,
POST,/v1/billing/profiles/{tenant_id}/change-mode,change_mode,app.engines.platform_commerce.billing_endpoint,app\engines\platform_commerce\billing_endpoint.py,75,Billing Router,False,True,change_mode|require_super_admin|get_current_user|<fastapi.security.http.HTTPBearer object at 0x0000012C233CCA70>|_svc|get_db|get_current_user|<fastapi.security.http.HTTPBearer object at 0x0000012C233CCA70>,require_super_admin|get_current_user|get_current_user,,,,
POST,/v1/billing/route,route_operation,app.engines.platform_commerce.billing_endpoint,app\engines\platform_commerce\billing_endpoint.py,88,Billing Router,False,True,route_operation|get_current_user|<fastapi.security.http.HTTPBearer object at 0x0000012C233CCA70>|_svc|get_db|get_current_user|<fastapi.security.http.HTTPBearer object at 0x0000012C233CCA70>,get_current_user|get_current_user,,,,
GET,/v1/billing/configs,get_configs,app.engines.platform_commerce.billing_endpoint,app\engines\platform_commerce\billing_endpoint.py,101,Billing Router,False,True,get_configs|require_super_admin|get_current_user|<fastapi.security.http.HTTPBearer object at 0x0000012C233CCA70>|_svc|get_db|get_current_user|<fastapi.security.http.HTTPBearer object at 0x0000012C233CCA70>,require_super_admin|get_current_user|get_current_user,,,,
PUT,/v1/billing/configs,set_config,app.engines.platform_commerce.billing_endpoint,app\engines\platform_commerce\billing_endpoint.py,111,Billing Router,False,True,set_config|require_super_admin|get_current_user|<fastapi.security.http.HTTPBearer object at 0x0000012C233CCA70>|_svc|get_db|get_current_user|<fastapi.security.http.HTTPBearer object at 0x0000012C233CCA70>,require_super_admin|get_current_user|get_current_user,,,,
GET,/v1/billing/logs/{tenant_id},routing_logs,app.engines.platform_commerce.billing_endpoint,app\engines\platform_commerce\billing_endpoint.py,125,Billing Router,False,True,routing_logs|require_super_admin|get_current_user|<fastapi.security.http.HTTPBearer object at 0x0000012C233CCA70>|_svc|get_db|get_current_user|<fastapi.security.http.HTTPBearer object at 0x0000012C233CCA70>,require_super_admin|get_current_user|get_current_user,,,,
GET,/v1/compliance/meta,engine_meta,app.engines.compliance.router,app\engines\compliance\router.py,25,Compliance Engine|Engine Registry,False,True,engine_meta,NONE,,,,
POST,/v1/compliance/consent,record_consent,app.engines.compliance.router,app\engines\compliance\router.py,42,Compliance Engine,False,True,record_consent|get_current_user|<fastapi.security.http.HTTPBearer object at 0x0000012C233CCA70>|_svc|get_db|get_current_user|<fastapi.security.http.HTTPBearer object at 0x0000012C233CCA70>,get_current_user|get_current_user,add|flush|raw_sql,,_audit,
GET,/v1/compliance/consent/users/{user_id}/check,check_consent,app.engines.compliance.router,app\engines\compliance\router.py,58,Compliance Engine,False,True,check_consent|get_current_user|<fastapi.security.http.HTTPBearer object at 0x0000012C233CCA70>|_svc|get_db|get_current_user|<fastapi.security.http.HTTPBearer object at 0x0000012C233CCA70>,get_current_user|get_current_user,,,,
GET,/v1/compliance/consent/users/{user_id},list_consents,app.engines.compliance.router,app\engines\compliance\router.py,68,Compliance Engine,False,True,list_consents|get_current_user|<fastapi.security.http.HTTPBearer object at 0x0000012C233CCA70>|_svc|get_db|get_current_user|<fastapi.security.http.HTTPBearer object at 0x0000012C233CCA70>,get_current_user|get_current_user,add|raw_sql,,_audit,
POST,/v1/compliance/consent/withdraw,withdraw_consent,app.engines.compliance.router,app\engines\compliance\router.py,77,Compliance Engine,False,True,withdraw_consent|get_current_user|<fastapi.security.http.HTTPBearer object at 0x0000012C233CCA70>|_svc|get_db|get_current_user|<fastapi.security.http.HTTPBearer object at 0x0000012C233CCA70>,get_current_user|get_current_user,add|flush,,_audit,
POST,/v1/compliance/deletion-requests,request_deletion,app.engines.compliance.router,app\engines\compliance\router.py,92,Compliance Engine,False,True,request_deletion|get_current_user|<fastapi.security.http.HTTPBearer object at 0x0000012C233CCA70>|_svc|get_db|get_current_user|<fastapi.security.http.HTTPBearer object at 0x0000012C233CCA70>,get_current_user|get_current_user,add|flush|raw_sql,,_audit,
GET,/v1/compliance/deletion-requests/{request_id},get_deletion_request,app.engines.compliance.router,app\engines\compliance\router.py,106,Compliance Engine,False,True,get_deletion_request|get_current_user|<fastapi.security.http.HTTPBearer object at 0x0000012C233CCA70>|_svc|get_db|get_current_user|<fastapi.security.http.HTTPBearer object at 0x0000012C233CCA70>,get_current_user|get_current_user,,,,
GET,/v1/compliance/deletion-requests,list_deletion_requests,app.engines.compliance.router,app\engines\compliance\router.py,115,Compliance Engine,False,True,list_deletion_requests|require_super_admin|get_current_user|<fastapi.security.http.HTTPBearer object at 0x0000012C233CCA70>|_svc|get_db|get_current_user|<fastapi.security.http.HTTPBearer object at 0x0000012C233CCA70>,require_super_admin|get_current_user|get_current_user,,,,
POST,/v1/compliance/deletion-requests/{request_id}/process,process_deletion,app.engines.compliance.router,app\engines\compliance\router.py,129,Compliance Engine,False,True,process_deletion|require_super_admin|get_current_user|<fastapi.security.http.HTTPBearer object at 0x0000012C233CCA70>|_svc|get_db|get_current_user|<fastapi.security.http.HTTPBearer object at 0x0000012C233CCA70>,require_super_admin|get_current_user|get_current_user,add|flush|raw_sql,,_audit,
GET,/v1/compliance/retention-policies,get_retention_policies,app.engines.compliance.router,app\engines\compliance\router.py,138,Compliance Engine,False,True,get_retention_policies|require_super_admin|get_current_user|<fastapi.security.http.HTTPBearer object at 0x0000012C233CCA70>|_svc|get_db|get_current_user|<fastapi.security.http.HTTPBearer object at 0x0000012C233CCA70>,require_super_admin|get_current_user|get_current_user,,,,
POST,/v1/compliance/portability-requests,request_export,app.engines.compliance.router,app\engines\compliance\router.py,149,Compliance Engine,False,True,request_export|get_current_user|<fastapi.security.http.HTTPBearer object at 0x0000012C233CCA70>|_svc|get_db|get_current_user|<fastapi.security.http.HTTPBearer object at 0x0000012C233CCA70>,get_current_user|get_current_user,add|flush|raw_sql,,_audit,
GET,/v1/compliance/portability-requests/{request_id},get_export_status,app.engines.compliance.router,app\engines\compliance\router.py,164,Compliance Engine,False,True,get_export_status|get_current_user|<fastapi.security.http.HTTPBearer object at 0x0000012C233CCA70>|_svc|get_db|get_current_user|<fastapi.security.http.HTTPBearer object at 0x0000012C233CCA70>,get_current_user|get_current_user,,,,
POST,/v1/compliance/portability-requests/{request_id}/process,process_export,app.engines.compliance.router,app\engines\compliance\router.py,173,Compliance Engine,False,True,process_export|require_super_admin|get_current_user|<fastapi.security.http.HTTPBearer object at 0x0000012C233CCA70>|_svc|get_db|get_current_user|<fastapi.security.http.HTTPBearer object at 0x0000012C233CCA70>,require_super_admin|get_current_user|get_current_user,add|flush|raw_sql,,_audit,
PUT,/v1/compliance/retention-policies,set_retention_policy,app.engines.compliance.router,app\engines\compliance\router.py,182,Compliance Engine,False,True,set_retention_policy|require_super_admin|get_current_user|<fastapi.security.http.HTTPBearer object at 0x0000012C233CCA70>|_svc|get_db|get_current_user|<fastapi.security.http.HTTPBearer object at 0x0000012C233CCA70>,require_super_admin|get_current_user|get_current_user,add,,,
GET,/v1/compliance/audit-log,compliance_audit,app.engines.compliance.router,app\engines\compliance\router.py,196,Compliance Engine,False,True,compliance_audit|require_super_admin|get_current_user|<fastapi.security.http.HTTPBearer object at 0x0000012C233CCA70>|_svc|get_db|get_current_user|<fastapi.security.http.HTTPBearer object at 0x0000012C233CCA70>,require_super_admin|get_current_user|get_current_user,,,,
GET,/v1/compliance/summary,compliance_summary,app.engines.compliance.router,app\engines\compliance\router.py,211,Compliance Engine,False,True,compliance_summary|require_super_admin|get_current_user|<fastapi.security.http.HTTPBearer object at 0x0000012C233CCA70>|_svc|get_db|get_current_user|<fastapi.security.http.HTTPBearer object at 0x0000012C233CCA70>,require_super_admin|get_current_user|get_current_user,,,,
GET,/v1/admin/compliance/summary,get_summary,app.engines.compliance.admin_router,app\engines\compliance\admin_router.py,34,Compliance Admin,False,True,get_summary|require_super_admin|get_current_user|<fastapi.security.http.HTTPBearer object at 0x0000012C233CCA70>|_svc|get_db|require_super_admin|get_current_user|<fastapi.security.http.HTTPBearer object at 0x0000012C233CCA70>,require_super_admin|get_current_user|require_super_admin|get_current_user,,,,
GET,/v1/admin/compliance/overview,get_overview,app.engines.compliance.admin_router,app\engines\compliance\admin_router.py,43,Compliance Admin,False,True,get_overview|require_super_admin|get_current_user|<fastapi.security.http.HTTPBearer object at 0x0000012C233CCA70>|_svc|get_db|require_super_admin|get_current_user|<fastapi.security.http.HTTPBearer object at 0x0000012C233CCA70>,require_super_admin|get_current_user|require_super_admin|get_current_user,,,,
POST,/v1/admin/compliance/sla/refresh,refresh_sla,app.engines.compliance.admin_router,app\engines\compliance\admin_router.py,54,Compliance Admin,False,True,refresh_sla|require_super_admin|get_current_user|<fastapi.security.http.HTTPBearer object at 0x0000012C233CCA70>|_svc|get_db|require_super_admin|get_current_user|<fastapi.security.http.HTTPBearer object at 0x0000012C233CCA70>,require_super_admin|get_current_user|require_super_admin|get_current_user,flush,,,
GET,/v1/admin/compliance/requests,list_requests,app.engines.compliance.admin_router,app\engines\compliance\admin_router.py,65,Compliance Admin,False,True,list_requests|require_super_admin|get_current_user|<fastapi.security.http.HTTPBearer object at 0x0000012C233CCA70>|_svc|get_db|require_super_admin|get_current_user|<fastapi.security.http.HTTPBearer object at 0x0000012C233CCA70>,require_super_admin|get_current_user|require_super_admin|get_current_user,,,,
POST,/v1/admin/compliance/requests,create_request,app.engines.compliance.admin_router,app\engines\compliance\admin_router.py,86,Compliance Admin,False,True,create_request|require_super_admin|get_current_user|<fastapi.security.http.HTTPBearer object at 0x0000012C233CCA70>|_svc|get_db|require_super_admin|get_current_user|<fastapi.security.http.HTTPBearer object at 0x0000012C233CCA70>,require_super_admin|get_current_user|require_super_admin|get_current_user,add|flush|raw_sql,,_audit,
GET,/v1/admin/compliance/requests/{request_id},get_request,app.engines.compliance.admin_router,app\engines\compliance\admin_router.py,97,Compliance Admin,False,True,get_request|require_super_admin|get_current_user|<fastapi.security.http.HTTPBearer object at 0x0000012C233CCA70>|_svc|get_db|require_super_admin|get_current_user|<fastapi.security.http.HTTPBearer object at 0x0000012C233CCA70>,require_super_admin|get_current_user|require_super_admin|get_current_user,,,,
POST,/v1/admin/compliance/requests/{request_id}/verify-identity,verify_identity,app.engines.compliance.admin_router,app\engines\compliance\admin_router.py,106,Compliance Admin,False,True,verify_identity|require_super_admin|get_current_user|<fastapi.security.http.HTTPBearer object at 0x0000012C233CCA70>|_svc|get_db|require_super_admin|get_current_user|<fastapi.security.http.HTTPBearer object at 0x0000012C233CCA70>,require_super_admin|get_current_user|require_super_admin|get_current_user,add|flush|raw_sql,,_audit,
POST,/v1/admin/compliance/requests/{request_id}/scan-data,scan_data,app.engines.compliance.admin_router,app\engines\compliance\admin_router.py,116,Compliance Admin,False,True,scan_data|require_super_admin|get_current_user|<fastapi.security.http.HTTPBearer object at 0x0000012C233CCA70>|_svc|get_db|require_super_admin|get_current_user|<fastapi.security.http.HTTPBearer object at 0x0000012C233CCA70>,require_super_admin|get_current_user|require_super_admin|get_current_user,add|delete|flush|raw_sql,,_audit,
POST,/v1/admin/compliance/requests/{request_id}/approve,approve_request,app.engines.compliance.admin_router,app\engines\compliance\admin_router.py,125,Compliance Admin,False,True,approve_request|require_super_admin|get_current_user|<fastapi.security.http.HTTPBearer object at 0x0000012C233CCA70>|_svc|get_db|require_super_admin|get_current_user|<fastapi.security.http.HTTPBearer object at 0x0000012C233CCA70>,require_super_admin|get_current_user|require_super_admin|get_current_user,add|flush|raw_sql,,_audit,
POST,/v1/admin/compliance/requests/{request_id}/reject,reject_request,app.engines.compliance.admin_router,app\engines\compliance\admin_router.py,135,Compliance Admin,False,True,reject_request|require_super_admin|get_current_user|<fastapi.security.http.HTTPBearer object at 0x0000012C233CCA70>|_svc|get_db|require_super_admin|get_current_user|<fastapi.security.http.HTTPBearer object at 0x0000012C233CCA70>,require_super_admin|get_current_user|require_super_admin|get_current_user,add|flush|raw_sql,,_audit,
POST,/v1/admin/compliance/requests/{request_id}/apply-exemption,apply_exemption,app.engines.compliance.admin_router,app\engines\compliance\admin_router.py,146,Compliance Admin,False,True,apply_exemption|require_super_admin|get_current_user|<fastapi.security.http.HTTPBearer object at 0x0000012C233CCA70>|_svc|get_db|require_super_admin|get_current_user|<fastapi.security.http.HTTPBearer object at 0x0000012C233CCA70>,require_super_admin|get_current_user|require_super_admin|get_current_user,add|flush|raw_sql,,_audit,
POST,/v1/admin/compliance/requests/{request_id}/process,process_request,app.engines.compliance.admin_router,app\engines\compliance\admin_router.py,158,Compliance Admin,False,True,process_request|require_super_admin|get_current_user|<fastapi.security.http.HTTPBearer object at 0x0000012C233CCA70>|_svc|get_db|require_super_admin|get_current_user|<fastapi.security.http.HTTPBearer object at 0x0000012C233CCA70>,require_super_admin|get_current_user|require_super_admin|get_current_user,add|flush|raw_sql,,_audit,
GET,/v1/admin/compliance/requests/{request_id}/audit,get_request_audit,app.engines.compliance.admin_router,app\engines\compliance\admin_router.py,167,Compliance Admin,False,True,get_request_audit|require_super_admin|get_current_user|<fastapi.security.http.HTTPBearer object at 0x0000012C233CCA70>|_svc|get_db|require_super_admin|get_current_user|<fastapi.security.http.HTTPBearer object at 0x0000012C233CCA70>,require_super_admin|get_current_user|require_super_admin|get_current_user,,,,
GET,/v1/admin/compliance/consents,list_consents,app.engines.compliance.admin_router,app\engines\compliance\admin_router.py,178,Compliance Admin,False,True,list_consents|require_super_admin|get_current_user|<fastapi.security.http.HTTPBearer object at 0x0000012C233CCA70>|_svc|get_db|require_super_admin|get_current_user|<fastapi.security.http.HTTPBearer object at 0x0000012C233CCA70>,require_super_admin|get_current_user|require_super_admin|get_current_user,,,,
POST,/v1/admin/compliance/consents/{user_id}/revoke,revoke_consent,app.engines.compliance.admin_router,app\engines\compliance\admin_router.py,195,Compliance Admin,False,True,revoke_consent|require_super_admin|get_current_user|<fastapi.security.http.HTTPBearer object at 0x0000012C233CCA70>|_svc|get_db|require_super_admin|get_current_user|<fastapi.security.http.HTTPBearer object at 0x0000012C233CCA70>,require_super_admin|get_current_user|require_super_admin|get_current_user,add|raw_sql,,_audit,
GET,/v1/admin/compliance/exports,list_exports,app.engines.compliance.admin_router,app\engines\compliance\admin_router.py,208,Compliance Admin,False,True,list_exports|require_super_admin|get_current_user|<fastapi.security.http.HTTPBearer object at 0x0000012C233CCA70>|_svc|get_db|require_super_admin|get_current_user|<fastapi.security.http.HTTPBearer object at 0x0000012C233CCA70>,require_super_admin|get_current_user|require_super_admin|get_current_user,,,,
GET,/v1/admin/compliance/exports/{export_id},get_export,app.engines.compliance.admin_router,app\engines\compliance\admin_router.py,222,Compliance Admin,False,True,get_export|require_super_admin|get_current_user|<fastapi.security.http.HTTPBearer object at 0x0000012C233CCA70>|_svc|get_db|require_super_admin|get_current_user|<fastapi.security.http.HTTPBearer object at 0x0000012C233CCA70>,require_super_admin|get_current_user|require_super_admin|get_current_user,,,,
POST,/v1/admin/compliance/exports/{export_id}/expire,expire_export,app.engines.compliance.admin_router,app\engines\compliance\admin_router.py,231,Compliance Admin,False,True,expire_export|require_super_admin|get_current_user|<fastapi.security.http.HTTPBearer object at 0x0000012C233CCA70>|_svc|get_db|require_super_admin|get_current_user|<fastapi.security.http.HTTPBearer object at 0x0000012C233CCA70>,require_super_admin|get_current_user|require_super_admin|get_current_user,add|flush|raw_sql,,_audit,
GET,/v1/admin/compliance/retention-policies,list_retention,app.engines.compliance.admin_router,app\engines\compliance\admin_router.py,242,Compliance Admin,False,True,list_retention|require_super_admin|get_current_user|<fastapi.security.http.HTTPBearer object at 0x0000012C233CCA70>|_svc|get_db|require_super_admin|get_current_user|<fastapi.security.http.HTTPBearer object at 0x0000012C233CCA70>,require_super_admin|get_current_user|require_super_admin|get_current_user,,,,
POST,/v1/admin/compliance/retention-policies,create_retention,app.engines.compliance.admin_router,app\engines\compliance\admin_router.py,251,Compliance Admin,False,True,create_retention|require_super_admin|get_current_user|<fastapi.security.http.HTTPBearer object at 0x0000012C233CCA70>|_svc|get_db|require_super_admin|get_current_user|<fastapi.security.http.HTTPBearer object at 0x0000012C233CCA70>,require_super_admin|get_current_user|require_super_admin|get_current_user,add|raw_sql,,,
PUT,/v1/admin/compliance/retention-policies/{table_name},update_retention,app.engines.compliance.admin_router,app\engines\compliance\admin_router.py,261,Compliance Admin,False,True,update_retention|require_super_admin|get_current_user|<fastapi.security.http.HTTPBearer object at 0x0000012C233CCA70>|_svc|get_db|require_super_admin|get_current_user|<fastapi.security.http.HTTPBearer object at 0x0000012C233CCA70>,require_super_admin|get_current_user|require_super_admin|get_current_user,add|raw_sql,,,
GET,/v1/admin/compliance/audit-trail,audit_trail,app.engines.compliance.admin_router,app\engines\compliance\admin_router.py,273,Compliance Admin,False,True,audit_trail|_svc|get_db|require_super_admin|get_current_user|<fastapi.security.http.HTTPBearer object at 0x0000012C233CCA70>,require_super_admin|get_current_user,,,,
POST,/v1/admin/compliance/jobs/run,run_compliance_jobs,app.engines.compliance.admin_router,app\engines\compliance\admin_router.py,290,Compliance Admin,False,True,run_compliance_jobs|require_super_admin|get_current_user|<fastapi.security.http.HTTPBearer object at 0x0000012C233CCA70>,require_super_admin|get_current_user,,,,
POST,/v1/admin/compliance/jobs/run-sla,run_sla_check_only,app.engines.compliance.admin_router,app\engines\compliance\admin_router.py,301,Compliance Admin,False,True,run_sla_check_only|require_super_admin|get_current_user|<fastapi.security.http.HTTPBearer object at 0x0000012C233CCA70>,require_super_admin|get_current_user,,,,
POST,/v1/admin/compliance/jobs/run-expire-exports,run_expire_exports_only,app.engines.compliance.admin_router,app\engines\compliance\admin_router.py,311,Compliance Admin,False,True,run_expire_exports_only|require_super_admin|get_current_user|<fastapi.security.http.HTTPBearer object at 0x0000012C233CCA70>,require_super_admin|get_current_user,,,,
GET,/v1/admin/compliance/dpdp/health,get_health,app.engines.compliance.admin_router,app\engines\compliance\admin_router.py,323,Compliance Admin,False,True,get_health|_svc|get_db|require_super_admin|get_current_user|<fastapi.security.http.HTTPBearer object at 0x0000012C233CCA70>,require_super_admin|get_current_user,,,,
GET,/v1/admin/compliance/dpdp/action-queue,get_action_queue,app.engines.compliance.admin_router,app\engines\compliance\admin_router.py,332,Compliance Admin,False,True,get_action_queue|require_super_admin|get_current_user|<fastapi.security.http.HTTPBearer object at 0x0000012C233CCA70>|_svc|get_db|require_super_admin|get_current_user|<fastapi.security.http.HTTPBearer object at 0x0000012C233CCA70>,require_super_admin|get_current_user|require_super_admin|get_current_user,,,,
POST,/v1/admin/compliance/requests/{request_id}/assign,assign_request,app.engines.compliance.admin_router,app\engines\compliance\admin_router.py,341,Compliance Admin,False,True,assign_request|require_super_admin|get_current_user|<fastapi.security.http.HTTPBearer object at 0x0000012C233CCA70>|_svc|get_db|require_super_admin|get_current_user|<fastapi.security.http.HTTPBearer object at 0x0000012C233CCA70>,require_super_admin|get_current_user|require_super_admin|get_current_user,add|flush|raw_sql,,_audit,
POST,/v1/admin/compliance/requests/{request_id}/escalate,escalate_request,app.engines.compliance.admin_router,app\engines\compliance\admin_router.py,352,Compliance Admin,False,True,escalate_request|require_super_admin|get_current_user|<fastapi.security.http.HTTPBearer object at 0x0000012C233CCA70>|_svc|get_db|require_super_admin|get_current_user|<fastapi.security.http.HTTPBearer object at 0x0000012C233CCA70>,require_super_admin|get_current_user|require_super_admin|get_current_user,add|raw_sql,,_audit,
GET,/v1/admin/compliance/requests/{request_id}/data-map,get_data_map,app.engines.compliance.admin_router,app\engines\compliance\admin_router.py,364,Compliance Admin,False,True,get_data_map|require_super_admin|get_current_user|<fastapi.security.http.HTTPBearer object at 0x0000012C233CCA70>|_svc|get_db|require_super_admin|get_current_user|<fastapi.security.http.HTTPBearer object at 0x0000012C233CCA70>,require_super_admin|get_current_user|require_super_admin|get_current_user,add|delete|flush,,_audit,
POST,/v1/admin/compliance/requests/{request_id}/refresh-data-map,refresh_data_map,app.engines.compliance.admin_router,app\engines\compliance\admin_router.py,373,Compliance Admin,False,True,refresh_data_map|require_super_admin|get_current_user|<fastapi.security.http.HTTPBearer object at 0x0000012C233CCA70>|_svc|get_db|require_super_admin|get_current_user|<fastapi.security.http.HTTPBearer object at 0x0000012C233CCA70>,require_super_admin|get_current_user|require_super_admin|get_current_user,add|delete|flush|raw_sql,,_audit,
GET,/v1/admin/compliance/dpdp/legal-holds,list_legal_holds,app.engines.compliance.admin_router,app\engines\compliance\admin_router.py,385,Compliance Admin,False,True,list_legal_holds|require_super_admin|get_current_user|<fastapi.security.http.HTTPBearer object at 0x0000012C233CCA70>|_svc|get_db|require_super_admin|get_current_user|<fastapi.security.http.HTTPBearer object at 0x0000012C233CCA70>,require_super_admin|get_current_user|require_super_admin|get_current_user,,,,
POST,/v1/admin/compliance/dpdp/legal-holds,apply_legal_hold,app.engines.compliance.admin_router,app\engines\compliance\admin_router.py,396,Compliance Admin,False,True,apply_legal_hold|require_super_admin|get_current_user|<fastapi.security.http.HTTPBearer object at 0x0000012C233CCA70>|_svc|get_db|require_super_admin|get_current_user|<fastapi.security.http.HTTPBearer object at 0x0000012C233CCA70>,require_super_admin|get_current_user|require_super_admin|get_current_user,add|raw_sql,,_audit,
POST,/v1/admin/compliance/dpdp/legal-holds/{hold_id}/release,release_legal_hold,app.engines.compliance.admin_router,app\engines\compliance\admin_router.py,407,Compliance Admin,False,True,release_legal_hold|require_super_admin|get_current_user|<fastapi.security.http.HTTPBearer object at 0x0000012C233CCA70>|_svc|get_db|require_super_admin|get_current_user|<fastapi.security.http.HTTPBearer object at 0x0000012C233CCA70>,require_super_admin|get_current_user|require_super_admin|get_current_user,add|raw_sql,,_audit,
POST,/v1/admin/compliance/requests/{request_id}/generate-evidence-pack,generate_evidence_pack,app.engines.compliance.admin_router,app\engines\compliance\admin_router.py,420,Compliance Admin,False,True,generate_evidence_pack|require_super_admin|get_current_user|<fastapi.security.http.HTTPBearer object at 0x0000012C233CCA70>|_svc|get_db|require_super_admin|get_current_user|<fastapi.security.http.HTTPBearer object at 0x0000012C233CCA70>,require_super_admin|get_current_user|require_super_admin|get_current_user,add|raw_sql,,_audit,
GET,/v1/admin/compliance/dpdp/evidence-packs,list_evidence_packs,app.engines.compliance.admin_router,app\engines\compliance\admin_router.py,429,Compliance Admin,False,True,list_evidence_packs|require_super_admin|get_current_user|<fastapi.security.http.HTTPBearer object at 0x0000012C233CCA70>|_svc|get_db|require_super_admin|get_current_user|<fastapi.security.http.HTTPBearer object at 0x0000012C233CCA70>,require_super_admin|get_current_user|require_super_admin|get_current_user,,,,
GET,/v1/me/compliance/requests,list_my_requests,app.engines.compliance.customer_router,app\engines\compliance\customer_router.py,134,Compliance Customer Self-Service,False,True,list_my_requests|get_db|require_customer|get_current_user|<fastapi.security.http.HTTPBearer object at 0x0000012C233CCA70>,require_customer|get_current_user,add|commit,,,
POST,/v1/me/compliance/requests,create_my_request,app.engines.compliance.customer_router,app\engines\compliance\customer_router.py,180,Compliance Customer Self-Service,False,True,create_my_request|get_db|require_customer|get_current_user|<fastapi.security.http.HTTPBearer object at 0x0000012C233CCA70>|_svc|get_db|require_customer|get_current_user|<fastapi.security.http.HTTPBearer object at 0x0000012C233CCA70>,require_customer|get_current_user|require_customer|get_current_user,add|commit|flush|raw_sql,,_audit,
GET,/v1/me/compliance/requests/{request_id},get_my_request,app.engines.compliance.customer_router,app\engines\compliance\customer_router.py,258,Compliance Customer Self-Service,False,True,get_my_request|get_db|require_customer|get_current_user|<fastapi.security.http.HTTPBearer object at 0x0000012C233CCA70>|_svc|get_db|require_customer|get_current_user|<fastapi.security.http.HTTPBearer object at 0x0000012C233CCA70>,require_customer|get_current_user|require_customer|get_current_user,add|commit,,,
POST,/v1/me/compliance/requests/{request_id}/cancel,cancel_my_request,app.engines.compliance.customer_router,app\engines\compliance\customer_router.py,317,Compliance Customer Self-Service,False,True,cancel_my_request|get_db|require_customer|get_current_user|<fastapi.security.http.HTTPBearer object at 0x0000012C233CCA70>,require_customer|get_current_user,add|commit,,,
POST,/v1/me/compliance/requests/{request_id}/add-note,add_my_note,app.engines.compliance.customer_router,app\engines\compliance\customer_router.py,349,Compliance Customer Self-Service,False,True,add_my_note|get_db|require_customer|get_current_user|<fastapi.security.http.HTTPBearer object at 0x0000012C233CCA70>,require_customer|get_current_user,add|commit,,,
GET,/v1/me/compliance/consents,list_my_consents,app.engines.compliance.customer_router,app\engines\compliance\customer_router.py,385,Compliance Customer Self-Service,False,True,list_my_consents|_svc|get_db|require_customer|get_current_user|<fastapi.security.http.HTTPBearer object at 0x0000012C233CCA70>|require_customer|get_current_user|<fastapi.security.http.HTTPBearer object at 0x0000012C233CCA70>,require_customer|get_current_user|require_customer|get_current_user,,,,
POST,/v1/me/compliance/consents/{consent_type}/withdraw,withdraw_my_consent,app.engines.compliance.customer_router,app\engines\compliance\customer_router.py,398,Compliance Customer Self-Service,False,True,withdraw_my_consent|get_db|require_customer|get_current_user|<fastapi.security.http.HTTPBearer object at 0x0000012C233CCA70>|_svc|get_db|require_customer|get_current_user|<fastapi.security.http.HTTPBearer object at 0x0000012C233CCA70>,require_customer|get_current_user|require_customer|get_current_user,add|commit|raw_sql,,_audit,
GET,/v1/me/compliance/exports/{export_id}/download,download_my_export,app.engines.compliance.customer_router,app\engines\compliance\customer_router.py,433,Compliance Customer Self-Service,False,True,download_my_export|get_db|require_customer|get_current_user|<fastapi.security.http.HTTPBearer object at 0x0000012C233CCA70>,require_customer|get_current_user,add|commit,,,
GET,/v1/provider/compliance/summary,get_summary,app.engines.compliance.provider_router,app\engines\compliance\provider_router.py,197,Compliance Tenant Portal,False,True,get_summary|get_db|require_technician|get_current_user|<fastapi.security.http.HTTPBearer object at 0x0000012C233CCA70>,require_technician|get_current_user,,,,
GET,/v1/provider/compliance/requests,list_my_requests,app.engines.compliance.provider_router,app\engines\compliance\provider_router.py,260,Compliance Tenant Portal,False,True,list_my_requests|get_db|require_technician|get_current_user|<fastapi.security.http.HTTPBearer object at 0x0000012C233CCA70>,require_technician|get_current_user,,,,
POST,/v1/provider/compliance/requests,create_my_request,app.engines.compliance.provider_router,app\engines\compliance\provider_router.py,295,Compliance Tenant Portal,False,True,create_my_request|get_db|require_tenant_owner_mutation|require_tenant_owner|get_current_user|<fastapi.security.http.HTTPBearer object at 0x0000012C233CCA70>|_svc|get_db|require_technician|get_current_user|<fastapi.security.http.HTTPBearer object at 0x0000012C233CCA70>,require_tenant_owner_mutation|require_tenant_owner|get_current_user|require_technician|get_current_user,add|commit|flush|raw_sql,,_audit,
GET,/v1/provider/compliance/requests/{request_id},get_my_request,app.engines.compliance.provider_router,app\engines\compliance\provider_router.py,386,Compliance Tenant Portal,False,True,get_my_request|get_db|require_technician|get_current_user|<fastapi.security.http.HTTPBearer object at 0x0000012C233CCA70>|_svc|get_db|require_technician|get_current_user|<fastapi.security.http.HTTPBearer object at 0x0000012C233CCA70>,require_technician|get_current_user|require_technician|get_current_user,add|commit|raw_sql,,_audit,
POST,/v1/provider/compliance/requests/{request_id}/cancel,cancel_my_request,app.engines.compliance.provider_router,app\engines\compliance\provider_router.py,440,Compliance Tenant Portal,False,True,cancel_my_request|get_db|require_tenant_owner_mutation|require_tenant_owner|get_current_user|<fastapi.security.http.HTTPBearer object at 0x0000012C233CCA70>,require_tenant_owner_mutation|require_tenant_owner|get_current_user,add|commit|raw_sql,,_audit,
POST,/v1/provider/compliance/requests/{request_id}/generate-export,generate_export,app.engines.compliance.provider_router,app\engines\compliance\provider_router.py,471,Compliance Tenant Portal,False,True,generate_export|get_db|require_tenant_owner_mutation|require_tenant_owner|get_current_user|<fastapi.security.http.HTTPBearer object at 0x0000012C233CCA70>,require_tenant_owner_mutation|require_tenant_owner|get_current_user,add|commit|raw_sql,,_audit,
GET,/v1/provider/compliance/exports,list_exports,app.engines.compliance.provider_router,app\engines\compliance\provider_router.py,520,Compliance Tenant Portal,False,True,list_exports|get_db|require_technician|get_current_user|<fastapi.security.http.HTTPBearer object at 0x0000012C233CCA70>,require_technician|get_current_user,,,,
GET,/v1/provider/compliance/exports/{export_id},get_export,app.engines.compliance.provider_router,app\engines\compliance\provider_router.py,549,Compliance Tenant Portal,False,True,get_export|get_db|require_technician|get_current_user|<fastapi.security.http.HTTPBearer object at 0x0000012C233CCA70>,require_technician|get_current_user,,,,
GET,/v1/provider/compliance/exports/{export_id}/download,download_export,app.engines.compliance.provider_router,app\engines\compliance\provider_router.py,582,Compliance Tenant Portal,False,True,download_export|get_db|require_tenant_owner_mutation|require_tenant_owner|get_current_user|<fastapi.security.http.HTTPBearer object at 0x0000012C233CCA70>,require_tenant_owner_mutation|require_tenant_owner|get_current_user,add|commit|raw_sql,,_audit,
GET,/v1/provider/compliance/consents,list_consents,app.engines.compliance.provider_router,app\engines\compliance\provider_router.py,642,Compliance Tenant Portal,False,True,list_consents|get_db|require_technician|get_current_user|<fastapi.security.http.HTTPBearer object at 0x0000012C233CCA70>|_svc|get_db|require_technician|get_current_user|<fastapi.security.http.HTTPBearer object at 0x0000012C233CCA70>,require_technician|get_current_user|require_technician|get_current_user,,,,
POST,/v1/provider/compliance/consents/{consent_type}/withdraw,withdraw_consent,app.engines.compliance.provider_router,app\engines\compliance\provider_router.py,657,Compliance Tenant Portal,False,True,withdraw_consent|get_db|require_tenant_owner_mutation|require_tenant_owner|get_current_user|<fastapi.security.http.HTTPBearer object at 0x0000012C233CCA70>|_svc|get_db|require_technician|get_current_user|<fastapi.security.http.HTTPBearer object at 0x0000012C233CCA70>,require_tenant_owner_mutation|require_tenant_owner|get_current_user|require_technician|get_current_user,add|commit|raw_sql,,_audit,
GET,/v1/provider/compliance/staff-requests,list_staff_requests,app.engines.compliance.provider_router,app\engines\compliance\provider_router.py,694,Compliance Tenant Portal,False,True,list_staff_requests|get_db|require_tenant_owner|get_current_user|<fastapi.security.http.HTTPBearer object at 0x0000012C233CCA70>,require_tenant_owner|get_current_user,add|commit|raw_sql,,_audit,
GET,/v1/provider/compliance/staff-requests/{request_id},get_staff_request,app.engines.compliance.provider_router,app\engines\compliance\provider_router.py,733,Compliance Tenant Portal,False,True,get_staff_request|get_db|require_tenant_owner|get_current_user|<fastapi.security.http.HTTPBearer object at 0x0000012C233CCA70>|_svc|get_db|require_technician|get_current_user|<fastapi.security.http.HTTPBearer object at 0x0000012C233CCA70>,require_tenant_owner|get_current_user|require_technician|get_current_user,add|commit|raw_sql,,_audit,
POST,/v1/provider/compliance/staff-requests/{request_id}/tenant-response,staff_tenant_response,app.engines.compliance.provider_router,app\engines\compliance\provider_router.py,760,Compliance Tenant Portal,False,True,staff_tenant_response|get_db|require_tenant_owner_mutation|require_tenant_owner|get_current_user|<fastapi.security.http.HTTPBearer object at 0x0000012C233CCA70>,require_tenant_owner_mutation|require_tenant_owner|get_current_user,add|commit|raw_sql,,_audit,
GET,/v1/provider/compliance/customer-requests,list_customer_requests,app.engines.compliance.provider_router,app\engines\compliance\provider_router.py,804,Compliance Tenant Portal,False,True,list_customer_requests|get_db|require_tenant_owner|get_current_user|<fastapi.security.http.HTTPBearer object at 0x0000012C233CCA70>,require_tenant_owner|get_current_user,add|commit|raw_sql,,_audit,
GET,/v1/provider/compliance/customer-requests/{request_id},get_customer_request,app.engines.compliance.provider_router,app\engines\compliance\provider_router.py,846,Compliance Tenant Portal,False,True,get_customer_request|get_db|require_tenant_owner|get_current_user|<fastapi.security.http.HTTPBearer object at 0x0000012C233CCA70>,require_tenant_owner|get_current_user,add|commit|raw_sql,,_audit,
POST,/v1/provider/compliance/customer-requests/{request_id}/tenant-response,customer_tenant_response,app.engines.compliance.provider_router,app\engines\compliance\provider_router.py,871,Compliance Tenant Portal,False,True,customer_tenant_response|get_db|require_tenant_owner_mutation|require_tenant_owner|get_current_user|<fastapi.security.http.HTTPBearer object at 0x0000012C233CCA70>,require_tenant_owner_mutation|require_tenant_owner|get_current_user,add|commit|raw_sql,,_audit,
GET,/v1/admin/engines/summary,get_summary,app.engines.engine_mgmt.admin_router,app\engines\engine_mgmt\admin_router.py,26,admin-engine-management,False,True,get_summary|get_db|require_super_admin|get_current_user|<fastapi.security.http.HTTPBearer object at 0x0000012C233CCA70>,require_super_admin|get_current_user,,,,_svc()
GET,/v1/admin/engines,list_engines,app.engines.engine_mgmt.admin_router,app\engines\engine_mgmt\admin_router.py,35,admin-engine-management,False,True,list_engines|get_db|require_super_admin|get_current_user|<fastapi.security.http.HTTPBearer object at 0x0000012C233CCA70>,require_super_admin|get_current_user,,,,_svc()
POST,/v1/admin/engines,create_engine,app.engines.engine_mgmt.admin_router,app\engines\engine_mgmt\admin_router.py,54,admin-engine-management,False,True,create_engine|get_db|require_super_admin|get_current_user|<fastapi.security.http.HTTPBearer object at 0x0000012C233CCA70>,require_super_admin|get_current_user,add|commit|flush,,_audit,_svc()
GET,/v1/admin/engines/category-matrix/templates,list_category_matrix_templates,app.engines.engine_mgmt.admin_router,app\engines\engine_mgmt\admin_router.py,66,admin-engine-management,False,True,list_category_matrix_templates|get_db|require_super_admin|get_current_user|<fastapi.security.http.HTTPBearer object at 0x0000012C233CCA70>,require_super_admin|get_current_user,,,,_svc()
GET,/v1/admin/engines/category-matrix,get_category_matrix,app.engines.engine_mgmt.admin_router,app\engines\engine_mgmt\admin_router.py,75,admin-engine-management,False,True,get_category_matrix|get_db|require_super_admin|get_current_user|<fastapi.security.http.HTTPBearer object at 0x0000012C233CCA70>,require_super_admin|get_current_user,,,,_svc()
GET,/v1/admin/engines/category-matrix/export,export_category_matrix,app.engines.engine_mgmt.admin_router,app\engines\engine_mgmt\admin_router.py,88,admin-engine-management,False,True,export_category_matrix|get_db|require_super_admin|get_current_user|<fastapi.security.http.HTTPBearer object at 0x0000012C233CCA70>,require_super_admin|get_current_user,,,,_svc()
GET,/v1/admin/engines/category-matrix/{category_id},get_category_matrix_detail,app.engines.engine_mgmt.admin_router,app\engines\engine_mgmt\admin_router.py,104,admin-engine-management,False,True,get_category_matrix_detail|get_db|require_super_admin|get_current_user|<fastapi.security.http.HTTPBearer object at 0x0000012C233CCA70>,require_super_admin|get_current_user,,,,_svc()
GET,/v1/admin/engines/category-matrix/{category_id}/summary,get_category_matrix_summary,app.engines.engine_mgmt.admin_router,app\engines\engine_mgmt\admin_router.py,115,admin-engine-management,False,True,get_category_matrix_summary|get_db|require_super_admin|get_current_user|<fastapi.security.http.HTTPBearer object at 0x0000012C233CCA70>,require_super_admin|get_current_user,,,,_svc()
POST,/v1/admin/engines/category-matrix/{category_id}/seed-defaults/preview,seed_category_defaults_preview,app.engines.engine_mgmt.admin_router,app\engines\engine_mgmt\admin_router.py,126,admin-engine-management,False,True,seed_category_defaults_preview|get_db|require_super_admin|get_current_user|<fastapi.security.http.HTTPBearer object at 0x0000012C233CCA70>,require_super_admin|get_current_user,,,,_svc()
POST,/v1/admin/engines/category-matrix/{category_id}/seed-defaults,seed_category_defaults,app.engines.engine_mgmt.admin_router,app\engines\engine_mgmt\admin_router.py,138,admin-engine-management,False,True,seed_category_defaults|get_db|require_super_admin|get_current_user|<fastapi.security.http.HTTPBearer object at 0x0000012C233CCA70>,require_super_admin|get_current_user,add|commit,,_audit,_svc()
POST,/v1/admin/engines/category-matrix/{category_id}/engines/{engine_key}/enable-preview,enable_category_engine_preview,app.engines.engine_mgmt.admin_router,app\engines\engine_mgmt\admin_router.py,151,admin-engine-management,False,True,enable_category_engine_preview|get_db|require_super_admin|get_current_user|<fastapi.security.http.HTTPBearer object at 0x0000012C233CCA70>,require_super_admin|get_current_user,,,,_svc()
POST,/v1/admin/engines/category-matrix/{category_id}/engines/{engine_key}/disable-preview,disable_category_engine_preview,app.engines.engine_mgmt.admin_router,app\engines\engine_mgmt\admin_router.py,163,admin-engine-management,False,True,disable_category_engine_preview|get_db|require_super_admin|get_current_user|<fastapi.security.http.HTTPBearer object at 0x0000012C233CCA70>,require_super_admin|get_current_user,,,,_svc()
POST,/v1/admin/engines/category-matrix/{category_id}/engines/{engine_key}/enable,enable_category_engine,app.engines.engine_mgmt.admin_router,app\engines\engine_mgmt\admin_router.py,175,admin-engine-management,False,True,enable_category_engine|get_db|require_super_admin|get_current_user|<fastapi.security.http.HTTPBearer object at 0x0000012C233CCA70>,require_super_admin|get_current_user,add|commit,,_audit,_svc()
POST,/v1/admin/engines/category-matrix/{category_id}/engines/{engine_key}/disable,disable_category_engine,app.engines.engine_mgmt.admin_router,app\engines\engine_mgmt\admin_router.py,189,admin-engine-management,False,True,disable_category_engine|get_db|require_super_admin|get_current_user|<fastapi.security.http.HTTPBearer object at 0x0000012C233CCA70>,require_super_admin|get_current_user,add|commit,,_audit,_svc()
POST,/v1/admin/engines/category-matrix/{category_id}/engines/{engine_key}/mark-required,mark_category_engine_required,app.engines.engine_mgmt.admin_router,app\engines\engine_mgmt\admin_router.py,203,admin-engine-management,False,True,mark_category_engine_required|get_db|require_super_admin|get_current_user|<fastapi.security.http.HTTPBearer object at 0x0000012C233CCA70>,require_super_admin|get_current_user,add|commit,,_audit,_svc()
POST,/v1/admin/engines/category-matrix/{category_id}/engines/{engine_key}/mark-optional,mark_category_engine_optional,app.engines.engine_mgmt.admin_router,app\engines\engine_mgmt\admin_router.py,217,admin-engine-management,False,True,mark_category_engine_optional|get_db|require_super_admin|get_current_user|<fastapi.security.http.HTTPBearer object at 0x0000012C233CCA70>,require_super_admin|get_current_user,add|commit,,_audit,_svc()
GET,/v1/admin/engines/category-matrix/{category_id}/engines/{engine_key}/packages,category_engine_package_usage,app.engines.engine_mgmt.admin_router,app\engines\engine_mgmt\admin_router.py,231,admin-engine-management,False,True,category_engine_package_usage|get_db|require_super_admin|get_current_user|<fastapi.security.http.HTTPBearer object at 0x0000012C233CCA70>,require_super_admin|get_current_user,,,,_svc()
GET,/v1/admin/engines/category-matrix/{category_id}/engines/{engine_key}/tenant-impact,category_engine_tenant_impact,app.engines.engine_mgmt.admin_router,app\engines\engine_mgmt\admin_router.py,243,admin-engine-management,False,True,category_engine_tenant_impact|get_db|require_super_admin|get_current_user|<fastapi.security.http.HTTPBearer object at 0x0000012C233CCA70>,require_super_admin|get_current_user,,,,_svc()
GET,/v1/admin/engines/dependencies/graph,get_dependency_graph,app.engines.engine_mgmt.admin_router,app\engines\engine_mgmt\admin_router.py,257,admin-engine-management,False,True,get_dependency_graph|get_db|require_super_admin|get_current_user|<fastapi.security.http.HTTPBearer object at 0x0000012C233CCA70>,require_super_admin|get_current_user,,,,_svc()
POST,/v1/admin/engines/dependencies/validate,validate_dependencies,app.engines.engine_mgmt.admin_router,app\engines\engine_mgmt\admin_router.py,266,admin-engine-management,False,True,validate_dependencies|get_db|require_super_admin|get_current_user|<fastapi.security.http.HTTPBearer object at 0x0000012C233CCA70>,require_super_admin|get_current_user,,,,_svc()
GET,/v1/admin/engines/dependencies,list_all_dependencies,app.engines.engine_mgmt.admin_router,app\engines\engine_mgmt\admin_router.py,284,admin-engine-management,False,True,list_all_dependencies|get_db|require_super_admin|get_current_user|<fastapi.security.http.HTTPBearer object at 0x0000012C233CCA70>,require_super_admin|get_current_user,,,,
GET,/v1/admin/engines/package-entitlements,get_package_entitlements_all,app.engines.engine_mgmt.admin_router,app\engines\engine_mgmt\admin_router.py,301,admin-engine-management,False,True,get_package_entitlements_all|get_db|require_super_admin|get_current_user|<fastapi.security.http.HTTPBearer object at 0x0000012C233CCA70>,require_super_admin|get_current_user,,,,_svc()
GET,/v1/admin/engines/package-entitlements/{package_id},get_package_entitlements,app.engines.engine_mgmt.admin_router,app\engines\engine_mgmt\admin_router.py,314,admin-engine-management,False,True,get_package_entitlements|get_db|require_super_admin|get_current_user|<fastapi.security.http.HTTPBearer object at 0x0000012C233CCA70>,require_super_admin|get_current_user,,,,_svc()
POST,/v1/admin/engines/package-entitlements/{package_id}/engines/{engine_key}/include,include_package_engine,app.engines.engine_mgmt.admin_router,app\engines\engine_mgmt\admin_router.py,325,admin-engine-management,False,True,include_package_engine|get_db|require_super_admin|get_current_user|<fastapi.security.http.HTTPBearer object at 0x0000012C233CCA70>,require_super_admin|get_current_user,add|commit,,_audit,_svc()
POST,/v1/admin/engines/package-entitlements/{package_id}/engines/{engine_key}/remove,remove_package_engine,app.engines.engine_mgmt.admin_router,app\engines\engine_mgmt\admin_router.py,340,admin-engine-management,False,True,remove_package_engine|get_db|require_super_admin|get_current_user|<fastapi.security.http.HTTPBearer object at 0x0000012C233CCA70>,require_super_admin|get_current_user,add|commit,,_audit,_svc()
POST,/v1/admin/engines/package-entitlements/{package_id}/preview-impact,package_entitlement_impact,app.engines.engine_mgmt.admin_router,app\engines\engine_mgmt\admin_router.py,354,admin-engine-management,False,True,package_entitlement_impact|get_db|require_super_admin|get_current_user|<fastapi.security.http.HTTPBearer object at 0x0000012C233CCA70>,require_super_admin|get_current_user,,,,_svc()
GET,/v1/admin/engines/tenant-overrides,list_all_overrides,app.engines.engine_mgmt.admin_router,app\engines\engine_mgmt\admin_router.py,369,admin-engine-management,False,True,list_all_overrides|get_db|require_super_admin|get_current_user|<fastapi.security.http.HTTPBearer object at 0x0000012C233CCA70>,require_super_admin|get_current_user,,,,_svc()
GET,/v1/admin/engines/tenant-overrides/{tenant_id},get_tenant_overrides,app.engines.engine_mgmt.admin_router,app\engines\engine_mgmt\admin_router.py,384,admin-engine-management,False,True,get_tenant_overrides|get_db|require_super_admin|get_current_user|<fastapi.security.http.HTTPBearer object at 0x0000012C233CCA70>,require_super_admin|get_current_user,,,,_svc()
POST,/v1/admin/engines/tenant-overrides/{tenant_id},create_tenant_override,app.engines.engine_mgmt.admin_router,app\engines\engine_mgmt\admin_router.py,396,admin-engine-management,False,True,create_tenant_override|get_db|require_super_admin|get_current_user|<fastapi.security.http.HTTPBearer object at 0x0000012C233CCA70>,require_super_admin|get_current_user,add|commit|flush,,_audit,_svc()
POST,/v1/admin/engines/tenant-overrides/{tenant_id}/{override_id}/revoke,revoke_tenant_override,app.engines.engine_mgmt.admin_router,app\engines\engine_mgmt\admin_router.py,408,admin-engine-management,False,True,revoke_tenant_override|get_db|require_super_admin|get_current_user|<fastapi.security.http.HTTPBearer object at 0x0000012C233CCA70>,require_super_admin|get_current_user,add|commit,,_audit,_svc()
GET,/v1/admin/engines/health,get_health_overview,app.engines.engine_mgmt.admin_router,app\engines\engine_mgmt\admin_router.py,423,admin-engine-management,False,True,get_health_overview|get_db|require_super_admin|get_current_user|<fastapi.security.http.HTTPBearer object at 0x0000012C233CCA70>,require_super_admin|get_current_user,,,,_svc()
POST,/v1/admin/engines/health/check-all,run_all_health_checks,app.engines.engine_mgmt.admin_router,app\engines\engine_mgmt\admin_router.py,432,admin-engine-management,False,True,run_all_health_checks|get_db|require_super_admin|get_current_user|<fastapi.security.http.HTTPBearer object at 0x0000012C233CCA70>,require_super_admin|get_current_user,add|commit,,_audit,_svc()
GET,/v1/admin/engines/permissions,list_all_permissions,app.engines.engine_mgmt.admin_router,app\engines\engine_mgmt\admin_router.py,453,admin-engine-management,False,True,list_all_permissions|get_db|require_super_admin|get_current_user|<fastapi.security.http.HTTPBearer object at 0x0000012C233CCA70>,require_super_admin|get_current_user,,,,_svc()
PUT,/v1/admin/engines/permissions/{permission_id},update_permission,app.engines.engine_mgmt.admin_router,app\engines\engine_mgmt\admin_router.py,469,admin-engine-management,False,True,update_permission|get_db|require_super_admin|get_current_user|<fastapi.security.http.HTTPBearer object at 0x0000012C233CCA70>,require_super_admin|get_current_user,add|commit,,_audit,_svc()
GET,/v1/admin/engines/audit-logs,list_audit_logs,app.engines.engine_mgmt.admin_router,app\engines\engine_mgmt\admin_router.py,483,admin-engine-management,False,True,list_audit_logs|get_db|require_super_admin|get_current_user|<fastapi.security.http.HTTPBearer object at 0x0000012C233CCA70>,require_super_admin|get_current_user,,,,_svc()
POST,/v1/admin/engines/resolve-access-preview,resolve_access_preview,app.engines.engine_mgmt.admin_router,app\engines\engine_mgmt\admin_router.py,503,admin-engine-management,False,True,resolve_access_preview|get_db|require_super_admin|get_current_user|<fastapi.security.http.HTTPBearer object at 0x0000012C233CCA70>,require_super_admin|get_current_user,,,,_svc()
GET,/v1/admin/engines/{engine_key},get_engine,app.engines.engine_mgmt.admin_router,app\engines\engine_mgmt\admin_router.py,521,admin-engine-management,False,True,get_engine|get_db|require_super_admin|get_current_user|<fastapi.security.http.HTTPBearer object at 0x0000012C233CCA70>,require_super_admin|get_current_user,,,,_svc()
PUT,/v1/admin/engines/{engine_key},update_engine,app.engines.engine_mgmt.admin_router,app\engines\engine_mgmt\admin_router.py,531,admin-engine-management,False,True,update_engine|get_db|require_super_admin|get_current_user|<fastapi.security.http.HTTPBearer object at 0x0000012C233CCA70>,require_super_admin|get_current_user,add|commit,,_audit,_svc()
POST,/v1/admin/engines/{engine_key}/impact-preview,impact_preview,app.engines.engine_mgmt.admin_router,app\engines\engine_mgmt\admin_router.py,542,admin-engine-management,False,True,impact_preview|get_db|require_super_admin|get_current_user|<fastapi.security.http.HTTPBearer object at 0x0000012C233CCA70>,require_super_admin|get_current_user,,,,_svc()
POST,/v1/admin/engines/{engine_key}/enable,enable_engine,app.engines.engine_mgmt.admin_router,app\engines\engine_mgmt\admin_router.py,554,admin-engine-management,False,True,enable_engine|get_db|require_super_admin|get_current_user|<fastapi.security.http.HTTPBearer object at 0x0000012C233CCA70>,require_super_admin|get_current_user,add|commit,,_audit,_svc()
POST,/v1/admin/engines/{engine_key}/disable,disable_engine,app.engines.engine_mgmt.admin_router,app\engines\engine_mgmt\admin_router.py,566,admin-engine-management,False,True,disable_engine|get_db|require_super_admin|get_current_user|<fastapi.security.http.HTTPBearer object at 0x0000012C233CCA70>,require_super_admin|get_current_user,add|commit,,_audit,_svc()
POST,/v1/admin/engines/{engine_key}/health/check,run_health_check,app.engines.engine_mgmt.admin_router,app\engines\engine_mgmt\admin_router.py,578,admin-engine-management,False,True,run_health_check|get_db|require_super_admin|get_current_user|<fastapi.security.http.HTTPBearer object at 0x0000012C233CCA70>,require_super_admin|get_current_user,add|commit,,_audit,_svc()
GET,/v1/admin/engines/{engine_key}/health,get_engine_health,app.engines.engine_mgmt.admin_router,app\engines\engine_mgmt\admin_router.py,588,admin-engine-management,False,True,get_engine_health|get_db|require_super_admin|get_current_user|<fastapi.security.http.HTTPBearer object at 0x0000012C233CCA70>,require_super_admin|get_current_user,,,,
GET,/v1/admin/engines/{engine_key}/permissions,get_engine_permissions,app.engines.engine_mgmt.admin_router,app\engines\engine_mgmt\admin_router.py,607,admin-engine-management,False,True,get_engine_permissions|get_db|require_super_admin|get_current_user|<fastapi.security.http.HTTPBearer object at 0x0000012C233CCA70>,require_super_admin|get_current_user,,,,_svc()
GET,/v1/admin/trust-quality/badges/definitions,list_badge_definitions,app.engines.trust_quality.admin_router,app\engines\trust_quality\admin_router.py,27,admin-trust-quality,False,True,list_badge_definitions|get_db|require_trust_quality_badge_management_read|get_current_user|<fastapi.security.http.HTTPBearer object at 0x0000012C233CCA70>,get_current_user,,,,_svc()
POST,/v1/admin/trust-quality/badges/definitions,create_badge_definition,app.engines.trust_quality.admin_router,app\engines\trust_quality\admin_router.py,35,admin-trust-quality,False,True,create_badge_definition|get_db|require_trust_quality_badge_management_write|get_current_user|<fastapi.security.http.HTTPBearer object at 0x0000012C233CCA70>,get_current_user,add|commit|flush,,_audit,_svc()
PUT,/v1/admin/trust-quality/badges/definitions/{badge_id},update_badge_definition,app.engines.trust_quality.admin_router,app\engines\trust_quality\admin_router.py,43,admin-trust-quality,False,True,update_badge_definition|get_db|require_trust_quality_badge_management_write|get_current_user|<fastapi.security.http.HTTPBearer object at 0x0000012C233CCA70>,get_current_user,add|commit,,_audit,_svc()
GET,/v1/admin/trust-quality/badge-rules,list_badge_rules,app.engines.trust_quality.admin_router,app\engines\trust_quality\admin_router.py,53,admin-trust-quality,False,True,list_badge_rules|get_db|require_trust_quality_badge_rules_read|get_current_user|<fastapi.security.http.HTTPBearer object at 0x0000012C233CCA70>,get_current_user,,,,_svc()
GET,/v1/admin/trust-quality/badge-rules/{rule_id},get_badge_rule,app.engines.trust_quality.admin_router,app\engines\trust_quality\admin_router.py,61,admin-trust-quality,False,True,get_badge_rule|get_db|require_trust_quality_badge_rules_read|get_current_user|<fastapi.security.http.HTTPBearer object at 0x0000012C233CCA70>,get_current_user,,,,_svc()
POST,/v1/admin/trust-quality/badge-rules,create_badge_rule,app.engines.trust_quality.admin_router,app\engines\trust_quality\admin_router.py,69,admin-trust-quality,False,True,create_badge_rule|get_db|require_trust_quality_badge_rules_write|get_current_user|<fastapi.security.http.HTTPBearer object at 0x0000012C233CCA70>,get_current_user,add|commit|flush,,_audit,_svc()
PUT,/v1/admin/trust-quality/badge-rules/{rule_id},update_badge_rule,app.engines.trust_quality.admin_router,app\engines\trust_quality\admin_router.py,77,admin-trust-quality,False,True,update_badge_rule|get_db|require_trust_quality_badge_rules_write|get_current_user|<fastapi.security.http.HTTPBearer object at 0x0000012C233CCA70>,get_current_user,add|commit|delete|flush,,_audit,_svc()
POST,/v1/admin/trust-quality/badge-rules/{rule_id}/activate,activate_badge_rule,app.engines.trust_quality.admin_router,app\engines\trust_quality\admin_router.py,85,admin-trust-quality,False,True,activate_badge_rule|get_db|require_trust_quality_badge_rules_write|get_current_user|<fastapi.security.http.HTTPBearer object at 0x0000012C233CCA70>,get_current_user,add|commit,,_audit,_svc()
POST,/v1/admin/trust-quality/badge-rules/{rule_id}/deactivate,deactivate_badge_rule,app.engines.trust_quality.admin_router,app\engines\trust_quality\admin_router.py,93,admin-trust-quality,False,True,deactivate_badge_rule|get_db|require_trust_quality_badge_rules_write|get_current_user|<fastapi.security.http.HTTPBearer object at 0x0000012C233CCA70>,get_current_user,add|commit,,_audit,_svc()
POST,/v1/admin/trust-quality/badge-rules/{rule_id}/simulate,simulate_badge_rule,app.engines.trust_quality.admin_router,app\engines\trust_quality\admin_router.py,101,admin-trust-quality,False,True,simulate_badge_rule|get_db|require_trust_quality_badge_rules_read|get_current_user|<fastapi.security.http.HTTPBearer object at 0x0000012C233CCA70>,get_current_user,add|commit,,_audit,_svc()
GET,/v1/admin/trust-quality/badges/earned,list_earned_badges,app.engines.trust_quality.admin_router,app\engines\trust_quality\admin_router.py,111,admin-trust-quality,False,True,list_earned_badges|get_db|require_trust_quality_badge_management_read|get_current_user|<fastapi.security.http.HTTPBearer object at 0x0000012C233CCA70>,get_current_user,,,,_svc()
POST,/v1/admin/trust-quality/badges/manual-award,manual_award_badge,app.engines.trust_quality.admin_router,app\engines\trust_quality\admin_router.py,120,admin-trust-quality,False,True,manual_award_badge|get_db|require_trust_quality_badge_management_write|get_current_user|<fastapi.security.http.HTTPBearer object at 0x0000012C233CCA70>,get_current_user,add|commit|flush,,_audit,_svc()
POST,/v1/admin/trust-quality/badges/{assignment_id}/revoke,revoke_badge,app.engines.trust_quality.admin_router,app\engines\trust_quality\admin_router.py,131,admin-trust-quality,False,True,revoke_badge|get_db|require_trust_quality_badge_management_write|get_current_user|<fastapi.security.http.HTTPBearer object at 0x0000012C233CCA70>,get_current_user,add|commit,,_audit,_svc()
POST,/v1/admin/trust-quality/recalculate/badges,recalculate_badges,app.engines.trust_quality.admin_router,app\engines\trust_quality\admin_router.py,139,admin-trust-quality,False,True,recalculate_badges|get_db|require_trust_quality_recalculation_jobs_run|get_current_user|<fastapi.security.http.HTTPBearer object at 0x0000012C233CCA70>,get_current_user,add|commit|flush,,_audit,_svc()
GET,/v1/admin/trust-quality/health-rules,list_health_formulas,app.engines.trust_quality.admin_router,app\engines\trust_quality\admin_router.py,152,admin-trust-quality,False,True,list_health_formulas|get_db|require_trust_quality_health_rules_read|get_current_user|<fastapi.security.http.HTTPBearer object at 0x0000012C233CCA70>,get_current_user,,,,_svc()
GET,/v1/admin/trust-quality/health-rules/{formula_id},get_health_formula,app.engines.trust_quality.admin_router,app\engines\trust_quality\admin_router.py,160,admin-trust-quality,False,True,get_health_formula|get_db|require_trust_quality_health_rules_read|get_current_user|<fastapi.security.http.HTTPBearer object at 0x0000012C233CCA70>,get_current_user,,,,_svc()
POST,/v1/admin/trust-quality/health-rules,create_health_formula,app.engines.trust_quality.admin_router,app\engines\trust_quality\admin_router.py,168,admin-trust-quality,False,True,create_health_formula|get_db|require_trust_quality_health_rules_write|get_current_user|<fastapi.security.http.HTTPBearer object at 0x0000012C233CCA70>,get_current_user,add|commit|flush,,_audit,_svc()
PUT,/v1/admin/trust-quality/health-rules/{formula_id},update_health_formula,app.engines.trust_quality.admin_router,app\engines\trust_quality\admin_router.py,176,admin-trust-quality,False,True,update_health_formula|get_db|require_trust_quality_health_rules_write|get_current_user|<fastapi.security.http.HTTPBearer object at 0x0000012C233CCA70>,get_current_user,add|commit|delete|flush,,_audit,_svc()
POST,/v1/admin/trust-quality/health-rules/{formula_id}/activate,activate_health_formula,app.engines.trust_quality.admin_router,app\engines\trust_quality\admin_router.py,184,admin-trust-quality,False,True,activate_health_formula|get_db|require_trust_quality_health_rules_write|get_current_user|<fastapi.security.http.HTTPBearer object at 0x0000012C233CCA70>,get_current_user,add|commit,,_audit,_svc()
POST,/v1/admin/trust-quality/health-rules/{formula_id}/deactivate,deactivate_health_formula,app.engines.trust_quality.admin_router,app\engines\trust_quality\admin_router.py,192,admin-trust-quality,False,True,deactivate_health_formula|get_db|require_trust_quality_health_rules_write|get_current_user|<fastapi.security.http.HTTPBearer object at 0x0000012C233CCA70>,get_current_user,add|commit,,_audit,_svc()
POST,/v1/admin/trust-quality/health-rules/{formula_id}/simulate,simulate_health_formula,app.engines.trust_quality.admin_router,app\engines\trust_quality\admin_router.py,200,admin-trust-quality,False,True,simulate_health_formula|get_db|require_trust_quality_health_rules_read|get_current_user|<fastapi.security.http.HTTPBearer object at 0x0000012C233CCA70>,get_current_user,add|commit,,_audit,_svc()
POST,/v1/admin/trust-quality/recalculate/health,recalculate_health,app.engines.trust_quality.admin_router,app\engines\trust_quality\admin_router.py,208,admin-trust-quality,False,True,recalculate_health|get_db|require_trust_quality_recalculation_jobs_run|get_current_user|<fastapi.security.http.HTTPBearer object at 0x0000012C233CCA70>,get_current_user,add|commit|flush,,_audit,_svc()
POST,/v1/admin/trust-quality/recalculate/risk,recalculate_risk,app.engines.trust_quality.admin_router,app\engines\trust_quality\admin_router.py,221,admin-trust-quality,False,True,recalculate_risk|get_db|require_trust_quality_recalculation_jobs_run|get_current_user|<fastapi.security.http.HTTPBearer object at 0x0000012C233CCA70>,get_current_user,add|commit|flush,,_audit,_svc()
POST,/v1/admin/trust-quality/recalculate/all,recalculate_run_job,app.engines.trust_quality.admin_router,app\engines\trust_quality\admin_router.py,234,admin-trust-quality,False,True,recalculate_run_job|get_db|require_trust_quality_recalculation_jobs_run|get_current_user|<fastapi.security.http.HTTPBearer object at 0x0000012C233CCA70>,get_current_user,add|commit|flush,,_audit,_svc()
GET,/v1/admin/trust-quality/recalculation-jobs,list_recalculation_jobs,app.engines.trust_quality.admin_router,app\engines\trust_quality\admin_router.py,245,admin-trust-quality,False,True,list_recalculation_jobs|get_db|require_trust_quality_recalculation_jobs_read|get_current_user|<fastapi.security.http.HTTPBearer object at 0x0000012C233CCA70>,get_current_user,,,,_svc()
POST,/v1/admin/trust-quality/seed-defaults/preview,seed_defaults_preview,app.engines.trust_quality.admin_router,app\engines\trust_quality\admin_router.py,255,admin-trust-quality,False,True,seed_defaults_preview|get_db|require_trust_quality_health_rules_write|get_current_user|<fastapi.security.http.HTTPBearer object at 0x0000012C233CCA70>,get_current_user,,,,_svc()
POST,/v1/admin/trust-quality/seed-defaults,seed_defaults,app.engines.trust_quality.admin_router,app\engines\trust_quality\admin_router.py,263,admin-trust-quality,False,True,seed_defaults|get_db|require_trust_quality_health_rules_write|get_current_user|<fastapi.security.http.HTTPBearer object at 0x0000012C233CCA70>,get_current_user,add|commit|flush,,_audit,_svc()
GET,/v1/admin/trust-quality/audit-logs,list_audit_logs,app.engines.trust_quality.admin_router,app\engines\trust_quality\admin_router.py,273,admin-trust-quality,False,True,list_audit_logs|get_db|require_trust_quality_read|get_current_user|<fastapi.security.http.HTTPBearer object at 0x0000012C233CCA70>,get_current_user,,,,_svc()
GET,/v1/provider/trust-quality/badges,my_badges,app.engines.trust_quality.provider_router,app\engines\trust_quality\provider_router.py,29,provider-trust-quality,False,True,my_badges|get_current_user|<fastapi.security.http.HTTPBearer object at 0x0000012C233CCA70>|get_db,get_current_user,,,,_svc()|user.tenant_id
GET,/v1/provider/trust-quality/staff/{staff_id}/badges,staff_badges,app.engines.trust_quality.provider_router,app\engines\trust_quality\provider_router.py,38,provider-trust-quality,False,True,staff_badges|get_current_user|<fastapi.security.http.HTTPBearer object at 0x0000012C233CCA70>|get_db,get_current_user,,,,_svc()
GET,/v1/public/trust-quality/providers/{tenant_id}/badges,provider_public_badges,app.engines.trust_quality.public_router,app\engines\trust_quality\public_router.py,25,public-trust-quality,False,True,provider_public_badges|get_db,NONE,,,,
GET,/v1/admin/notifications/templates/summary,get_summary,app.engines.notification.admin_router,app\engines\notification\admin_router.py,33,admin-notification-templates,False,True,get_summary|get_db|require_notifications.templates.read|get_current_user|<fastapi.security.http.HTTPBearer object at 0x0000012C233CCA70>,get_current_user,,,,_svc()
GET,/v1/admin/notifications/templates,list_templates,app.engines.notification.admin_router,app\engines\notification\admin_router.py,40,admin-notification-templates,False,True,list_templates|get_db|require_notifications.templates.read|get_current_user|<fastapi.security.http.HTTPBearer object at 0x0000012C233CCA70>,get_current_user,,,,_svc()
POST,/v1/admin/notifications/templates,create_template,app.engines.notification.admin_router,app\engines\notification\admin_router.py,59,admin-notification-templates,False,True,create_template|get_db|require_notifications.templates.create|get_current_user|<fastapi.security.http.HTTPBearer object at 0x0000012C233CCA70>,get_current_user,add|commit|flush,,_audit,_svc()
POST,/v1/admin/notifications/templates/seed-defaults/preview,seed_defaults_preview,app.engines.notification.admin_router,app\engines\notification\admin_router.py,67,admin-notification-templates,False,True,seed_defaults_preview|get_db|require_notifications.templates.seed_defaults|get_current_user|<fastapi.security.http.HTTPBearer object at 0x0000012C233CCA70>,get_current_user,,,,_svc()
POST,/v1/admin/notifications/templates/seed-defaults,seed_defaults,app.engines.notification.admin_router,app\engines\notification\admin_router.py,74,admin-notification-templates,False,True,seed_defaults|get_db|require_notifications.templates.seed_defaults|get_current_user|<fastapi.security.http.HTTPBearer object at 0x0000012C233CCA70>,get_current_user,add|commit|flush,,_audit,_svc()
POST,/v1/admin/notifications/templates/resolve-effective-template,resolve_effective_template,app.engines.notification.admin_router,app\engines\notification\admin_router.py,81,admin-notification-templates,False,True,resolve_effective_template|get_db|require_notifications.templates.read|get_current_user|<fastapi.security.http.HTTPBearer object at 0x0000012C233CCA70>,get_current_user,,,,_svc()
GET,/v1/admin/notifications/templates/audit-logs,list_all_audit_logs,app.engines.notification.admin_router,app\engines\notification\admin_router.py,93,admin-notification-templates,False,True,list_all_audit_logs|get_db|require_notifications.templates.audit.read|get_current_user|<fastapi.security.http.HTTPBearer object at 0x0000012C233CCA70>,get_current_user,,,,_svc()
GET,/v1/admin/notifications/templates/{template_id},get_template,app.engines.notification.admin_router,app\engines\notification\admin_router.py,102,admin-notification-templates,False,True,get_template|get_db|require_notifications.templates.read|get_current_user|<fastapi.security.http.HTTPBearer object at 0x0000012C233CCA70>,get_current_user,,,,_svc()
PUT,/v1/admin/notifications/templates/{template_id},update_template,app.engines.notification.admin_router,app\engines\notification\admin_router.py,112,admin-notification-templates,False,True,update_template|get_db|require_notifications.templates.update|get_current_user|<fastapi.security.http.HTTPBearer object at 0x0000012C233CCA70>,get_current_user,add|commit,,_audit,_svc()
POST,/v1/admin/notifications/templates/{template_id}/activate,activate_template,app.engines.notification.admin_router,app\engines\notification\admin_router.py,120,admin-notification-templates,False,True,activate_template|get_db|require_notifications.templates.activate|get_current_user|<fastapi.security.http.HTTPBearer object at 0x0000012C233CCA70>,get_current_user,add|commit,,_audit,_svc()
POST,/v1/admin/notifications/templates/{template_id}/deactivate,deactivate_template,app.engines.notification.admin_router,app\engines\notification\admin_router.py,128,admin-notification-templates,False,True,deactivate_template|get_db|require_notifications.templates.activate|get_current_user|<fastapi.security.http.HTTPBearer object at 0x0000012C233CCA70>,get_current_user,add|commit,,_audit,_svc()
POST,/v1/admin/notifications/templates/{template_id}/archive,archive_template,app.engines.notification.admin_router,app\engines\notification\admin_router.py,136,admin-notification-templates,False,True,archive_template|get_db|require_notifications.templates.archive|get_current_user|<fastapi.security.http.HTTPBearer object at 0x0000012C233CCA70>,get_current_user,add|commit,,_audit,_svc()
DELETE,/v1/admin/notifications/templates/{template_id},delete_template,app.engines.notification.admin_router,app\engines\notification\admin_router.py,144,admin-notification-templates,False,True,delete_template|get_db|require_notifications.templates.delete|get_current_user|<fastapi.security.http.HTTPBearer object at 0x0000012C233CCA70>,get_current_user,add|commit|delete,,_audit,_svc()
POST,/v1/admin/notifications/templates/{template_id}/clone,clone_template,app.engines.notification.admin_router,app\engines\notification\admin_router.py,152,admin-notification-templates,False,True,clone_template|get_db|require_notifications.templates.clone|get_current_user|<fastapi.security.http.HTTPBearer object at 0x0000012C233CCA70>,get_current_user,add|commit|flush,,_audit,_svc()
POST,/v1/admin/notifications/templates/{template_id}/create-override,create_override,app.engines.notification.admin_router,app\engines\notification\admin_router.py,160,admin-notification-templates,False,True,create_override|get_db|require_notifications.templates.override|get_current_user|<fastapi.security.http.HTTPBearer object at 0x0000012C233CCA70>,get_current_user,add|commit|flush,,_audit,_svc()
POST,/v1/admin/notifications/templates/{template_id}/validate,validate_template,app.engines.notification.admin_router,app\engines\notification\admin_router.py,174,admin-notification-templates,False,True,validate_template|get_db|require_notifications.templates.preview|get_current_user|<fastapi.security.http.HTTPBearer object at 0x0000012C233CCA70>,get_current_user,,,,_svc()
POST,/v1/admin/notifications/templates/{template_id}/render-preview,render_preview,app.engines.notification.admin_router,app\engines\notification\admin_router.py,184,admin-notification-templates,False,True,render_preview|get_db|require_notifications.templates.preview|get_current_user|<fastapi.security.http.HTTPBearer object at 0x0000012C233CCA70>,get_current_user,add|commit,,_audit,_svc()
POST,/v1/admin/notifications/templates/{template_id}/test-send,test_send,app.engines.notification.admin_router,app\engines\notification\admin_router.py,192,admin-notification-templates,False,True,test_send|get_db|require_notifications.templates.test_send|get_current_user|<fastapi.security.http.HTTPBearer object at 0x0000012C233CCA70>,get_current_user,add|commit|flush,,_audit,_svc()
GET,/v1/admin/notifications/templates/{template_id}/versions,list_versions,app.engines.notification.admin_router,app\engines\notification\admin_router.py,202,admin-notification-templates,False,True,list_versions|get_db|require_notifications.templates.read|get_current_user|<fastapi.security.http.HTTPBearer object at 0x0000012C233CCA70>,get_current_user,,,,_svc()
POST,/v1/admin/notifications/templates/{template_id}/rollback,rollback_template,app.engines.notification.admin_router,app\engines\notification\admin_router.py,210,admin-notification-templates,False,True,rollback_template|get_db|require_notifications.templates.version.rollback|get_current_user|<fastapi.security.http.HTTPBearer object at 0x0000012C233CCA70>,get_current_user,add|commit,,_audit,_svc()
GET,/v1/admin/notifications/templates/{template_id}/delivery-analytics,delivery_analytics,app.engines.notification.admin_router,app\engines\notification\admin_router.py,220,admin-notification-templates,False,True,delivery_analytics|get_db|require_notifications.templates.analytics.read|get_current_user|<fastapi.security.http.HTTPBearer object at 0x0000012C233CCA70>,get_current_user,,,,_svc()
GET,/v1/admin/notifications/templates/{template_id}/audit-logs,template_audit_logs,app.engines.notification.admin_router,app\engines\notification\admin_router.py,228,admin-notification-templates,False,True,template_audit_logs|get_db|require_notifications.templates.audit.read|get_current_user|<fastapi.security.http.HTTPBearer object at 0x0000012C233CCA70>,get_current_user,,,,_svc()
GET,/v1/admin/finance/settlements/summary,get_settlement_summary,app.engines.customer_credits.admin_router,app\engines\customer_credits\admin_router.py,35,admin-finance-settlements,False,True,get_settlement_summary|get_db|require_finance_settlements_read|get_current_user|<fastapi.security.http.HTTPBearer object at 0x0000012C233CCA70>,get_current_user,,,,_svc()
GET,/v1/admin/finance/settlements,list_settlements,app.engines.customer_credits.admin_router,app\engines\customer_credits\admin_router.py,44,admin-finance-settlements,False,True,list_settlements|get_db|require_finance_settlements_read|get_current_user|<fastapi.security.http.HTTPBearer object at 0x0000012C233CCA70>,get_current_user,,,,_svc()
GET,/v1/admin/finance/settlements/{settlement_id},get_settlement,app.engines.customer_credits.admin_router,app\engines\customer_credits\admin_router.py,60,admin-finance-settlements,False,True,get_settlement|get_db|require_finance_settlements_read|get_current_user|<fastapi.security.http.HTTPBearer object at 0x0000012C233CCA70>,get_current_user,,,,_svc()
POST,/v1/admin/finance/disputes/{dispute_id}/settlements,create_settlement,app.engines.customer_credits.admin_router,app\engines\customer_credits\admin_router.py,71,admin-finance-settlements,False,True,create_settlement|get_db|require_finance_settlements_create|get_current_user|<fastapi.security.http.HTTPBearer object at 0x0000012C233CCA70>,get_current_user,add|commit|flush,,_audit,_svc()
POST,/v1/admin/finance/disputes/{dispute_id}/settlements/preview,preview_deduction,app.engines.customer_credits.admin_router,app\engines\customer_credits\admin_router.py,82,admin-finance-settlements,False,True,preview_deduction|get_db|require_finance_settlements_read|get_current_user|<fastapi.security.http.HTTPBearer object at 0x0000012C233CCA70>,get_current_user,,,,_svc()
POST,/v1/admin/finance/settlements/{settlement_id}/approve,approve_settlement,app.engines.customer_credits.admin_router,app\engines\customer_credits\admin_router.py,96,admin-finance-settlements,False,True,approve_settlement|get_db|require_finance_settlements_approve|get_current_user|<fastapi.security.http.HTTPBearer object at 0x0000012C233CCA70>,get_current_user,add|commit,,_audit,_svc()
POST,/v1/admin/finance/settlements/{settlement_id}/execute,execute_settlement,app.engines.customer_credits.admin_router,app\engines\customer_credits\admin_router.py,107,admin-finance-settlements,False,True,execute_settlement|get_db|require_finance_settlements_execute|get_current_user|<fastapi.security.http.HTTPBearer object at 0x0000012C233CCA70>,get_current_user,add|commit|flush,,_audit,_svc()
POST,/v1/admin/finance/settlements/{settlement_id}/cancel,cancel_settlement,app.engines.customer_credits.admin_router,app\engines\customer_credits\admin_router.py,118,admin-finance-settlements,False,True,cancel_settlement|get_db|require_finance_settlements_cancel|get_current_user|<fastapi.security.http.HTTPBearer object at 0x0000012C233CCA70>,get_current_user,add|commit,,_audit,_svc()
GET,/v1/admin/finance/credits/summary,get_credit_summary,app.engines.customer_credits.admin_router,app\engines\customer_credits\admin_router.py,132,admin-finance-settlements,False,True,get_credit_summary|get_db|require_finance_credits_read|get_current_user|<fastapi.security.http.HTTPBearer object at 0x0000012C233CCA70>,get_current_user,,,,
GET,/v1/admin/finance/credits,list_credits,app.engines.customer_credits.admin_router,app\engines\customer_credits\admin_router.py,141,admin-finance-settlements,False,True,list_credits|get_db|require_finance_credits_read|get_current_user|<fastapi.security.http.HTTPBearer object at 0x0000012C233CCA70>,get_current_user,,,,
GET,/v1/admin/finance/credits/{credit_id},get_credit,app.engines.customer_credits.admin_router,app\engines\customer_credits\admin_router.py,155,admin-finance-settlements,False,True,get_credit|get_db|require_finance_credits_read|get_current_user|<fastapi.security.http.HTTPBearer object at 0x0000012C233CCA70>,get_current_user,,,,
POST,/v1/admin/finance/customers/{customer_id}/credits,issue_manual_credit,app.engines.customer_credits.admin_router,app\engines\customer_credits\admin_router.py,165,admin-finance-settlements,False,True,issue_manual_credit|get_db|require_finance_credits_create|get_current_user|<fastapi.security.http.HTTPBearer object at 0x0000012C233CCA70>,get_current_user,add|commit|flush,,_audit,
POST,/v1/admin/finance/credits/{credit_id}/cancel,cancel_credit,app.engines.customer_credits.admin_router,app\engines\customer_credits\admin_router.py,176,admin-finance-settlements,False,True,cancel_credit|get_db|require_finance_credits_cancel|get_current_user|<fastapi.security.http.HTTPBearer object at 0x0000012C233CCA70>,get_current_user,add|commit,,_audit,
POST,/v1/admin/finance/credits/{credit_id}/extend,extend_credit,app.engines.customer_credits.admin_router,app\engines\customer_credits\admin_router.py,188,admin-finance-settlements,False,True,extend_credit|get_db|require_finance_credits_extend|get_current_user|<fastapi.security.http.HTTPBearer object at 0x0000012C233CCA70>,get_current_user,add|commit,,_audit,
GET,/v1/admin/finance/penalties/summary,get_penalty_summary,app.engines.customer_credits.admin_router,app\engines\customer_credits\admin_router.py,202,admin-finance-settlements,False,True,get_penalty_summary|get_db|require_finance_penalties_read|get_current_user|<fastapi.security.http.HTTPBearer object at 0x0000012C233CCA70>,get_current_user,,,,
GET,/v1/admin/finance/penalties,list_penalties,app.engines.customer_credits.admin_router,app\engines\customer_credits\admin_router.py,211,admin-finance-settlements,False,True,list_penalties|get_db|require_finance_penalties_read|get_current_user|<fastapi.security.http.HTTPBearer object at 0x0000012C233CCA70>,get_current_user,,,,
GET,/v1/admin/finance/vertical-config/{vertical_type},get_vertical_config,app.engines.customer_credits.admin_router,app\engines\customer_credits\admin_router.py,227,admin-finance-settlements,False,True,get_vertical_config|get_db|require_finance_hub_read|get_current_user|<fastapi.security.http.HTTPBearer object at 0x0000012C233CCA70>,get_current_user,,,,
GET,/v1/me/credits,list_my_credits,app.engines.customer_credits.customer_router,app\engines\customer_credits\customer_router.py,22,customer-credits,False,True,list_my_credits|get_db|require_customer|get_current_user|<fastapi.security.http.HTTPBearer object at 0x0000012C233CCA70>,require_customer|get_current_user,,,,
GET,/v1/me/credits/summary,get_my_credit_summary,app.engines.customer_credits.customer_router,app\engines\customer_credits\customer_router.py,36,customer-credits,False,True,get_my_credit_summary|get_db|require_customer|get_current_user|<fastapi.security.http.HTTPBearer object at 0x0000012C233CCA70>,require_customer|get_current_user,,,,
GET,/v1/me/credits/{credit_id},get_my_credit,app.engines.customer_credits.customer_router,app\engines\customer_credits\customer_router.py,46,customer-credits,False,True,get_my_credit|get_db|require_customer|get_current_user|<fastapi.security.http.HTTPBearer object at 0x0000012C233CCA70>,require_customer|get_current_user,,,,
POST,/v1/me/credits/preview-apply,preview_apply_credit,app.engines.customer_credits.customer_router,app\engines\customer_credits\customer_router.py,57,customer-credits,False,True,preview_apply_credit|get_db|require_customer|get_current_user|<fastapi.security.http.HTTPBearer object at 0x0000012C233CCA70>,require_customer|get_current_user,,,,
POST,/v1/me/credits/apply,apply_credit_to_booking,app.engines.customer_credits.customer_router,app\engines\customer_credits\customer_router.py,71,customer-credits,False,True,apply_credit_to_booking|get_db|require_customer|get_current_user|<fastapi.security.http.HTTPBearer object at 0x0000012C233CCA70>,require_customer|get_current_user,add|commit,,_audit,
GET,/v1/provider/finance/credits/summary,tenant_credits_summary,app.engines.customer_credits.provider_router,app\engines\customer_credits\provider_router.py,27,provider-finance,False,True,tenant_credits_summary|get_db|require_technician|get_current_user|<fastapi.security.http.HTTPBearer object at 0x0000012C233CCA70>,require_technician|get_current_user,,,,
GET,/v1/provider/finance/penalties/summary,tenant_penalties_summary,app.engines.customer_credits.provider_router,app\engines\customer_credits\provider_router.py,38,provider-finance,False,True,tenant_penalties_summary|get_db|require_technician|get_current_user|<fastapi.security.http.HTTPBearer object at 0x0000012C233CCA70>,require_technician|get_current_user,,,,
GET,/v1/provider/finance/penalties,list_tenant_penalties,app.engines.customer_credits.provider_router,app\engines\customer_credits\provider_router.py,49,provider-finance,False,True,list_tenant_penalties|get_db|require_technician|get_current_user|<fastapi.security.http.HTTPBearer object at 0x0000012C233CCA70>,require_technician|get_current_user,,,,u.tenant_id
GET,/v1/provider/finance/settlements,list_tenant_settlements,app.engines.customer_credits.provider_router,app\engines\customer_credits\provider_router.py,65,provider-finance,False,True,list_tenant_settlements|get_db|require_technician|get_current_user|<fastapi.security.http.HTTPBearer object at 0x0000012C233CCA70>,require_technician|get_current_user,,,,u.tenant_id
GET,/v1/security/meta,engine_meta,app.engines.security.router,app\engines\security\router.py,26,Security Engine|Engine Registry,False,True,engine_meta,NONE,,,,
POST,/v1/security/api-keys,create_api_key,app.engines.security.router,app\engines\security\router.py,44,Security Engine,False,True,create_api_key|require_tenant_update|get_current_user|<fastapi.security.http.HTTPBearer object at 0x0000012C233CCA70>|_svc|get_db|get_current_user|<fastapi.security.http.HTTPBearer object at 0x0000012C233CCA70>,get_current_user|get_current_user,add|flush|raw_sql,,,
GET,/v1/security/api-keys/tenants/{tenant_id},list_api_keys,app.engines.security.router,app\engines\security\router.py,59,Security Engine,False,True,list_api_keys|require_tenant_update|get_current_user|<fastapi.security.http.HTTPBearer object at 0x0000012C233CCA70>|_svc|get_db|get_current_user|<fastapi.security.http.HTTPBearer object at 0x0000012C233CCA70>,get_current_user|get_current_user,,,,
GET,/v1/security/api-keys/{key_id},get_api_key,app.engines.security.router,app\engines\security\router.py,68,Security Engine,False,True,get_api_key|require_tenant_update|get_current_user|<fastapi.security.http.HTTPBearer object at 0x0000012C233CCA70>|_svc|get_db|get_current_user|<fastapi.security.http.HTTPBearer object at 0x0000012C233CCA70>,get_current_user|get_current_user,,,,
POST,/v1/security/api-keys/verify,verify_api_key,app.engines.security.router,app\engines\security\router.py,78,Security Engine,False,True,verify_api_key|get_db,NONE,add|flush,,,
POST,/v1/security/api-keys/{key_id}/rotate,rotate_api_key,app.engines.security.router,app\engines\security\router.py,88,Security Engine,False,True,rotate_api_key|require_tenant_update|get_current_user|<fastapi.security.http.HTTPBearer object at 0x0000012C233CCA70>|_svc|get_db|get_current_user|<fastapi.security.http.HTTPBearer object at 0x0000012C233CCA70>,get_current_user|get_current_user,add|flush|raw_sql,,,
POST,/v1/security/api-keys/{key_id}/revoke,revoke_api_key,app.engines.security.router,app\engines\security\router.py,98,Security Engine,False,True,revoke_api_key|require_tenant_update|get_current_user|<fastapi.security.http.HTTPBearer object at 0x0000012C233CCA70>|_svc|get_db|get_current_user|<fastapi.security.http.HTTPBearer object at 0x0000012C233CCA70>,get_current_user|get_current_user,add|raw_sql,,,
POST,/v1/security/blocklist,block_ip,app.engines.security.router,app\engines\security\router.py,111,Security Engine,False,True,block_ip|require_super_admin|get_current_user|<fastapi.security.http.HTTPBearer object at 0x0000012C233CCA70>|_svc|get_db|get_current_user|<fastapi.security.http.HTTPBearer object at 0x0000012C233CCA70>,require_super_admin|get_current_user|get_current_user,add|flush|raw_sql,,,
DELETE,/v1/security/blocklist/{ip_or_cidr},unblock_ip,app.engines.security.router,app\engines\security\router.py,127,Security Engine,False,True,unblock_ip|require_super_admin|get_current_user|<fastapi.security.http.HTTPBearer object at 0x0000012C233CCA70>|_svc|get_db|get_current_user|<fastapi.security.http.HTTPBearer object at 0x0000012C233CCA70>,require_super_admin|get_current_user|get_current_user,add|raw_sql,,,
GET,/v1/security/blocklist/check,check_ip,app.engines.security.router,app\engines\security\router.py,136,Security Engine,False,True,check_ip|get_current_user|<fastapi.security.http.HTTPBearer object at 0x0000012C233CCA70>|_svc|get_db|get_current_user|<fastapi.security.http.HTTPBearer object at 0x0000012C233CCA70>,get_current_user|get_current_user,,,,
GET,/v1/security/blocklist,list_blocklist,app.engines.security.router,app\engines\security\router.py,145,Security Engine,False,True,list_blocklist|require_super_admin|get_current_user|<fastapi.security.http.HTTPBearer object at 0x0000012C233CCA70>|_svc|get_db|get_current_user|<fastapi.security.http.HTTPBearer object at 0x0000012C233CCA70>,require_super_admin|get_current_user|get_current_user,,,,
POST,/v1/security/activity/record,record_activity,app.engines.security.router,app\engines\security\router.py,158,Security Engine,False,True,record_activity|get_current_user|<fastapi.security.http.HTTPBearer object at 0x0000012C233CCA70>|_svc|get_db|get_current_user|<fastapi.security.http.HTTPBearer object at 0x0000012C233CCA70>,get_current_user|get_current_user,add|flush,,,
GET,/v1/security/activity,list_activity,app.engines.security.router,app\engines\security\router.py,171,Security Engine,False,True,list_activity|require_super_admin|get_current_user|<fastapi.security.http.HTTPBearer object at 0x0000012C233CCA70>|_svc|get_db|get_current_user|<fastapi.security.http.HTTPBearer object at 0x0000012C233CCA70>,require_super_admin|get_current_user|get_current_user,,,,
POST,/v1/security/activity/{log_id}/acknowledge,acknowledge_activity,app.engines.security.router,app\engines\security\router.py,186,Security Engine,False,True,acknowledge_activity|require_super_admin|get_current_user|<fastapi.security.http.HTTPBearer object at 0x0000012C233CCA70>|_svc|get_db|get_current_user|<fastapi.security.http.HTTPBearer object at 0x0000012C233CCA70>,require_super_admin|get_current_user|get_current_user,,,,
POST,/v1/security/audit-log,write_audit,app.engines.security.router,app\engines\security\router.py,197,Security Engine,False,True,write_audit|get_current_user|<fastapi.security.http.HTTPBearer object at 0x0000012C233CCA70>|_svc|get_db|get_current_user|<fastapi.security.http.HTTPBearer object at 0x0000012C233CCA70>,get_current_user|get_current_user,add|flush|raw_sql,,,
GET,/v1/security/audit-log,search_audit,app.engines.security.router,app\engines\security\router.py,212,Security Engine,False,True,search_audit|require_super_admin|get_current_user|<fastapi.security.http.HTTPBearer object at 0x0000012C233CCA70>|_svc|get_db|get_current_user|<fastapi.security.http.HTTPBearer object at 0x0000012C233CCA70>,require_super_admin|get_current_user|get_current_user,,,,
POST,/v1/security/sessions,create_session,app.engines.security.router,app\engines\security\router.py,230,Security Engine,False,True,create_session|get_current_user|<fastapi.security.http.HTTPBearer object at 0x0000012C233CCA70>|_svc|get_db|get_current_user|<fastapi.security.http.HTTPBearer object at 0x0000012C233CCA70>,get_current_user|get_current_user,add|flush,,,
GET,/v1/security/sessions/users/{user_id},list_sessions,app.engines.security.router,app\engines\security\router.py,246,Security Engine,False,True,list_sessions|get_current_user|<fastapi.security.http.HTTPBearer object at 0x0000012C233CCA70>|_svc|get_db|get_current_user|<fastapi.security.http.HTTPBearer object at 0x0000012C233CCA70>,get_current_user|get_current_user,,,,
POST,/v1/security/sessions/{session_id}/revoke,revoke_session,app.engines.security.router,app\engines\security\router.py,255,Security Engine,False,True,revoke_session|get_current_user|<fastapi.security.http.HTTPBearer object at 0x0000012C233CCA70>|_svc|get_db|get_current_user|<fastapi.security.http.HTTPBearer object at 0x0000012C233CCA70>,get_current_user|get_current_user,add|raw_sql,,_audit|record_platform_audit,
POST,/v1/security/sessions/users/{user_id}/revoke-all,revoke_all_sessions,app.engines.security.router,app\engines\security\router.py,266,Security Engine,False,True,revoke_all_sessions|require_super_admin|get_current_user|<fastapi.security.http.HTTPBearer object at 0x0000012C233CCA70>|_svc|get_db|get_current_user|<fastapi.security.http.HTTPBearer object at 0x0000012C233CCA70>,require_super_admin|get_current_user|get_current_user,add|raw_sql,,,
GET,/v1/security/summary,security_summary,app.engines.security.router,app\engines\security\router.py,278,Security Engine,False,True,security_summary|require_super_admin|get_current_user|<fastapi.security.http.HTTPBearer object at 0x0000012C233CCA70>|_svc|get_db|get_current_user|<fastapi.security.http.HTTPBearer object at 0x0000012C233CCA70>,require_super_admin|get_current_user|get_current_user,,,,
GET,/v1/admin/security/overview,overview,app.engines.security.admin_router,app\engines\security\admin_router.py,37,Security SOC,False,True,overview|_svc|get_db|require_security_read|get_current_user|<fastapi.security.http.HTTPBearer object at 0x0000012C233CCA70>|require_super_admin|get_current_user|<fastapi.security.http.HTTPBearer object at 0x0000012C233CCA70>,get_current_user|require_super_admin|get_current_user,,,,
GET,/v1/admin/security/threats,list_threats,app.engines.security.admin_router,app\engines\security\admin_router.py,46,Security SOC,False,True,list_threats|require_security_threats_read|get_current_user|<fastapi.security.http.HTTPBearer object at 0x0000012C233CCA70>|_svc|get_db|require_security_read|get_current_user|<fastapi.security.http.HTTPBearer object at 0x0000012C233CCA70>,get_current_user|get_current_user,,,,
GET,/v1/admin/security/threats/{threat_id},threat_detail,app.engines.security.admin_router,app\engines\security\admin_router.py,56,Security SOC,False,True,threat_detail|require_security_threats_read|get_current_user|<fastapi.security.http.HTTPBearer object at 0x0000012C233CCA70>|_svc|get_db|require_security_read|get_current_user|<fastapi.security.http.HTTPBearer object at 0x0000012C233CCA70>,get_current_user|get_current_user,,,,
POST,/v1/admin/security/threats/{threat_id}/assign,assign_threat,app.engines.security.admin_router,app\engines\security\admin_router.py,67,Security SOC,False,True,assign_threat|require_security_threats_update|get_current_user|<fastapi.security.http.HTTPBearer object at 0x0000012C233CCA70>|_svc|get_db|require_security_read|get_current_user|<fastapi.security.http.HTTPBearer object at 0x0000012C233CCA70>,get_current_user|get_current_user,,,_audit|record_platform_audit,
POST,/v1/admin/security/threats/{threat_id}/status,update_threat_status,app.engines.security.admin_router,app\engines\security\admin_router.py,79,Security SOC,False,True,update_threat_status|require_security_threats_resolve|get_current_user|<fastapi.security.http.HTTPBearer object at 0x0000012C233CCA70>|_svc|get_db|require_security_read|get_current_user|<fastapi.security.http.HTTPBearer object at 0x0000012C233CCA70>,get_current_user|get_current_user,raw_sql,,_audit|record_platform_audit,
POST,/v1/admin/security/threats/{threat_id}/block-ip,block_ip_from_threat,app.engines.security.admin_router,app\engines\security\admin_router.py,91,Security SOC,False,True,block_ip_from_threat|require_security_threats_block_ip|get_current_user|<fastapi.security.http.HTTPBearer object at 0x0000012C233CCA70>|_svc|get_db|require_security_read|get_current_user|<fastapi.security.http.HTTPBearer object at 0x0000012C233CCA70>,get_current_user|get_current_user,add|flush,,_audit|record_platform_audit,
POST,/v1/admin/security/threats/{threat_id}/revoke-sessions,revoke_sessions_from_threat,app.engines.security.admin_router,app\engines\security\admin_router.py,102,Security SOC,False,True,revoke_sessions_from_threat|require_security_threats_update|get_current_user|<fastapi.security.http.HTTPBearer object at 0x0000012C233CCA70>|_svc|get_db|require_security_read|get_current_user|<fastapi.security.http.HTTPBearer object at 0x0000012C233CCA70>,get_current_user|get_current_user,,,_audit|record_platform_audit,
GET,/v1/admin/security/sessions,list_sessions,app.engines.security.admin_router,app\engines\security\admin_router.py,114,Security SOC,False,True,list_sessions|require_security_sessions_read|get_current_user|<fastapi.security.http.HTTPBearer object at 0x0000012C233CCA70>|_svc|get_db|require_security_read|get_current_user|<fastapi.security.http.HTTPBearer object at 0x0000012C233CCA70>,get_current_user|get_current_user,,,,
GET,/v1/admin/security/sessions/{session_id},session_detail,app.engines.security.admin_router,app\engines\security\admin_router.py,124,Security SOC,False,True,session_detail|require_security_sessions_read|get_current_user|<fastapi.security.http.HTTPBearer object at 0x0000012C233CCA70>|_svc|get_db|require_security_read|get_current_user|<fastapi.security.http.HTTPBearer object at 0x0000012C233CCA70>,get_current_user|get_current_user,,,,
POST,/v1/admin/security/sessions/{session_id}/revoke,revoke_session,app.engines.security.admin_router,app\engines\security\admin_router.py,135,Security SOC,False,True,revoke_session|require_security_sessions_revoke|get_current_user|<fastapi.security.http.HTTPBearer object at 0x0000012C233CCA70>|_svc|get_db|require_security_read|get_current_user|<fastapi.security.http.HTTPBearer object at 0x0000012C233CCA70>,get_current_user|get_current_user,add|raw_sql,,_audit|record_platform_audit,
POST,/v1/admin/security/sessions/user/{user_id}/revoke-all,revoke_all_sessions,app.engines.security.admin_router,app\engines\security\admin_router.py,146,Security SOC,False,True,revoke_all_sessions|require_security_sessions_revoke|get_current_user|<fastapi.security.http.HTTPBearer object at 0x0000012C233CCA70>|_svc|get_db|require_security_read|get_current_user|<fastapi.security.http.HTTPBearer object at 0x0000012C233CCA70>,get_current_user|get_current_user,,,_audit|record_platform_audit,
GET,/v1/admin/security/ip-blocklist,list_ip_blocklist,app.engines.security.admin_router,app\engines\security\admin_router.py,158,Security SOC,False,True,list_ip_blocklist|require_security_ip_blocklist_read|get_current_user|<fastapi.security.http.HTTPBearer object at 0x0000012C233CCA70>|_svc|get_db|require_security_read|get_current_user|<fastapi.security.http.HTTPBearer object at 0x0000012C233CCA70>,get_current_user|get_current_user,,,,
POST,/v1/admin/security/ip-blocklist,create_ip_block,app.engines.security.admin_router,app\engines\security\admin_router.py,179,Security SOC,False,True,create_ip_block|require_security_ip_blocklist_create|get_current_user|<fastapi.security.http.HTTPBearer object at 0x0000012C233CCA70>|_svc|get_db|require_security_read|get_current_user|<fastapi.security.http.HTTPBearer object at 0x0000012C233CCA70>,get_current_user|get_current_user,add|flush,,_audit|record_platform_audit,
PATCH,/v1/admin/security/ip-blocklist/{entry_id},update_ip_block,app.engines.security.admin_router,app\engines\security\admin_router.py,194,Security SOC,False,True,update_ip_block|require_security_ip_blocklist_update|get_current_user|<fastapi.security.http.HTTPBearer object at 0x0000012C233CCA70>|_svc|get_db|require_security_read|get_current_user|<fastapi.security.http.HTTPBearer object at 0x0000012C233CCA70>,get_current_user|get_current_user,raw_sql,,_audit|record_platform_audit,
POST,/v1/admin/security/ip-blocklist/{entry_id}/revoke,revoke_ip_block,app.engines.security.admin_router,app\engines\security\admin_router.py,205,Security SOC,False,True,revoke_ip_block|require_security_ip_blocklist_revoke|get_current_user|<fastapi.security.http.HTTPBearer object at 0x0000012C233CCA70>|_svc|get_db|require_security_read|get_current_user|<fastapi.security.http.HTTPBearer object at 0x0000012C233CCA70>,get_current_user|get_current_user,,,_audit|record_platform_audit,
GET,/v1/admin/security/ip-blocklist/{entry_id}/hits,ip_block_hits,app.engines.security.admin_router,app\engines\security\admin_router.py,212,Security SOC,False,True,ip_block_hits|require_security_ip_blocklist_read|get_current_user|<fastapi.security.http.HTTPBearer object at 0x0000012C233CCA70>|_svc|get_db|require_security_read|get_current_user|<fastapi.security.http.HTTPBearer object at 0x0000012C233CCA70>,get_current_user|get_current_user,,,,
GET,/v1/admin/security/api-keys,list_api_keys,app.engines.security.admin_router,app\engines\security\admin_router.py,223,Security SOC,False,True,list_api_keys|require_security_api_keys_read|get_current_user|<fastapi.security.http.HTTPBearer object at 0x0000012C233CCA70>|_svc|get_db|require_security_read|get_current_user|<fastapi.security.http.HTTPBearer object at 0x0000012C233CCA70>,get_current_user|get_current_user,,,,
POST,/v1/admin/security/api-keys,create_api_key,app.engines.security.admin_router,app\engines\security\admin_router.py,246,Security SOC,False,True,create_api_key|require_security_api_keys_create|get_current_user|<fastapi.security.http.HTTPBearer object at 0x0000012C233CCA70>|_svc|get_db|require_security_read|get_current_user|<fastapi.security.http.HTTPBearer object at 0x0000012C233CCA70>,get_current_user|get_current_user,add|flush|raw_sql,,,
GET,/v1/admin/security/api-keys/{key_id},api_key_detail,app.engines.security.admin_router,app\engines\security\admin_router.py,256,Security SOC,False,True,api_key_detail|require_security_api_keys_read|get_current_user|<fastapi.security.http.HTTPBearer object at 0x0000012C233CCA70>|_svc|get_db|require_security_read|get_current_user|<fastapi.security.http.HTTPBearer object at 0x0000012C233CCA70>,get_current_user|get_current_user,,,,
POST,/v1/admin/security/api-keys/{key_id}/rotate,rotate_api_key,app.engines.security.admin_router,app\engines\security\admin_router.py,267,Security SOC,False,True,rotate_api_key|require_security_api_keys_rotate|get_current_user|<fastapi.security.http.HTTPBearer object at 0x0000012C233CCA70>|_svc|get_db|require_security_read|get_current_user|<fastapi.security.http.HTTPBearer object at 0x0000012C233CCA70>,get_current_user|get_current_user,add|flush|raw_sql,,,
POST,/v1/admin/security/api-keys/{key_id}/revoke,revoke_api_key,app.engines.security.admin_router,app\engines\security\admin_router.py,279,Security SOC,False,True,revoke_api_key|require_security_api_keys_revoke|get_current_user|<fastapi.security.http.HTTPBearer object at 0x0000012C233CCA70>|_svc|get_db|require_security_read|get_current_user|<fastapi.security.http.HTTPBearer object at 0x0000012C233CCA70>,get_current_user|get_current_user,add|raw_sql,,,
GET,/v1/admin/security/api-keys/{key_id}/usage,api_key_usage,app.engines.security.admin_router,app\engines\security\admin_router.py,286,Security SOC,False,True,api_key_usage|require_security_api_keys_read|get_current_user|<fastapi.security.http.HTTPBearer object at 0x0000012C233CCA70>|_svc|get_db|require_security_read|get_current_user|<fastapi.security.http.HTTPBearer object at 0x0000012C233CCA70>,get_current_user|get_current_user,,,,
GET,/v1/admin/security/audit-logs,list_audit_logs,app.engines.security.admin_router,app\engines\security\admin_router.py,297,Security SOC,False,True,list_audit_logs|require_security_audit_read|get_current_user|<fastapi.security.http.HTTPBearer object at 0x0000012C233CCA70>|_svc|get_db|require_security_read|get_current_user|<fastapi.security.http.HTTPBearer object at 0x0000012C233CCA70>,get_current_user|get_current_user,,,,
GET,/v1/admin/security/audit-logs/{log_id},audit_log_detail,app.engines.security.admin_router,app\engines\security\admin_router.py,310,Security SOC,False,True,audit_log_detail|require_security_audit_read|get_current_user|<fastapi.security.http.HTTPBearer object at 0x0000012C233CCA70>|_svc|get_db|require_security_read|get_current_user|<fastapi.security.http.HTTPBearer object at 0x0000012C233CCA70>,get_current_user|get_current_user,,,,
GET,/v1/admin/security/audit-logs-export,export_audit_logs,app.engines.security.admin_router,app\engines\security\admin_router.py,317,Security SOC,False,True,export_audit_logs|require_security_audit_export|get_current_user|<fastapi.security.http.HTTPBearer object at 0x0000012C233CCA70>|_svc|get_db|require_security_read|get_current_user|<fastapi.security.http.HTTPBearer object at 0x0000012C233CCA70>,get_current_user|get_current_user,,,_audit|record_platform_audit,
GET,/v1/admin/security/policies,get_policies,app.engines.security.admin_router,app\engines\security\admin_router.py,332,Security SOC,False,True,get_policies|require_security_policies_read|get_current_user|<fastapi.security.http.HTTPBearer object at 0x0000012C233CCA70>|_svc|get_db|require_security_read|get_current_user|<fastapi.security.http.HTTPBearer object at 0x0000012C233CCA70>,get_current_user|get_current_user,,,,
PATCH,/v1/admin/security/policies/{policy_key},update_policy,app.engines.security.admin_router,app\engines\security\admin_router.py,344,Security SOC,False,True,update_policy|require_security_policies_update|get_current_user|<fastapi.security.http.HTTPBearer object at 0x0000012C233CCA70>|_svc|get_db|require_security_read|get_current_user|<fastapi.security.http.HTTPBearer object at 0x0000012C233CCA70>,get_current_user|get_current_user,raw_sql,,_audit|record_platform_audit,
GET,/v1/reviews/meta,engine_meta,app.engines.review.router,app\engines\review\router.py,25,Review Engine|Engine Registry,False,True,engine_meta,NONE,,,,
POST,/v1/reviews,create_review,app.engines.review.router,app\engines\review\router.py,33,Review Engine,False,True,create_review|get_current_user|<fastapi.security.http.HTTPBearer object at 0x0000012C233CCA70>,get_current_user,,,,
GET,/v1/reviews/requests,list_requests_by_query,app.engines.review.router,app\engines\review\router.py,49,Review Engine,False,True,list_requests_by_query|get_current_user|<fastapi.security.http.HTTPBearer object at 0x0000012C233CCA70>|_svc|get_db|get_current_user|<fastapi.security.http.HTTPBearer object at 0x0000012C233CCA70>,get_current_user|get_current_user,,,,_effective_tenant()|self.actor_tenant_id
GET,/v1/reviews/{review_id},get_review,app.engines.review.router,app\engines\review\router.py,56,Review Engine,False,True,get_review|get_current_user|<fastapi.security.http.HTTPBearer object at 0x0000012C233CCA70>|_svc|get_db|get_current_user|<fastapi.security.http.HTTPBearer object at 0x0000012C233CCA70>,get_current_user|get_current_user,,,,_get_review_scoped()|self.actor_tenant_id
GET,/v1/reviews,list_by_tenant,app.engines.review.router,app\engines\review\router.py,61,Review Engine,False,True,list_by_tenant|get_current_user|<fastapi.security.http.HTTPBearer object at 0x0000012C233CCA70>|_svc|get_db|get_current_user|<fastapi.security.http.HTTPBearer object at 0x0000012C233CCA70>,get_current_user|get_current_user,,,,_effective_tenant()|self.actor_tenant_id
GET,/v1/reviews/staff/{staff_id},list_by_staff,app.engines.review.router,app\engines\review\router.py,68,Review Engine,False,True,list_by_staff|get_current_user|<fastapi.security.http.HTTPBearer object at 0x0000012C233CCA70>|_svc|get_db|get_current_user|<fastapi.security.http.HTTPBearer object at 0x0000012C233CCA70>,get_current_user|get_current_user,,,,_effective_tenant()|self.actor_tenant_id
GET,/v1/reviews/customers/{customer_id},list_by_customer,app.engines.review.router,app\engines\review\router.py,74,Review Engine,False,True,list_by_customer|get_current_user|<fastapi.security.http.HTTPBearer object at 0x0000012C233CCA70>|_svc|get_db|get_current_user|<fastapi.security.http.HTTPBearer object at 0x0000012C233CCA70>,get_current_user|get_current_user,,,,self.actor_tenant_id
POST,/v1/reviews/{review_id}/reply,submit_reply,app.engines.review.router,app\engines\review\router.py,80,Review Engine,False,True,submit_reply|require_tenant_mutation_tenant_update|get_current_user|<fastapi.security.http.HTTPBearer object at 0x0000012C233CCA70>|_svc|get_db|get_current_user|<fastapi.security.http.HTTPBearer object at 0x0000012C233CCA70>,get_current_user|get_current_user,,,,_get_review_scoped()|self.actor_tenant_id
POST,/v1/reviews/{review_id}/flag,flag_review,app.engines.review.router,app\engines\review\router.py,87,Review Engine,False,True,flag_review|require_tenant_mutation_tenant_update|get_current_user|<fastapi.security.http.HTTPBearer object at 0x0000012C233CCA70>|_svc|get_db|get_current_user|<fastapi.security.http.HTTPBearer object at 0x0000012C233CCA70>,get_current_user|get_current_user,add,,_write_history,_get_review_scoped()|self.actor_tenant_id
POST,/v1/reviews/{review_id}/resolve,resolve_flag,app.engines.review.router,app\engines\review\router.py,98,Review Engine,False,True,resolve_flag|require_super_admin|get_current_user|<fastapi.security.http.HTTPBearer object at 0x0000012C233CCA70>|_svc|get_db|get_current_user|<fastapi.security.http.HTTPBearer object at 0x0000012C233CCA70>,require_super_admin|get_current_user|get_current_user,add,,_write_history,
GET,/v1/reviews/aggregates/{entity_type}/{entity_id},get_aggregate,app.engines.review.router,app\engines\review\router.py,104,Review Engine,False,True,get_aggregate|get_current_user|<fastapi.security.http.HTTPBearer object at 0x0000012C233CCA70>|_svc|get_db|get_current_user|<fastapi.security.http.HTTPBearer object at 0x0000012C233CCA70>,get_current_user|get_current_user,,,,self.actor_tenant_id
POST,/v1/reviews/requests,create_request,app.engines.review.router,app\engines\review\router.py,111,Review Engine,False,True,create_request|require_tenant_mutation_tenant_update|get_current_user|<fastapi.security.http.HTTPBearer object at 0x0000012C233CCA70>|_svc|get_db|get_current_user|<fastapi.security.http.HTTPBearer object at 0x0000012C233CCA70>,get_current_user|get_current_user,add|flush,,,_effective_tenant()|self.actor_tenant_id
GET,/v1/reviews/requests/jobs/{job_id},get_request,app.engines.review.router,app\engines\review\router.py,119,Review Engine,False,True,get_request|get_current_user|<fastapi.security.http.HTTPBearer object at 0x0000012C233CCA70>|_svc|get_db|get_current_user|<fastapi.security.http.HTTPBearer object at 0x0000012C233CCA70>,get_current_user|get_current_user,,,,self.actor_tenant_id
GET,/v1/reviews/tenants/{tenant_id}/requests,list_requests,app.engines.review.router,app\engines\review\router.py,124,Review Engine,False,True,list_requests|get_current_user|<fastapi.security.http.HTTPBearer object at 0x0000012C233CCA70>|_svc|get_db|get_current_user|<fastapi.security.http.HTTPBearer object at 0x0000012C233CCA70>,get_current_user|get_current_user,,,,_effective_tenant()|self.actor_tenant_id
GET,/v1/reviews/tenants/{tenant_id}/recent,recent_reviews,app.engines.review.router,app\engines\review\router.py,131,Review Engine,False,True,recent_reviews|get_current_user|<fastapi.security.http.HTTPBearer object at 0x0000012C233CCA70>|_svc|get_db|get_current_user|<fastapi.security.http.HTTPBearer object at 0x0000012C233CCA70>,get_current_user|get_current_user,,,,_effective_tenant()|self.actor_tenant_id
GET,/v1/chat/meta,engine_meta,app.engines.chat.router,app\engines\chat\router.py,19,Chat Engine|Engine Registry,False,True,engine_meta,NONE,,,,
POST,/v1/chat/conversations,create_conversation,app.engines.chat.router,app\engines\chat\router.py,27,Chat Engine,False,True,create_conversation|get_current_user|<fastapi.security.http.HTTPBearer object at 0x0000012C233CCA70>|_svc|get_db|get_current_user|<fastapi.security.http.HTTPBearer object at 0x0000012C233CCA70>,get_current_user|get_current_user,add|flush,,,
GET,/v1/chat/conversations/{conversation_id},get_conversation,app.engines.chat.router,app\engines\chat\router.py,34,Chat Engine,False,True,get_conversation|get_current_user|<fastapi.security.http.HTTPBearer object at 0x0000012C233CCA70>|_svc|get_db|get_current_user|<fastapi.security.http.HTTPBearer object at 0x0000012C233CCA70>,get_current_user|get_current_user,,,,
GET,/v1/chat/conversations,list_conversations,app.engines.chat.router,app\engines\chat\router.py,41,Chat Engine,False,True,list_conversations|get_current_user|<fastapi.security.http.HTTPBearer object at 0x0000012C233CCA70>|_svc|get_db|get_current_user|<fastapi.security.http.HTTPBearer object at 0x0000012C233CCA70>,get_current_user|get_current_user,,,,
GET,/v1/chat/conversations/{conversation_id}/participants,list_participants,app.engines.chat.router,app\engines\chat\router.py,49,Chat Engine,False,True,list_participants|get_current_user|<fastapi.security.http.HTTPBearer object at 0x0000012C233CCA70>|_svc|get_db|get_current_user|<fastapi.security.http.HTTPBearer object at 0x0000012C233CCA70>,get_current_user|get_current_user,,,,
POST,/v1/chat/conversations/{conversation_id}/messages,send_message,app.engines.chat.router,app\engines\chat\router.py,56,Chat Engine,False,True,send_message|get_current_user|<fastapi.security.http.HTTPBearer object at 0x0000012C233CCA70>|_svc|get_db|get_current_user|<fastapi.security.http.HTTPBearer object at 0x0000012C233CCA70>,get_current_user|get_current_user,add|flush,,,
GET,/v1/chat/conversations/{conversation_id}/messages,list_messages,app.engines.chat.router,app\engines\chat\router.py,70,Chat Engine,False,True,list_messages|get_current_user|<fastapi.security.http.HTTPBearer object at 0x0000012C233CCA70>|_svc|get_db|get_current_user|<fastapi.security.http.HTTPBearer object at 0x0000012C233CCA70>,get_current_user|get_current_user,,,,
POST,/v1/chat/conversations/{conversation_id}/messages/read,mark_read,app.engines.chat.router,app\engines\chat\router.py,78,Chat Engine,False,True,mark_read|get_current_user|<fastapi.security.http.HTTPBearer object at 0x0000012C233CCA70>|_svc|get_db|get_current_user|<fastapi.security.http.HTTPBearer object at 0x0000012C233CCA70>,get_current_user|get_current_user,,,,
GET,/v1/chat/conversations/{conversation_id}/unread,get_unread,app.engines.chat.router,app\engines\chat\router.py,86,Chat Engine,False,True,get_unread|get_current_user|<fastapi.security.http.HTTPBearer object at 0x0000012C233CCA70>|_svc|get_db|get_current_user|<fastapi.security.http.HTTPBearer object at 0x0000012C233CCA70>,get_current_user|get_current_user,,,,
POST,/v1/chat/conversations/{conversation_id}/typing,set_typing,app.engines.chat.router,app\engines\chat\router.py,94,Chat Engine,False,True,set_typing|get_current_user|<fastapi.security.http.HTTPBearer object at 0x0000012C233CCA70>|_svc|get_db|get_current_user|<fastapi.security.http.HTTPBearer object at 0x0000012C233CCA70>,get_current_user|get_current_user,,,,
GET,/v1/chat/conversations/{conversation_id}/typing,get_typing,app.engines.chat.router,app\engines\chat\router.py,102,Chat Engine,False,True,get_typing|get_current_user|<fastapi.security.http.HTTPBearer object at 0x0000012C233CCA70>|_svc|get_db|get_current_user|<fastapi.security.http.HTTPBearer object at 0x0000012C233CCA70>,get_current_user|get_current_user,,,,
PUT,/v1/chat/messages/{message_id},edit_message,app.engines.chat.router,app\engines\chat\router.py,110,Chat Engine,False,True,edit_message|get_current_user|<fastapi.security.http.HTTPBearer object at 0x0000012C233CCA70>|_svc|get_db|get_current_user|<fastapi.security.http.HTTPBearer object at 0x0000012C233CCA70>,get_current_user|get_current_user,,,,
DELETE,/v1/chat/messages/{message_id},delete_message,app.engines.chat.router,app\engines\chat\router.py,118,Chat Engine,False,True,delete_message|get_current_user|<fastapi.security.http.HTTPBearer object at 0x0000012C233CCA70>|_svc|get_db|get_current_user|<fastapi.security.http.HTTPBearer object at 0x0000012C233CCA70>,get_current_user|get_current_user,,,,
GET,/v1/webhooks/meta,engine_meta,app.engines.webhook.router,app\engines\webhook\router.py,19,Webhook Engine|Engine Registry,False,True,engine_meta,NONE,,,,
POST,/v1/webhooks/endpoints,create_endpoint,app.engines.webhook.router,app\engines\webhook\router.py,28,Webhook Engine,False,True,create_endpoint|require_tenant_update|get_current_user|<fastapi.security.http.HTTPBearer object at 0x0000012C233CCA70>|_svc|get_db|get_current_user|<fastapi.security.http.HTTPBearer object at 0x0000012C233CCA70>,get_current_user|get_current_user,add|flush,,,
GET,/v1/webhooks/endpoints/{endpoint_id},get_endpoint,app.engines.webhook.router,app\engines\webhook\router.py,36,Webhook Engine,False,True,get_endpoint|get_current_user|<fastapi.security.http.HTTPBearer object at 0x0000012C233CCA70>|_svc|get_db|get_current_user|<fastapi.security.http.HTTPBearer object at 0x0000012C233CCA70>,get_current_user|get_current_user,,,,
GET,/v1/webhooks/tenants/{tenant_id}/endpoints,list_endpoints,app.engines.webhook.router,app\engines\webhook\router.py,41,Webhook Engine,False,True,list_endpoints|get_current_user|<fastapi.security.http.HTTPBearer object at 0x0000012C233CCA70>|_svc|get_db|get_current_user|<fastapi.security.http.HTTPBearer object at 0x0000012C233CCA70>,get_current_user|get_current_user,,,,
PUT,/v1/webhooks/endpoints/{endpoint_id},update_endpoint,app.engines.webhook.router,app\engines\webhook\router.py,46,Webhook Engine,False,True,update_endpoint|require_tenant_update|get_current_user|<fastapi.security.http.HTTPBearer object at 0x0000012C233CCA70>|_svc|get_db|get_current_user|<fastapi.security.http.HTTPBearer object at 0x0000012C233CCA70>,get_current_user|get_current_user,,,,
DELETE,/v1/webhooks/endpoints/{endpoint_id},delete_endpoint,app.engines.webhook.router,app\engines\webhook\router.py,52,Webhook Engine,False,True,delete_endpoint|require_tenant_update|get_current_user|<fastapi.security.http.HTTPBearer object at 0x0000012C233CCA70>|_svc|get_db|get_current_user|<fastapi.security.http.HTTPBearer object at 0x0000012C233CCA70>,get_current_user|get_current_user,,,,
POST,/v1/webhooks/endpoints/{endpoint_id}/test,test_endpoint,app.engines.webhook.router,app\engines\webhook\router.py,58,Webhook Engine,False,True,test_endpoint|require_tenant_update|get_current_user|<fastapi.security.http.HTTPBearer object at 0x0000012C233CCA70>|_svc|get_db|get_current_user|<fastapi.security.http.HTTPBearer object at 0x0000012C233CCA70>,get_current_user|get_current_user,add|flush,,,
POST,/v1/webhooks/endpoints/{endpoint_id}/pause,pause_endpoint,app.engines.webhook.router,app\engines\webhook\router.py,65,Webhook Engine,False,True,pause_endpoint|require_tenant_update|get_current_user|<fastapi.security.http.HTTPBearer object at 0x0000012C233CCA70>|_svc|get_db|get_current_user|<fastapi.security.http.HTTPBearer object at 0x0000012C233CCA70>,get_current_user|get_current_user,,,,
POST,/v1/webhooks/endpoints/{endpoint_id}/resume,resume_endpoint,app.engines.webhook.router,app\engines\webhook\router.py,71,Webhook Engine,False,True,resume_endpoint|require_tenant_update|get_current_user|<fastapi.security.http.HTTPBearer object at 0x0000012C233CCA70>|_svc|get_db|get_current_user|<fastapi.security.http.HTTPBearer object at 0x0000012C233CCA70>,get_current_user|get_current_user,,,,
GET,/v1/webhooks/tenants/{tenant_id}/deliveries,list_deliveries,app.engines.webhook.router,app\engines\webhook\router.py,77,Webhook Engine,False,True,list_deliveries|get_current_user|<fastapi.security.http.HTTPBearer object at 0x0000012C233CCA70>|_svc|get_db|get_current_user|<fastapi.security.http.HTTPBearer object at 0x0000012C233CCA70>,get_current_user|get_current_user,,,,
GET,/v1/webhooks/deliveries/{delivery_id},get_delivery,app.engines.webhook.router,app\engines\webhook\router.py,86,Webhook Engine,False,True,get_delivery|get_current_user|<fastapi.security.http.HTTPBearer object at 0x0000012C233CCA70>|_svc|get_db|get_current_user|<fastapi.security.http.HTTPBearer object at 0x0000012C233CCA70>,get_current_user|get_current_user,,,,
POST,/v1/webhooks/deliveries/{delivery_id}/replay,replay_delivery,app.engines.webhook.router,app\engines\webhook\router.py,92,Webhook Engine,False,True,replay_delivery|require_tenant_update|get_current_user|<fastapi.security.http.HTTPBearer object at 0x0000012C233CCA70>|_svc|get_db|get_current_user|<fastapi.security.http.HTTPBearer object at 0x0000012C233CCA70>,get_current_user|get_current_user,add|flush,,,
GET,/v1/webhooks/tenants/{tenant_id}/events/{event_type},list_by_event_type,app.engines.webhook.router,app\engines\webhook\router.py,99,Webhook Engine,False,True,list_by_event_type|get_current_user|<fastapi.security.http.HTTPBearer object at 0x0000012C233CCA70>|_svc|get_db|get_current_user|<fastapi.security.http.HTTPBearer object at 0x0000012C233CCA70>,get_current_user|get_current_user,,,,
GET,/v1/payments/meta,engine_meta,app.engines.payment.router,app\engines\payment\router.py,21,Payment Engine|Engine Registry,False,True,engine_meta,NONE,,,,
POST,/v1/payments/orders,create_order,app.engines.payment.router,app\engines\payment\router.py,28,Payment Engine,False,True,create_order|require_tenant_billing_manage|get_current_user|<fastapi.security.http.HTTPBearer object at 0x0000012C233CCA70>|_svc|get_db|get_current_user|<fastapi.security.http.HTTPBearer object at 0x0000012C233CCA70>,get_current_user|get_current_user,,create_order,,
POST,/v1/payments/webhook,payment_webhook,app.engines.payment.router,app\engines\payment\router.py,36,Payment Engine,False,True,payment_webhook|<lambda>|get_db,NONE,add|flush,,,
GET,/v1/payments/{payment_id},get_payment,app.engines.payment.router,app\engines\payment\router.py,49,Payment Engine,False,True,get_payment|get_current_user|<fastapi.security.http.HTTPBearer object at 0x0000012C233CCA70>|_svc|get_db|get_current_user|<fastapi.security.http.HTTPBearer object at 0x0000012C233CCA70>,get_current_user|get_current_user,,,,
GET,/v1/payments,list_payments,app.engines.payment.router,app\engines\payment\router.py,53,Payment Engine,False,True,list_payments|get_current_user|<fastapi.security.http.HTTPBearer object at 0x0000012C233CCA70>|_svc|get_db|get_current_user|<fastapi.security.http.HTTPBearer object at 0x0000012C233CCA70>,get_current_user|get_current_user,,,,
POST,/v1/payments/{payment_id}/refund,create_refund,app.engines.payment.router,app\engines\payment\router.py,58,Payment Engine,False,True,create_refund|require_super_admin|get_current_user|<fastapi.security.http.HTTPBearer object at 0x0000012C233CCA70>|_svc|get_db|get_current_user|<fastapi.security.http.HTTPBearer object at 0x0000012C233CCA70>,require_super_admin|get_current_user|get_current_user,add|flush,,,
GET,/v1/payments/refunds/{refund_id},get_refund,app.engines.payment.router,app\engines\payment\router.py,63,Payment Engine,False,True,get_refund|get_current_user|<fastapi.security.http.HTTPBearer object at 0x0000012C233CCA70>|_svc|get_db|get_current_user|<fastapi.security.http.HTTPBearer object at 0x0000012C233CCA70>,get_current_user|get_current_user,,,,
GET,/v1/payments/tenants/{tenant_id}/refunds,list_refunds,app.engines.payment.router,app\engines\payment\router.py,67,Payment Engine,False,True,list_refunds|get_current_user|<fastapi.security.http.HTTPBearer object at 0x0000012C233CCA70>|_svc|get_db|get_current_user|<fastapi.security.http.HTTPBearer object at 0x0000012C233CCA70>,get_current_user|get_current_user,,,,
POST,/v1/payments/invoices,generate_invoice,app.engines.payment.router,app\engines\payment\router.py,72,Payment Engine,False,True,generate_invoice|require_tenant_billing_manage|get_current_user|<fastapi.security.http.HTTPBearer object at 0x0000012C233CCA70>|_svc|get_db|get_current_user|<fastapi.security.http.HTTPBearer object at 0x0000012C233CCA70>,get_current_user|get_current_user,add|flush,,,
GET,/v1/payments/invoices/{invoice_id},get_invoice,app.engines.payment.router,app\engines\payment\router.py,81,Payment Engine,False,True,get_invoice|get_current_user|<fastapi.security.http.HTTPBearer object at 0x0000012C233CCA70>|_svc|get_db|get_current_user|<fastapi.security.http.HTTPBearer object at 0x0000012C233CCA70>,get_current_user|get_current_user,,,,
GET,/v1/payments/tenants/{tenant_id}/invoices,list_invoices,app.engines.payment.router,app\engines\payment\router.py,85,Payment Engine,False,True,list_invoices|get_current_user|<fastapi.security.http.HTTPBearer object at 0x0000012C233CCA70>|_svc|get_db|get_current_user|<fastapi.security.http.HTTPBearer object at 0x0000012C233CCA70>,get_current_user|get_current_user,,,,
POST,/v1/payments/tenants/{tenant_id}/payout,request_payout,app.engines.payment.router,app\engines\payment\router.py,90,Payment Engine,False,True,request_payout|require_tenant_billing_manage|get_current_user|<fastapi.security.http.HTTPBearer object at 0x0000012C233CCA70>|_svc|get_db|get_current_user|<fastapi.security.http.HTTPBearer object at 0x0000012C233CCA70>,get_current_user|get_current_user,add|flush,,,
GET,/v1/payments/payouts/{payout_id},get_payout,app.engines.payment.router,app\engines\payment\router.py,95,Payment Engine,False,True,get_payout|get_current_user|<fastapi.security.http.HTTPBearer object at 0x0000012C233CCA70>|_svc|get_db|get_current_user|<fastapi.security.http.HTTPBearer object at 0x0000012C233CCA70>,get_current_user|get_current_user,,,,
GET,/v1/payments/tenants/{tenant_id}/payouts,list_payouts,app.engines.payment.router,app\engines\payment\router.py,99,Payment Engine,False,True,list_payouts|get_current_user|<fastapi.security.http.HTTPBearer object at 0x0000012C233CCA70>|_svc|get_db|get_current_user|<fastapi.security.http.HTTPBearer object at 0x0000012C233CCA70>,get_current_user|get_current_user,,,,
GET,/v1/inventory/meta,engine_meta,app.engines.inventory.router,app\engines\inventory\router.py,18,Inventory Engine|Engine Registry,False,True,engine_meta,NONE,,,,
POST,/v1/inventory/tenants/{tenant_id}/items,create_item,app.engines.inventory.router,app\engines\inventory\router.py,24,Inventory Engine,False,True,create_item|require_tenant_update|get_current_user|<fastapi.security.http.HTTPBearer object at 0x0000012C233CCA70>|_svc|get_db|get_current_user|<fastapi.security.http.HTTPBearer object at 0x0000012C233CCA70>,get_current_user|get_current_user,add|flush,,,
GET,/v1/inventory/items/{item_id},get_item,app.engines.inventory.router,app\engines\inventory\router.py,28,Inventory Engine,False,True,get_item|get_current_user|<fastapi.security.http.HTTPBearer object at 0x0000012C233CCA70>|_svc|get_db|get_current_user|<fastapi.security.http.HTTPBearer object at 0x0000012C233CCA70>,get_current_user|get_current_user,,,,
GET,/v1/inventory/tenants/{tenant_id}/items,list_items,app.engines.inventory.router,app\engines\inventory\router.py,32,Inventory Engine,False,True,list_items|get_current_user|<fastapi.security.http.HTTPBearer object at 0x0000012C233CCA70>|_svc|get_db|get_current_user|<fastapi.security.http.HTTPBearer object at 0x0000012C233CCA70>,get_current_user|get_current_user,,,,
POST,/v1/inventory/items/{item_id}/locations/{location_id}/receive,receive_stock,app.engines.inventory.router,app\engines\inventory\router.py,37,Inventory Engine,False,True,receive_stock|require_tenant_update|get_current_user|<fastapi.security.http.HTTPBearer object at 0x0000012C233CCA70>|_svc|get_db|get_current_user|<fastapi.security.http.HTTPBearer object at 0x0000012C233CCA70>,get_current_user|get_current_user,add|flush,,,
GET,/v1/inventory/items/{item_id}/locations/{location_id}/balance,get_balance,app.engines.inventory.router,app\engines\inventory\router.py,44,Inventory Engine,False,True,get_balance|get_current_user|<fastapi.security.http.HTTPBearer object at 0x0000012C233CCA70>|_svc|get_db|get_current_user|<fastapi.security.http.HTTPBearer object at 0x0000012C233CCA70>,get_current_user|get_current_user,,,,
GET,/v1/inventory/items/{item_id}/locations/{location_id}/transactions,list_txns,app.engines.inventory.router,app\engines\inventory\router.py,49,Inventory Engine,False,True,list_txns|get_current_user|<fastapi.security.http.HTTPBearer object at 0x0000012C233CCA70>|_svc|get_db|get_current_user|<fastapi.security.http.HTTPBearer object at 0x0000012C233CCA70>,get_current_user|get_current_user,,,,
POST,/v1/inventory/reservations,create_reservation,app.engines.inventory.router,app\engines\inventory\router.py,54,Inventory Engine,False,True,create_reservation|require_tenant_update|get_current_user|<fastapi.security.http.HTTPBearer object at 0x0000012C233CCA70>|_svc|get_db|get_current_user|<fastapi.security.http.HTTPBearer object at 0x0000012C233CCA70>,get_current_user|get_current_user,add|flush|raw_sql,,,
POST,/v1/inventory/reservations/confirm,confirm_reservation,app.engines.inventory.router,app\engines\inventory\router.py,63,Inventory Engine,False,True,confirm_reservation|require_tenant_update|get_current_user|<fastapi.security.http.HTTPBearer object at 0x0000012C233CCA70>|_svc|get_db|get_current_user|<fastapi.security.http.HTTPBearer object at 0x0000012C233CCA70>,get_current_user|get_current_user,add|flush,,,
POST,/v1/inventory/reservations/release,release_reservation,app.engines.inventory.router,app\engines\inventory\router.py,69,Inventory Engine,False,True,release_reservation|require_tenant_update|get_current_user|<fastapi.security.http.HTTPBearer object at 0x0000012C233CCA70>|_svc|get_db|get_current_user|<fastapi.security.http.HTTPBearer object at 0x0000012C233CCA70>,get_current_user|get_current_user,add|flush,,,
GET,/v1/inventory/tenants/{tenant_id}/low-stock,low_stock,app.engines.inventory.router,app\engines\inventory\router.py,75,Inventory Engine,False,True,low_stock|get_current_user|<fastapi.security.http.HTTPBearer object at 0x0000012C233CCA70>|_svc|get_db|get_current_user|<fastapi.security.http.HTTPBearer object at 0x0000012C233CCA70>,get_current_user|get_current_user,,,,
POST,/v1/inventory/tenants/{tenant_id}/items/{item_id}/replenish,replenish,app.engines.inventory.router,app\engines\inventory\router.py,79,Inventory Engine,False,True,replenish|require_tenant_update|get_current_user|<fastapi.security.http.HTTPBearer object at 0x0000012C233CCA70>|_svc|get_db|get_current_user|<fastapi.security.http.HTTPBearer object at 0x0000012C233CCA70>,get_current_user|get_current_user,,,,
GET,/v1/subscriptions/meta,engine_meta,app.engines.subscription.router,app\engines\subscription\router.py,18,Subscription Engine|Engine Registry,False,True,engine_meta,NONE,,,,
POST,/v1/subscriptions,create_subscription,app.engines.subscription.router,app\engines\subscription\router.py,24,Subscription Engine,False,True,create_subscription|require_super_admin|get_current_user|<fastapi.security.http.HTTPBearer object at 0x0000012C233CCA70>|_svc|get_db|get_current_user|<fastapi.security.http.HTTPBearer object at 0x0000012C233CCA70>,require_super_admin|get_current_user|get_current_user,add|flush,,,
GET,/v1/subscriptions/tenants/{tenant_id},get_subscription,app.engines.subscription.router,app\engines\subscription\router.py,30,Subscription Engine,False,True,get_subscription|get_current_user|<fastapi.security.http.HTTPBearer object at 0x0000012C233CCA70>|_svc|get_db|get_current_user|<fastapi.security.http.HTTPBearer object at 0x0000012C233CCA70>,get_current_user|get_current_user,,,,
PUT,/v1/subscriptions/tenants/{tenant_id}/plan,update_plan,app.engines.subscription.router,app\engines\subscription\router.py,34,Subscription Engine,False,True,update_plan|require_tenant_billing_manage|get_current_user|<fastapi.security.http.HTTPBearer object at 0x0000012C233CCA70>|_svc|get_db|get_current_user|<fastapi.security.http.HTTPBearer object at 0x0000012C233CCA70>,get_current_user|get_current_user,add,,,
POST,/v1/subscriptions/tenants/{tenant_id}/cancel,cancel,app.engines.subscription.router,app\engines\subscription\router.py,42,Subscription Engine,False,True,cancel|require_super_admin|get_current_user|<fastapi.security.http.HTTPBearer object at 0x0000012C233CCA70>|_svc|get_db|get_current_user|<fastapi.security.http.HTTPBearer object at 0x0000012C233CCA70>,require_super_admin|get_current_user|get_current_user,add,,,
POST,/v1/subscriptions/tenants/{tenant_id}/pause,pause,app.engines.subscription.router,app\engines\subscription\router.py,47,Subscription Engine,False,True,pause|require_super_admin|get_current_user|<fastapi.security.http.HTTPBearer object at 0x0000012C233CCA70>|_svc|get_db|get_current_user|<fastapi.security.http.HTTPBearer object at 0x0000012C233CCA70>,require_super_admin|get_current_user|get_current_user,add,,,
POST,/v1/subscriptions/tenants/{tenant_id}/resume,resume,app.engines.subscription.router,app\engines\subscription\router.py,51,Subscription Engine,False,True,resume|require_super_admin|get_current_user|<fastapi.security.http.HTTPBearer object at 0x0000012C233CCA70>|_svc|get_db|get_current_user|<fastapi.security.http.HTTPBearer object at 0x0000012C233CCA70>,require_super_admin|get_current_user|get_current_user,add,,,
GET,/v1/subscriptions/tenants/{tenant_id}/period,current_period,app.engines.subscription.router,app\engines\subscription\router.py,55,Subscription Engine,False,True,current_period|get_current_user|<fastapi.security.http.HTTPBearer object at 0x0000012C233CCA70>|_svc|get_db|get_current_user|<fastapi.security.http.HTTPBearer object at 0x0000012C233CCA70>,get_current_user|get_current_user,,,,
GET,/v1/subscriptions/tenants/{tenant_id}/history,billing_history,app.engines.subscription.router,app\engines\subscription\router.py,61,Subscription Engine,False,True,billing_history|get_current_user|<fastapi.security.http.HTTPBearer object at 0x0000012C233CCA70>|_svc|get_db|get_current_user|<fastapi.security.http.HTTPBearer object at 0x0000012C233CCA70>,get_current_user|get_current_user,,,,
GET,/v1/subscriptions/tenants/{tenant_id}/proration-preview,proration_preview,app.engines.subscription.router,app\engines\subscription\router.py,66,Subscription Engine,False,True,proration_preview|get_current_user|<fastapi.security.http.HTTPBearer object at 0x0000012C233CCA70>|_svc|get_db|get_current_user|<fastapi.security.http.HTTPBearer object at 0x0000012C233CCA70>,get_current_user|get_current_user,,,,
GET,/v1/documents/meta,engine_meta,app.engines.document.router,app\engines\document\router.py,20,Document Engine|Engine Registry,False,True,engine_meta,NONE,,,,
POST,/v1/documents,generate_doc,app.engines.document.router,app\engines\document\router.py,27,Document Engine,False,True,generate_doc|require_tenant_update|get_current_user|<fastapi.security.http.HTTPBearer object at 0x0000012C233CCA70>|_svc|get_db|get_current_user|<fastapi.security.http.HTTPBearer object at 0x0000012C233CCA70>,get_current_user|get_current_user,add|flush,,,
GET,/v1/documents/{document_id},get_doc,app.engines.document.router,app\engines\document\router.py,40,Document Engine,False,True,get_doc|get_current_user|<fastapi.security.http.HTTPBearer object at 0x0000012C233CCA70>|_svc|get_db|get_current_user|<fastapi.security.http.HTTPBearer object at 0x0000012C233CCA70>,get_current_user|get_current_user,,,,
GET,/v1/documents,list_by_entity,app.engines.document.router,app\engines\document\router.py,44,Document Engine,False,True,list_by_entity|get_current_user|<fastapi.security.http.HTTPBearer object at 0x0000012C233CCA70>|_svc|get_db|get_current_user|<fastapi.security.http.HTTPBearer object at 0x0000012C233CCA70>,get_current_user|get_current_user,,,,
POST,/v1/documents/{document_id}/send,send_for_signature,app.engines.document.router,app\engines\document\router.py,52,Document Engine,False,True,send_for_signature|require_tenant_update|get_current_user|<fastapi.security.http.HTTPBearer object at 0x0000012C233CCA70>|_svc|get_db|get_current_user|<fastapi.security.http.HTTPBearer object at 0x0000012C233CCA70>,get_current_user|get_current_user,add,,,
GET,/v1/documents/{document_id}/signing-url,get_signing_url,app.engines.document.router,app\engines\document\router.py,59,Document Engine,False,True,get_signing_url|get_current_user|<fastapi.security.http.HTTPBearer object at 0x0000012C233CCA70>|_svc|get_db|get_current_user|<fastapi.security.http.HTTPBearer object at 0x0000012C233CCA70>,get_current_user|get_current_user,,,,
POST,/v1/documents/sign/{token},record_signature,app.engines.document.router,app\engines\document\router.py,64,Document Engine,False,True,record_signature|get_db,NONE,add,,,
POST,/v1/documents/{document_id}/void,void_document,app.engines.document.router,app\engines\document\router.py,72,Document Engine,False,True,void_document|require_tenant_update|get_current_user|<fastapi.security.http.HTTPBearer object at 0x0000012C233CCA70>|_svc|get_db|get_current_user|<fastapi.security.http.HTTPBearer object at 0x0000012C233CCA70>,get_current_user|get_current_user,add,,,
GET,/v1/documents/{document_id}/events,list_events,app.engines.document.router,app\engines\document\router.py,80,Document Engine,False,True,list_events|get_current_user|<fastapi.security.http.HTTPBearer object at 0x0000012C233CCA70>|_svc|get_db|get_current_user|<fastapi.security.http.HTTPBearer object at 0x0000012C233CCA70>,get_current_user|get_current_user,,,,
GET,/v1/documents/tenants/{tenant_id}/templates/{doc_type},get_template,app.engines.document.router,app\engines\document\router.py,87,Document Engine,False,True,get_template|get_current_user|<fastapi.security.http.HTTPBearer object at 0x0000012C233CCA70>|_svc|get_db|get_current_user|<fastapi.security.http.HTTPBearer object at 0x0000012C233CCA70>,get_current_user|get_current_user,,,,
GET,/v1/bookings/meta,engine_meta,app.engines.booking.router,app\engines\booking\router.py,28,Booking Engine|Engine Registry,False,True,engine_meta,NONE,,,,
POST,/v1/bookings/preflight,booking_preflight,app.engines.booking.router,app\engines\booking\router.py,40,Booking Engine|Booking Preflight,False,True,booking_preflight|require_booking_bookings_create|get_current_user|<fastapi.security.http.HTTPBearer object at 0x0000012C233CCA70>|_svc|get_db|get_current_user|<fastapi.security.http.HTTPBearer object at 0x0000012C233CCA70>,get_current_user|get_current_user,,,,
POST,/v1/bookings,create_booking,app.engines.booking.router,app\engines\booking\router.py,73,Booking Engine|Booking Engine,False,True,create_booking|require_tenant_mutation_booking_bookings_create|get_current_user|<fastapi.security.http.HTTPBearer object at 0x0000012C233CCA70>|_svc|get_db|get_current_user|<fastapi.security.http.HTTPBearer object at 0x0000012C233CCA70>,get_current_user|get_current_user,add|flush,,_write_history,
GET,/v1/bookings/{booking_id},get_booking,app.engines.booking.router,app\engines\booking\router.py,119,Booking Engine,False,True,get_booking|require_booking_bookings_read|get_current_user|<fastapi.security.http.HTTPBearer object at 0x0000012C233CCA70>|_svc|get_db|get_current_user|<fastapi.security.http.HTTPBearer object at 0x0000012C233CCA70>,get_current_user|get_current_user,,,,self.actor_tenant_id
GET,/v1/bookings,list_bookings,app.engines.booking.router,app\engines\booking\router.py,136,Booking Engine,False,True,list_bookings|require_booking_bookings_read|get_current_user|<fastapi.security.http.HTTPBearer object at 0x0000012C233CCA70>|_svc|get_db|get_current_user|<fastapi.security.http.HTTPBearer object at 0x0000012C233CCA70>,get_current_user|get_current_user,,,,self.actor_tenant_id
POST,/v1/bookings/{booking_id}/cancel,cancel_booking,app.engines.booking.router,app\engines\booking\router.py,155,Booking Engine,False,True,cancel_booking|require_tenant_mutation_booking_bookings_cancel|get_current_user|<fastapi.security.http.HTTPBearer object at 0x0000012C233CCA70>|_svc|get_db|get_current_user|<fastapi.security.http.HTTPBearer object at 0x0000012C233CCA70>,get_current_user|get_current_user,add,,_write_history,self.actor_tenant_id
GET,/v1/bookings/customers/{customer_id},list_by_customer,app.engines.booking.router,app\engines\booking\router.py,168,Booking Engine,False,True,list_by_customer|get_current_user|<fastapi.security.http.HTTPBearer object at 0x0000012C233CCA70>|_svc|get_db|get_current_user|<fastapi.security.http.HTTPBearer object at 0x0000012C233CCA70>,get_current_user|get_current_user,,,,
GET,/v1/bookings/tenants/{tenant_id_param},list_by_tenant,app.engines.booking.router,app\engines\booking\router.py,179,Booking Engine,False,True,list_by_tenant|get_current_user|<fastapi.security.http.HTTPBearer object at 0x0000012C233CCA70>|_svc|get_db|get_current_user|<fastapi.security.http.HTTPBearer object at 0x0000012C233CCA70>,get_current_user|get_current_user,,,,
POST,/v1/bookings/{booking_id}/confirm,confirm_booking,app.engines.booking.router,app\engines\booking\router.py,191,Booking Engine,False,True,confirm_booking|require_tenant_mutation_booking_bookings_manage|get_current_user|<fastapi.security.http.HTTPBearer object at 0x0000012C233CCA70>|_svc|get_db|get_current_user|<fastapi.security.http.HTTPBearer object at 0x0000012C233CCA70>,get_current_user|get_current_user,add,,_write_history,self.actor_tenant_id
POST,/v1/bookings/{booking_id}/reject,reject_booking,app.engines.booking.router,app\engines\booking\router.py,208,Booking Engine,False,True,reject_booking|require_tenant_mutation_booking_bookings_manage|get_current_user|<fastapi.security.http.HTTPBearer object at 0x0000012C233CCA70>|_svc|get_db|get_current_user|<fastapi.security.http.HTTPBearer object at 0x0000012C233CCA70>,get_current_user|get_current_user,add,,_write_history,self.actor_tenant_id
POST,/v1/bookings/{booking_id}/convert-to-job,convert_to_job,app.engines.booking.router,app\engines\booking\router.py,223,Booking Engine,False,True,convert_to_job|require_tenant_mutation_booking_bookings_manage|get_current_user|<fastapi.security.http.HTTPBearer object at 0x0000012C233CCA70>|_svc|get_db|get_current_user|<fastapi.security.http.HTTPBearer object at 0x0000012C233CCA70>,get_current_user|get_current_user,add|flush,,_write_history,self.actor_tenant_id
POST,/v1/bookings/{booking_id}/reschedule/request,request_reschedule,app.engines.booking.router,app\engines\booking\router.py,243,Booking Engine,False,True,request_reschedule|require_tenant_mutation_booking_bookings_reschedule|get_current_user|<fastapi.security.http.HTTPBearer object at 0x0000012C233CCA70>|_svc|get_db|get_current_user|<fastapi.security.http.HTTPBearer object at 0x0000012C233CCA70>,get_current_user|get_current_user,add|flush,,,self.actor_tenant_id
POST,/v1/bookings/reschedule/{reschedule_id}/accept,accept_reschedule,app.engines.booking.router,app\engines\booking\router.py,261,Booking Engine,False,True,accept_reschedule|require_tenant_mutation_tenant_update|get_current_user|<fastapi.security.http.HTTPBearer object at 0x0000012C233CCA70>|_svc|get_db|get_current_user|<fastapi.security.http.HTTPBearer object at 0x0000012C233CCA70>,get_current_user|get_current_user,add,,_write_history,self.actor_tenant_id
POST,/v1/bookings/reschedule/{reschedule_id}/reject,reject_reschedule,app.engines.booking.router,app\engines\booking\router.py,270,Booking Engine,False,True,reject_reschedule|require_tenant_mutation_tenant_update|get_current_user|<fastapi.security.http.HTTPBearer object at 0x0000012C233CCA70>|_svc|get_db|get_current_user|<fastapi.security.http.HTTPBearer object at 0x0000012C233CCA70>,get_current_user|get_current_user,,,,self.actor_tenant_id
GET,/v1/bookings/{booking_id}/timeline,get_timeline,app.engines.booking.router,app\engines\booking\router.py,281,Booking Engine,False,True,get_timeline|get_current_user|<fastapi.security.http.HTTPBearer object at 0x0000012C233CCA70>|_svc|get_db|get_current_user|<fastapi.security.http.HTTPBearer object at 0x0000012C233CCA70>,get_current_user|get_current_user,,,,
POST,/v1/bookings/{booking_id}/notes,add_note,app.engines.booking.router,app\engines\booking\router.py,290,Booking Engine,False,True,add_note|require_staff_or_above_mutation|require_staff_or_above|get_current_user|<fastapi.security.http.HTTPBearer object at 0x0000012C233CCA70>|_svc|get_db|get_current_user|<fastapi.security.http.HTTPBearer object at 0x0000012C233CCA70>,get_current_user|get_current_user,add|flush,,,self.actor_tenant_id
GET,/v1/bookings/{booking_id}/notes,list_notes,app.engines.booking.router,app\engines\booking\router.py,307,Booking Engine,False,True,list_notes|get_current_user|<fastapi.security.http.HTTPBearer object at 0x0000012C233CCA70>|_svc|get_db|get_current_user|<fastapi.security.http.HTTPBearer object at 0x0000012C233CCA70>,get_current_user|get_current_user,,,,
GET,/v1/bookings/tenants/{tenant_id_param}/slots/check,check_slots,app.engines.booking.router,app\engines\booking\router.py,314,Booking Engine,False,True,check_slots|get_current_user|<fastapi.security.http.HTTPBearer object at 0x0000012C233CCA70>|_svc|get_db|get_current_user|<fastapi.security.http.HTTPBearer object at 0x0000012C233CCA70>,get_current_user|get_current_user,,,,
GET,/v1/bookings/tenants/{tenant_id_param}/cancellation-policy,cancellation_policy,app.engines.booking.router,app\engines\booking\router.py,324,Booking Engine,False,True,cancellation_policy|get_current_user|<fastapi.security.http.HTTPBearer object at 0x0000012C233CCA70>|_svc|get_db|get_current_user|<fastapi.security.http.HTTPBearer object at 0x0000012C233CCA70>,get_current_user|get_current_user,,,,
POST,/v1/bookings/{booking_id}/void,void_booking,app.engines.booking.router,app\engines\booking\router.py,333,Booking Engine,False,True,void_booking|require_super_admin|get_current_user|<fastapi.security.http.HTTPBearer object at 0x0000012C233CCA70>|_svc|get_db|get_current_user|<fastapi.security.http.HTTPBearer object at 0x0000012C233CCA70>,require_super_admin|get_current_user|get_current_user,add,,_write_history,self.actor_tenant_id
GET,/v1/bookings/tenants/{tenant_id_param}/search,search,app.engines.booking.router,app\engines\booking\router.py,344,Booking Engine,False,True,search|get_current_user|<fastapi.security.http.HTTPBearer object at 0x0000012C233CCA70>|_svc|get_db|get_current_user|<fastapi.security.http.HTTPBearer object at 0x0000012C233CCA70>,get_current_user|get_current_user,,,,
GET,/v1/admin/bookings/filters,booking_filter_options,app.engines.booking.admin_router,app\engines\booking\admin_router.py,250,Admin Bookings,False,True,booking_filter_options|require_super_admin|get_current_user|<fastapi.security.http.HTTPBearer object at 0x0000012C233CCA70>|get_db,require_super_admin|get_current_user,,,,
GET,/v1/admin/bookings/summary,booking_summary,app.engines.booking.admin_router,app\engines\booking\admin_router.py,295,Admin Bookings,False,True,booking_summary|require_super_admin|get_current_user|<fastapi.security.http.HTTPBearer object at 0x0000012C233CCA70>|get_db,require_super_admin|get_current_user,,,,
GET,/v1/admin/bookings/tenant-search,tenant_search,app.engines.booking.admin_router,app\engines\booking\admin_router.py,338,Admin Bookings,False,True,tenant_search|require_super_admin|get_current_user|<fastapi.security.http.HTTPBearer object at 0x0000012C233CCA70>|get_db,require_super_admin|get_current_user,,,,
GET,/v1/admin/bookings/export,export_bookings,app.engines.booking.admin_router,app\engines\booking\admin_router.py,368,Admin Bookings,False,True,export_bookings|require_super_admin|get_current_user|<fastapi.security.http.HTTPBearer object at 0x0000012C233CCA70>|get_db,require_super_admin|get_current_user,,,,
GET,/v1/admin/bookings,list_admin_bookings,app.engines.booking.admin_router,app\engines\booking\admin_router.py,437,Admin Bookings,False,True,list_admin_bookings|require_super_admin|get_current_user|<fastapi.security.http.HTTPBearer object at 0x0000012C233CCA70>|get_db,require_super_admin|get_current_user,,,,
GET,/v1/admin/bookings/{booking_id}/timeline,get_booking_timeline,app.engines.booking.admin_router,app\engines\booking\admin_router.py,504,Admin Bookings,False,True,get_booking_timeline|require_super_admin|get_current_user|<fastapi.security.http.HTTPBearer object at 0x0000012C233CCA70>|get_db,require_super_admin|get_current_user,,,,
GET,/v1/admin/bookings/{booking_id}/notes,get_booking_notes,app.engines.booking.admin_router,app\engines\booking\admin_router.py,531,Admin Bookings,False,True,get_booking_notes|require_super_admin|get_current_user|<fastapi.security.http.HTTPBearer object at 0x0000012C233CCA70>|get_db,require_super_admin|get_current_user,,,,
GET,/v1/admin/bookings/{booking_id},get_admin_booking,app.engines.booking.admin_router,app\engines\booking\admin_router.py,559,Admin Bookings,False,True,get_admin_booking|require_super_admin|get_current_user|<fastapi.security.http.HTTPBearer object at 0x0000012C233CCA70>|get_db,require_super_admin|get_current_user,,,,
POST,/v1/admin/bookings/{booking_id}/cancel,admin_cancel_booking,app.engines.booking.admin_router,app\engines\booking\admin_router.py,597,Admin Bookings,False,True,admin_cancel_booking|require_super_admin|get_current_user|<fastapi.security.http.HTTPBearer object at 0x0000012C233CCA70>|get_db,require_super_admin|get_current_user,commit|raw_sql,,,
POST,/v1/admin/bookings/{booking_id}/void,admin_void_booking,app.engines.booking.admin_router,app\engines\booking\admin_router.py,634,Admin Bookings,False,True,admin_void_booking|require_super_admin|get_current_user|<fastapi.security.http.HTTPBearer object at 0x0000012C233CCA70>|get_db,require_super_admin|get_current_user,commit|raw_sql,,,
GET,/v1/appointments/meta,engine_meta,app.engines.appointment.router,app\engines\appointment\router.py,23,Appointment Engine|Engine Registry,False,True,engine_meta,NONE,,,,
POST,/v1/appointments/hold,hold_slot,app.engines.appointment.router,app\engines\appointment\router.py,31,Appointment Engine,False,True,hold_slot|get_current_user|<fastapi.security.http.HTTPBearer object at 0x0000012C233CCA70>|_svc|get_db|get_current_user|<fastapi.security.http.HTTPBearer object at 0x0000012C233CCA70>,get_current_user|get_current_user,add|flush,,_write_history,
POST,/v1/appointments/{appointment_id}/confirm,confirm_hold,app.engines.appointment.router,app\engines\appointment\router.py,54,Appointment Engine,False,True,confirm_hold|get_current_user|<fastapi.security.http.HTTPBearer object at 0x0000012C233CCA70>|_svc|get_db|get_current_user|<fastapi.security.http.HTTPBearer object at 0x0000012C233CCA70>,get_current_user|get_current_user,add,,_write_history,
GET,/v1/appointments/{appointment_id},get_appointment,app.engines.appointment.router,app\engines\appointment\router.py,62,Appointment Engine,False,True,get_appointment|get_current_user|<fastapi.security.http.HTTPBearer object at 0x0000012C233CCA70>|_svc|get_db|get_current_user|<fastapi.security.http.HTTPBearer object at 0x0000012C233CCA70>,get_current_user|get_current_user,,,,
GET,/v1/appointments/staff/{staff_id},list_by_staff,app.engines.appointment.router,app\engines\appointment\router.py,69,Appointment Engine,False,True,list_by_staff|get_current_user|<fastapi.security.http.HTTPBearer object at 0x0000012C233CCA70>|_svc|get_db|get_current_user|<fastapi.security.http.HTTPBearer object at 0x0000012C233CCA70>,get_current_user|get_current_user,,,,
GET,/v1/appointments/customers/{customer_id},list_by_customer,app.engines.appointment.router,app\engines\appointment\router.py,80,Appointment Engine,False,True,list_by_customer|get_current_user|<fastapi.security.http.HTTPBearer object at 0x0000012C233CCA70>|_svc|get_db|get_current_user|<fastapi.security.http.HTTPBearer object at 0x0000012C233CCA70>,get_current_user|get_current_user,,,,
POST,/v1/appointments/{appointment_id}/cancel,cancel_appointment,app.engines.appointment.router,app\engines\appointment\router.py,90,Appointment Engine,False,True,cancel_appointment|get_current_user|<fastapi.security.http.HTTPBearer object at 0x0000012C233CCA70>|_svc|get_db|get_current_user|<fastapi.security.http.HTTPBearer object at 0x0000012C233CCA70>,get_current_user|get_current_user,add,,_write_history,
POST,/v1/appointments/{appointment_id}/reschedule,reschedule,app.engines.appointment.router,app\engines\appointment\router.py,98,Appointment Engine,False,True,reschedule|get_current_user|<fastapi.security.http.HTTPBearer object at 0x0000012C233CCA70>|_svc|get_db|get_current_user|<fastapi.security.http.HTTPBearer object at 0x0000012C233CCA70>,get_current_user|get_current_user,add|flush,,_write_history,
POST,/v1/appointments/{appointment_id}/no-show,mark_no_show,app.engines.appointment.router,app\engines\appointment\router.py,108,Appointment Engine,False,True,mark_no_show|require_tenant_update|get_current_user|<fastapi.security.http.HTTPBearer object at 0x0000012C233CCA70>|_svc|get_db|get_current_user|<fastapi.security.http.HTTPBearer object at 0x0000012C233CCA70>,get_current_user|get_current_user,add,,_write_history,
GET,/v1/appointments/{appointment_id}/history,get_history,app.engines.appointment.router,app\engines\appointment\router.py,116,Appointment Engine,False,True,get_history|get_current_user|<fastapi.security.http.HTTPBearer object at 0x0000012C233CCA70>|_svc|get_db|get_current_user|<fastapi.security.http.HTTPBearer object at 0x0000012C233CCA70>,get_current_user|get_current_user,,,,
GET,/v1/appointments/staff/{staff_id}/slots,available_slots,app.engines.appointment.router,app\engines\appointment\router.py,123,Appointment Engine,False,True,available_slots|get_current_user|<fastapi.security.http.HTTPBearer object at 0x0000012C233CCA70>|_svc|get_db|get_current_user|<fastapi.security.http.HTTPBearer object at 0x0000012C233CCA70>,get_current_user|get_current_user,,,,
POST,/v1/appointments/staff/{staff_id}/calendar/block,block_calendar,app.engines.appointment.router,app\engines\appointment\router.py,133,Appointment Engine,False,True,block_calendar|require_tenant_update|get_current_user|<fastapi.security.http.HTTPBearer object at 0x0000012C233CCA70>|_svc|get_db|get_current_user|<fastapi.security.http.HTTPBearer object at 0x0000012C233CCA70>,get_current_user|get_current_user,add|flush,,,
DELETE,/v1/appointments/calendar/blocks/{block_id},unblock_calendar,app.engines.appointment.router,app\engines\appointment\router.py,146,Appointment Engine,False,True,unblock_calendar|require_tenant_update|get_current_user|<fastapi.security.http.HTTPBearer object at 0x0000012C233CCA70>|_svc|get_db|get_current_user|<fastapi.security.http.HTTPBearer object at 0x0000012C233CCA70>,get_current_user|get_current_user,delete,,,
PUT,/v1/appointments/staff/{staff_id}/working-hours,set_working_hours,app.engines.appointment.router,app\engines\appointment\router.py,153,Appointment Engine,False,True,set_working_hours|require_tenant_update|get_current_user|<fastapi.security.http.HTTPBearer object at 0x0000012C233CCA70>|_svc|get_db|get_current_user|<fastapi.security.http.HTTPBearer object at 0x0000012C233CCA70>,get_current_user|get_current_user,add,,,
GET,/v1/admin/customers/filters,customer_filter_options,app.engines.auth.admin_customers_router,app\engines\auth\admin_customers_router.py,254,Admin Customers,False,True,customer_filter_options|require_super_admin|get_current_user|<fastapi.security.http.HTTPBearer object at 0x0000012C233CCA70>|get_db,require_super_admin|get_current_user,,,,
GET,/v1/admin/customers/summary,customer_summary,app.engines.auth.admin_customers_router,app\engines\auth\admin_customers_router.py,280,Admin Customers,False,True,customer_summary|require_super_admin|get_current_user|<fastapi.security.http.HTTPBearer object at 0x0000012C233CCA70>|get_db,require_super_admin|get_current_user,,,,
GET,/v1/admin/customers/export,export_customers,app.engines.auth.admin_customers_router,app\engines\auth\admin_customers_router.py,319,Admin Customers,False,True,export_customers|require_super_admin|get_current_user|<fastapi.security.http.HTTPBearer object at 0x0000012C233CCA70>|get_db,require_super_admin|get_current_user,,,,
GET,/v1/admin/customers,list_admin_customers,app.engines.auth.admin_customers_router,app\engines\auth\admin_customers_router.py,386,Admin Customers,False,True,list_admin_customers|require_super_admin|get_current_user|<fastapi.security.http.HTTPBearer object at 0x0000012C233CCA70>|get_db,require_super_admin|get_current_user,,,,
GET,/v1/admin/customers/{customer_id}/bookings,customer_booking_history,app.engines.auth.admin_customers_router,app\engines\auth\admin_customers_router.py,460,Admin Customers,False,True,customer_booking_history|require_super_admin|get_current_user|<fastapi.security.http.HTTPBearer object at 0x0000012C233CCA70>|get_db,require_super_admin|get_current_user,,,,
GET,/v1/admin/customers/{customer_id},get_admin_customer,app.engines.auth.admin_customers_router,app\engines\auth\admin_customers_router.py,538,Admin Customers,False,True,get_admin_customer|require_super_admin|get_current_user|<fastapi.security.http.HTTPBearer object at 0x0000012C233CCA70>|get_db,require_super_admin|get_current_user,,,,
GET,/v1/admin/customers/{customer_id}/complaints,customer_complaints,app.engines.auth.admin_customers_router,app\engines\auth\admin_customers_router.py,559,Admin Customers,False,True,customer_complaints|require_customers_view_detail|get_current_user|<fastapi.security.http.HTTPBearer object at 0x0000012C233CCA70>|_svc|get_db|require_customers_read|get_current_user|<fastapi.security.http.HTTPBearer object at 0x0000012C233CCA70>,get_current_user|get_current_user,,,,
GET,/v1/admin/customers/{customer_id}/service-credits,customer_service_credits,app.engines.auth.admin_customers_router,app\engines\auth\admin_customers_router.py,567,Admin Customers,False,True,customer_service_credits|require_customers_service_credits_read|get_current_user|<fastapi.security.http.HTTPBearer object at 0x0000012C233CCA70>|_svc|get_db|require_customers_read|get_current_user|<fastapi.security.http.HTTPBearer object at 0x0000012C233CCA70>,get_current_user|get_current_user,,,,
POST,/v1/admin/customers/{customer_id}/service-credits,issue_customer_service_credit,app.engines.auth.admin_customers_router,app\engines\auth\admin_customers_router.py,583,Admin Customers,False,True,issue_customer_service_credit|require_customers_service_credits_create|get_current_user|<fastapi.security.http.HTTPBearer object at 0x0000012C233CCA70>|_svc|get_db|require_customers_read|get_current_user|<fastapi.security.http.HTTPBearer object at 0x0000012C233CCA70>,get_current_user|get_current_user,add,,_audit|record_platform_audit,
GET,/v1/admin/customers/{customer_id}/sessions,customer_sessions,app.engines.auth.admin_customers_router,app\engines\auth\admin_customers_router.py,598,Admin Customers,False,True,customer_sessions|require_customers_sessions_read|get_current_user|<fastapi.security.http.HTTPBearer object at 0x0000012C233CCA70>|_svc|get_db|require_customers_read|get_current_user|<fastapi.security.http.HTTPBearer object at 0x0000012C233CCA70>,get_current_user|get_current_user,,,,
GET,/v1/admin/customers/{customer_id}/login-history,customer_login_history,app.engines.auth.admin_customers_router,app\engines\auth\admin_customers_router.py,605,Admin Customers,False,True,customer_login_history|require_customers_login_history_read|get_current_user|<fastapi.security.http.HTTPBearer object at 0x0000012C233CCA70>|_svc|get_db|require_customers_read|get_current_user|<fastapi.security.http.HTTPBearer object at 0x0000012C233CCA70>,get_current_user|get_current_user,,,,
GET,/v1/admin/customers/{customer_id}/privacy-requests,customer_privacy_requests,app.engines.auth.admin_customers_router,app\engines\auth\admin_customers_router.py,612,Admin Customers,False,True,customer_privacy_requests|require_customers_privacy_read|get_current_user|<fastapi.security.http.HTTPBearer object at 0x0000012C233CCA70>|_svc|get_db|require_customers_read|get_current_user|<fastapi.security.http.HTTPBearer object at 0x0000012C233CCA70>,get_current_user|get_current_user,,,,
GET,/v1/admin/customers/{customer_id}/audit-logs,customer_audit_logs,app.engines.auth.admin_customers_router,app\engines\auth\admin_customers_router.py,619,Admin Customers,False,True,customer_audit_logs|require_customers_audit_read|get_current_user|<fastapi.security.http.HTTPBearer object at 0x0000012C233CCA70>|_svc|get_db|require_customers_read|get_current_user|<fastapi.security.http.HTTPBearer object at 0x0000012C233CCA70>,get_current_user|get_current_user,,,,
POST,/v1/admin/customers/{customer_id}/block,block_customer,app.engines.auth.admin_customers_router,app\engines\auth\admin_customers_router.py,630,Admin Customers,False,True,block_customer|require_customers_block|get_current_user|<fastapi.security.http.HTTPBearer object at 0x0000012C233CCA70>|_svc|get_db|require_customers_read|get_current_user|<fastapi.security.http.HTTPBearer object at 0x0000012C233CCA70>,get_current_user|get_current_user,add,,_audit|record_platform_audit,
POST,/v1/admin/customers/{customer_id}/unblock,unblock_customer,app.engines.auth.admin_customers_router,app\engines\auth\admin_customers_router.py,637,Admin Customers,False,True,unblock_customer|require_customers_block|get_current_user|<fastapi.security.http.HTTPBearer object at 0x0000012C233CCA70>|_svc|get_db|require_customers_read|get_current_user|<fastapi.security.http.HTTPBearer object at 0x0000012C233CCA70>,get_current_user|get_current_user,add,,_audit|record_platform_audit,
POST,/v1/admin/customers/{customer_id}/suspend,suspend_customer,app.engines.auth.admin_customers_router,app\engines\auth\admin_customers_router.py,644,Admin Customers,False,True,suspend_customer|require_customers_suspend|get_current_user|<fastapi.security.http.HTTPBearer object at 0x0000012C233CCA70>|_svc|get_db|require_customers_read|get_current_user|<fastapi.security.http.HTTPBearer object at 0x0000012C233CCA70>,get_current_user|get_current_user,add,,_audit|record_platform_audit,
POST,/v1/admin/customers/{customer_id}/reactivate,reactivate_customer,app.engines.auth.admin_customers_router,app\engines\auth\admin_customers_router.py,651,Admin Customers,False,True,reactivate_customer|require_customers_reactivate|get_current_user|<fastapi.security.http.HTTPBearer object at 0x0000012C233CCA70>|_svc|get_db|require_customers_read|get_current_user|<fastapi.security.http.HTTPBearer object at 0x0000012C233CCA70>,get_current_user|get_current_user,add,,_audit|record_platform_audit,
POST,/v1/admin/customers/{customer_id}/sessions/revoke-all,customer_revoke_all_sessions,app.engines.auth.admin_customers_router,app\engines\auth\admin_customers_router.py,658,Admin Customers,False,True,customer_revoke_all_sessions|require_customers_sessions_revoke|get_current_user|<fastapi.security.http.HTTPBearer object at 0x0000012C233CCA70>|_svc|get_db|require_customers_read|get_current_user|<fastapi.security.http.HTTPBearer object at 0x0000012C233CCA70>,get_current_user|get_current_user,add,,_audit|record_platform_audit,
GET,/v1/admin/staff/filters,get_staff_filters,app.engines.auth.admin_staff_router,app\engines\auth\admin_staff_router.py,139,Admin Staff,False,True,get_staff_filters|require_super_admin|get_current_user|<fastapi.security.http.HTTPBearer object at 0x0000012C233CCA70>|get_db,require_super_admin|get_current_user,,,,
GET,/v1/admin/staff/summary,get_staff_summary,app.engines.auth.admin_staff_router,app\engines\auth\admin_staff_router.py,164,Admin Staff,False,True,get_staff_summary|require_super_admin|get_current_user|<fastapi.security.http.HTTPBearer object at 0x0000012C233CCA70>|get_db,require_super_admin|get_current_user,,,,
GET,/v1/admin/staff/export,export_staff,app.engines.auth.admin_staff_router,app\engines\auth\admin_staff_router.py,210,Admin Staff,False,True,export_staff|require_super_admin|get_current_user|<fastapi.security.http.HTTPBearer object at 0x0000012C233CCA70>|get_db,require_super_admin|get_current_user,,,,
GET,/v1/admin/staff,list_staff,app.engines.auth.admin_staff_router,app\engines\auth\admin_staff_router.py,285,Admin Staff,False,True,list_staff|require_super_admin|get_current_user|<fastapi.security.http.HTTPBearer object at 0x0000012C233CCA70>|get_db,require_super_admin|get_current_user,,,,
GET,/v1/admin/staff/{staff_id},get_staff_member,app.engines.auth.admin_staff_router,app\engines\auth\admin_staff_router.py,357,Admin Staff,False,True,get_staff_member|require_super_admin|get_current_user|<fastapi.security.http.HTTPBearer object at 0x0000012C233CCA70>|get_db,require_super_admin|get_current_user,,,,
GET,/v1/admin/staff/{staff_id}/jobs,get_staff_jobs,app.engines.auth.admin_staff_router,app\engines\auth\admin_staff_router.py,374,Admin Staff,False,True,get_staff_jobs|require_super_admin|get_current_user|<fastapi.security.http.HTTPBearer object at 0x0000012C233CCA70>|get_db,require_super_admin|get_current_user,,,,
GET,/v1/catalog/meta,engine_meta,app.engines.service_catalog.router,app\engines\service_catalog\router.py,20,Service Catalog Engine|Engine Registry,False,True,engine_meta,NONE,,,,
POST,/v1/catalog,create_item,app.engines.service_catalog.router,app\engines\service_catalog\router.py,27,Service Catalog Engine,False,True,create_item|require_tenant_update|get_current_user|<fastapi.security.http.HTTPBearer object at 0x0000012C233CCA70>|_svc|get_db|get_current_user|<fastapi.security.http.HTTPBearer object at 0x0000012C233CCA70>,get_current_user|get_current_user,add|flush,,,
GET,/v1/catalog/{item_id},get_item,app.engines.service_catalog.router,app\engines\service_catalog\router.py,36,Service Catalog Engine,False,True,get_item|get_current_user|<fastapi.security.http.HTTPBearer object at 0x0000012C233CCA70>|_svc|get_db|get_current_user|<fastapi.security.http.HTTPBearer object at 0x0000012C233CCA70>,get_current_user|get_current_user,,,,
GET,/v1/catalog,list_items,app.engines.service_catalog.router,app\engines\service_catalog\router.py,42,Service Catalog Engine,False,True,list_items|get_current_user|<fastapi.security.http.HTTPBearer object at 0x0000012C233CCA70>|_svc|get_db|get_current_user|<fastapi.security.http.HTTPBearer object at 0x0000012C233CCA70>,get_current_user|get_current_user,,,,
PUT,/v1/catalog/{item_id},update_item,app.engines.service_catalog.router,app\engines\service_catalog\router.py,53,Service Catalog Engine,False,True,update_item|require_tenant_update|get_current_user|<fastapi.security.http.HTTPBearer object at 0x0000012C233CCA70>|_svc|get_db|get_current_user|<fastapi.security.http.HTTPBearer object at 0x0000012C233CCA70>,get_current_user|get_current_user,raw_sql,,,
POST,/v1/catalog/{item_id}/deactivate,deactivate_item,app.engines.service_catalog.router,app\engines\service_catalog\router.py,60,Service Catalog Engine,False,True,deactivate_item|require_tenant_update|get_current_user|<fastapi.security.http.HTTPBearer object at 0x0000012C233CCA70>|_svc|get_db|get_current_user|<fastapi.security.http.HTTPBearer object at 0x0000012C233CCA70>,get_current_user|get_current_user,,,,
GET,/v1/admin/finance/summary,finance_summary,app.engines.finance_hub.admin_router,app\engines\finance_hub\admin_router.py,34,Finance Hub,False,True,finance_summary|_svc|get_db|require_finance_hub_read|get_current_user|<fastapi.security.http.HTTPBearer object at 0x0000012C233CCA70>|require_super_admin|get_current_user|<fastapi.security.http.HTTPBearer object at 0x0000012C233CCA70>,get_current_user|require_super_admin|get_current_user,,,,
GET,/v1/admin/finance/overview,finance_overview,app.engines.finance_hub.admin_router,app\engines\finance_hub\admin_router.py,39,Finance Hub,False,True,finance_overview|_svc|get_db|require_finance_hub_read|get_current_user|<fastapi.security.http.HTTPBearer object at 0x0000012C233CCA70>|require_super_admin|get_current_user|<fastapi.security.http.HTTPBearer object at 0x0000012C233CCA70>,get_current_user|require_super_admin|get_current_user,,,,
GET,/v1/admin/finance/deposits,list_deposits,app.engines.finance_hub.admin_router,app\engines\finance_hub\admin_router.py,48,Finance Hub,False,True,list_deposits|require_finance_deposits_read|get_current_user|<fastapi.security.http.HTTPBearer object at 0x0000012C233CCA70>|_svc|get_db|require_finance_hub_read|get_current_user|<fastapi.security.http.HTTPBearer object at 0x0000012C233CCA70>,get_current_user|get_current_user,,,,
GET,/v1/admin/finance/deposits/summary,deposits_summary,app.engines.finance_hub.admin_router,app\engines\finance_hub\admin_router.py,64,Finance Hub,False,True,deposits_summary|require_finance_deposits_read|get_current_user|<fastapi.security.http.HTTPBearer object at 0x0000012C233CCA70>|_svc|get_db|require_finance_hub_read|get_current_user|<fastapi.security.http.HTTPBearer object at 0x0000012C233CCA70>,get_current_user|get_current_user,,,,
GET,/v1/admin/finance/deposits/export,export_deposits,app.engines.finance_hub.admin_router,app\engines\finance_hub\admin_router.py,71,Finance Hub,False,True,export_deposits|require_finance_hub_export|get_current_user|<fastapi.security.http.HTTPBearer object at 0x0000012C233CCA70>|_svc|get_db|require_finance_hub_read|get_current_user|<fastapi.security.http.HTTPBearer object at 0x0000012C233CCA70>,get_current_user|get_current_user,,,,
GET,/v1/admin/finance/deposits/{deposit_id},get_deposit,app.engines.finance_hub.admin_router,app\engines\finance_hub\admin_router.py,84,Finance Hub,False,True,get_deposit|require_finance_deposits_read|get_current_user|<fastapi.security.http.HTTPBearer object at 0x0000012C233CCA70>|_svc|get_db|require_finance_hub_read|get_current_user|<fastapi.security.http.HTTPBearer object at 0x0000012C233CCA70>,get_current_user|get_current_user,,,,
POST,/v1/admin/finance/deposits/{deposit_id}/approve,approve_deposit,app.engines.finance_hub.admin_router,app\engines\finance_hub\admin_router.py,91,Finance Hub,False,True,approve_deposit|require_finance_deposits_approve|get_current_user|<fastapi.security.http.HTTPBearer object at 0x0000012C233CCA70>|_svc|get_db|require_finance_hub_read|get_current_user|<fastapi.security.http.HTTPBearer object at 0x0000012C233CCA70>,get_current_user|get_current_user,flush,,_audit|record_platform_audit,
POST,/v1/admin/finance/deposits/{deposit_id}/reject,reject_deposit,app.engines.finance_hub.admin_router,app\engines\finance_hub\admin_router.py,99,Finance Hub,False,True,reject_deposit|require_finance_deposits_approve|get_current_user|<fastapi.security.http.HTTPBearer object at 0x0000012C233CCA70>|_svc|get_db|require_finance_hub_read|get_current_user|<fastapi.security.http.HTTPBearer object at 0x0000012C233CCA70>,get_current_user|get_current_user,flush,,_audit|record_platform_audit,
POST,/v1/admin/finance/deposits/{deposit_id}/record-offline,record_offline_deposit,app.engines.finance_hub.admin_router,app\engines\finance_hub\admin_router.py,107,Finance Hub,False,True,record_offline_deposit|require_finance_deposits_update|get_current_user|<fastapi.security.http.HTTPBearer object at 0x0000012C233CCA70>|_svc|get_db|require_finance_hub_read|get_current_user|<fastapi.security.http.HTTPBearer object at 0x0000012C233CCA70>,get_current_user|get_current_user,,,_audit|record_platform_audit,
POST,/v1/admin/finance/deposits/{deposit_id}/refund,refund_deposit,app.engines.finance_hub.admin_router,app\engines\finance_hub\admin_router.py,116,Finance Hub,False,True,refund_deposit|require_finance_deposits_refund|get_current_user|<fastapi.security.http.HTTPBearer object at 0x0000012C233CCA70>|_svc|get_db|require_finance_hub_read|get_current_user|<fastapi.security.http.HTTPBearer object at 0x0000012C233CCA70>,get_current_user|get_current_user,,,_audit|record_platform_audit,
POST,/v1/admin/finance/deposits/{deposit_id}/adjust,adjust_deposit,app.engines.finance_hub.admin_router,app\engines\finance_hub\admin_router.py,124,Finance Hub,False,True,adjust_deposit|require_finance_deposits_update|get_current_user|<fastapi.security.http.HTTPBearer object at 0x0000012C233CCA70>|_svc|get_db|require_finance_hub_read|get_current_user|<fastapi.security.http.HTTPBearer object at 0x0000012C233CCA70>,get_current_user|get_current_user,,,_audit|record_platform_audit,
GET,/v1/admin/finance/topups,list_topups,app.engines.finance_hub.admin_router,app\engines\finance_hub\admin_router.py,136,Finance Hub,False,True,list_topups|require_finance_topups_read|get_current_user|<fastapi.security.http.HTTPBearer object at 0x0000012C233CCA70>|_svc|get_db|require_finance_hub_read|get_current_user|<fastapi.security.http.HTTPBearer object at 0x0000012C233CCA70>,get_current_user|get_current_user,,,,
GET,/v1/admin/finance/topups/summary,topups_summary,app.engines.finance_hub.admin_router,app\engines\finance_hub\admin_router.py,150,Finance Hub,False,True,topups_summary|require_finance_topups_read|get_current_user|<fastapi.security.http.HTTPBearer object at 0x0000012C233CCA70>|_svc|get_db|require_finance_hub_read|get_current_user|<fastapi.security.http.HTTPBearer object at 0x0000012C233CCA70>,get_current_user|get_current_user,,,,
GET,/v1/admin/finance/topups/export,export_topups,app.engines.finance_hub.admin_router,app\engines\finance_hub\admin_router.py,157,Finance Hub,False,True,export_topups|require_finance_hub_export|get_current_user|<fastapi.security.http.HTTPBearer object at 0x0000012C233CCA70>|_svc|get_db|require_finance_hub_read|get_current_user|<fastapi.security.http.HTTPBearer object at 0x0000012C233CCA70>,get_current_user|get_current_user,,,,
GET,/v1/admin/finance/topups/{topup_id},get_topup,app.engines.finance_hub.admin_router,app\engines\finance_hub\admin_router.py,166,Finance Hub,False,True,get_topup|require_finance_topups_read|get_current_user|<fastapi.security.http.HTTPBearer object at 0x0000012C233CCA70>|_svc|get_db|require_finance_hub_read|get_current_user|<fastapi.security.http.HTTPBearer object at 0x0000012C233CCA70>,get_current_user|get_current_user,,,,
POST,/v1/admin/finance/topups/{topup_id}/retry-credit,retry_credit,app.engines.finance_hub.admin_router,app\engines\finance_hub\admin_router.py,173,Finance Hub,False,True,retry_credit|require_finance_topups_update|get_current_user|<fastapi.security.http.HTTPBearer object at 0x0000012C233CCA70>|_svc|get_db|require_finance_hub_read|get_current_user|<fastapi.security.http.HTTPBearer object at 0x0000012C233CCA70>,get_current_user|get_current_user,,,_audit|record_platform_audit,
POST,/v1/admin/finance/topups/{topup_id}/refund,refund_topup,app.engines.finance_hub.admin_router,app\engines\finance_hub\admin_router.py,180,Finance Hub,False,True,refund_topup|require_finance_topups_refund|get_current_user|<fastapi.security.http.HTTPBearer object at 0x0000012C233CCA70>|_svc|get_db|require_finance_hub_read|get_current_user|<fastapi.security.http.HTTPBearer object at 0x0000012C233CCA70>,get_current_user|get_current_user,,,_audit|record_platform_audit,
GET,/v1/admin/finance/warranty-claims,list_claims,app.engines.finance_hub.admin_router,app\engines\finance_hub\admin_router.py,192,Finance Hub,False,True,list_claims|require_finance_claims_read|get_current_user|<fastapi.security.http.HTTPBearer object at 0x0000012C233CCA70>|_svc|get_db|require_finance_hub_read|get_current_user|<fastapi.security.http.HTTPBearer object at 0x0000012C233CCA70>,get_current_user|get_current_user,,,,
GET,/v1/admin/finance/warranty-claims/summary,claims_summary,app.engines.finance_hub.admin_router,app\engines\finance_hub\admin_router.py,206,Finance Hub,False,True,claims_summary|require_finance_claims_read|get_current_user|<fastapi.security.http.HTTPBearer object at 0x0000012C233CCA70>|_svc|get_db|require_finance_hub_read|get_current_user|<fastapi.security.http.HTTPBearer object at 0x0000012C233CCA70>,get_current_user|get_current_user,,,,
GET,/v1/admin/finance/warranty-claims/export,export_claims,app.engines.finance_hub.admin_router,app\engines\finance_hub\admin_router.py,213,Finance Hub,False,True,export_claims|require_finance_hub_export|get_current_user|<fastapi.security.http.HTTPBearer object at 0x0000012C233CCA70>|_svc|get_db|require_finance_hub_read|get_current_user|<fastapi.security.http.HTTPBearer object at 0x0000012C233CCA70>,get_current_user|get_current_user,,,,
GET,/v1/admin/finance/warranty-claims/{claim_id},get_claim,app.engines.finance_hub.admin_router,app\engines\finance_hub\admin_router.py,222,Finance Hub,False,True,get_claim|require_finance_claims_read|get_current_user|<fastapi.security.http.HTTPBearer object at 0x0000012C233CCA70>|_svc|get_db|require_finance_hub_read|get_current_user|<fastapi.security.http.HTTPBearer object at 0x0000012C233CCA70>,get_current_user|get_current_user,,,,
POST,/v1/admin/finance/warranty-claims/{claim_id}/assign,assign_reviewer,app.engines.finance_hub.admin_router,app\engines\finance_hub\admin_router.py,229,Finance Hub,False,True,assign_reviewer|require_finance_claims_assign|get_current_user|<fastapi.security.http.HTTPBearer object at 0x0000012C233CCA70>|_svc|get_db|require_finance_hub_read|get_current_user|<fastapi.security.http.HTTPBearer object at 0x0000012C233CCA70>,get_current_user|get_current_user,,,_audit|record_platform_audit,
POST,/v1/admin/finance/warranty-claims/{claim_id}/request-documents,request_documents,app.engines.finance_hub.admin_router,app\engines\finance_hub\admin_router.py,237,Finance Hub,False,True,request_documents|require_finance_claims_assign|get_current_user|<fastapi.security.http.HTTPBearer object at 0x0000012C233CCA70>|_svc|get_db|require_finance_hub_read|get_current_user|<fastapi.security.http.HTTPBearer object at 0x0000012C233CCA70>,get_current_user|get_current_user,,,_audit|record_platform_audit,
POST,/v1/admin/finance/warranty-claims/{claim_id}/approve,approve_claim,app.engines.finance_hub.admin_router,app\engines\finance_hub\admin_router.py,245,Finance Hub,False,True,approve_claim|require_finance_claims_approve|get_current_user|<fastapi.security.http.HTTPBearer object at 0x0000012C233CCA70>|_svc|get_db|require_finance_hub_read|get_current_user|<fastapi.security.http.HTTPBearer object at 0x0000012C233CCA70>,get_current_user|get_current_user,,,_audit|record_platform_audit,
POST,/v1/admin/finance/warranty-claims/{claim_id}/reject,reject_claim,app.engines.finance_hub.admin_router,app\engines\finance_hub\admin_router.py,253,Finance Hub,False,True,reject_claim|require_finance_claims_reject|get_current_user|<fastapi.security.http.HTTPBearer object at 0x0000012C233CCA70>|_svc|get_db|require_finance_hub_read|get_current_user|<fastapi.security.http.HTTPBearer object at 0x0000012C233CCA70>,get_current_user|get_current_user,,,_audit|record_platform_audit,
POST,/v1/admin/finance/warranty-claims/{claim_id}/settle,settle_claim,app.engines.finance_hub.admin_router,app\engines\finance_hub\admin_router.py,261,Finance Hub,False,True,settle_claim|require_finance_claims_settle|get_current_user|<fastapi.security.http.HTTPBearer object at 0x0000012C233CCA70>|_svc|get_db|require_finance_hub_read|get_current_user|<fastapi.security.http.HTTPBearer object at 0x0000012C233CCA70>,get_current_user|get_current_user,,,_audit|record_platform_audit,
GET,/v1/admin/finance/payouts,list_payouts,app.engines.finance_hub.admin_router,app\engines\finance_hub\admin_router.py,272,Finance Hub,False,True,list_payouts|require_finance_payouts_read|get_current_user|<fastapi.security.http.HTTPBearer object at 0x0000012C233CCA70>|_svc|get_db|require_finance_hub_read|get_current_user|<fastapi.security.http.HTTPBearer object at 0x0000012C233CCA70>,get_current_user|get_current_user,,,,
GET,/v1/admin/finance/payouts/summary,payouts_summary,app.engines.finance_hub.admin_router,app\engines\finance_hub\admin_router.py,286,Finance Hub,False,True,payouts_summary|require_finance_payouts_read|get_current_user|<fastapi.security.http.HTTPBearer object at 0x0000012C233CCA70>|_svc|get_db|require_finance_hub_read|get_current_user|<fastapi.security.http.HTTPBearer object at 0x0000012C233CCA70>,get_current_user|get_current_user,,,,
GET,/v1/admin/finance/payouts/export,export_payouts,app.engines.finance_hub.admin_router,app\engines\finance_hub\admin_router.py,293,Finance Hub,False,True,export_payouts|require_finance_hub_export|get_current_user|<fastapi.security.http.HTTPBearer object at 0x0000012C233CCA70>|_svc|get_db|require_finance_hub_read|get_current_user|<fastapi.security.http.HTTPBearer object at 0x0000012C233CCA70>,get_current_user|get_current_user,,,,
GET,/v1/admin/finance/payouts/{payout_id},get_payout,app.engines.finance_hub.admin_router,app\engines\finance_hub\admin_router.py,302,Finance Hub,False,True,get_payout|require_finance_payouts_read|get_current_user|<fastapi.security.http.HTTPBearer object at 0x0000012C233CCA70>|_svc|get_db|require_finance_hub_read|get_current_user|<fastapi.security.http.HTTPBearer object at 0x0000012C233CCA70>,get_current_user|get_current_user,,,,
POST,/v1/admin/finance/payouts/{payout_id}/approve,approve_payout,app.engines.finance_hub.admin_router,app\engines\finance_hub\admin_router.py,309,Finance Hub,False,True,approve_payout|require_finance_payouts_approve|get_current_user|<fastapi.security.http.HTTPBearer object at 0x0000012C233CCA70>|_svc|get_db|require_finance_hub_read|get_current_user|<fastapi.security.http.HTTPBearer object at 0x0000012C233CCA70>,get_current_user|get_current_user,,,_audit|record_platform_audit,
POST,/v1/admin/finance/payouts/{payout_id}/reject,reject_payout,app.engines.finance_hub.admin_router,app\engines\finance_hub\admin_router.py,318,Finance Hub,False,True,reject_payout|require_finance_payouts_reject|get_current_user|<fastapi.security.http.HTTPBearer object at 0x0000012C233CCA70>|_svc|get_db|require_finance_hub_read|get_current_user|<fastapi.security.http.HTTPBearer object at 0x0000012C233CCA70>,get_current_user|get_current_user,,,_audit|record_platform_audit,
POST,/v1/admin/finance/payouts/{payout_id}/mark-processing,mark_processing,app.engines.finance_hub.admin_router,app\engines\finance_hub\admin_router.py,326,Finance Hub,False,True,mark_processing|require_finance_payouts_process|get_current_user|<fastapi.security.http.HTTPBearer object at 0x0000012C233CCA70>|_svc|get_db|require_finance_hub_read|get_current_user|<fastapi.security.http.HTTPBearer object at 0x0000012C233CCA70>,get_current_user|get_current_user,,,_audit|record_platform_audit,
POST,/v1/admin/finance/payouts/{payout_id}/mark-completed,mark_completed,app.engines.finance_hub.admin_router,app\engines\finance_hub\admin_router.py,333,Finance Hub,False,True,mark_completed|require_finance_payouts_complete|get_current_user|<fastapi.security.http.HTTPBearer object at 0x0000012C233CCA70>|_svc|get_db|require_finance_hub_read|get_current_user|<fastapi.security.http.HTTPBearer object at 0x0000012C233CCA70>,get_current_user|get_current_user,,,_audit|record_platform_audit,
POST,/v1/admin/finance/payouts/{payout_id}/mark-failed,mark_failed,app.engines.finance_hub.admin_router,app\engines\finance_hub\admin_router.py,341,Finance Hub,False,True,mark_failed|require_finance_payouts_process|get_current_user|<fastapi.security.http.HTTPBearer object at 0x0000012C233CCA70>|_svc|get_db|require_finance_hub_read|get_current_user|<fastapi.security.http.HTTPBearer object at 0x0000012C233CCA70>,get_current_user|get_current_user,,,_audit|record_platform_audit,
GET,/v1/admin/finance/wallets,list_wallets,app.engines.finance_hub.admin_router,app\engines\finance_hub\admin_router.py,353,Finance Hub,False,True,list_wallets|require_finance_wallets_read|get_current_user|<fastapi.security.http.HTTPBearer object at 0x0000012C233CCA70>|_svc|get_db|require_finance_hub_read|get_current_user|<fastapi.security.http.HTTPBearer object at 0x0000012C233CCA70>,get_current_user|get_current_user,,,,
GET,/v1/admin/finance/wallets/{wallet_id}/ledger,get_wallet_ledger,app.engines.finance_hub.admin_router,app\engines\finance_hub\admin_router.py,364,Finance Hub,False,True,get_wallet_ledger|require_finance_wallets_read|get_current_user|<fastapi.security.http.HTTPBearer object at 0x0000012C233CCA70>|_svc|get_db|require_finance_hub_read|get_current_user|<fastapi.security.http.HTTPBearer object at 0x0000012C233CCA70>,get_current_user|get_current_user,,,,
GET,/v1/admin/finance/audit-logs,list_audit_logs,app.engines.finance_hub.admin_router,app\engines\finance_hub\admin_router.py,377,Finance Hub,False,True,list_audit_logs|require_finance_audit_read|get_current_user|<fastapi.security.http.HTTPBearer object at 0x0000012C233CCA70>|_svc|get_db|require_finance_hub_read|get_current_user|<fastapi.security.http.HTTPBearer object at 0x0000012C233CCA70>,get_current_user|get_current_user,,,,
GET,/v1/geo/meta,engine_meta,app.engines.geo.router,app\engines\geo\router.py,23,Geo Engine|Engine Registry,False,True,engine_meta,NONE,,,,
POST,/v1/geo/tenants/{tenant_id}/zones,create_zone,app.engines.geo.router,app\engines\geo\router.py,30,Geo Engine,False,True,create_zone|require_tenant_update|get_current_user|<fastapi.security.http.HTTPBearer object at 0x0000012C233CCA70>|_svc|get_db|get_current_user|<fastapi.security.http.HTTPBearer object at 0x0000012C233CCA70>,get_current_user|get_current_user,add|flush,,,
GET,/v1/geo/tenants/{tenant_id}/zones,list_zones,app.engines.geo.router,app\engines\geo\router.py,36,Geo Engine,False,True,list_zones|get_current_user|<fastapi.security.http.HTTPBearer object at 0x0000012C233CCA70>|_svc|get_db|get_current_user|<fastapi.security.http.HTTPBearer object at 0x0000012C233CCA70>,get_current_user|get_current_user,,,,
GET,/v1/geo/zones/{zone_id},get_zone,app.engines.geo.router,app\engines\geo\router.py,43,Geo Engine,False,True,get_zone|get_current_user|<fastapi.security.http.HTTPBearer object at 0x0000012C233CCA70>|_svc|get_db|get_current_user|<fastapi.security.http.HTTPBearer object at 0x0000012C233CCA70>,get_current_user|get_current_user,,,,
PUT,/v1/geo/zones/{zone_id},update_zone,app.engines.geo.router,app\engines\geo\router.py,49,Geo Engine,False,True,update_zone|require_tenant_update|get_current_user|<fastapi.security.http.HTTPBearer object at 0x0000012C233CCA70>|_svc|get_db|get_current_user|<fastapi.security.http.HTTPBearer object at 0x0000012C233CCA70>,get_current_user|get_current_user,,,,
DELETE,/v1/geo/zones/{zone_id},delete_zone,app.engines.geo.router,app\engines\geo\router.py,55,Geo Engine,False,True,delete_zone|require_tenant_update|get_current_user|<fastapi.security.http.HTTPBearer object at 0x0000012C233CCA70>|_svc|get_db|get_current_user|<fastapi.security.http.HTTPBearer object at 0x0000012C233CCA70>,get_current_user|get_current_user,,,,
GET,/v1/geo/tenants/{tenant_id}/zones/check,check_pincode,app.engines.geo.router,app\engines\geo\router.py,61,Geo Engine,False,True,check_pincode|get_current_user|<fastapi.security.http.HTTPBearer object at 0x0000012C233CCA70>|_svc|get_db|get_current_user|<fastapi.security.http.HTTPBearer object at 0x0000012C233CCA70>,get_current_user|get_current_user,,,,
POST,/v1/geo/tenants/{tenant_id}/staff/{staff_id}/location,update_location,app.engines.geo.router,app\engines\geo\router.py,68,Geo Engine,False,True,update_location|get_current_user|<fastapi.security.http.HTTPBearer object at 0x0000012C233CCA70>|_svc|get_db|get_current_user|<fastapi.security.http.HTTPBearer object at 0x0000012C233CCA70>,get_current_user|get_current_user,add|raw_sql,,,
GET,/v1/geo/tenants/{tenant_id}/staff/{staff_id}/location,get_location,app.engines.geo.router,app\engines\geo\router.py,79,Geo Engine,False,True,get_location|get_current_user|<fastapi.security.http.HTTPBearer object at 0x0000012C233CCA70>|_svc|get_db|get_current_user|<fastapi.security.http.HTTPBearer object at 0x0000012C233CCA70>,get_current_user|get_current_user,,,,
GET,/v1/geo/tenants/{tenant_id}/staff/radius,staff_in_radius,app.engines.geo.router,app\engines\geo\router.py,85,Geo Engine,False,True,staff_in_radius|get_current_user|<fastapi.security.http.HTTPBearer object at 0x0000012C233CCA70>|_svc|get_db|get_current_user|<fastapi.security.http.HTTPBearer object at 0x0000012C233CCA70>,get_current_user|get_current_user,,,,
GET,/v1/geo/tenants/{tenant_id}/coverage,coverage_map,app.engines.geo.router,app\engines\geo\router.py,94,Geo Engine,False,True,coverage_map|get_current_user|<fastapi.security.http.HTTPBearer object at 0x0000012C233CCA70>|_svc|get_db|get_current_user|<fastapi.security.http.HTTPBearer object at 0x0000012C233CCA70>,get_current_user|get_current_user,,,,
GET,/v1/dispatch/meta,engine_meta,app.engines.dispatch.router,app\engines\dispatch\router.py,22,Dispatch Engine|Engine Registry,False,True,engine_meta,NONE,,,,
POST,/v1/dispatch/jobs/{job_id}/dispatch,dispatch_job,app.engines.dispatch.router,app\engines\dispatch\router.py,30,Dispatch Engine,False,True,dispatch_job|require_tenant_update|get_current_user|<fastapi.security.http.HTTPBearer object at 0x0000012C233CCA70>|_svc|get_db|get_current_user|<fastapi.security.http.HTTPBearer object at 0x0000012C233CCA70>,get_current_user|get_current_user,add|flush,,,
GET,/v1/dispatch/jobs/{job_id},get_dispatch,app.engines.dispatch.router,app\engines\dispatch\router.py,41,Dispatch Engine,False,True,get_dispatch|get_current_user|<fastapi.security.http.HTTPBearer object at 0x0000012C233CCA70>|_svc|get_db|get_current_user|<fastapi.security.http.HTTPBearer object at 0x0000012C233CCA70>,get_current_user|get_current_user,,,,
GET,/v1/dispatch/tenants/{tenant_id}/records,list_records,app.engines.dispatch.router,app\engines\dispatch\router.py,47,Dispatch Engine,False,True,list_records|get_current_user|<fastapi.security.http.HTTPBearer object at 0x0000012C233CCA70>|_svc|get_db|get_current_user|<fastapi.security.http.HTTPBearer object at 0x0000012C233CCA70>,get_current_user|get_current_user,,,,
POST,/v1/dispatch/jobs/{job_id}/accept,accept_job,app.engines.dispatch.router,app\engines\dispatch\router.py,55,Dispatch Engine,False,True,accept_job|get_current_user|<fastapi.security.http.HTTPBearer object at 0x0000012C233CCA70>|_svc|get_db|get_current_user|<fastapi.security.http.HTTPBearer object at 0x0000012C233CCA70>,get_current_user|get_current_user,add,,,
POST,/v1/dispatch/jobs/{job_id}/reject,reject_job,app.engines.dispatch.router,app\engines\dispatch\router.py,62,Dispatch Engine,False,True,reject_job|get_current_user|<fastapi.security.http.HTTPBearer object at 0x0000012C233CCA70>|_svc|get_db|get_current_user|<fastapi.security.http.HTTPBearer object at 0x0000012C233CCA70>,get_current_user|get_current_user,add,,,
POST,/v1/dispatch/jobs/{job_id}/reassign,reassign,app.engines.dispatch.router,app\engines\dispatch\router.py,69,Dispatch Engine,False,True,reassign|require_tenant_update|get_current_user|<fastapi.security.http.HTTPBearer object at 0x0000012C233CCA70>|_svc|get_db|get_current_user|<fastapi.security.http.HTTPBearer object at 0x0000012C233CCA70>,get_current_user|get_current_user,add,,,
GET,/v1/dispatch/tenants/{tenant_id}/queue,dispatch_queue,app.engines.dispatch.router,app\engines\dispatch\router.py,76,Dispatch Engine,False,True,dispatch_queue|get_current_user|<fastapi.security.http.HTTPBearer object at 0x0000012C233CCA70>|_svc|get_db|get_current_user|<fastapi.security.http.HTTPBearer object at 0x0000012C233CCA70>,get_current_user|get_current_user,,,,
GET,/v1/dispatch/jobs/{job_id}/scoring,scoring_breakdown,app.engines.dispatch.router,app\engines\dispatch\router.py,82,Dispatch Engine,False,True,scoring_breakdown|get_current_user|<fastapi.security.http.HTTPBearer object at 0x0000012C233CCA70>|_svc|get_db|get_current_user|<fastapi.security.http.HTTPBearer object at 0x0000012C233CCA70>,get_current_user|get_current_user,,,,
GET,/v1/jobs/meta,engine_meta,app.engines.field_ops.router,app\engines\field_ops\router.py,33,Field Ops Engine|Job Status Lifecycle|Engine Registry,False,True,engine_meta,NONE,,,,
POST,/v1/jobs,create_job,app.engines.field_ops.router,app\engines\field_ops\router.py,43,Field Ops Engine|Job Status Lifecycle,False,True,create_job|require_tenant_mutation_tenant_update|get_current_user|<fastapi.security.http.HTTPBearer object at 0x0000012C233CCA70>|_svc|get_db|get_current_user|<fastapi.security.http.HTTPBearer object at 0x0000012C233CCA70>,get_current_user|get_current_user,add|flush,,_write_history,self.actor_tenant_id
GET,/v1/jobs/sla-alerts,sla_alerts,app.engines.field_ops.router,app\engines\field_ops\router.py,55,Field Ops Engine|Job Status Lifecycle,False,True,sla_alerts|get_current_user|<fastapi.security.http.HTTPBearer object at 0x0000012C233CCA70>|_svc|get_db|get_current_user|<fastapi.security.http.HTTPBearer object at 0x0000012C233CCA70>,get_current_user|get_current_user,,,,
GET,/v1/jobs/{job_id},get_job,app.engines.field_ops.router,app\engines\field_ops\router.py,63,Field Ops Engine|Job Status Lifecycle,False,True,get_job|get_current_user|<fastapi.security.http.HTTPBearer object at 0x0000012C233CCA70>|_svc|get_db|get_current_user|<fastapi.security.http.HTTPBearer object at 0x0000012C233CCA70>,get_current_user|get_current_user,,,,self.actor_tenant_id
GET,/v1/jobs,list_jobs,app.engines.field_ops.router,app\engines\field_ops\router.py,74,Field Ops Engine|Job Status Lifecycle,False,True,list_jobs|get_current_user|<fastapi.security.http.HTTPBearer object at 0x0000012C233CCA70>|_svc|get_db|get_current_user|<fastapi.security.http.HTTPBearer object at 0x0000012C233CCA70>,get_current_user|get_current_user,,,,self.actor_tenant_id
GET,/v1/jobs/admin/summary,ops_summary,app.engines.field_ops.router,app\engines\field_ops\router.py,101,Field Ops Engine|Job Status Lifecycle,False,True,ops_summary|require_super_admin|get_current_user|<fastapi.security.http.HTTPBearer object at 0x0000012C233CCA70>|_svc|get_db|get_current_user|<fastapi.security.http.HTTPBearer object at 0x0000012C233CCA70>,require_super_admin|get_current_user|get_current_user,,,,
GET,/v1/jobs/admin/all,list_jobs_admin,app.engines.field_ops.router,app\engines\field_ops\router.py,109,Field Ops Engine|Job Status Lifecycle,False,True,list_jobs_admin|require_super_admin|get_current_user|<fastapi.security.http.HTTPBearer object at 0x0000012C233CCA70>|_svc|get_db|get_current_user|<fastapi.security.http.HTTPBearer object at 0x0000012C233CCA70>,require_super_admin|get_current_user|get_current_user,,,,
GET,/v1/jobs/staff/{staff_id}/earnings,staff_earnings,app.engines.field_ops.router,app\engines\field_ops\router.py,135,Field Ops Engine|Job Status Lifecycle,False,True,staff_earnings|get_current_user|<fastapi.security.http.HTTPBearer object at 0x0000012C233CCA70>|_svc|get_db|get_current_user|<fastapi.security.http.HTTPBearer object at 0x0000012C233CCA70>,get_current_user|get_current_user,,,,
POST,/v1/jobs/{job_id}/assign,assign_job,app.engines.field_ops.router,app\engines\field_ops\router.py,144,Field Ops Engine|Job Status Lifecycle|Job Assignment,False,True,assign_job|require_tenant_mutation_field_ops_jobs_assign|get_current_user|<fastapi.security.http.HTTPBearer object at 0x0000012C233CCA70>|_svc|get_db|get_current_user|<fastapi.security.http.HTTPBearer object at 0x0000012C233CCA70>,get_current_user|get_current_user,add,,_write_history,self.actor_tenant_id
POST,/v1/jobs/{job_id}/accept,accept_job,app.engines.field_ops.router,app\engines\field_ops\router.py,154,Field Ops Engine|Job Status Lifecycle|Staff Jobs,False,True,accept_job|require_staff_or_technician_only|get_current_user|<fastapi.security.http.HTTPBearer object at 0x0000012C233CCA70>|_svc|get_db|get_current_user|<fastapi.security.http.HTTPBearer object at 0x0000012C233CCA70>,require_staff_or_technician_only|get_current_user|get_current_user,add,,_write_history,
POST,/v1/jobs/{job_id}/reject-assignment,reject_assignment,app.engines.field_ops.router,app\engines\field_ops\router.py,163,Field Ops Engine|Job Status Lifecycle|Staff Jobs,False,True,reject_assignment|require_staff_or_technician_only|get_current_user|<fastapi.security.http.HTTPBearer object at 0x0000012C233CCA70>|_svc|get_db|get_current_user|<fastapi.security.http.HTTPBearer object at 0x0000012C233CCA70>,require_staff_or_technician_only|get_current_user|get_current_user,add,,_write_history,
PUT,/v1/jobs/{job_id}/status,update_status,app.engines.field_ops.router,app\engines\field_ops\router.py,172,Field Ops Engine|Job Status Lifecycle,False,True,update_status|require_tenant_mutation_field_ops_jobs_update|get_current_user|<fastapi.security.http.HTTPBearer object at 0x0000012C233CCA70>|_svc|get_db|get_current_user|<fastapi.security.http.HTTPBearer object at 0x0000012C233CCA70>,get_current_user|get_current_user,add,,_write_history,self.actor_tenant_id
POST,/v1/jobs/{job_id}/assessment/start,start_assessment,app.engines.field_ops.router,app\engines\field_ops\router.py,185,Field Ops Engine|Job Status Lifecycle|Job Assessment,False,True,start_assessment|require_staff_or_technician_only|get_current_user|<fastapi.security.http.HTTPBearer object at 0x0000012C233CCA70>|_svc|get_db|get_current_user|<fastapi.security.http.HTTPBearer object at 0x0000012C233CCA70>,require_staff_or_technician_only|get_current_user|get_current_user,add,,_write_history,
POST,/v1/jobs/{job_id}/assessment/complete,complete_assessment,app.engines.field_ops.router,app\engines\field_ops\router.py,199,Field Ops Engine|Job Status Lifecycle|Job Assessment,False,True,complete_assessment|require_staff_or_technician_only|get_current_user|<fastapi.security.http.HTTPBearer object at 0x0000012C233CCA70>|_svc|get_db|get_current_user|<fastapi.security.http.HTTPBearer object at 0x0000012C233CCA70>,require_staff_or_technician_only|get_current_user|get_current_user,add,,_write_history,
POST,/v1/jobs/{job_id}/quotes,create_job_quote,app.engines.field_ops.router,app\engines\field_ops\router.py,218,Field Ops Engine|Job Status Lifecycle|Job Quotes,False,True,create_job_quote|require_staff_or_above_mutation|require_staff_or_above|get_current_user|<fastapi.security.http.HTTPBearer object at 0x0000012C233CCA70>|_svc|get_db|get_current_user|<fastapi.security.http.HTTPBearer object at 0x0000012C233CCA70>,get_current_user|get_current_user,add|flush,,,self.actor_tenant_id
GET,/v1/jobs/{job_id}/quotes,list_job_quotes,app.engines.field_ops.router,app\engines\field_ops\router.py,232,Field Ops Engine|Job Status Lifecycle|Job Quotes,False,True,list_job_quotes|get_current_user|<fastapi.security.http.HTTPBearer object at 0x0000012C233CCA70>|_svc|get_db|get_current_user|<fastapi.security.http.HTTPBearer object at 0x0000012C233CCA70>,get_current_user|get_current_user,,,,
GET,/v1/jobs/{job_id}/quotes/{quote_id},get_job_quote,app.engines.field_ops.router,app\engines\field_ops\router.py,240,Field Ops Engine|Job Status Lifecycle|Job Quotes,False,True,get_job_quote|get_current_user|<fastapi.security.http.HTTPBearer object at 0x0000012C233CCA70>|_svc|get_db|get_current_user|<fastapi.security.http.HTTPBearer object at 0x0000012C233CCA70>,get_current_user|get_current_user,,,,
POST,/v1/jobs/{job_id}/quotes/{quote_id}/send,send_job_quote,app.engines.field_ops.router,app\engines\field_ops\router.py,248,Field Ops Engine|Job Status Lifecycle|Job Quotes,False,True,send_job_quote|require_staff_or_above_mutation|require_staff_or_above|get_current_user|<fastapi.security.http.HTTPBearer object at 0x0000012C233CCA70>|_svc|get_db|get_current_user|<fastapi.security.http.HTTPBearer object at 0x0000012C233CCA70>,get_current_user|get_current_user,add,,_write_history,self.actor_tenant_id
POST,/v1/jobs/{job_id}/quotes/{quote_id}/approve,approve_job_quote,app.engines.field_ops.router,app\engines\field_ops\router.py,256,Field Ops Engine|Job Status Lifecycle|Job Quotes,False,True,approve_job_quote|require_customer|get_current_user|<fastapi.security.http.HTTPBearer object at 0x0000012C233CCA70>|_svc|get_db|get_current_user|<fastapi.security.http.HTTPBearer object at 0x0000012C233CCA70>,require_customer|get_current_user|get_current_user,add,,_write_history,
POST,/v1/jobs/{job_id}/quotes/{quote_id}/reject,reject_job_quote,app.engines.field_ops.router,app\engines\field_ops\router.py,264,Field Ops Engine|Job Status Lifecycle|Job Quotes,False,True,reject_job_quote|require_customer|get_current_user|<fastapi.security.http.HTTPBearer object at 0x0000012C233CCA70>|_svc|get_db|get_current_user|<fastapi.security.http.HTTPBearer object at 0x0000012C233CCA70>,require_customer|get_current_user|get_current_user,add,,_write_history,
POST,/v1/jobs/{job_id}/convert-to-repair,convert_to_repair,app.engines.field_ops.router,app\engines\field_ops\router.py,275,Field Ops Engine|Job Status Lifecycle|Consultation Conversion,False,True,convert_to_repair|require_tenant_mutation_field_ops_jobs_assign|get_current_user|<fastapi.security.http.HTTPBearer object at 0x0000012C233CCA70>|_svc|get_db|get_current_user|<fastapi.security.http.HTTPBearer object at 0x0000012C233CCA70>,get_current_user|get_current_user,add|flush,,_write_history,self.actor_tenant_id
GET,/v1/jobs/{job_id}/checklist,get_checklist,app.engines.field_ops.router,app\engines\field_ops\router.py,288,Field Ops Engine|Job Status Lifecycle|Job Checklist,False,True,get_checklist|get_current_user|<fastapi.security.http.HTTPBearer object at 0x0000012C233CCA70>|_svc|get_db|get_current_user|<fastapi.security.http.HTTPBearer object at 0x0000012C233CCA70>,get_current_user|get_current_user,,,,self.actor_tenant_id
POST,/v1/jobs/{job_id}/checklist/start,start_checklist,app.engines.field_ops.router,app\engines\field_ops\router.py,296,Field Ops Engine|Job Status Lifecycle|Job Checklist,False,True,start_checklist|require_staff_or_technician_only|get_current_user|<fastapi.security.http.HTTPBearer object at 0x0000012C233CCA70>|_svc|get_db|get_current_user|<fastapi.security.http.HTTPBearer object at 0x0000012C233CCA70>,require_staff_or_technician_only|get_current_user|get_current_user,add,,_write_history,
PUT,/v1/jobs/{job_id}/checklist/items/{item_id},update_checklist_item,app.engines.field_ops.router,app\engines\field_ops\router.py,305,Field Ops Engine|Job Status Lifecycle|Job Checklist,False,True,update_checklist_item|require_staff_or_technician_only|get_current_user|<fastapi.security.http.HTTPBearer object at 0x0000012C233CCA70>|_svc|get_db|get_current_user|<fastapi.security.http.HTTPBearer object at 0x0000012C233CCA70>,require_staff_or_technician_only|get_current_user|get_current_user,,,,
POST,/v1/jobs/{job_id}/checklist/complete,complete_checklist,app.engines.field_ops.router,app\engines\field_ops\router.py,318,Field Ops Engine|Job Status Lifecycle|Job Checklist,False,True,complete_checklist|require_staff_or_technician_only|get_current_user|<fastapi.security.http.HTTPBearer object at 0x0000012C233CCA70>|_svc|get_db|get_current_user|<fastapi.security.http.HTTPBearer object at 0x0000012C233CCA70>,require_staff_or_technician_only|get_current_user|get_current_user,add,,_write_history,
GET,/v1/jobs/{job_id}/history,get_history,app.engines.field_ops.router,app\engines\field_ops\router.py,326,Field Ops Engine|Job Status Lifecycle|Job Status Lifecycle,False,True,get_history|get_current_user|<fastapi.security.http.HTTPBearer object at 0x0000012C233CCA70>|_svc|get_db|get_current_user|<fastapi.security.http.HTTPBearer object at 0x0000012C233CCA70>,get_current_user|get_current_user,,,,self.actor_tenant_id
GET,/v1/jobs/{job_id}/valid-next-statuses,valid_next_statuses,app.engines.field_ops.router,app\engines\field_ops\router.py,334,Field Ops Engine|Job Status Lifecycle|Job Status Lifecycle,False,True,valid_next_statuses|get_current_user|<fastapi.security.http.HTTPBearer object at 0x0000012C233CCA70>|_svc|get_db|get_current_user|<fastapi.security.http.HTTPBearer object at 0x0000012C233CCA70>,get_current_user|get_current_user,,,,self.actor_tenant_id
GET,/v1/jobs/{job_id}/transitions,get_transitions,app.engines.field_ops.router,app\engines\field_ops\router.py,342,Field Ops Engine|Job Status Lifecycle,False,True,get_transitions|get_current_user|<fastapi.security.http.HTTPBearer object at 0x0000012C233CCA70>|_svc|get_db|get_current_user|<fastapi.security.http.HTTPBearer object at 0x0000012C233CCA70>,get_current_user|get_current_user,,,,
POST,/v1/jobs/{job_id}/findings,submit_findings,app.engines.field_ops.router,app\engines\field_ops\router.py,350,Field Ops Engine|Job Status Lifecycle,False,True,submit_findings|require_staff_or_technician_only|get_current_user|<fastapi.security.http.HTTPBearer object at 0x0000012C233CCA70>|_svc|get_db|get_current_user|<fastapi.security.http.HTTPBearer object at 0x0000012C233CCA70>,require_staff_or_technician_only|get_current_user|get_current_user,add,,_write_history,
PUT,/v1/jobs/{job_id}/checklist,update_checklist,app.engines.field_ops.router,app\engines\field_ops\router.py,360,Field Ops Engine|Job Status Lifecycle,False,True,update_checklist|require_staff_or_technician_only|get_current_user|<fastapi.security.http.HTTPBearer object at 0x0000012C233CCA70>|_svc|get_db|get_current_user|<fastapi.security.http.HTTPBearer object at 0x0000012C233CCA70>,require_staff_or_technician_only|get_current_user|get_current_user,raw_sql,,,
POST,/v1/jobs/{job_id}/quote,create_quote,app.engines.field_ops.router,app\engines\field_ops\router.py,369,Field Ops Engine|Job Status Lifecycle,False,True,create_quote|require_staff_or_above_mutation|require_staff_or_above|get_current_user|<fastapi.security.http.HTTPBearer object at 0x0000012C233CCA70>|_svc|get_db|get_current_user|<fastapi.security.http.HTTPBearer object at 0x0000012C233CCA70>,get_current_user|get_current_user,add|flush,,_write_history,self.actor_tenant_id
POST,/v1/jobs/quotes/{quote_id}/respond,respond_to_quote,app.engines.field_ops.router,app\engines\field_ops\router.py,383,Field Ops Engine|Job Status Lifecycle,False,True,respond_to_quote|require_customer|get_current_user|<fastapi.security.http.HTTPBearer object at 0x0000012C233CCA70>|_svc|get_db|get_current_user|<fastapi.security.http.HTTPBearer object at 0x0000012C233CCA70>,require_customer|get_current_user|get_current_user,add,,_write_history,
POST,/v1/jobs/{job_id}/spawn-repair,spawn_repair,app.engines.field_ops.router,app\engines\field_ops\router.py,403,Field Ops Engine|Job Status Lifecycle,False,True,spawn_repair|require_tenant_mutation_tenant_update|get_current_user|<fastapi.security.http.HTTPBearer object at 0x0000012C233CCA70>|_svc|get_db|get_current_user|<fastapi.security.http.HTTPBearer object at 0x0000012C233CCA70>,get_current_user|get_current_user,,,,self.actor_tenant_id
POST,/v1/jobs/{job_id}/close,close_job,app.engines.field_ops.router,app\engines\field_ops\router.py,411,Field Ops Engine|Job Status Lifecycle|Job Financial Closure,False,True,close_job|require_tenant_mutation_field_ops_jobs_close|get_current_user|<fastapi.security.http.HTTPBearer object at 0x0000012C233CCA70>|_billing_svc|get_db|get_current_user|<fastapi.security.http.HTTPBearer object at 0x0000012C233CCA70>,get_current_user|get_current_user,add,,_write_history,self.actor_tenant_id
POST,/v1/jobs/{job_id}/generate-invoice,generate_invoice,app.engines.field_ops.router,app\engines\field_ops\router.py,421,Field Ops Engine|Job Status Lifecycle|Invoices,False,True,generate_invoice|require_tenant_mutation_field_ops_jobs_close|get_current_user|<fastapi.security.http.HTTPBearer object at 0x0000012C233CCA70>|_billing_svc|get_db|get_current_user|<fastapi.security.http.HTTPBearer object at 0x0000012C233CCA70>,get_current_user|get_current_user,add|flush,,_write_history,self.actor_tenant_id
POST,/v1/jobs/{job_id}/record-payment,record_payment,app.engines.field_ops.router,app\engines\field_ops\router.py,430,Field Ops Engine|Job Status Lifecycle|Payments,False,True,record_payment|require_tenant_mutation_field_ops_jobs_close|get_current_user|<fastapi.security.http.HTTPBearer object at 0x0000012C233CCA70>|_billing_svc|get_db|get_current_user|<fastapi.security.http.HTTPBearer object at 0x0000012C233CCA70>,get_current_user|get_current_user,add|flush,,_write_history,self.actor_tenant_id
POST,/v1/jobs/{job_id}/deduct-commission,deduct_commission,app.engines.field_ops.router,app\engines\field_ops\router.py,439,Field Ops Engine|Job Status Lifecycle|Commission,False,True,deduct_commission|require_tenant_mutation_field_ops_jobs_close|get_current_user|<fastapi.security.http.HTTPBearer object at 0x0000012C233CCA70>|_billing_svc|get_db|get_current_user|<fastapi.security.http.HTTPBearer object at 0x0000012C233CCA70>,get_current_user|get_current_user,,,,self.actor_tenant_id
POST,/v1/jobs/{job_id}/financial-close,financial_close,app.engines.field_ops.router,app\engines\field_ops\router.py,447,Field Ops Engine|Job Status Lifecycle|Job Financial Closure,False,True,financial_close|require_tenant_mutation_field_ops_jobs_close|get_current_user|<fastapi.security.http.HTTPBearer object at 0x0000012C233CCA70>|_billing_svc|get_db|get_current_user|<fastapi.security.http.HTTPBearer object at 0x0000012C233CCA70>,get_current_user|get_current_user,add|flush,,_write_history,
GET,/v1/jobs/{job_id}/invoice,get_job_invoice_for_tenant,app.engines.field_ops.router,app\engines\field_ops\router.py,456,Field Ops Engine|Job Status Lifecycle|Invoices,False,True,get_job_invoice_for_tenant|require_field_ops_jobs_close|get_current_user|<fastapi.security.http.HTTPBearer object at 0x0000012C233CCA70>|_billing_svc|get_db|get_current_user|<fastapi.security.http.HTTPBearer object at 0x0000012C233CCA70>,get_current_user|get_current_user,,,,self.actor_tenant_id
POST,/v1/jobs/{job_id}/void,void_job,app.engines.field_ops.router,app\engines\field_ops\router.py,472,Field Ops Engine|Job Status Lifecycle,False,True,void_job|require_tenant_mutation_tenant_update|get_current_user|<fastapi.security.http.HTTPBearer object at 0x0000012C233CCA70>|_svc|get_db|get_current_user|<fastapi.security.http.HTTPBearer object at 0x0000012C233CCA70>,get_current_user|get_current_user,add,,_write_history,self.actor_tenant_id
GET,/v1/jobs/{job_id}/timeline,get_timeline,app.engines.field_ops.router,app\engines\field_ops\router.py,480,Field Ops Engine|Job Status Lifecycle,False,True,get_timeline|get_current_user|<fastapi.security.http.HTTPBearer object at 0x0000012C233CCA70>|_svc|get_db|get_current_user|<fastapi.security.http.HTTPBearer object at 0x0000012C233CCA70>,get_current_user|get_current_user,,,,
POST,/v1/jobs/{job_id}/notes,add_note,app.engines.field_ops.router,app\engines\field_ops\router.py,487,Field Ops Engine|Job Status Lifecycle,False,True,add_note|require_staff_or_above_mutation|require_staff_or_above|get_current_user|<fastapi.security.http.HTTPBearer object at 0x0000012C233CCA70>|_svc|get_db|get_current_user|<fastapi.security.http.HTTPBearer object at 0x0000012C233CCA70>,get_current_user|get_current_user,add|flush,,,self.actor_tenant_id
GET,/v1/jobs/{job_id}/notes,list_notes,app.engines.field_ops.router,app\engines\field_ops\router.py,505,Field Ops Engine|Job Status Lifecycle,False,True,list_notes|get_current_user|<fastapi.security.http.HTTPBearer object at 0x0000012C233CCA70>|_svc|get_db|get_current_user|<fastapi.security.http.HTTPBearer object at 0x0000012C233CCA70>,get_current_user|get_current_user,,,,self.actor_tenant_id
POST,/v1/jobs/{job_id}/media,add_media,app.engines.field_ops.router,app\engines\field_ops\router.py,512,Field Ops Engine|Job Status Lifecycle,False,True,add_media|require_staff_or_above_mutation|require_staff_or_above|get_current_user|<fastapi.security.http.HTTPBearer object at 0x0000012C233CCA70>|_svc|get_db|get_current_user|<fastapi.security.http.HTTPBearer object at 0x0000012C233CCA70>,get_current_user|get_current_user,add|flush,,,self.actor_tenant_id
GET,/v1/jobs/{job_id}/media,list_media,app.engines.field_ops.router,app\engines\field_ops\router.py,528,Field Ops Engine|Job Status Lifecycle,False,True,list_media|get_current_user|<fastapi.security.http.HTTPBearer object at 0x0000012C233CCA70>|_svc|get_db|get_current_user|<fastapi.security.http.HTTPBearer object at 0x0000012C233CCA70>,get_current_user|get_current_user,,,,self.actor_tenant_id
GET,/v1/jobs/{job_id}/sla,sla_status,app.engines.field_ops.router,app\engines\field_ops\router.py,535,Field Ops Engine|Job Status Lifecycle,False,True,sla_status|get_current_user|<fastapi.security.http.HTTPBearer object at 0x0000012C233CCA70>|_svc|get_db|get_current_user|<fastapi.security.http.HTTPBearer object at 0x0000012C233CCA70>,get_current_user|get_current_user,,,,
GET,/v1/jobs/tenants/{tenant_id}/counts,job_counts,app.engines.field_ops.router,app\engines\field_ops\router.py,542,Field Ops Engine|Job Status Lifecycle,False,True,job_counts|get_current_user|<fastapi.security.http.HTTPBearer object at 0x0000012C233CCA70>|_svc|get_db|get_current_user|<fastapi.security.http.HTTPBearer object at 0x0000012C233CCA70>,get_current_user|get_current_user,,,,
GET,/v1/jobs/track/{token},track_by_token,app.engines.field_ops.router,app\engines\field_ops\router.py,549,Field Ops Engine|Job Status Lifecycle,False,True,track_by_token|get_db,NONE,,,,
GET,/v1/staff/me/jobs,my_jobs,app.engines.field_ops.staff_router,app\engines\field_ops\staff_router.py,35,Staff Jobs,False,True,my_jobs|_svc|get_db|require_staff_or_technician_only|get_current_user|<fastapi.security.http.HTTPBearer object at 0x0000012C233CCA70>,require_staff_or_technician_only|get_current_user,,,,self.actor_tenant_id
GET,/v1/staff/me/jobs/{job_id},my_job_detail,app.engines.field_ops.staff_router,app\engines\field_ops\staff_router.py,50,Staff Jobs,False,True,my_job_detail|_svc|get_db|require_staff_or_technician_only|get_current_user|<fastapi.security.http.HTTPBearer object at 0x0000012C233CCA70>,require_staff_or_technician_only|get_current_user,,,,self.actor_tenant_id
POST,/v1/staff/me/jobs/{job_id}/accept,accept,app.engines.field_ops.staff_router,app\engines\field_ops\staff_router.py,56,Staff Jobs,False,True,accept|_svc|get_db|require_staff_or_technician_only|get_current_user|<fastapi.security.http.HTTPBearer object at 0x0000012C233CCA70>,require_staff_or_technician_only|get_current_user,add,,_write_history,
POST,/v1/staff/me/jobs/{job_id}/reject-assignment,reject,app.engines.field_ops.staff_router,app\engines\field_ops\staff_router.py,63,Staff Jobs,False,True,reject|_svc|get_db|require_staff_or_technician_only|get_current_user|<fastapi.security.http.HTTPBearer object at 0x0000012C233CCA70>,require_staff_or_technician_only|get_current_user,add,,_write_history,
PUT,/v1/staff/me/jobs/{job_id}/status,update_status,app.engines.field_ops.staff_router,app\engines\field_ops\staff_router.py,71,Staff Jobs,False,True,update_status|_svc|get_db|require_staff_or_technician_only|get_current_user|<fastapi.security.http.HTTPBearer object at 0x0000012C233CCA70>,require_staff_or_technician_only|get_current_user,add|raw_sql,,_write_history,self.actor_tenant_id
GET,/v1/staff/me/jobs/{job_id}/checklist,my_job_checklist,app.engines.field_ops.staff_router,app\engines\field_ops\staff_router.py,82,Staff Jobs,False,True,my_job_checklist|_svc|get_db|require_staff_or_technician_only|get_current_user|<fastapi.security.http.HTTPBearer object at 0x0000012C233CCA70>,require_staff_or_technician_only|get_current_user,,,,self.actor_tenant_id
POST,/v1/staff/me/jobs/{job_id}/checklist/start,my_job_checklist_start,app.engines.field_ops.staff_router,app\engines\field_ops\staff_router.py,89,Staff Jobs,False,True,my_job_checklist_start|_svc|get_db|require_staff_or_technician_only|get_current_user|<fastapi.security.http.HTTPBearer object at 0x0000012C233CCA70>,require_staff_or_technician_only|get_current_user,add,,_write_history,
PUT,/v1/staff/me/jobs/{job_id}/checklist/items/{item_id},my_job_checklist_item,app.engines.field_ops.staff_router,app\engines\field_ops\staff_router.py,96,Staff Jobs,False,True,my_job_checklist_item|_svc|get_db|require_staff_or_technician_only|get_current_user|<fastapi.security.http.HTTPBearer object at 0x0000012C233CCA70>,require_staff_or_technician_only|get_current_user,,,,
POST,/v1/staff/me/jobs/{job_id}/checklist/complete,my_job_checklist_complete,app.engines.field_ops.staff_router,app\engines\field_ops\staff_router.py,107,Staff Jobs,False,True,my_job_checklist_complete|_svc|get_db|require_staff_or_technician_only|get_current_user|<fastapi.security.http.HTTPBearer object at 0x0000012C233CCA70>,require_staff_or_technician_only|get_current_user,add,,_write_history,
GET,/v1/customer/jobs,my_jobs,app.engines.field_ops.customer_router,app\engines\field_ops\customer_router.py,39,Customer Job Tracking,False,True,my_jobs|get_current_user|<fastapi.security.http.HTTPBearer object at 0x0000012C233CCA70>|_svc|get_db|get_current_user|<fastapi.security.http.HTTPBearer object at 0x0000012C233CCA70>,get_current_user|get_current_user,,,,
GET,/v1/customer/jobs/{job_id},my_job_detail,app.engines.field_ops.customer_router,app\engines\field_ops\customer_router.py,48,Customer Job Tracking,False,True,my_job_detail|_svc|get_db|get_current_user|<fastapi.security.http.HTTPBearer object at 0x0000012C233CCA70>,get_current_user,,,,
GET,/v1/customer/jobs/{job_id}/progress,my_job_progress,app.engines.field_ops.customer_router,app\engines\field_ops\customer_router.py,54,Customer Job Tracking,False,True,my_job_progress|_svc|get_db|get_current_user|<fastapi.security.http.HTTPBearer object at 0x0000012C233CCA70>,get_current_user,,,,
GET,/v1/customer/jobs/{job_id}/checklist,my_job_checklist_summary,app.engines.field_ops.customer_router,app\engines\field_ops\customer_router.py,60,Customer Job Tracking|Job Checklist,False,True,my_job_checklist_summary|_svc|get_db|get_current_user|<fastapi.security.http.HTTPBearer object at 0x0000012C233CCA70>,get_current_user,,,,
GET,/v1/customer/jobs/{job_id}/invoice,my_job_invoice,app.engines.field_ops.customer_router,app\engines\field_ops\customer_router.py,68,Customer Job Tracking|Invoices,False,True,my_job_invoice|_billing_svc|get_db|get_current_user|<fastapi.security.http.HTTPBearer object at 0x0000012C233CCA70>,get_current_user,,,,
GET,/v1/customer/quotes,my_quotes,app.engines.field_ops.customer_router,app\engines\field_ops\customer_router.py,98,Customer Quotes,False,True,my_quotes|_svc|get_db|get_current_user|<fastapi.security.http.HTTPBearer object at 0x0000012C233CCA70>,get_current_user,,,,
GET,/v1/customer/quotes/{quote_id},my_quote_detail,app.engines.field_ops.customer_router,app\engines\field_ops\customer_router.py,110,Customer Quotes,False,True,my_quote_detail|_svc|get_db|get_current_user|<fastapi.security.http.HTTPBearer object at 0x0000012C233CCA70>,get_current_user,,,,
POST,/v1/customer/quotes/{quote_id}/approve,approve_my_quote,app.engines.field_ops.customer_router,app\engines\field_ops\customer_router.py,117,Customer Quotes,False,True,approve_my_quote|_svc|get_db|get_current_user|<fastapi.security.http.HTTPBearer object at 0x0000012C233CCA70>,get_current_user,,,_write_history,
POST,/v1/customer/quotes/{quote_id}/reject,reject_my_quote,app.engines.field_ops.customer_router,app\engines\field_ops\customer_router.py,126,Customer Quotes,False,True,reject_my_quote|_svc|get_db|get_current_user|<fastapi.security.http.HTTPBearer object at 0x0000012C233CCA70>,get_current_user,,,_write_history,
GET,/v1/tenant/checklist-templates,list_templates,app.engines.field_ops.checklist_router,app\engines\field_ops\checklist_router.py,31,Checklist Templates,False,True,list_templates|require_field_ops_checklist_manage|get_current_user|<fastapi.security.http.HTTPBearer object at 0x0000012C233CCA70>|_svc|get_db|require_field_ops_checklist_manage|get_current_user|<fastapi.security.http.HTTPBearer object at 0x0000012C233CCA70>,get_current_user|get_current_user,,,,_tenant_id()
POST,/v1/tenant/checklist-templates,create_template,app.engines.field_ops.checklist_router,app\engines\field_ops\checklist_router.py,39,Checklist Templates,False,True,create_template|require_tenant_mutation_field_ops_checklist_manage|get_current_user|<fastapi.security.http.HTTPBearer object at 0x0000012C233CCA70>|_svc|get_db|require_field_ops_checklist_manage|get_current_user|<fastapi.security.http.HTTPBearer object at 0x0000012C233CCA70>,get_current_user|get_current_user,add|flush,,,_tenant_id()
GET,/v1/tenant/checklist-templates/{template_id},get_template,app.engines.field_ops.checklist_router,app\engines\field_ops\checklist_router.py,49,Checklist Templates,False,True,get_template|require_field_ops_checklist_manage|get_current_user|<fastapi.security.http.HTTPBearer object at 0x0000012C233CCA70>|_svc|get_db|require_field_ops_checklist_manage|get_current_user|<fastapi.security.http.HTTPBearer object at 0x0000012C233CCA70>,get_current_user|get_current_user,,,,self.actor_tenant_id
PUT,/v1/tenant/checklist-templates/{template_id},update_template,app.engines.field_ops.checklist_router,app\engines\field_ops\checklist_router.py,57,Checklist Templates,False,True,update_template|require_tenant_mutation_field_ops_checklist_manage|get_current_user|<fastapi.security.http.HTTPBearer object at 0x0000012C233CCA70>|_svc|get_db|require_field_ops_checklist_manage|get_current_user|<fastapi.security.http.HTTPBearer object at 0x0000012C233CCA70>,get_current_user|get_current_user,raw_sql,,,self.actor_tenant_id
DELETE,/v1/tenant/checklist-templates/{template_id},delete_template,app.engines.field_ops.checklist_router,app\engines\field_ops\checklist_router.py,66,Checklist Templates,False,True,delete_template|require_tenant_mutation_field_ops_checklist_manage|get_current_user|<fastapi.security.http.HTTPBearer object at 0x0000012C233CCA70>|_svc|get_db|require_field_ops_checklist_manage|get_current_user|<fastapi.security.http.HTTPBearer object at 0x0000012C233CCA70>,get_current_user|get_current_user,,,,self.actor_tenant_id
GET,/v1/tenant/checklist-templates/{template_id}/items,list_items,app.engines.field_ops.checklist_router,app\engines\field_ops\checklist_router.py,74,Checklist Templates,False,True,list_items|require_field_ops_checklist_manage|get_current_user|<fastapi.security.http.HTTPBearer object at 0x0000012C233CCA70>|_svc|get_db|require_field_ops_checklist_manage|get_current_user|<fastapi.security.http.HTTPBearer object at 0x0000012C233CCA70>,get_current_user|get_current_user,,,,self.actor_tenant_id
POST,/v1/tenant/checklist-templates/{template_id}/items,add_item,app.engines.field_ops.checklist_router,app\engines\field_ops\checklist_router.py,82,Checklist Templates,False,True,add_item|require_tenant_mutation_field_ops_checklist_manage|get_current_user|<fastapi.security.http.HTTPBearer object at 0x0000012C233CCA70>|_svc|get_db|require_field_ops_checklist_manage|get_current_user|<fastapi.security.http.HTTPBearer object at 0x0000012C233CCA70>,get_current_user|get_current_user,add|flush,,,self.actor_tenant_id
PUT,/v1/tenant/checklist-templates/{template_id}/items/{item_id},update_item,app.engines.field_ops.checklist_router,app\engines\field_ops\checklist_router.py,92,Checklist Templates,False,True,update_item|require_tenant_mutation_field_ops_checklist_manage|get_current_user|<fastapi.security.http.HTTPBearer object at 0x0000012C233CCA70>|_svc|get_db|require_field_ops_checklist_manage|get_current_user|<fastapi.security.http.HTTPBearer object at 0x0000012C233CCA70>,get_current_user|get_current_user,raw_sql,,,
DELETE,/v1/tenant/checklist-templates/{template_id}/items/{item_id},delete_item,app.engines.field_ops.checklist_router,app\engines\field_ops\checklist_router.py,101,Checklist Templates,False,True,delete_item|require_tenant_mutation_field_ops_checklist_manage|get_current_user|<fastapi.security.http.HTTPBearer object at 0x0000012C233CCA70>|_svc|get_db|require_field_ops_checklist_manage|get_current_user|<fastapi.security.http.HTTPBearer object at 0x0000012C233CCA70>,get_current_user|get_current_user,,,,
GET,/v1/customer/invoices,my_invoices,app.engines.field_ops.customer_router,app\engines\field_ops\customer_router.py,80,Invoices,False,True,my_invoices|_billing_svc|get_db|get_current_user|<fastapi.security.http.HTTPBearer object at 0x0000012C233CCA70>,get_current_user,,,,
GET,/v1/customer/invoices/{invoice_id},my_invoice_detail,app.engines.field_ops.customer_router,app\engines\field_ops\customer_router.py,88,Invoices,False,True,my_invoice_detail|_billing_svc|get_db|get_current_user|<fastapi.security.http.HTTPBearer object at 0x0000012C233CCA70>,get_current_user,,,,
GET,/v1/tenant/finance/summary,finance_summary,app.engines.field_ops.tenant_finance_router,app\engines\field_ops\tenant_finance_router.py,27,Tenant Finance,False,True,finance_summary|require_tenant_billing_read|get_current_user|<fastapi.security.http.HTTPBearer object at 0x0000012C233CCA70>|_svc|get_db|require_tenant_billing_read|get_current_user|<fastapi.security.http.HTTPBearer object at 0x0000012C233CCA70>,get_current_user|get_current_user,,,,_tid()
GET,/v1/tenant/finance/invoices,finance_invoices,app.engines.field_ops.tenant_finance_router,app\engines\field_ops\tenant_finance_router.py,33,Tenant Finance,False,True,finance_invoices|require_tenant_billing_read|get_current_user|<fastapi.security.http.HTTPBearer object at 0x0000012C233CCA70>|_svc|get_db|require_tenant_billing_read|get_current_user|<fastapi.security.http.HTTPBearer object at 0x0000012C233CCA70>,get_current_user|get_current_user,,,,_tid()
GET,/v1/tenant/finance/payments,finance_payments,app.engines.field_ops.tenant_finance_router,app\engines\field_ops\tenant_finance_router.py,41,Tenant Finance,False,True,finance_payments|require_tenant_billing_read|get_current_user|<fastapi.security.http.HTTPBearer object at 0x0000012C233CCA70>|_svc|get_db|require_tenant_billing_read|get_current_user|<fastapi.security.http.HTTPBearer object at 0x0000012C233CCA70>,get_current_user|get_current_user,,,,_tid()
GET,/v1/tenant/finance/commissions,finance_commissions,app.engines.field_ops.tenant_finance_router,app\engines\field_ops\tenant_finance_router.py,47,Tenant Finance,False,True,finance_commissions|require_tenant_billing_read|get_current_user|<fastapi.security.http.HTTPBearer object at 0x0000012C233CCA70>|_svc|get_db|require_tenant_billing_read|get_current_user|<fastapi.security.http.HTTPBearer object at 0x0000012C233CCA70>,get_current_user|get_current_user,,,,_tid()
GET,/v1/tenant/wallet,get_wallet,app.engines.field_ops.tenant_finance_router,app\engines\field_ops\tenant_finance_router.py,53,Tenant Wallet,False,True,get_wallet|require_tenant_billing_read|get_current_user|<fastapi.security.http.HTTPBearer object at 0x0000012C233CCA70>|_svc|get_db|require_tenant_billing_read|get_current_user|<fastapi.security.http.HTTPBearer object at 0x0000012C233CCA70>,get_current_user|get_current_user,,,,_tid()
GET,/v1/tenant/wallet/ledger,get_wallet_ledger,app.engines.field_ops.tenant_finance_router,app\engines\field_ops\tenant_finance_router.py,59,Tenant Wallet,False,True,get_wallet_ledger|require_tenant_billing_read|get_current_user|<fastapi.security.http.HTTPBearer object at 0x0000012C233CCA70>|_svc|get_db|require_tenant_billing_read|get_current_user|<fastapi.security.http.HTTPBearer object at 0x0000012C233CCA70>,get_current_user|get_current_user,,,,_tid()
GET,/v1/admin/finance/invoices,admin_invoices,app.engines.field_ops.admin_finance_router,app\engines\field_ops\admin_finance_router.py,31,Admin Finance,False,True,admin_invoices|require_super_admin|get_current_user|<fastapi.security.http.HTTPBearer object at 0x0000012C233CCA70>|_svc|get_db|require_super_admin|get_current_user|<fastapi.security.http.HTTPBearer object at 0x0000012C233CCA70>,require_super_admin|get_current_user|require_super_admin|get_current_user,,,,
GET,/v1/admin/finance/payments,admin_payments,app.engines.field_ops.admin_finance_router,app\engines\field_ops\admin_finance_router.py,37,Admin Finance,False,True,admin_payments|require_super_admin|get_current_user|<fastapi.security.http.HTTPBearer object at 0x0000012C233CCA70>|_svc|get_db|require_super_admin|get_current_user|<fastapi.security.http.HTTPBearer object at 0x0000012C233CCA70>,require_super_admin|get_current_user|require_super_admin|get_current_user,,,,
GET,/v1/admin/finance/commissions,admin_commissions,app.engines.field_ops.admin_finance_router,app\engines\field_ops\admin_finance_router.py,43,Admin Finance,False,True,admin_commissions|require_super_admin|get_current_user|<fastapi.security.http.HTTPBearer object at 0x0000012C233CCA70>|_svc|get_db|require_super_admin|get_current_user|<fastapi.security.http.HTTPBearer object at 0x0000012C233CCA70>,require_super_admin|get_current_user|require_super_admin|get_current_user,,,,
GET,/v1/admin/tenants/{tenant_id}/wallet,admin_get_wallet,app.engines.field_ops.admin_finance_router,app\engines\field_ops\admin_finance_router.py,49,Admin Finance,False,True,admin_get_wallet|require_super_admin|get_current_user|<fastapi.security.http.HTTPBearer object at 0x0000012C233CCA70>|_svc|get_db|require_super_admin|get_current_user|<fastapi.security.http.HTTPBearer object at 0x0000012C233CCA70>,require_super_admin|get_current_user|require_super_admin|get_current_user,,,,
GET,/v1/admin/tenants/{tenant_id}/wallet/ledger,admin_get_wallet_ledger,app.engines.field_ops.admin_finance_router,app\engines\field_ops\admin_finance_router.py,56,Admin Finance,False,True,admin_get_wallet_ledger|require_super_admin|get_current_user|<fastapi.security.http.HTTPBearer object at 0x0000012C233CCA70>|_svc|get_db|require_super_admin|get_current_user|<fastapi.security.http.HTTPBearer object at 0x0000012C233CCA70>,require_super_admin|get_current_user|require_super_admin|get_current_user,,,,
POST,/v1/admin/tenants/{tenant_id}/wallet/top-up,admin_wallet_topup,app.engines.field_ops.admin_finance_router,app\engines\field_ops\admin_finance_router.py,64,Admin Finance,False,True,admin_wallet_topup|require_super_admin|get_current_user|<fastapi.security.http.HTTPBearer object at 0x0000012C233CCA70>|_svc|get_db|require_super_admin|get_current_user|<fastapi.security.http.HTTPBearer object at 0x0000012C233CCA70>,require_super_admin|get_current_user|require_super_admin|get_current_user,,,,
POST,/v1/admin/tenants/{tenant_id}/wallet/adjust,admin_wallet_adjust,app.engines.field_ops.admin_finance_router,app\engines\field_ops\admin_finance_router.py,74,Admin Finance,False,True,admin_wallet_adjust|require_super_admin|get_current_user|<fastapi.security.http.HTTPBearer object at 0x0000012C233CCA70>|_svc|get_db|require_super_admin|get_current_user|<fastapi.security.http.HTTPBearer object at 0x0000012C233CCA70>,require_super_admin|get_current_user|require_super_admin|get_current_user,,credit_wallet|debit_wallet,,
GET,/v1/admin/catalog/types/summary,types_summary,app.engines.admin_catalog.catalog_enterprise_router,app\engines\admin_catalog\catalog_enterprise_router.py,36,Catalog Enterprise,False,True,types_summary|_svc|get_db|get_current_user|<fastapi.security.http.HTTPBearer object at 0x0000012C233CCA70>,get_current_user,,,,
GET,/v1/admin/catalog/types/export,export_types,app.engines.admin_catalog.catalog_enterprise_router,app\engines\admin_catalog\catalog_enterprise_router.py,42,Catalog Enterprise,False,True,export_types|require_super_admin|get_current_user|<fastapi.security.http.HTTPBearer object at 0x0000012C233CCA70>|_svc|get_db|get_current_user|<fastapi.security.http.HTTPBearer object at 0x0000012C233CCA70>,require_super_admin|get_current_user|get_current_user,,,,
GET,/v1/admin/catalog/types,list_types,app.engines.admin_catalog.catalog_enterprise_router,app\engines\admin_catalog\catalog_enterprise_router.py,50,Catalog Enterprise,False,True,list_types|_svc|get_db|get_current_user|<fastapi.security.http.HTTPBearer object at 0x0000012C233CCA70>|require_super_admin|get_current_user|<fastapi.security.http.HTTPBearer object at 0x0000012C233CCA70>,get_current_user|require_super_admin|get_current_user,,,,
GET,/v1/admin/catalog/types/{type_id},get_type,app.engines.admin_catalog.catalog_enterprise_router,app\engines\admin_catalog\catalog_enterprise_router.py,73,Catalog Enterprise,False,True,get_type|_svc|get_db|get_current_user|<fastapi.security.http.HTTPBearer object at 0x0000012C233CCA70>,get_current_user,,,,
POST,/v1/admin/catalog/types,create_type,app.engines.admin_catalog.catalog_enterprise_router,app\engines\admin_catalog\catalog_enterprise_router.py,79,Catalog Enterprise,False,True,create_type|require_super_admin|get_current_user|<fastapi.security.http.HTTPBearer object at 0x0000012C233CCA70>|_svc|get_db|get_current_user|<fastapi.security.http.HTTPBearer object at 0x0000012C233CCA70>,require_super_admin|get_current_user|get_current_user,add|commit|flush,,,
PUT,/v1/admin/catalog/types/{type_id},update_type,app.engines.admin_catalog.catalog_enterprise_router,app\engines\admin_catalog\catalog_enterprise_router.py,87,Catalog Enterprise,False,True,update_type|require_super_admin|get_current_user|<fastapi.security.http.HTTPBearer object at 0x0000012C233CCA70>|_svc|get_db|get_current_user|<fastapi.security.http.HTTPBearer object at 0x0000012C233CCA70>,require_super_admin|get_current_user|get_current_user,commit|raw_sql,,,
POST,/v1/admin/catalog/types/{type_id}/activate,activate_type,app.engines.admin_catalog.catalog_enterprise_router,app\engines\admin_catalog\catalog_enterprise_router.py,94,Catalog Enterprise,False,True,activate_type|require_super_admin|get_current_user|<fastapi.security.http.HTTPBearer object at 0x0000012C233CCA70>|_svc|get_db|get_current_user|<fastapi.security.http.HTTPBearer object at 0x0000012C233CCA70>,require_super_admin|get_current_user|get_current_user,commit,,,
POST,/v1/admin/catalog/types/{type_id}/deactivate,deactivate_type,app.engines.admin_catalog.catalog_enterprise_router,app\engines\admin_catalog\catalog_enterprise_router.py,102,Catalog Enterprise,False,True,deactivate_type|require_super_admin|get_current_user|<fastapi.security.http.HTTPBearer object at 0x0000012C233CCA70>|_svc|get_db|get_current_user|<fastapi.security.http.HTTPBearer object at 0x0000012C233CCA70>,require_super_admin|get_current_user|get_current_user,commit,,,
POST,/v1/admin/catalog/types/{type_id}/archive,archive_type,app.engines.admin_catalog.catalog_enterprise_router,app\engines\admin_catalog\catalog_enterprise_router.py,110,Catalog Enterprise,False,True,archive_type|require_super_admin|get_current_user|<fastapi.security.http.HTTPBearer object at 0x0000012C233CCA70>|_svc|get_db|get_current_user|<fastapi.security.http.HTTPBearer object at 0x0000012C233CCA70>,require_super_admin|get_current_user|get_current_user,commit,,,
GET,/v1/admin/catalog/type-mappings/export,export_type_mappings,app.engines.admin_catalog.catalog_enterprise_router,app\engines\admin_catalog\catalog_enterprise_router.py,122,Catalog Enterprise,False,True,export_type_mappings|require_super_admin|get_current_user|<fastapi.security.http.HTTPBearer object at 0x0000012C233CCA70>|_svc|get_db|get_current_user|<fastapi.security.http.HTTPBearer object at 0x0000012C233CCA70>,require_super_admin|get_current_user|get_current_user,,,,
GET,/v1/admin/catalog/type-mappings,list_type_mappings,app.engines.admin_catalog.catalog_enterprise_router,app\engines\admin_catalog\catalog_enterprise_router.py,130,Catalog Enterprise,False,True,list_type_mappings|_svc|get_db|get_current_user|<fastapi.security.http.HTTPBearer object at 0x0000012C233CCA70>|require_super_admin|get_current_user|<fastapi.security.http.HTTPBearer object at 0x0000012C233CCA70>,get_current_user|require_super_admin|get_current_user,,,,
POST,/v1/admin/catalog/type-mappings,create_type_mapping,app.engines.admin_catalog.catalog_enterprise_router,app\engines\admin_catalog\catalog_enterprise_router.py,150,Catalog Enterprise,False,True,create_type_mapping|require_super_admin|get_current_user|<fastapi.security.http.HTTPBearer object at 0x0000012C233CCA70>|_svc|get_db|get_current_user|<fastapi.security.http.HTTPBearer object at 0x0000012C233CCA70>,require_super_admin|get_current_user|get_current_user,add|commit|flush,,,
PUT,/v1/admin/catalog/type-mappings/{mapping_id},update_type_mapping,app.engines.admin_catalog.catalog_enterprise_router,app\engines\admin_catalog\catalog_enterprise_router.py,158,Catalog Enterprise,False,True,update_type_mapping|require_super_admin|get_current_user|<fastapi.security.http.HTTPBearer object at 0x0000012C233CCA70>|_svc|get_db|get_current_user|<fastapi.security.http.HTTPBearer object at 0x0000012C233CCA70>,require_super_admin|get_current_user|get_current_user,commit|raw_sql,,,
DELETE,/v1/admin/catalog/type-mappings/{mapping_id},delete_type_mapping,app.engines.admin_catalog.catalog_enterprise_router,app\engines\admin_catalog\catalog_enterprise_router.py,166,Catalog Enterprise,False,True,delete_type_mapping|require_super_admin|get_current_user|<fastapi.security.http.HTTPBearer object at 0x0000012C233CCA70>|_svc|get_db|get_current_user|<fastapi.security.http.HTTPBearer object at 0x0000012C233CCA70>,require_super_admin|get_current_user|get_current_user,commit,,,
GET,/v1/admin/catalog/brands/summary,brand_summary,app.engines.admin_catalog.catalog_enterprise_router,app\engines\admin_catalog\catalog_enterprise_router.py,178,Catalog Enterprise,False,True,brand_summary|_svc|get_db|get_current_user|<fastapi.security.http.HTTPBearer object at 0x0000012C233CCA70>,get_current_user,,,,
GET,/v1/admin/catalog/brand-mappings/export,export_brand_mappings,app.engines.admin_catalog.catalog_enterprise_router,app\engines\admin_catalog\catalog_enterprise_router.py,188,Catalog Enterprise,False,True,export_brand_mappings|require_super_admin|get_current_user|<fastapi.security.http.HTTPBearer object at 0x0000012C233CCA70>|_svc|get_db|get_current_user|<fastapi.security.http.HTTPBearer object at 0x0000012C233CCA70>,require_super_admin|get_current_user|get_current_user,,,,
GET,/v1/admin/catalog/brand-mappings,list_brand_mappings,app.engines.admin_catalog.catalog_enterprise_router,app\engines\admin_catalog\catalog_enterprise_router.py,196,Catalog Enterprise,False,True,list_brand_mappings|_svc|get_db|get_current_user|<fastapi.security.http.HTTPBearer object at 0x0000012C233CCA70>|require_super_admin|get_current_user|<fastapi.security.http.HTTPBearer object at 0x0000012C233CCA70>,get_current_user|require_super_admin|get_current_user,,,,
POST,/v1/admin/catalog/brand-mappings,create_brand_mapping,app.engines.admin_catalog.catalog_enterprise_router,app\engines\admin_catalog\catalog_enterprise_router.py,216,Catalog Enterprise,False,True,create_brand_mapping|require_super_admin|get_current_user|<fastapi.security.http.HTTPBearer object at 0x0000012C233CCA70>|_svc|get_db|get_current_user|<fastapi.security.http.HTTPBearer object at 0x0000012C233CCA70>,require_super_admin|get_current_user|get_current_user,add|commit|flush,,,
PUT,/v1/admin/catalog/brand-mappings/{mapping_id},update_brand_mapping,app.engines.admin_catalog.catalog_enterprise_router,app\engines\admin_catalog\catalog_enterprise_router.py,224,Catalog Enterprise,False,True,update_brand_mapping|require_super_admin|get_current_user|<fastapi.security.http.HTTPBearer object at 0x0000012C233CCA70>|_svc|get_db|get_current_user|<fastapi.security.http.HTTPBearer object at 0x0000012C233CCA70>,require_super_admin|get_current_user|get_current_user,commit|raw_sql,,,
DELETE,/v1/admin/catalog/brand-mappings/{mapping_id},delete_brand_mapping,app.engines.admin_catalog.catalog_enterprise_router,app\engines\admin_catalog\catalog_enterprise_router.py,232,Catalog Enterprise,False,True,delete_brand_mapping|require_super_admin|get_current_user|<fastapi.security.http.HTTPBearer object at 0x0000012C233CCA70>|_svc|get_db|get_current_user|<fastapi.security.http.HTTPBearer object at 0x0000012C233CCA70>,require_super_admin|get_current_user|get_current_user,commit,,,
GET,/v1/admin/pricing-models,list_pricing_models,app.engines.admin_catalog.admin_router,app\engines\admin_catalog\admin_router.py,46,Admin Catalog|Pricing Models,False,True,list_pricing_models|get_current_user|<fastapi.security.http.HTTPBearer object at 0x0000012C233CCA70>,get_current_user,,,,
GET,/v1/admin/tiers,list_tiers,app.engines.admin_catalog.admin_router,app\engines\admin_catalog\admin_router.py,63,Admin Catalog|Pricing Tiers,False,True,list_tiers|require_catalog_tiers_read|get_current_user|<fastapi.security.http.HTTPBearer object at 0x0000012C233CCA70>|_svc|get_db|get_current_user|<fastapi.security.http.HTTPBearer object at 0x0000012C233CCA70>,get_current_user|get_current_user,,,,
GET,/v1/admin/tiers/summary,tiers_summary,app.engines.admin_catalog.admin_router,app\engines\admin_catalog\admin_router.py,79,Admin Catalog|Pricing Tiers,False,True,tiers_summary|require_catalog_tiers_read|get_current_user|<fastapi.security.http.HTTPBearer object at 0x0000012C233CCA70>|_svc|get_db|get_current_user|<fastapi.security.http.HTTPBearer object at 0x0000012C233CCA70>,get_current_user|get_current_user,,,,
GET,/v1/admin/tiers/export,export_tiers,app.engines.admin_catalog.admin_router,app\engines\admin_catalog\admin_router.py,87,Admin Catalog|Pricing Tiers,False,True,export_tiers|require_catalog_tiers_read|get_current_user|<fastapi.security.http.HTTPBearer object at 0x0000012C233CCA70>|_svc|get_db|get_current_user|<fastapi.security.http.HTTPBearer object at 0x0000012C233CCA70>,get_current_user|get_current_user,,,,
POST,/v1/admin/tiers,create_tier,app.engines.admin_catalog.admin_router,app\engines\admin_catalog\admin_router.py,97,Admin Catalog|Pricing Tiers,False,True,create_tier|require_catalog_tiers_write|get_current_user|<fastapi.security.http.HTTPBearer object at 0x0000012C233CCA70>|_svc|get_db|get_current_user|<fastapi.security.http.HTTPBearer object at 0x0000012C233CCA70>,get_current_user|get_current_user,add|flush,,_audit,
GET,/v1/admin/tiers/resolve-location,resolve_location_get,app.engines.admin_catalog.admin_router,app\engines\admin_catalog\admin_router.py,106,Admin Catalog|Pricing Tiers,False,True,resolve_location_get|require_super_admin|get_current_user|<fastapi.security.http.HTTPBearer object at 0x0000012C233CCA70>|_svc|get_db|get_current_user|<fastapi.security.http.HTTPBearer object at 0x0000012C233CCA70>,require_super_admin|get_current_user|get_current_user,,,,
POST,/v1/admin/tiers/resolve-location,resolve_location_post,app.engines.admin_catalog.admin_router,app\engines\admin_catalog\admin_router.py,119,Admin Catalog|Pricing Tiers,False,True,resolve_location_post|require_super_admin|get_current_user|<fastapi.security.http.HTTPBearer object at 0x0000012C233CCA70>|_svc|get_db|get_current_user|<fastapi.security.http.HTTPBearer object at 0x0000012C233CCA70>,require_super_admin|get_current_user|get_current_user,,,,
GET,/v1/admin/tiers/{tier_id}/detail,get_tier_detail,app.engines.admin_catalog.admin_router,app\engines\admin_catalog\admin_router.py,129,Admin Catalog|Pricing Tiers,False,True,get_tier_detail|require_catalog_tiers_read|get_current_user|<fastapi.security.http.HTTPBearer object at 0x0000012C233CCA70>|_svc|get_db|get_current_user|<fastapi.security.http.HTTPBearer object at 0x0000012C233CCA70>,get_current_user|get_current_user,,,,
GET,/v1/admin/tiers/{tier_id},get_tier,app.engines.admin_catalog.admin_router,app\engines\admin_catalog\admin_router.py,137,Admin Catalog|Pricing Tiers,False,True,get_tier|require_super_admin|get_current_user|<fastapi.security.http.HTTPBearer object at 0x0000012C233CCA70>|_svc|get_db|get_current_user|<fastapi.security.http.HTTPBearer object at 0x0000012C233CCA70>,require_super_admin|get_current_user|get_current_user,,,,
PUT,/v1/admin/tiers/{tier_id},update_tier,app.engines.admin_catalog.admin_router,app\engines\admin_catalog\admin_router.py,145,Admin Catalog|Pricing Tiers,False,True,update_tier|require_catalog_tiers_write|get_current_user|<fastapi.security.http.HTTPBearer object at 0x0000012C233CCA70>|_svc|get_db|get_current_user|<fastapi.security.http.HTTPBearer object at 0x0000012C233CCA70>,get_current_user|get_current_user,add|flush|raw_sql,,_audit,
DELETE,/v1/admin/tiers/{tier_id},delete_tier,app.engines.admin_catalog.admin_router,app\engines\admin_catalog\admin_router.py,154,Admin Catalog|Pricing Tiers,False,True,delete_tier|require_catalog_tiers_write|get_current_user|<fastapi.security.http.HTTPBearer object at 0x0000012C233CCA70>|_svc|get_db|get_current_user|<fastapi.security.http.HTTPBearer object at 0x0000012C233CCA70>,get_current_user|get_current_user,add|flush,,_audit,
DELETE,/v1/admin/tiers/{tier_id}/hard-delete,hard_delete_tier,app.engines.admin_catalog.admin_router,app\engines\admin_catalog\admin_router.py,162,Admin Catalog|Pricing Tiers,False,True,hard_delete_tier|require_catalog_tiers_write|get_current_user|<fastapi.security.http.HTTPBearer object at 0x0000012C233CCA70>|_svc|get_db|get_current_user|<fastapi.security.http.HTTPBearer object at 0x0000012C233CCA70>,get_current_user|get_current_user,delete|flush,,,
GET,/v1/admin/tier-locations,list_tier_locations,app.engines.admin_catalog.admin_router,app\engines\admin_catalog\admin_router.py,175,Admin Catalog|Tier Locations,False,True,list_tier_locations|require_catalog_tiers_read|get_current_user|<fastapi.security.http.HTTPBearer object at 0x0000012C233CCA70>|_svc|get_db|get_current_user|<fastapi.security.http.HTTPBearer object at 0x0000012C233CCA70>,get_current_user|get_current_user,,,,
GET,/v1/admin/tier-locations/summary,tier_locations_summary,app.engines.admin_catalog.admin_router,app\engines\admin_catalog\admin_router.py,198,Admin Catalog|Tier Locations,False,True,tier_locations_summary|require_catalog_tiers_read|get_current_user|<fastapi.security.http.HTTPBearer object at 0x0000012C233CCA70>|_svc|get_db|get_current_user|<fastapi.security.http.HTTPBearer object at 0x0000012C233CCA70>,get_current_user|get_current_user,,,,
GET,/v1/admin/tier-locations/export,export_tier_locations,app.engines.admin_catalog.admin_router,app\engines\admin_catalog\admin_router.py,206,Admin Catalog|Tier Locations,False,True,export_tier_locations|require_catalog_tiers_read|get_current_user|<fastapi.security.http.HTTPBearer object at 0x0000012C233CCA70>|_svc|get_db|get_current_user|<fastapi.security.http.HTTPBearer object at 0x0000012C233CCA70>,get_current_user|get_current_user,,,,
POST,/v1/admin/tier-locations/import/preview,import_tier_locations_preview,app.engines.admin_catalog.admin_router,app\engines\admin_catalog\admin_router.py,224,Admin Catalog|Tier Locations,False,True,import_tier_locations_preview|require_catalog_tiers_write|get_current_user|<fastapi.security.http.HTTPBearer object at 0x0000012C233CCA70>|_svc|get_db|get_current_user|<fastapi.security.http.HTTPBearer object at 0x0000012C233CCA70>,get_current_user|get_current_user,add|flush,,,
POST,/v1/admin/tier-locations/import/confirm,import_tier_locations_confirm,app.engines.admin_catalog.admin_router,app\engines\admin_catalog\admin_router.py,235,Admin Catalog|Tier Locations,False,True,import_tier_locations_confirm|require_catalog_tiers_write|get_current_user|<fastapi.security.http.HTTPBearer object at 0x0000012C233CCA70>|_svc|get_db|get_current_user|<fastapi.security.http.HTTPBearer object at 0x0000012C233CCA70>,get_current_user|get_current_user,add|flush,,_audit,
GET,/v1/admin/tier-locations/imports,list_import_batches,app.engines.admin_catalog.admin_router,app\engines\admin_catalog\admin_router.py,246,Admin Catalog|Tier Locations,False,True,list_import_batches|require_catalog_tiers_read|get_current_user|<fastapi.security.http.HTTPBearer object at 0x0000012C233CCA70>|_svc|get_db|get_current_user|<fastapi.security.http.HTTPBearer object at 0x0000012C233CCA70>,get_current_user|get_current_user,,,,
GET,/v1/admin/tier-locations/imports/{batch_id},get_import_batch,app.engines.admin_catalog.admin_router,app\engines\admin_catalog\admin_router.py,256,Admin Catalog|Tier Locations,False,True,get_import_batch|require_catalog_tiers_read|get_current_user|<fastapi.security.http.HTTPBearer object at 0x0000012C233CCA70>|_svc|get_db|get_current_user|<fastapi.security.http.HTTPBearer object at 0x0000012C233CCA70>,get_current_user|get_current_user,,,,
POST,/v1/admin/tier-locations/bulk/change-tier,bulk_change_tier_locations,app.engines.admin_catalog.admin_router,app\engines\admin_catalog\admin_router.py,264,Admin Catalog|Tier Locations,False,True,bulk_change_tier_locations|require_catalog_tiers_write|get_current_user|<fastapi.security.http.HTTPBearer object at 0x0000012C233CCA70>|_svc|get_db|get_current_user|<fastapi.security.http.HTTPBearer object at 0x0000012C233CCA70>,get_current_user|get_current_user,commit,,,
POST,/v1/admin/tier-locations/bulk/deactivate,bulk_deactivate_tier_locations,app.engines.admin_catalog.admin_router,app\engines\admin_catalog\admin_router.py,275,Admin Catalog|Tier Locations,False,True,bulk_deactivate_tier_locations|require_catalog_tiers_write|get_current_user|<fastapi.security.http.HTTPBearer object at 0x0000012C233CCA70>|_svc|get_db|get_current_user|<fastapi.security.http.HTTPBearer object at 0x0000012C233CCA70>,get_current_user|get_current_user,commit,,,
POST,/v1/admin/tier-locations,create_tier_location,app.engines.admin_catalog.admin_router,app\engines\admin_catalog\admin_router.py,284,Admin Catalog|Tier Locations,False,True,create_tier_location|require_catalog_tiers_write|get_current_user|<fastapi.security.http.HTTPBearer object at 0x0000012C233CCA70>|_svc|get_db|get_current_user|<fastapi.security.http.HTTPBearer object at 0x0000012C233CCA70>,get_current_user|get_current_user,add|flush,,_audit,
PUT,/v1/admin/tier-locations/{location_id},update_tier_location,app.engines.admin_catalog.admin_router,app\engines\admin_catalog\admin_router.py,293,Admin Catalog|Tier Locations,False,True,update_tier_location|require_catalog_tiers_write|get_current_user|<fastapi.security.http.HTTPBearer object at 0x0000012C233CCA70>|_svc|get_db|get_current_user|<fastapi.security.http.HTTPBearer object at 0x0000012C233CCA70>,get_current_user|get_current_user,add|flush|raw_sql,,_audit,
DELETE,/v1/admin/tier-locations/{location_id},delete_tier_location,app.engines.admin_catalog.admin_router,app\engines\admin_catalog\admin_router.py,302,Admin Catalog|Tier Locations,False,True,delete_tier_location|require_catalog_tiers_write|get_current_user|<fastapi.security.http.HTTPBearer object at 0x0000012C233CCA70>|_svc|get_db|get_current_user|<fastapi.security.http.HTTPBearer object at 0x0000012C233CCA70>,get_current_user|get_current_user,add|flush,,_audit,
POST,/v1/admin/tier-locations/{location_id}/resolve-conflict,resolve_conflict_location,app.engines.admin_catalog.admin_router,app\engines\admin_catalog\admin_router.py,310,Admin Catalog|Tier Locations,False,True,resolve_conflict_location|require_catalog_tiers_write|get_current_user|<fastapi.security.http.HTTPBearer object at 0x0000012C233CCA70>|_svc|get_db|get_current_user|<fastapi.security.http.HTTPBearer object at 0x0000012C233CCA70>,get_current_user|get_current_user,commit,,,
GET,/v1/admin/service-categories,list_categories,app.engines.admin_catalog.admin_router,app\engines\admin_catalog\admin_router.py,326,Admin Catalog|Service Categories,False,True,list_categories|require_super_admin|get_current_user|<fastapi.security.http.HTTPBearer object at 0x0000012C233CCA70>|_svc|get_db|get_current_user|<fastapi.security.http.HTTPBearer object at 0x0000012C233CCA70>,require_super_admin|get_current_user|get_current_user,,,,
GET,/v1/admin/category-commission-rates,list_category_commission_rates,app.engines.admin_catalog.admin_router,app\engines\admin_catalog\admin_router.py,336,Admin Catalog|Commission,False,True,list_category_commission_rates|get_db|require_super_admin|get_current_user|<fastapi.security.http.HTTPBearer object at 0x0000012C233CCA70>,require_super_admin|get_current_user,,,,
PUT,/v1/admin/category-commission-rates/{category_id},set_category_commission_rate,app.engines.admin_catalog.admin_router,app\engines\admin_catalog\admin_router.py,371,Admin Catalog|Commission,False,True,set_category_commission_rate|get_db|require_super_admin|get_current_user|<fastapi.security.http.HTTPBearer object at 0x0000012C233CCA70>,require_super_admin|get_current_user,commit,,,
GET,/v1/admin/catalog/categories/options,category_options,app.engines.admin_catalog.admin_router,app\engines\admin_catalog\admin_router.py,406,Admin Catalog|Service Categories,False,True,category_options|get_db|require_super_admin|get_current_user|<fastapi.security.http.HTTPBearer object at 0x0000012C233CCA70>,require_super_admin|get_current_user,,,,
POST,/v1/admin/service-categories,create_category,app.engines.admin_catalog.admin_router,app\engines\admin_catalog\admin_router.py,442,Admin Catalog|Service Categories,False,True,create_category|require_super_admin|get_current_user|<fastapi.security.http.HTTPBearer object at 0x0000012C233CCA70>|_svc|get_db|get_current_user|<fastapi.security.http.HTTPBearer object at 0x0000012C233CCA70>,require_super_admin|get_current_user|get_current_user,add|flush,,,
GET,/v1/admin/service-categories/{category_id},get_category,app.engines.admin_catalog.admin_router,app\engines\admin_catalog\admin_router.py,451,Admin Catalog|Service Categories,False,True,get_category|require_super_admin|get_current_user|<fastapi.security.http.HTTPBearer object at 0x0000012C233CCA70>|_svc|get_db|get_current_user|<fastapi.security.http.HTTPBearer object at 0x0000012C233CCA70>,require_super_admin|get_current_user|get_current_user,,,,
PUT,/v1/admin/service-categories/{category_id},update_category,app.engines.admin_catalog.admin_router,app\engines\admin_catalog\admin_router.py,459,Admin Catalog|Service Categories,False,True,update_category|require_super_admin|get_current_user|<fastapi.security.http.HTTPBearer object at 0x0000012C233CCA70>|_svc|get_db|get_current_user|<fastapi.security.http.HTTPBearer object at 0x0000012C233CCA70>,require_super_admin|get_current_user|get_current_user,flush|raw_sql,,,
DELETE,/v1/admin/service-categories/{category_id},delete_category,app.engines.admin_catalog.admin_router,app\engines\admin_catalog\admin_router.py,468,Admin Catalog|Service Categories,False,True,delete_category|require_super_admin|get_current_user|<fastapi.security.http.HTTPBearer object at 0x0000012C233CCA70>|_svc|get_db|get_current_user|<fastapi.security.http.HTTPBearer object at 0x0000012C233CCA70>,require_super_admin|get_current_user|get_current_user,flush,,,
DELETE,/v1/admin/service-categories/{category_id}/hard-delete,hard_delete_category,app.engines.admin_catalog.admin_router,app\engines\admin_catalog\admin_router.py,476,Admin Catalog|Service Categories,False,True,hard_delete_category|require_super_admin|get_current_user|<fastapi.security.http.HTTPBearer object at 0x0000012C233CCA70>|_svc|get_db|get_current_user|<fastapi.security.http.HTTPBearer object at 0x0000012C233CCA70>,require_super_admin|get_current_user|get_current_user,delete|flush,,,
GET,/v1/admin/service-groups/summary,service_groups_summary,app.engines.admin_catalog.admin_router,app\engines\admin_catalog\admin_router.py,493,Admin Catalog|Service Groups,False,True,service_groups_summary|require_super_admin|get_current_user|<fastapi.security.http.HTTPBearer object at 0x0000012C233CCA70>|_svc|get_db|get_current_user|<fastapi.security.http.HTTPBearer object at 0x0000012C233CCA70>,require_super_admin|get_current_user|get_current_user,,,,
GET,/v1/admin/service-groups/export,export_service_groups,app.engines.admin_catalog.admin_router,app\engines\admin_catalog\admin_router.py,501,Admin Catalog|Service Groups,False,True,export_service_groups|require_super_admin|get_current_user|<fastapi.security.http.HTTPBearer object at 0x0000012C233CCA70>|_svc|get_db|get_current_user|<fastapi.security.http.HTTPBearer object at 0x0000012C233CCA70>,require_super_admin|get_current_user|get_current_user,,,,
GET,/v1/admin/service-groups,list_service_groups,app.engines.admin_catalog.admin_router,app\engines\admin_catalog\admin_router.py,512,Admin Catalog|Service Groups,False,True,list_service_groups|require_super_admin|get_current_user|<fastapi.security.http.HTTPBearer object at 0x0000012C233CCA70>|_svc|get_db|get_current_user|<fastapi.security.http.HTTPBearer object at 0x0000012C233CCA70>,require_super_admin|get_current_user|get_current_user,,,,
POST,/v1/admin/service-groups,create_service_group,app.engines.admin_catalog.admin_router,app\engines\admin_catalog\admin_router.py,532,Admin Catalog|Service Groups,False,True,create_service_group|require_super_admin|get_current_user|<fastapi.security.http.HTTPBearer object at 0x0000012C233CCA70>|_svc|get_db|get_current_user|<fastapi.security.http.HTTPBearer object at 0x0000012C233CCA70>,require_super_admin|get_current_user|get_current_user,add|flush,,,
GET,/v1/admin/service-groups/{group_id},get_service_group,app.engines.admin_catalog.admin_router,app\engines\admin_catalog\admin_router.py,541,Admin Catalog|Service Groups,False,True,get_service_group|require_super_admin|get_current_user|<fastapi.security.http.HTTPBearer object at 0x0000012C233CCA70>|_svc|get_db|get_current_user|<fastapi.security.http.HTTPBearer object at 0x0000012C233CCA70>,require_super_admin|get_current_user|get_current_user,,,,
PUT,/v1/admin/service-groups/{group_id},update_service_group,app.engines.admin_catalog.admin_router,app\engines\admin_catalog\admin_router.py,549,Admin Catalog|Service Groups,False,True,update_service_group|require_super_admin|get_current_user|<fastapi.security.http.HTTPBearer object at 0x0000012C233CCA70>|_svc|get_db|get_current_user|<fastapi.security.http.HTTPBearer object at 0x0000012C233CCA70>,require_super_admin|get_current_user|get_current_user,flush|raw_sql,,,
DELETE,/v1/admin/service-groups/{group_id},delete_service_group,app.engines.admin_catalog.admin_router,app\engines\admin_catalog\admin_router.py,558,Admin Catalog|Service Groups,False,True,delete_service_group|require_super_admin|get_current_user|<fastapi.security.http.HTTPBearer object at 0x0000012C233CCA70>|_svc|get_db|get_current_user|<fastapi.security.http.HTTPBearer object at 0x0000012C233CCA70>,require_super_admin|get_current_user|get_current_user,flush,,,
POST,/v1/admin/service-groups/{group_id}/activate,activate_service_group,app.engines.admin_catalog.admin_router,app\engines\admin_catalog\admin_router.py,566,Admin Catalog|Service Groups,False,True,activate_service_group|require_super_admin|get_current_user|<fastapi.security.http.HTTPBearer object at 0x0000012C233CCA70>|_svc|get_db|get_current_user|<fastapi.security.http.HTTPBearer object at 0x0000012C233CCA70>,require_super_admin|get_current_user|get_current_user,flush,,,
POST,/v1/admin/service-groups/{group_id}/deactivate,deactivate_service_group,app.engines.admin_catalog.admin_router,app\engines\admin_catalog\admin_router.py,574,Admin Catalog|Service Groups,False,True,deactivate_service_group|require_super_admin|get_current_user|<fastapi.security.http.HTTPBearer object at 0x0000012C233CCA70>|_svc|get_db|get_current_user|<fastapi.security.http.HTTPBearer object at 0x0000012C233CCA70>,require_super_admin|get_current_user|get_current_user,flush,,,
POST,/v1/admin/service-groups/{group_id}/archive,archive_service_group,app.engines.admin_catalog.admin_router,app\engines\admin_catalog\admin_router.py,582,Admin Catalog|Service Groups,False,True,archive_service_group|require_super_admin|get_current_user|<fastapi.security.http.HTTPBearer object at 0x0000012C233CCA70>|_svc|get_db|get_current_user|<fastapi.security.http.HTTPBearer object at 0x0000012C233CCA70>,require_super_admin|get_current_user|get_current_user,flush,,,
GET,/v1/admin/master-services/summary,master_services_summary,app.engines.admin_catalog.admin_router,app\engines\admin_catalog\admin_router.py,590,Admin Catalog|Master Services,False,True,master_services_summary|require_super_admin|get_current_user|<fastapi.security.http.HTTPBearer object at 0x0000012C233CCA70>|_svc|get_db|get_current_user|<fastapi.security.http.HTTPBearer object at 0x0000012C233CCA70>,require_super_admin|get_current_user|get_current_user,,,,
GET,/v1/admin/master-services/export,export_master_services,app.engines.admin_catalog.admin_router,app\engines\admin_catalog\admin_router.py,598,Admin Catalog|Master Services,False,True,export_master_services|require_super_admin|get_current_user|<fastapi.security.http.HTTPBearer object at 0x0000012C233CCA70>|_svc|get_db|get_current_user|<fastapi.security.http.HTTPBearer object at 0x0000012C233CCA70>,require_super_admin|get_current_user|get_current_user,,,,
GET,/v1/admin/master-services,list_master_services,app.engines.admin_catalog.admin_router,app\engines\admin_catalog\admin_router.py,614,Admin Catalog|Master Services,False,True,list_master_services|require_super_admin|get_current_user|<fastapi.security.http.HTTPBearer object at 0x0000012C233CCA70>|_svc|get_db|get_current_user|<fastapi.security.http.HTTPBearer object at 0x0000012C233CCA70>,require_super_admin|get_current_user|get_current_user,,,,
POST,/v1/admin/master-services,create_master_service,app.engines.admin_catalog.admin_router,app\engines\admin_catalog\admin_router.py,637,Admin Catalog|Master Services,False,True,create_master_service|require_super_admin|get_current_user|<fastapi.security.http.HTTPBearer object at 0x0000012C233CCA70>|_svc|get_db|get_current_user|<fastapi.security.http.HTTPBearer object at 0x0000012C233CCA70>,require_super_admin|get_current_user|get_current_user,add|flush,,,
GET,/v1/admin/master-services/{service_id},get_master_service,app.engines.admin_catalog.admin_router,app\engines\admin_catalog\admin_router.py,646,Admin Catalog|Master Services,False,True,get_master_service|require_super_admin|get_current_user|<fastapi.security.http.HTTPBearer object at 0x0000012C233CCA70>|_svc|get_db|get_current_user|<fastapi.security.http.HTTPBearer object at 0x0000012C233CCA70>,require_super_admin|get_current_user|get_current_user,,,,
PUT,/v1/admin/master-services/{service_id},update_master_service,app.engines.admin_catalog.admin_router,app\engines\admin_catalog\admin_router.py,654,Admin Catalog|Master Services,False,True,update_master_service|require_super_admin|get_current_user|<fastapi.security.http.HTTPBearer object at 0x0000012C233CCA70>|_svc|get_db|get_current_user|<fastapi.security.http.HTTPBearer object at 0x0000012C233CCA70>,require_super_admin|get_current_user|get_current_user,flush|raw_sql,,,
DELETE,/v1/admin/master-services/{service_id},delete_master_service,app.engines.admin_catalog.admin_router,app\engines\admin_catalog\admin_router.py,663,Admin Catalog|Master Services,False,True,delete_master_service|require_super_admin|get_current_user|<fastapi.security.http.HTTPBearer object at 0x0000012C233CCA70>|_svc|get_db|get_current_user|<fastapi.security.http.HTTPBearer object at 0x0000012C233CCA70>,require_super_admin|get_current_user|get_current_user,flush,,,
DELETE,/v1/admin/master-services/{service_id}/hard-delete,hard_delete_master_service,app.engines.admin_catalog.admin_router,app\engines\admin_catalog\admin_router.py,671,Admin Catalog|Master Services,False,True,hard_delete_master_service|require_super_admin|get_current_user|<fastapi.security.http.HTTPBearer object at 0x0000012C233CCA70>|_svc|get_db|get_current_user|<fastapi.security.http.HTTPBearer object at 0x0000012C233CCA70>,require_super_admin|get_current_user|get_current_user,delete|flush,,,
POST,/v1/admin/master-services/{service_id}/activate,activate_master_service,app.engines.admin_catalog.admin_router,app\engines\admin_catalog\admin_router.py,680,Admin Catalog|Master Services,False,True,activate_master_service|require_super_admin|get_current_user|<fastapi.security.http.HTTPBearer object at 0x0000012C233CCA70>|_svc|get_db|get_current_user|<fastapi.security.http.HTTPBearer object at 0x0000012C233CCA70>,require_super_admin|get_current_user|get_current_user,flush,,,
POST,/v1/admin/master-services/{service_id}/deactivate,deactivate_master_service,app.engines.admin_catalog.admin_router,app\engines\admin_catalog\admin_router.py,688,Admin Catalog|Master Services,False,True,deactivate_master_service|require_super_admin|get_current_user|<fastapi.security.http.HTTPBearer object at 0x0000012C233CCA70>|_svc|get_db|get_current_user|<fastapi.security.http.HTTPBearer object at 0x0000012C233CCA70>,require_super_admin|get_current_user|get_current_user,flush,,,
POST,/v1/admin/master-services/{service_id}/archive,archive_master_service,app.engines.admin_catalog.admin_router,app\engines\admin_catalog\admin_router.py,696,Admin Catalog|Master Services,False,True,archive_master_service|require_super_admin|get_current_user|<fastapi.security.http.HTTPBearer object at 0x0000012C233CCA70>|_svc|get_db|get_current_user|<fastapi.security.http.HTTPBearer object at 0x0000012C233CCA70>,require_super_admin|get_current_user|get_current_user,flush,,,
GET,/v1/admin/service-types,list_service_types,app.engines.admin_catalog.admin_router,app\engines\admin_catalog\admin_router.py,708,Admin Catalog|Service Types,False,True,list_service_types|require_super_admin|get_current_user|<fastapi.security.http.HTTPBearer object at 0x0000012C233CCA70>|_svc|get_db|get_current_user|<fastapi.security.http.HTTPBearer object at 0x0000012C233CCA70>,require_super_admin|get_current_user|get_current_user,,,,
POST,/v1/admin/service-types,create_service_type,app.engines.admin_catalog.admin_router,app\engines\admin_catalog\admin_router.py,718,Admin Catalog|Service Types,False,True,create_service_type|require_super_admin|get_current_user|<fastapi.security.http.HTTPBearer object at 0x0000012C233CCA70>|_svc|get_db|get_current_user|<fastapi.security.http.HTTPBearer object at 0x0000012C233CCA70>,require_super_admin|get_current_user|get_current_user,add|flush,,,
PUT,/v1/admin/service-types/{type_id},update_service_type,app.engines.admin_catalog.admin_router,app\engines\admin_catalog\admin_router.py,727,Admin Catalog|Service Types,False,True,update_service_type|require_super_admin|get_current_user|<fastapi.security.http.HTTPBearer object at 0x0000012C233CCA70>|_svc|get_db|get_current_user|<fastapi.security.http.HTTPBearer object at 0x0000012C233CCA70>,require_super_admin|get_current_user|get_current_user,flush|raw_sql,,,
DELETE,/v1/admin/service-types/{type_id},delete_service_type,app.engines.admin_catalog.admin_router,app\engines\admin_catalog\admin_router.py,736,Admin Catalog|Service Types,False,True,delete_service_type|require_super_admin|get_current_user|<fastapi.security.http.HTTPBearer object at 0x0000012C233CCA70>|_svc|get_db|get_current_user|<fastapi.security.http.HTTPBearer object at 0x0000012C233CCA70>,require_super_admin|get_current_user|get_current_user,flush,,,
DELETE,/v1/admin/service-types/{type_id}/hard-delete,hard_delete_service_type,app.engines.admin_catalog.admin_router,app\engines\admin_catalog\admin_router.py,744,Admin Catalog|Service Types,False,True,hard_delete_service_type|require_super_admin|get_current_user|<fastapi.security.http.HTTPBearer object at 0x0000012C233CCA70>|_svc|get_db|get_current_user|<fastapi.security.http.HTTPBearer object at 0x0000012C233CCA70>,require_super_admin|get_current_user|get_current_user,delete|flush,,,
GET,/v1/admin/master-services/{service_id}/types,list_service_type_mappings,app.engines.admin_catalog.admin_router,app\engines\admin_catalog\admin_router.py,760,Admin Catalog|Service Type Mapping,False,True,list_service_type_mappings|require_super_admin|get_current_user|<fastapi.security.http.HTTPBearer object at 0x0000012C233CCA70>|_svc|get_db|get_current_user|<fastapi.security.http.HTTPBearer object at 0x0000012C233CCA70>,require_super_admin|get_current_user|get_current_user,,,,
POST,/v1/admin/master-services/{service_id}/types,map_service_type,app.engines.admin_catalog.admin_router,app\engines\admin_catalog\admin_router.py,768,Admin Catalog|Service Type Mapping,False,True,map_service_type|require_super_admin|get_current_user|<fastapi.security.http.HTTPBearer object at 0x0000012C233CCA70>|_svc|get_db|get_current_user|<fastapi.security.http.HTTPBearer object at 0x0000012C233CCA70>,require_super_admin|get_current_user|get_current_user,add|flush,,,
DELETE,/v1/admin/master-services/{service_id}/types/{mapping_id},remove_service_type_mapping,app.engines.admin_catalog.admin_router,app\engines\admin_catalog\admin_router.py,778,Admin Catalog|Service Type Mapping,False,True,remove_service_type_mapping|require_super_admin|get_current_user|<fastapi.security.http.HTTPBearer object at 0x0000012C233CCA70>|_svc|get_db|get_current_user|<fastapi.security.http.HTTPBearer object at 0x0000012C233CCA70>,require_super_admin|get_current_user|get_current_user,flush,,,
GET,/v1/admin/master-services/{service_id}/brands,list_service_brand_mappings,app.engines.admin_catalog.admin_router,app\engines\admin_catalog\admin_router.py,786,Admin Catalog|Brand Mapping,False,True,list_service_brand_mappings|require_super_admin|get_current_user|<fastapi.security.http.HTTPBearer object at 0x0000012C233CCA70>|_svc|get_db|get_current_user|<fastapi.security.http.HTTPBearer object at 0x0000012C233CCA70>,require_super_admin|get_current_user|get_current_user,,,,
GET,/v1/admin/master-services/{service_id}/issues,list_service_issue_mappings,app.engines.admin_catalog.admin_router,app\engines\admin_catalog\admin_router.py,794,Admin Catalog|Issue Type Mapping,False,True,list_service_issue_mappings|require_super_admin|get_current_user|<fastapi.security.http.HTTPBearer object at 0x0000012C233CCA70>|_svc|get_db|get_current_user|<fastapi.security.http.HTTPBearer object at 0x0000012C233CCA70>,require_super_admin|get_current_user|get_current_user,,,,
POST,/v1/admin/master-services/{service_id}/brands,map_service_brand,app.engines.admin_catalog.admin_router,app\engines\admin_catalog\admin_router.py,802,Admin Catalog|Brand Mapping,False,True,map_service_brand|require_super_admin|get_current_user|<fastapi.security.http.HTTPBearer object at 0x0000012C233CCA70>|_svc|get_db|get_current_user|<fastapi.security.http.HTTPBearer object at 0x0000012C233CCA70>,require_super_admin|get_current_user|get_current_user,add|flush,,,
DELETE,/v1/admin/master-services/{service_id}/brands/{mapping_id},remove_service_brand_mapping,app.engines.admin_catalog.admin_router,app\engines\admin_catalog\admin_router.py,812,Admin Catalog|Brand Mapping,False,True,remove_service_brand_mapping|require_super_admin|get_current_user|<fastapi.security.http.HTTPBearer object at 0x0000012C233CCA70>|_svc|get_db|get_current_user|<fastapi.security.http.HTTPBearer object at 0x0000012C233CCA70>,require_super_admin|get_current_user|get_current_user,flush,,,
GET,/v1/admin/pricing-rules,list_pricing_rules,app.engines.admin_catalog.admin_router,app\engines\admin_catalog\admin_router.py,824,Admin Catalog|Pricing Rules,False,True,list_pricing_rules|require_catalog_pricing_read|get_current_user|<fastapi.security.http.HTTPBearer object at 0x0000012C233CCA70>|_svc|get_db|get_current_user|<fastapi.security.http.HTTPBearer object at 0x0000012C233CCA70>,get_current_user|get_current_user,,,,
GET,/v1/admin/pricing-rules/summary,pricing_rules_summary,app.engines.admin_catalog.admin_router,app\engines\admin_catalog\admin_router.py,851,Admin Catalog|Pricing Rules,False,True,pricing_rules_summary|require_catalog_pricing_read|get_current_user|<fastapi.security.http.HTTPBearer object at 0x0000012C233CCA70>|_svc|get_db|get_current_user|<fastapi.security.http.HTTPBearer object at 0x0000012C233CCA70>,get_current_user|get_current_user,,,,
GET,/v1/admin/pricing-rules/export,export_pricing_rules,app.engines.admin_catalog.admin_router,app\engines\admin_catalog\admin_router.py,859,Admin Catalog|Pricing Rules,False,True,export_pricing_rules|require_catalog_pricing_read|get_current_user|<fastapi.security.http.HTTPBearer object at 0x0000012C233CCA70>|_svc|get_db|get_current_user|<fastapi.security.http.HTTPBearer object at 0x0000012C233CCA70>,get_current_user|get_current_user,,,,
POST,/v1/admin/pricing-rules/preview,preview_pricing,app.engines.admin_catalog.admin_router,app\engines\admin_catalog\admin_router.py,870,Admin Catalog|Pricing Rules,False,True,preview_pricing|require_super_admin|get_current_user|<fastapi.security.http.HTTPBearer object at 0x0000012C233CCA70>|_svc|get_db|get_current_user|<fastapi.security.http.HTTPBearer object at 0x0000012C233CCA70>,require_super_admin|get_current_user|get_current_user,,,,
POST,/v1/admin/pricing-rules,create_pricing_rule,app.engines.admin_catalog.admin_router,app\engines\admin_catalog\admin_router.py,879,Admin Catalog|Pricing Rules,False,True,create_pricing_rule|require_catalog_pricing_write|get_current_user|<fastapi.security.http.HTTPBearer object at 0x0000012C233CCA70>|_svc|get_db|get_current_user|<fastapi.security.http.HTTPBearer object at 0x0000012C233CCA70>,get_current_user|get_current_user,add|flush,,_audit,
GET,/v1/admin/pricing-rules/{rule_id}/conflicts,get_pricing_rule_conflicts,app.engines.admin_catalog.admin_router,app\engines\admin_catalog\admin_router.py,888,Admin Catalog|Pricing Rules,False,True,get_pricing_rule_conflicts|require_catalog_pricing_read|get_current_user|<fastapi.security.http.HTTPBearer object at 0x0000012C233CCA70>|_svc|get_db|get_current_user|<fastapi.security.http.HTTPBearer object at 0x0000012C233CCA70>,get_current_user|get_current_user,,,,
GET,/v1/admin/pricing-rules/{rule_id},get_pricing_rule,app.engines.admin_catalog.admin_router,app\engines\admin_catalog\admin_router.py,896,Admin Catalog|Pricing Rules,False,True,get_pricing_rule|require_super_admin|get_current_user|<fastapi.security.http.HTTPBearer object at 0x0000012C233CCA70>|_svc|get_db|get_current_user|<fastapi.security.http.HTTPBearer object at 0x0000012C233CCA70>,require_super_admin|get_current_user|get_current_user,,,,
PUT,/v1/admin/pricing-rules/{rule_id},update_pricing_rule,app.engines.admin_catalog.admin_router,app\engines\admin_catalog\admin_router.py,904,Admin Catalog|Pricing Rules,False,True,update_pricing_rule|require_catalog_pricing_write|get_current_user|<fastapi.security.http.HTTPBearer object at 0x0000012C233CCA70>|_svc|get_db|get_current_user|<fastapi.security.http.HTTPBearer object at 0x0000012C233CCA70>,get_current_user|get_current_user,add|flush|raw_sql,,_audit,
DELETE,/v1/admin/pricing-rules/{rule_id},delete_pricing_rule,app.engines.admin_catalog.admin_router,app\engines\admin_catalog\admin_router.py,913,Admin Catalog|Pricing Rules,False,True,delete_pricing_rule|require_catalog_pricing_write|get_current_user|<fastapi.security.http.HTTPBearer object at 0x0000012C233CCA70>|_svc|get_db|get_current_user|<fastapi.security.http.HTTPBearer object at 0x0000012C233CCA70>,get_current_user|get_current_user,add|flush,,_audit,
DELETE,/v1/admin/pricing-rules/{rule_id}/hard-delete,hard_delete_pricing_rule,app.engines.admin_catalog.admin_router,app\engines\admin_catalog\admin_router.py,921,Admin Catalog|Pricing Rules,False,True,hard_delete_pricing_rule|require_catalog_pricing_write|get_current_user|<fastapi.security.http.HTTPBearer object at 0x0000012C233CCA70>|_svc|get_db|get_current_user|<fastapi.security.http.HTTPBearer object at 0x0000012C233CCA70>,get_current_user|get_current_user,delete|flush,,,
POST,/v1/admin/pricing-rules/{rule_id}/activate,activate_pricing_rule,app.engines.admin_catalog.admin_router,app\engines\admin_catalog\admin_router.py,929,Admin Catalog|Pricing Rules,False,True,activate_pricing_rule|require_pricing.rules.activate|get_current_user|<fastapi.security.http.HTTPBearer object at 0x0000012C233CCA70>|_svc|get_db|get_current_user|<fastapi.security.http.HTTPBearer object at 0x0000012C233CCA70>,get_current_user|get_current_user,add|flush,,_audit,
POST,/v1/admin/pricing-rules/{rule_id}/deactivate,deactivate_pricing_rule,app.engines.admin_catalog.admin_router,app\engines\admin_catalog\admin_router.py,937,Admin Catalog|Pricing Rules,False,True,deactivate_pricing_rule|require_pricing.rules.deactivate|get_current_user|<fastapi.security.http.HTTPBearer object at 0x0000012C233CCA70>|_svc|get_db|get_current_user|<fastapi.security.http.HTTPBearer object at 0x0000012C233CCA70>,get_current_user|get_current_user,add|flush,,_audit,
GET,/v1/admin/pricing/bargain-rules/summary,get_bargain_rules_summary,app.engines.admin_catalog.admin_router,app\engines\admin_catalog\admin_router.py,949,Admin Catalog|Bargain Rules,False,True,get_bargain_rules_summary|require_pricing.bargain_rules.read|get_current_user|<fastapi.security.http.HTTPBearer object at 0x0000012C233CCA70>|_svc|get_db|get_current_user|<fastapi.security.http.HTTPBearer object at 0x0000012C233CCA70>,get_current_user|get_current_user,,,,
GET,/v1/admin/pricing/bargain-rules,list_bargain_rules,app.engines.admin_catalog.admin_router,app\engines\admin_catalog\admin_router.py,957,Admin Catalog|Bargain Rules,False,True,list_bargain_rules|require_pricing.bargain_rules.read|get_current_user|<fastapi.security.http.HTTPBearer object at 0x0000012C233CCA70>|_svc|get_db|get_current_user|<fastapi.security.http.HTTPBearer object at 0x0000012C233CCA70>,get_current_user|get_current_user,,,,
POST,/v1/admin/pricing/bargain-rules,create_bargain_rule,app.engines.admin_catalog.admin_router,app\engines\admin_catalog\admin_router.py,975,Admin Catalog|Bargain Rules,False,True,create_bargain_rule|require_pricing.bargain_rules.create|get_current_user|<fastapi.security.http.HTTPBearer object at 0x0000012C233CCA70>|_svc|get_db|get_current_user|<fastapi.security.http.HTTPBearer object at 0x0000012C233CCA70>,get_current_user|get_current_user,add|flush,,_audit,
GET,/v1/admin/pricing/bargain-rules/{rule_id},get_bargain_rule,app.engines.admin_catalog.admin_router,app\engines\admin_catalog\admin_router.py,983,Admin Catalog|Bargain Rules,False,True,get_bargain_rule|require_pricing.bargain_rules.read|get_current_user|<fastapi.security.http.HTTPBearer object at 0x0000012C233CCA70>|_svc|get_db|get_current_user|<fastapi.security.http.HTTPBearer object at 0x0000012C233CCA70>,get_current_user|get_current_user,,,,
PUT,/v1/admin/pricing/bargain-rules/{rule_id},update_bargain_rule,app.engines.admin_catalog.admin_router,app\engines\admin_catalog\admin_router.py,991,Admin Catalog|Bargain Rules,False,True,update_bargain_rule|require_pricing.bargain_rules.update|get_current_user|<fastapi.security.http.HTTPBearer object at 0x0000012C233CCA70>|_svc|get_db|get_current_user|<fastapi.security.http.HTTPBearer object at 0x0000012C233CCA70>,get_current_user|get_current_user,add|flush|raw_sql,,_audit,
POST,/v1/admin/pricing/bargain-rules/{rule_id}/enable,enable_bargain_rule,app.engines.admin_catalog.admin_router,app\engines\admin_catalog\admin_router.py,999,Admin Catalog|Bargain Rules,False,True,enable_bargain_rule|require_pricing.bargain_rules.update|get_current_user|<fastapi.security.http.HTTPBearer object at 0x0000012C233CCA70>|_svc|get_db|get_current_user|<fastapi.security.http.HTTPBearer object at 0x0000012C233CCA70>,get_current_user|get_current_user,flush,,_audit,
POST,/v1/admin/pricing/bargain-rules/{rule_id}/disable,disable_bargain_rule,app.engines.admin_catalog.admin_router,app\engines\admin_catalog\admin_router.py,1007,Admin Catalog|Bargain Rules,False,True,disable_bargain_rule|require_pricing.bargain_rules.update|get_current_user|<fastapi.security.http.HTTPBearer object at 0x0000012C233CCA70>|_svc|get_db|get_current_user|<fastapi.security.http.HTTPBearer object at 0x0000012C233CCA70>,get_current_user|get_current_user,flush,,_audit,
POST,/v1/admin/pricing/bargain-rules/{rule_id}/activate,activate_bargain_rule,app.engines.admin_catalog.admin_router,app\engines\admin_catalog\admin_router.py,1015,Admin Catalog|Bargain Rules,False,True,activate_bargain_rule|require_pricing.bargain_rules.activate|get_current_user|<fastapi.security.http.HTTPBearer object at 0x0000012C233CCA70>|_svc|get_db|get_current_user|<fastapi.security.http.HTTPBearer object at 0x0000012C233CCA70>,get_current_user|get_current_user,flush,,_audit,
POST,/v1/admin/pricing/bargain-rules/{rule_id}/deactivate,deactivate_bargain_rule,app.engines.admin_catalog.admin_router,app\engines\admin_catalog\admin_router.py,1023,Admin Catalog|Bargain Rules,False,True,deactivate_bargain_rule|require_pricing.bargain_rules.deactivate|get_current_user|<fastapi.security.http.HTTPBearer object at 0x0000012C233CCA70>|_svc|get_db|get_current_user|<fastapi.security.http.HTTPBearer object at 0x0000012C233CCA70>,get_current_user|get_current_user,flush,,_audit,
POST,/v1/admin/pricing/bargain-rules/{rule_id}/validate,validate_bargain_rule,app.engines.admin_catalog.admin_router,app\engines\admin_catalog\admin_router.py,1031,Admin Catalog|Bargain Rules,False,True,validate_bargain_rule|require_pricing.bargain_rules.read|get_current_user|<fastapi.security.http.HTTPBearer object at 0x0000012C233CCA70>|_svc|get_db|get_current_user|<fastapi.security.http.HTTPBearer object at 0x0000012C233CCA70>,get_current_user|get_current_user,,,,
GET,/v1/admin/pricing/bargain-rules/{rule_id}/audit,get_bargain_rule_audit,app.engines.admin_catalog.admin_router,app\engines\admin_catalog\admin_router.py,1039,Admin Catalog|Bargain Rules,False,True,get_bargain_rule_audit|require_pricing.bargain_rules.audit.read|get_current_user|<fastapi.security.http.HTTPBearer object at 0x0000012C233CCA70>|_svc|get_db|get_current_user|<fastapi.security.http.HTTPBearer object at 0x0000012C233CCA70>,get_current_user|get_current_user,,,,
POST,/v1/admin/pricing/bargain/evaluate-preview,evaluate_bargain_preview,app.engines.admin_catalog.admin_router,app\engines\admin_catalog\admin_router.py,1047,Admin Catalog|Bargain Rules,False,True,evaluate_bargain_preview|require_pricing.bargain_rules.evaluate_preview|get_current_user|<fastapi.security.http.HTTPBearer object at 0x0000012C233CCA70>|_svc|get_db|get_current_user|<fastapi.security.http.HTTPBearer object at 0x0000012C233CCA70>,get_current_user|get_current_user,add|flush,,_audit,
GET,/v1/admin/pricing/provider-overrides/summary,get_provider_overrides_summary,app.engines.admin_catalog.admin_router,app\engines\admin_catalog\admin_router.py,1060,Admin Catalog|Provider Pricing Overrides,False,True,get_provider_overrides_summary|require_pricing.provider_overrides.read|get_current_user|<fastapi.security.http.HTTPBearer object at 0x0000012C233CCA70>|_svc|get_db|get_current_user|<fastapi.security.http.HTTPBearer object at 0x0000012C233CCA70>,get_current_user|get_current_user,,,,
GET,/v1/admin/pricing/provider-overrides,list_provider_overrides,app.engines.admin_catalog.admin_router,app\engines\admin_catalog\admin_router.py,1068,Admin Catalog|Provider Pricing Overrides,False,True,list_provider_overrides|require_pricing.provider_overrides.read|get_current_user|<fastapi.security.http.HTTPBearer object at 0x0000012C233CCA70>|_svc|get_db|get_current_user|<fastapi.security.http.HTTPBearer object at 0x0000012C233CCA70>,get_current_user|get_current_user,,,,
POST,/v1/admin/pricing/provider-overrides,create_provider_override,app.engines.admin_catalog.admin_router,app\engines\admin_catalog\admin_router.py,1082,Admin Catalog|Provider Pricing Overrides,False,True,create_provider_override|require_pricing.provider_overrides.create|get_current_user|<fastapi.security.http.HTTPBearer object at 0x0000012C233CCA70>|_svc|get_db|get_current_user|<fastapi.security.http.HTTPBearer object at 0x0000012C233CCA70>,get_current_user|get_current_user,add|flush,,_audit,
POST,/v1/admin/pricing/provider-overrides/validate-preview,validate_provider_override_preview,app.engines.admin_catalog.admin_router,app\engines\admin_catalog\admin_router.py,1090,Admin Catalog|Provider Pricing Overrides,False,True,validate_provider_override_preview|require_pricing.provider_overrides.validate_preview|get_current_user|<fastapi.security.http.HTTPBearer object at 0x0000012C233CCA70>|_svc|get_db|get_current_user|<fastapi.security.http.HTTPBearer object at 0x0000012C233CCA70>,get_current_user|get_current_user,,,,
GET,/v1/admin/pricing/provider-overrides/{override_id},get_provider_override,app.engines.admin_catalog.admin_router,app\engines\admin_catalog\admin_router.py,1098,Admin Catalog|Provider Pricing Overrides,False,True,get_provider_override|require_pricing.provider_overrides.read|get_current_user|<fastapi.security.http.HTTPBearer object at 0x0000012C233CCA70>|_svc|get_db|get_current_user|<fastapi.security.http.HTTPBearer object at 0x0000012C233CCA70>,get_current_user|get_current_user,,,,
PUT,/v1/admin/pricing/provider-overrides/{override_id},update_provider_override,app.engines.admin_catalog.admin_router,app\engines\admin_catalog\admin_router.py,1106,Admin Catalog|Provider Pricing Overrides,False,True,update_provider_override|require_pricing.provider_overrides.update|get_current_user|<fastapi.security.http.HTTPBearer object at 0x0000012C233CCA70>|_svc|get_db|get_current_user|<fastapi.security.http.HTTPBearer object at 0x0000012C233CCA70>,get_current_user|get_current_user,add|flush|raw_sql,,_audit,
POST,/v1/admin/pricing/provider-overrides/{override_id}/approve,approve_provider_override,app.engines.admin_catalog.admin_router,app\engines\admin_catalog\admin_router.py,1114,Admin Catalog|Provider Pricing Overrides,False,True,approve_provider_override|require_pricing.provider_overrides.approve|get_current_user|<fastapi.security.http.HTTPBearer object at 0x0000012C233CCA70>|_svc|get_db|get_current_user|<fastapi.security.http.HTTPBearer object at 0x0000012C233CCA70>,get_current_user|get_current_user,add|flush,,_audit,
POST,/v1/admin/pricing/provider-overrides/{override_id}/reject,reject_provider_override,app.engines.admin_catalog.admin_router,app\engines\admin_catalog\admin_router.py,1122,Admin Catalog|Provider Pricing Overrides,False,True,reject_provider_override|require_pricing.provider_overrides.reject|get_current_user|<fastapi.security.http.HTTPBearer object at 0x0000012C233CCA70>|_svc|get_db|get_current_user|<fastapi.security.http.HTTPBearer object at 0x0000012C233CCA70>,get_current_user|get_current_user,add|flush,,_audit,
POST,/v1/admin/pricing/provider-overrides/{override_id}/enable,enable_provider_override,app.engines.admin_catalog.admin_router,app\engines\admin_catalog\admin_router.py,1131,Admin Catalog|Provider Pricing Overrides,False,True,enable_provider_override|require_pricing.provider_overrides.update|get_current_user|<fastapi.security.http.HTTPBearer object at 0x0000012C233CCA70>|_svc|get_db|get_current_user|<fastapi.security.http.HTTPBearer object at 0x0000012C233CCA70>,get_current_user|get_current_user,flush,,_audit,
POST,/v1/admin/pricing/provider-overrides/{override_id}/disable,disable_provider_override,app.engines.admin_catalog.admin_router,app\engines\admin_catalog\admin_router.py,1139,Admin Catalog|Provider Pricing Overrides,False,True,disable_provider_override|require_pricing.provider_overrides.update|get_current_user|<fastapi.security.http.HTTPBearer object at 0x0000012C233CCA70>|_svc|get_db|get_current_user|<fastapi.security.http.HTTPBearer object at 0x0000012C233CCA70>,get_current_user|get_current_user,flush,,_audit,
POST,/v1/admin/pricing/provider-overrides/{override_id}/activate,activate_provider_override,app.engines.admin_catalog.admin_router,app\engines\admin_catalog\admin_router.py,1147,Admin Catalog|Provider Pricing Overrides,False,True,activate_provider_override|require_pricing.provider_overrides.activate|get_current_user|<fastapi.security.http.HTTPBearer object at 0x0000012C233CCA70>|_svc|get_db|get_current_user|<fastapi.security.http.HTTPBearer object at 0x0000012C233CCA70>,get_current_user|get_current_user,flush,,_audit,
POST,/v1/admin/pricing/provider-overrides/{override_id}/deactivate,deactivate_provider_override,app.engines.admin_catalog.admin_router,app\engines\admin_catalog\admin_router.py,1155,Admin Catalog|Provider Pricing Overrides,False,True,deactivate_provider_override|require_pricing.provider_overrides.deactivate|get_current_user|<fastapi.security.http.HTTPBearer object at 0x0000012C233CCA70>|_svc|get_db|get_current_user|<fastapi.security.http.HTTPBearer object at 0x0000012C233CCA70>,get_current_user|get_current_user,flush,,_audit,
GET,/v1/admin/pricing/provider-overrides/{override_id}/audit,get_provider_override_audit,app.engines.admin_catalog.admin_router,app\engines\admin_catalog\admin_router.py,1163,Admin Catalog|Provider Pricing Overrides,False,True,get_provider_override_audit|require_pricing.provider_overrides.audit.read|get_current_user|<fastapi.security.http.HTTPBearer object at 0x0000012C233CCA70>|_svc|get_db|get_current_user|<fastapi.security.http.HTTPBearer object at 0x0000012C233CCA70>,get_current_user|get_current_user,,,,
GET,/v1/admin/issue-types,list_issue_types,app.engines.admin_catalog.admin_router,app\engines\admin_catalog\admin_router.py,1175,Admin Catalog|Master Issue Types,False,True,list_issue_types|require_super_admin|get_current_user|<fastapi.security.http.HTTPBearer object at 0x0000012C233CCA70>|_svc|get_db|get_current_user|<fastapi.security.http.HTTPBearer object at 0x0000012C233CCA70>,require_super_admin|get_current_user|get_current_user,,,,
POST,/v1/admin/issue-types,create_issue_type,app.engines.admin_catalog.admin_router,app\engines\admin_catalog\admin_router.py,1186,Admin Catalog|Master Issue Types,False,True,create_issue_type|require_super_admin|get_current_user|<fastapi.security.http.HTTPBearer object at 0x0000012C233CCA70>|_svc|get_db|get_current_user|<fastapi.security.http.HTTPBearer object at 0x0000012C233CCA70>,require_super_admin|get_current_user|get_current_user,add|commit|flush,,_audit,
GET,/v1/admin/issue-types/{issue_type_id},get_issue_type,app.engines.admin_catalog.admin_router,app\engines\admin_catalog\admin_router.py,1195,Admin Catalog|Master Issue Types,False,True,get_issue_type|require_super_admin|get_current_user|<fastapi.security.http.HTTPBearer object at 0x0000012C233CCA70>|_svc|get_db|get_current_user|<fastapi.security.http.HTTPBearer object at 0x0000012C233CCA70>,require_super_admin|get_current_user|get_current_user,,,,
PUT,/v1/admin/issue-types/{issue_type_id},update_issue_type,app.engines.admin_catalog.admin_router,app\engines\admin_catalog\admin_router.py,1203,Admin Catalog|Master Issue Types,False,True,update_issue_type|require_super_admin|get_current_user|<fastapi.security.http.HTTPBearer object at 0x0000012C233CCA70>|_svc|get_db|get_current_user|<fastapi.security.http.HTTPBearer object at 0x0000012C233CCA70>,require_super_admin|get_current_user|get_current_user,add|commit|flush|raw_sql,,_audit,
DELETE,/v1/admin/issue-types/{issue_type_id},delete_issue_type,app.engines.admin_catalog.admin_router,app\engines\admin_catalog\admin_router.py,1212,Admin Catalog|Master Issue Types,False,True,delete_issue_type|require_super_admin|get_current_user|<fastapi.security.http.HTTPBearer object at 0x0000012C233CCA70>|_svc|get_db|get_current_user|<fastapi.security.http.HTTPBearer object at 0x0000012C233CCA70>,require_super_admin|get_current_user|get_current_user,add|flush,,_audit,
GET,/v1/admin/service-options,list_service_options,app.engines.admin_catalog.admin_router,app\engines\admin_catalog\admin_router.py,1224,Admin Catalog|Master Service Options,False,True,list_service_options|require_super_admin|get_current_user|<fastapi.security.http.HTTPBearer object at 0x0000012C233CCA70>|_opt_svc|get_db|get_current_user|<fastapi.security.http.HTTPBearer object at 0x0000012C233CCA70>,require_super_admin|get_current_user|get_current_user,,,,
POST,/v1/admin/service-options,create_service_option,app.engines.admin_catalog.admin_router,app\engines\admin_catalog\admin_router.py,1246,Admin Catalog|Master Service Options,False,True,create_service_option|require_super_admin|get_current_user|<fastapi.security.http.HTTPBearer object at 0x0000012C233CCA70>|_opt_svc|get_db|get_current_user|<fastapi.security.http.HTTPBearer object at 0x0000012C233CCA70>,require_super_admin|get_current_user|get_current_user,add|commit|flush,,_audit,
GET,/v1/admin/service-options/summary,get_service_options_summary,app.engines.admin_catalog.admin_router,app\engines\admin_catalog\admin_router.py,1254,Admin Catalog|Master Service Options,False,True,get_service_options_summary|require_super_admin|get_current_user|<fastapi.security.http.HTTPBearer object at 0x0000012C233CCA70>|_opt_svc|get_db|get_current_user|<fastapi.security.http.HTTPBearer object at 0x0000012C233CCA70>,require_super_admin|get_current_user|get_current_user,,,,
GET,/v1/admin/service-options/{option_id},get_service_option,app.engines.admin_catalog.admin_router,app\engines\admin_catalog\admin_router.py,1262,Admin Catalog|Master Service Options,False,True,get_service_option|require_super_admin|get_current_user|<fastapi.security.http.HTTPBearer object at 0x0000012C233CCA70>|_opt_svc|get_db|get_current_user|<fastapi.security.http.HTTPBearer object at 0x0000012C233CCA70>,require_super_admin|get_current_user|get_current_user,,,,
PUT,/v1/admin/service-options/{option_id},update_service_option,app.engines.admin_catalog.admin_router,app\engines\admin_catalog\admin_router.py,1270,Admin Catalog|Master Service Options,False,True,update_service_option|require_super_admin|get_current_user|<fastapi.security.http.HTTPBearer object at 0x0000012C233CCA70>|_opt_svc|get_db|get_current_user|<fastapi.security.http.HTTPBearer object at 0x0000012C233CCA70>,require_super_admin|get_current_user|get_current_user,add|commit|flush|raw_sql,,_audit,
DELETE,/v1/admin/service-options/{option_id},delete_service_option,app.engines.admin_catalog.admin_router,app\engines\admin_catalog\admin_router.py,1278,Admin Catalog|Master Service Options,False,True,delete_service_option|require_super_admin|get_current_user|<fastapi.security.http.HTTPBearer object at 0x0000012C233CCA70>|_svc|get_db|get_current_user|<fastapi.security.http.HTTPBearer object at 0x0000012C233CCA70>,require_super_admin|get_current_user|get_current_user,add|flush,,_audit,
GET,/v1/admin/workflow-templates/summary,get_workflow_templates_summary,app.engines.admin_catalog.admin_router,app\engines\admin_catalog\admin_router.py,1290,Admin Catalog|Master Workflow Templates,False,True,get_workflow_templates_summary|require_super_admin|get_current_user|<fastapi.security.http.HTTPBearer object at 0x0000012C233CCA70>|_svc|get_db|get_current_user|<fastapi.security.http.HTTPBearer object at 0x0000012C233CCA70>,require_super_admin|get_current_user|get_current_user,,,,
GET,/v1/admin/workflow-templates/export,export_workflow_templates,app.engines.admin_catalog.admin_router,app\engines\admin_catalog\admin_router.py,1298,Admin Catalog|Master Workflow Templates,False,True,export_workflow_templates|require_super_admin|get_current_user|<fastapi.security.http.HTTPBearer object at 0x0000012C233CCA70>|_svc|get_db|get_current_user|<fastapi.security.http.HTTPBearer object at 0x0000012C233CCA70>,require_super_admin|get_current_user|get_current_user,,,,
POST,/v1/admin/workflow-templates/seed-defaults/preview,seed_workflow_defaults_preview,app.engines.admin_catalog.admin_router,app\engines\admin_catalog\admin_router.py,1307,Admin Catalog|Master Workflow Templates,False,True,seed_workflow_defaults_preview|require_super_admin|get_current_user|<fastapi.security.http.HTTPBearer object at 0x0000012C233CCA70>|_svc|get_db|get_current_user|<fastapi.security.http.HTTPBearer object at 0x0000012C233CCA70>,require_super_admin|get_current_user|get_current_user,,,,
POST,/v1/admin/workflow-templates/seed-defaults,seed_workflow_defaults,app.engines.admin_catalog.admin_router,app\engines\admin_catalog\admin_router.py,1315,Admin Catalog|Master Workflow Templates,False,True,seed_workflow_defaults|require_super_admin|get_current_user|<fastapi.security.http.HTTPBearer object at 0x0000012C233CCA70>|_svc|get_db|get_current_user|<fastapi.security.http.HTTPBearer object at 0x0000012C233CCA70>,require_super_admin|get_current_user|get_current_user,add|flush,,_audit,
POST,/v1/admin/workflow-templates/preview-runtime,preview_workflow_runtime,app.engines.admin_catalog.admin_router,app\engines\admin_catalog\admin_router.py,1323,Admin Catalog|Master Workflow Templates,False,True,preview_workflow_runtime|require_super_admin|get_current_user|<fastapi.security.http.HTTPBearer object at 0x0000012C233CCA70>|_svc|get_db|get_current_user|<fastapi.security.http.HTTPBearer object at 0x0000012C233CCA70>,require_super_admin|get_current_user|get_current_user,,,,
GET,/v1/admin/workflow-templates,list_workflow_templates,app.engines.admin_catalog.admin_router,app\engines\admin_catalog\admin_router.py,1337,Admin Catalog|Master Workflow Templates,False,True,list_workflow_templates|require_super_admin|get_current_user|<fastapi.security.http.HTTPBearer object at 0x0000012C233CCA70>|_svc|get_db|get_current_user|<fastapi.security.http.HTTPBearer object at 0x0000012C233CCA70>,require_super_admin|get_current_user|get_current_user,,,,
POST,/v1/admin/workflow-templates,create_workflow_template,app.engines.admin_catalog.admin_router,app\engines\admin_catalog\admin_router.py,1355,Admin Catalog|Master Workflow Templates,False,True,create_workflow_template|require_super_admin|get_current_user|<fastapi.security.http.HTTPBearer object at 0x0000012C233CCA70>|_svc|get_db|get_current_user|<fastapi.security.http.HTTPBearer object at 0x0000012C233CCA70>,require_super_admin|get_current_user|get_current_user,add|flush,,_audit,
GET,/v1/admin/workflow-templates/{template_id},get_workflow_template,app.engines.admin_catalog.admin_router,app\engines\admin_catalog\admin_router.py,1364,Admin Catalog|Master Workflow Templates,False,True,get_workflow_template|require_super_admin|get_current_user|<fastapi.security.http.HTTPBearer object at 0x0000012C233CCA70>|_svc|get_db|get_current_user|<fastapi.security.http.HTTPBearer object at 0x0000012C233CCA70>,require_super_admin|get_current_user|get_current_user,,,,
PUT,/v1/admin/workflow-templates/{template_id},update_workflow_template,app.engines.admin_catalog.admin_router,app\engines\admin_catalog\admin_router.py,1372,Admin Catalog|Master Workflow Templates,False,True,update_workflow_template|require_super_admin|get_current_user|<fastapi.security.http.HTTPBearer object at 0x0000012C233CCA70>|_svc|get_db|get_current_user|<fastapi.security.http.HTTPBearer object at 0x0000012C233CCA70>,require_super_admin|get_current_user|get_current_user,add|flush|raw_sql,,_audit,
DELETE,/v1/admin/workflow-templates/{template_id},delete_workflow_template,app.engines.admin_catalog.admin_router,app\engines\admin_catalog\admin_router.py,1381,Admin Catalog|Master Workflow Templates,False,True,delete_workflow_template|require_super_admin|get_current_user|<fastapi.security.http.HTTPBearer object at 0x0000012C233CCA70>|_svc|get_db|get_current_user|<fastapi.security.http.HTTPBearer object at 0x0000012C233CCA70>,require_super_admin|get_current_user|get_current_user,add|flush,,_audit,
POST,/v1/admin/workflow-templates/{template_id}/clone,clone_workflow_template,app.engines.admin_catalog.admin_router,app\engines\admin_catalog\admin_router.py,1389,Admin Catalog|Master Workflow Templates,False,True,clone_workflow_template|require_super_admin|get_current_user|<fastapi.security.http.HTTPBearer object at 0x0000012C233CCA70>|_svc|get_db|get_current_user|<fastapi.security.http.HTTPBearer object at 0x0000012C233CCA70>,require_super_admin|get_current_user|get_current_user,add|flush,,_audit,
POST,/v1/admin/workflow-templates/{template_id}/new-version,create_workflow_new_version,app.engines.admin_catalog.admin_router,app\engines\admin_catalog\admin_router.py,1397,Admin Catalog|Master Workflow Templates,False,True,create_workflow_new_version|require_super_admin|get_current_user|<fastapi.security.http.HTTPBearer object at 0x0000012C233CCA70>|_svc|get_db|get_current_user|<fastapi.security.http.HTTPBearer object at 0x0000012C233CCA70>,require_super_admin|get_current_user|get_current_user,add|flush,,_audit,
POST,/v1/admin/workflow-templates/{template_id}/activate,activate_workflow_template,app.engines.admin_catalog.admin_router,app\engines\admin_catalog\admin_router.py,1405,Admin Catalog|Master Workflow Templates,False,True,activate_workflow_template|require_super_admin|get_current_user|<fastapi.security.http.HTTPBearer object at 0x0000012C233CCA70>|_svc|get_db|get_current_user|<fastapi.security.http.HTTPBearer object at 0x0000012C233CCA70>,require_super_admin|get_current_user|get_current_user,add|flush,,_audit,
POST,/v1/admin/workflow-templates/{template_id}/deactivate,deactivate_workflow_template,app.engines.admin_catalog.admin_router,app\engines\admin_catalog\admin_router.py,1413,Admin Catalog|Master Workflow Templates,False,True,deactivate_workflow_template|require_super_admin|get_current_user|<fastapi.security.http.HTTPBearer object at 0x0000012C233CCA70>|_svc|get_db|get_current_user|<fastapi.security.http.HTTPBearer object at 0x0000012C233CCA70>,require_super_admin|get_current_user|get_current_user,add|flush,,_audit,
POST,/v1/admin/workflow-templates/{template_id}/validate,validate_workflow_template,app.engines.admin_catalog.admin_router,app\engines\admin_catalog\admin_router.py,1421,Admin Catalog|Master Workflow Templates,False,True,validate_workflow_template|require_super_admin|get_current_user|<fastapi.security.http.HTTPBearer object at 0x0000012C233CCA70>|_svc|get_db|get_current_user|<fastapi.security.http.HTTPBearer object at 0x0000012C233CCA70>,require_super_admin|get_current_user|get_current_user,,,,
GET,/v1/admin/workflow-templates/{template_id}/readiness,get_workflow_readiness,app.engines.admin_catalog.admin_router,app\engines\admin_catalog\admin_router.py,1429,Admin Catalog|Master Workflow Templates,False,True,get_workflow_readiness|require_super_admin|get_current_user|<fastapi.security.http.HTTPBearer object at 0x0000012C233CCA70>|_svc|get_db|get_current_user|<fastapi.security.http.HTTPBearer object at 0x0000012C233CCA70>,require_super_admin|get_current_user|get_current_user,,,,
GET,/v1/admin/workflow-templates/{template_id}/steps,list_workflow_steps,app.engines.admin_catalog.admin_router,app\engines\admin_catalog\admin_router.py,1439,Admin Catalog|Master Workflow Templates,False,True,list_workflow_steps|require_super_admin|get_current_user|<fastapi.security.http.HTTPBearer object at 0x0000012C233CCA70>|_svc|get_db|get_current_user|<fastapi.security.http.HTTPBearer object at 0x0000012C233CCA70>,require_super_admin|get_current_user|get_current_user,,,,
POST,/v1/admin/workflow-templates/{template_id}/steps,add_workflow_step,app.engines.admin_catalog.admin_router,app\engines\admin_catalog\admin_router.py,1448,Admin Catalog|Master Workflow Templates,False,True,add_workflow_step|require_super_admin|get_current_user|<fastapi.security.http.HTTPBearer object at 0x0000012C233CCA70>|_svc|get_db|get_current_user|<fastapi.security.http.HTTPBearer object at 0x0000012C233CCA70>,require_super_admin|get_current_user|get_current_user,add|flush,,_audit,
PUT,/v1/admin/workflow-templates/{template_id}/steps/{step_id},update_workflow_step,app.engines.admin_catalog.admin_router,app\engines\admin_catalog\admin_router.py,1457,Admin Catalog|Master Workflow Templates,False,True,update_workflow_step|require_super_admin|get_current_user|<fastapi.security.http.HTTPBearer object at 0x0000012C233CCA70>|_svc|get_db|get_current_user|<fastapi.security.http.HTTPBearer object at 0x0000012C233CCA70>,require_super_admin|get_current_user|get_current_user,add|flush|raw_sql,,_audit,
DELETE,/v1/admin/workflow-templates/{template_id}/steps/{step_id},delete_workflow_step,app.engines.admin_catalog.admin_router,app\engines\admin_catalog\admin_router.py,1466,Admin Catalog|Master Workflow Templates,False,True,delete_workflow_step|require_super_admin|get_current_user|<fastapi.security.http.HTTPBearer object at 0x0000012C233CCA70>|_svc|get_db|get_current_user|<fastapi.security.http.HTTPBearer object at 0x0000012C233CCA70>,require_super_admin|get_current_user|get_current_user,add|flush,,_audit,
POST,/v1/admin/workflow-templates/{template_id}/steps/reorder,reorder_workflow_steps,app.engines.admin_catalog.admin_router,app\engines\admin_catalog\admin_router.py,1474,Admin Catalog|Master Workflow Templates,False,True,reorder_workflow_steps|require_super_admin|get_current_user|<fastapi.security.http.HTTPBearer object at 0x0000012C233CCA70>|_svc|get_db|get_current_user|<fastapi.security.http.HTTPBearer object at 0x0000012C233CCA70>,require_super_admin|get_current_user|get_current_user,flush,,,
GET,/v1/admin/workflow-templates/{template_id}/transitions,list_workflow_transitions,app.engines.admin_catalog.admin_router,app\engines\admin_catalog\admin_router.py,1485,Admin Catalog|Master Workflow Templates,False,True,list_workflow_transitions|require_super_admin|get_current_user|<fastapi.security.http.HTTPBearer object at 0x0000012C233CCA70>|_svc|get_db|get_current_user|<fastapi.security.http.HTTPBearer object at 0x0000012C233CCA70>,require_super_admin|get_current_user|get_current_user,,,,
POST,/v1/admin/workflow-templates/{template_id}/transitions,add_workflow_transition,app.engines.admin_catalog.admin_router,app\engines\admin_catalog\admin_router.py,1493,Admin Catalog|Master Workflow Templates,False,True,add_workflow_transition|require_super_admin|get_current_user|<fastapi.security.http.HTTPBearer object at 0x0000012C233CCA70>|_svc|get_db|get_current_user|<fastapi.security.http.HTTPBearer object at 0x0000012C233CCA70>,require_super_admin|get_current_user|get_current_user,add|flush,,_audit,
PUT,/v1/admin/workflow-templates/{template_id}/transitions/{transition_id},update_workflow_transition,app.engines.admin_catalog.admin_router,app\engines\admin_catalog\admin_router.py,1502,Admin Catalog|Master Workflow Templates,False,True,update_workflow_transition|require_super_admin|get_current_user|<fastapi.security.http.HTTPBearer object at 0x0000012C233CCA70>|_svc|get_db|get_current_user|<fastapi.security.http.HTTPBearer object at 0x0000012C233CCA70>,require_super_admin|get_current_user|get_current_user,flush|raw_sql,,,
DELETE,/v1/admin/workflow-templates/{template_id}/transitions/{transition_id},delete_workflow_transition,app.engines.admin_catalog.admin_router,app\engines\admin_catalog\admin_router.py,1511,Admin Catalog|Master Workflow Templates,False,True,delete_workflow_transition|require_super_admin|get_current_user|<fastapi.security.http.HTTPBearer object at 0x0000012C233CCA70>|_svc|get_db|get_current_user|<fastapi.security.http.HTTPBearer object at 0x0000012C233CCA70>,require_super_admin|get_current_user|get_current_user,flush,,,
GET,/v1/admin/workflow-templates/{template_id}/mappings,list_workflow_mappings,app.engines.admin_catalog.admin_router,app\engines\admin_catalog\admin_router.py,1521,Admin Catalog|Master Workflow Templates,False,True,list_workflow_mappings|require_super_admin|get_current_user|<fastapi.security.http.HTTPBearer object at 0x0000012C233CCA70>|_svc|get_db|get_current_user|<fastapi.security.http.HTTPBearer object at 0x0000012C233CCA70>,require_super_admin|get_current_user|get_current_user,,,,
POST,/v1/admin/workflow-templates/{template_id}/mappings,create_workflow_mapping,app.engines.admin_catalog.admin_router,app\engines\admin_catalog\admin_router.py,1529,Admin Catalog|Master Workflow Templates,False,True,create_workflow_mapping|require_super_admin|get_current_user|<fastapi.security.http.HTTPBearer object at 0x0000012C233CCA70>|_svc|get_db|get_current_user|<fastapi.security.http.HTTPBearer object at 0x0000012C233CCA70>,require_super_admin|get_current_user|get_current_user,add|flush,,_audit,
DELETE,/v1/admin/workflow-templates/{template_id}/mappings/{mapping_id},delete_workflow_mapping,app.engines.admin_catalog.admin_router,app\engines\admin_catalog\admin_router.py,1538,Admin Catalog|Master Workflow Templates,False,True,delete_workflow_mapping|require_super_admin|get_current_user|<fastapi.security.http.HTTPBearer object at 0x0000012C233CCA70>|_svc|get_db|get_current_user|<fastapi.security.http.HTTPBearer object at 0x0000012C233CCA70>,require_super_admin|get_current_user|get_current_user,delete|flush,,,
GET,/v1/admin/workflow-templates/{template_id}/audit-logs,get_workflow_template_audit_logs,app.engines.admin_catalog.admin_router,app\engines\admin_catalog\admin_router.py,1548,Admin Catalog|Master Workflow Templates,False,True,get_workflow_template_audit_logs|require_super_admin|get_current_user|<fastapi.security.http.HTTPBearer object at 0x0000012C233CCA70>|_svc|get_db|get_current_user|<fastapi.security.http.HTTPBearer object at 0x0000012C233CCA70>,require_super_admin|get_current_user|get_current_user,,,,
GET,/v1/admin/workflows/audit-logs,get_workflows_audit_logs,app.engines.admin_catalog.admin_router,app\engines\admin_catalog\admin_router.py,1557,Admin Catalog|Master Workflow Templates,False,True,get_workflows_audit_logs|require_super_admin|get_current_user|<fastapi.security.http.HTTPBearer object at 0x0000012C233CCA70>|_svc|get_db|get_current_user|<fastapi.security.http.HTTPBearer object at 0x0000012C233CCA70>,require_super_admin|get_current_user|get_current_user,,,,
GET,/v1/admin/master-data-audit,list_master_data_audit,app.engines.admin_catalog.admin_router,app\engines\admin_catalog\admin_router.py,1569,Admin Catalog|Master Data Audit,False,True,list_master_data_audit|require_super_admin|get_current_user|<fastapi.security.http.HTTPBearer object at 0x0000012C233CCA70>|_svc|get_db|get_current_user|<fastapi.security.http.HTTPBearer object at 0x0000012C233CCA70>,require_super_admin|get_current_user|get_current_user,,,,
GET,/v1/tenant/catalog/available-services,list_available_services,app.engines.admin_catalog.tenant_router,app\engines\admin_catalog\tenant_router.py,31,Tenant Service Catalog,False,True,list_available_services|get_current_user|<fastapi.security.http.HTTPBearer object at 0x0000012C233CCA70>|_svc|get_db|get_current_user|<fastapi.security.http.HTTPBearer object at 0x0000012C233CCA70>,get_current_user|get_current_user,,,,self.actor_tenant_id
GET,/v1/tenant/catalog/home-services/available-services,list_home_services_available_services,app.engines.admin_catalog.tenant_router,app\engines\admin_catalog\tenant_router.py,40,Tenant Service Catalog|Tenant Home Services Setup,False,True,list_home_services_available_services|get_current_user|<fastapi.security.http.HTTPBearer object at 0x0000012C233CCA70>|_svc|get_db|get_current_user|<fastapi.security.http.HTTPBearer object at 0x0000012C233CCA70>,get_current_user|get_current_user,,,,
GET,/v1/tenant/catalog/home-services/enabled-services,list_home_services_enabled_services,app.engines.admin_catalog.tenant_router,app\engines\admin_catalog\tenant_router.py,50,Tenant Service Catalog|Tenant Home Services Setup,False,True,list_home_services_enabled_services|get_current_user|<fastapi.security.http.HTTPBearer object at 0x0000012C233CCA70>|_svc|get_db|get_current_user|<fastapi.security.http.HTTPBearer object at 0x0000012C233CCA70>,get_current_user|get_current_user,,,,
GET,/v1/tenant/catalog/enabled-services,list_enabled_services,app.engines.admin_catalog.tenant_router,app\engines\admin_catalog\tenant_router.py,60,Tenant Service Catalog,False,True,list_enabled_services|get_current_user|<fastapi.security.http.HTTPBearer object at 0x0000012C233CCA70>|_svc|get_db|get_current_user|<fastapi.security.http.HTTPBearer object at 0x0000012C233CCA70>,get_current_user|get_current_user,,,,self.actor_tenant_id
POST,/v1/tenant/catalog/enable-service,enable_service,app.engines.admin_catalog.tenant_router,app\engines\admin_catalog\tenant_router.py,69,Tenant Service Catalog,False,True,enable_service|require_tenant_mutation_tenant_update|get_current_user|<fastapi.security.http.HTTPBearer object at 0x0000012C233CCA70>|_svc|get_db|get_current_user|<fastapi.security.http.HTTPBearer object at 0x0000012C233CCA70>,get_current_user|get_current_user,add|flush|raw_sql,,,self.actor_tenant_id
GET,/v1/tenant/catalog/enabled-services/{tenant_service_id},get_enabled_service,app.engines.admin_catalog.tenant_router,app\engines\admin_catalog\tenant_router.py,80,Tenant Service Catalog,False,True,get_enabled_service|get_current_user|<fastapi.security.http.HTTPBearer object at 0x0000012C233CCA70>|_svc|get_db|get_current_user|<fastapi.security.http.HTTPBearer object at 0x0000012C233CCA70>,get_current_user|get_current_user,,,,self.actor_tenant_id
PUT,/v1/tenant/catalog/enabled-services/{tenant_service_id},update_enabled_service,app.engines.admin_catalog.tenant_router,app\engines\admin_catalog\tenant_router.py,88,Tenant Service Catalog,False,True,update_enabled_service|require_tenant_mutation_tenant_update|get_current_user|<fastapi.security.http.HTTPBearer object at 0x0000012C233CCA70>|_svc|get_db|get_current_user|<fastapi.security.http.HTTPBearer object at 0x0000012C233CCA70>,get_current_user|get_current_user,flush|raw_sql,,,self.actor_tenant_id
POST,/v1/tenant/catalog/disable-service,disable_service,app.engines.admin_catalog.tenant_router,app\engines\admin_catalog\tenant_router.py,97,Tenant Service Catalog,False,True,disable_service|require_tenant_mutation_tenant_update|get_current_user|<fastapi.security.http.HTTPBearer object at 0x0000012C233CCA70>|_svc|get_db|get_current_user|<fastapi.security.http.HTTPBearer object at 0x0000012C233CCA70>,get_current_user|get_current_user,flush,,,self.actor_tenant_id
GET,/v1/tenant/catalog/enabled-services/{tenant_service_id}/types,get_tenant_service_types,app.engines.admin_catalog.tenant_router,app\engines\admin_catalog\tenant_router.py,112,Tenant Service Catalog|Tenant Service Types,False,True,get_tenant_service_types|get_current_user|<fastapi.security.http.HTTPBearer object at 0x0000012C233CCA70>|_svc|get_db|get_current_user|<fastapi.security.http.HTTPBearer object at 0x0000012C233CCA70>,get_current_user|get_current_user,,,,self.actor_tenant_id
PUT,/v1/tenant/catalog/enabled-services/{tenant_service_id}/types,set_tenant_service_types,app.engines.admin_catalog.tenant_router,app\engines\admin_catalog\tenant_router.py,120,Tenant Service Catalog|Tenant Service Types,False,True,set_tenant_service_types|require_tenant_mutation_tenant_update|get_current_user|<fastapi.security.http.HTTPBearer object at 0x0000012C233CCA70>|_svc|get_db|get_current_user|<fastapi.security.http.HTTPBearer object at 0x0000012C233CCA70>,get_current_user|get_current_user,add|flush,,,self.actor_tenant_id
GET,/v1/tenant/catalog/enabled-services/{tenant_service_id}/brands,get_tenant_service_brands,app.engines.admin_catalog.tenant_router,app\engines\admin_catalog\tenant_router.py,132,Tenant Service Catalog|Tenant Service Brands,False,True,get_tenant_service_brands|get_current_user|<fastapi.security.http.HTTPBearer object at 0x0000012C233CCA70>|_svc|get_db|get_current_user|<fastapi.security.http.HTTPBearer object at 0x0000012C233CCA70>,get_current_user|get_current_user,,,,self.actor_tenant_id
PUT,/v1/tenant/catalog/enabled-services/{tenant_service_id}/brands,set_tenant_service_brands,app.engines.admin_catalog.tenant_router,app\engines\admin_catalog\tenant_router.py,140,Tenant Service Catalog|Tenant Service Brands,False,True,set_tenant_service_brands|require_tenant_mutation_tenant_update|get_current_user|<fastapi.security.http.HTTPBearer object at 0x0000012C233CCA70>|_svc|get_db|get_current_user|<fastapi.security.http.HTTPBearer object at 0x0000012C233CCA70>,get_current_user|get_current_user,add|flush,,,self.actor_tenant_id
GET,/v1/tenant/catalog/enabled-services/{tenant_service_id}/type-pricing,get_tenant_type_pricing,app.engines.admin_catalog.tenant_router,app\engines\admin_catalog\tenant_router.py,152,Tenant Service Catalog|Tenant Service Setup Pricing,False,True,get_tenant_type_pricing|get_current_user|<fastapi.security.http.HTTPBearer object at 0x0000012C233CCA70>|_svc|get_db|get_current_user|<fastapi.security.http.HTTPBearer object at 0x0000012C233CCA70>,get_current_user|get_current_user,,,,self.actor_tenant_id
PUT,/v1/tenant/catalog/enabled-services/{tenant_service_id}/types/{service_type_id}/pricing,set_tenant_type_pricing,app.engines.admin_catalog.tenant_router,app\engines\admin_catalog\tenant_router.py,160,Tenant Service Catalog|Tenant Service Setup Pricing,False,True,set_tenant_type_pricing|require_tenant_mutation_tenant_update|get_current_user|<fastapi.security.http.HTTPBearer object at 0x0000012C233CCA70>|_svc|get_db|get_current_user|<fastapi.security.http.HTTPBearer object at 0x0000012C233CCA70>,get_current_user|get_current_user,flush,,,self.actor_tenant_id
GET,/v1/tenant/catalog/enabled-services/{tenant_service_id}/brand-pricing,get_tenant_brand_pricing,app.engines.admin_catalog.tenant_router,app\engines\admin_catalog\tenant_router.py,171,Tenant Service Catalog|Tenant Service Setup Pricing,False,True,get_tenant_brand_pricing|get_current_user|<fastapi.security.http.HTTPBearer object at 0x0000012C233CCA70>|_svc|get_db|get_current_user|<fastapi.security.http.HTTPBearer object at 0x0000012C233CCA70>,get_current_user|get_current_user,,,,self.actor_tenant_id
PUT,/v1/tenant/catalog/enabled-services/{tenant_service_id}/brands/{brand_id}/pricing,set_tenant_brand_pricing,app.engines.admin_catalog.tenant_router,app\engines\admin_catalog\tenant_router.py,180,Tenant Service Catalog|Tenant Service Setup Pricing,False,True,set_tenant_brand_pricing|require_tenant_mutation_tenant_update|get_current_user|<fastapi.security.http.HTTPBearer object at 0x0000012C233CCA70>|_svc|get_db|get_current_user|<fastapi.security.http.HTTPBearer object at 0x0000012C233CCA70>,get_current_user|get_current_user,add|flush,,,self.actor_tenant_id
POST,/v1/tenant/catalog/price-options/preview,preview_tenant_price_options,app.engines.admin_catalog.tenant_router,app\engines\admin_catalog\tenant_router.py,192,Tenant Service Catalog|Tenant Service Setup Pricing,False,True,preview_tenant_price_options|get_current_user|<fastapi.security.http.HTTPBearer object at 0x0000012C233CCA70>|_svc|get_db|get_current_user|<fastapi.security.http.HTTPBearer object at 0x0000012C233CCA70>,get_current_user|get_current_user,,,,
POST,/v1/tenant/catalog/enabled-services/{tenant_service_id}/publish,publish_tenant_service,app.engines.admin_catalog.tenant_router,app\engines\admin_catalog\tenant_router.py,201,Tenant Service Catalog|Tenant Service Setup Pricing,False,True,publish_tenant_service|require_tenant_mutation_tenant_update|get_current_user|<fastapi.security.http.HTTPBearer object at 0x0000012C233CCA70>|_svc|get_db|get_current_user|<fastapi.security.http.HTTPBearer object at 0x0000012C233CCA70>,get_current_user|get_current_user,flush,,,self.actor_tenant_id
POST,/v1/tenant/catalog/enabled-services/{tenant_service_id}/save-draft,save_tenant_service_draft,app.engines.admin_catalog.tenant_router,app\engines\admin_catalog\tenant_router.py,209,Tenant Service Catalog|Tenant Service Setup Pricing,False,True,save_tenant_service_draft|require_tenant_mutation_tenant_update|get_current_user|<fastapi.security.http.HTTPBearer object at 0x0000012C233CCA70>|_svc|get_db|get_current_user|<fastapi.security.http.HTTPBearer object at 0x0000012C233CCA70>,get_current_user|get_current_user,flush,,,self.actor_tenant_id
GET,/v1/catalog/master/categories,public_list_categories,app.engines.admin_catalog.customer_router,app\engines\admin_catalog\customer_router.py,26,Customer Master Catalog,False,True,public_list_categories|_svc|get_db,NONE,,,,
GET,/v1/catalog/master/services,public_list_services,app.engines.admin_catalog.customer_router,app\engines\admin_catalog\customer_router.py,32,Customer Master Catalog,False,True,public_list_services|_svc|get_db,NONE,,,,
GET,/v1/catalog/master/services/{service_id},public_get_service,app.engines.admin_catalog.customer_router,app\engines\admin_catalog\customer_router.py,41,Customer Master Catalog,False,True,public_get_service|_svc|get_db,NONE,,,,
GET,/v1/catalog/master/brands,public_list_brands,app.engines.admin_catalog.customer_router,app\engines\admin_catalog\customer_router.py,48,Customer Master Catalog,False,True,public_list_brands|_svc|get_db,NONE,,,,
GET,/v1/catalog/master/service-types,public_list_service_types,app.engines.admin_catalog.customer_router,app\engines\admin_catalog\customer_router.py,56,Customer Master Catalog,False,True,public_list_service_types|_svc|get_db,NONE,,,,
GET,/v1/catalog/master/issue-types,public_list_issue_types,app.engines.admin_catalog.customer_router,app\engines\admin_catalog\customer_router.py,64,Customer Master Catalog,False,True,public_list_issue_types|_svc|get_db,NONE,,,,
GET,/v1/catalog/master/service-options,public_list_service_options,app.engines.admin_catalog.customer_router,app\engines\admin_catalog\customer_router.py,75,Customer Master Catalog,False,True,public_list_service_options|_svc|get_db,NONE,,,,
GET,/v1/catalog/master/service-groups,public_list_service_groups,app.engines.admin_catalog.customer_router,app\engines\admin_catalog\customer_router.py,86,Customer Master Catalog,False,True,public_list_service_groups|_svc|get_db,NONE,,,,
GET,/v1/catalog/master/flow/config,get_flow_config,app.engines.admin_catalog.customer_router,app\engines\admin_catalog\customer_router.py,94,Customer Master Catalog,False,True,get_flow_config|_svc|get_db,NONE,,,,
GET,/v1/admin/brands,list_brands,app.engines.admin_catalog.brand_router,app\engines\admin_catalog\brand_router.py,40,Brands,False,True,list_brands|require_super_admin|get_current_user|<fastapi.security.http.HTTPBearer object at 0x0000012C233CCA70>|_svc|get_db|get_current_user|<fastapi.security.http.HTTPBearer object at 0x0000012C233CCA70>,require_super_admin|get_current_user|get_current_user,,,,
POST,/v1/admin/brands,create_brand,app.engines.admin_catalog.brand_router,app\engines\admin_catalog\brand_router.py,56,Brands,False,True,create_brand|require_super_admin|get_current_user|<fastapi.security.http.HTTPBearer object at 0x0000012C233CCA70>|_svc|get_db|get_current_user|<fastapi.security.http.HTTPBearer object at 0x0000012C233CCA70>,require_super_admin|get_current_user|get_current_user,add|flush,,_audit,
POST,/v1/admin/brands/seed,seed_brands,app.engines.admin_catalog.brand_router,app\engines\admin_catalog\brand_router.py,68,Brands,False,True,seed_brands|require_super_admin|get_current_user|<fastapi.security.http.HTTPBearer object at 0x0000012C233CCA70>|_svc|get_db|get_current_user|<fastapi.security.http.HTTPBearer object at 0x0000012C233CCA70>,require_super_admin|get_current_user|get_current_user,add|commit,,,
GET,/v1/admin/brands/{brand_id},get_brand,app.engines.admin_catalog.brand_router,app\engines\admin_catalog\brand_router.py,78,Brands|Brands,False,True,get_brand|require_super_admin|get_current_user|<fastapi.security.http.HTTPBearer object at 0x0000012C233CCA70>|_svc|get_db|get_current_user|<fastapi.security.http.HTTPBearer object at 0x0000012C233CCA70>,require_super_admin|get_current_user|get_current_user,,,,
PUT,/v1/admin/brands/{brand_id},update_brand,app.engines.admin_catalog.brand_router,app\engines\admin_catalog\brand_router.py,89,Brands|Brands,False,True,update_brand|require_super_admin|get_current_user|<fastapi.security.http.HTTPBearer object at 0x0000012C233CCA70>|_svc|get_db|get_current_user|<fastapi.security.http.HTTPBearer object at 0x0000012C233CCA70>,require_super_admin|get_current_user|get_current_user,add|flush|raw_sql,,_audit,
POST,/v1/admin/brands/{brand_id}/activate,activate_brand,app.engines.admin_catalog.brand_router,app\engines\admin_catalog\brand_router.py,101,Brands|Brands,False,True,activate_brand|require_super_admin|get_current_user|<fastapi.security.http.HTTPBearer object at 0x0000012C233CCA70>|_svc|get_db|get_current_user|<fastapi.security.http.HTTPBearer object at 0x0000012C233CCA70>,require_super_admin|get_current_user|get_current_user,add|flush,,_audit,
POST,/v1/admin/brands/{brand_id}/deactivate,deactivate_brand,app.engines.admin_catalog.brand_router,app\engines\admin_catalog\brand_router.py,112,Brands|Brands,False,True,deactivate_brand|require_super_admin|get_current_user|<fastapi.security.http.HTTPBearer object at 0x0000012C233CCA70>|_svc|get_db|get_current_user|<fastapi.security.http.HTTPBearer object at 0x0000012C233CCA70>,require_super_admin|get_current_user|get_current_user,add|flush,,_audit,
POST,/v1/admin/brands/{brand_id}/archive,archive_brand,app.engines.admin_catalog.brand_router,app\engines\admin_catalog\brand_router.py,123,Brands|Brands,False,True,archive_brand|require_super_admin|get_current_user|<fastapi.security.http.HTTPBearer object at 0x0000012C233CCA70>|_svc|get_db|get_current_user|<fastapi.security.http.HTTPBearer object at 0x0000012C233CCA70>,require_super_admin|get_current_user|get_current_user,add|flush,,_audit,
GET,/v1/admin/brands/{brand_id}/category-mappings,list_category_mappings,app.engines.admin_catalog.brand_router,app\engines\admin_catalog\brand_router.py,138,Brands|Brand Mappings,False,True,list_category_mappings|require_super_admin|get_current_user|<fastapi.security.http.HTTPBearer object at 0x0000012C233CCA70>|_svc|get_db|get_current_user|<fastapi.security.http.HTTPBearer object at 0x0000012C233CCA70>,require_super_admin|get_current_user|get_current_user,,,,
POST,/v1/admin/brands/{brand_id}/map-categories,map_brand_categories,app.engines.admin_catalog.brand_router,app\engines\admin_catalog\brand_router.py,149,Brands|Brand Mappings,False,True,map_brand_categories|require_super_admin|get_current_user|<fastapi.security.http.HTTPBearer object at 0x0000012C233CCA70>|_svc|get_db|get_current_user|<fastapi.security.http.HTTPBearer object at 0x0000012C233CCA70>,require_super_admin|get_current_user|get_current_user,add|flush,,_audit,
DELETE,/v1/admin/brands/{brand_id}/category-mappings/{category_id},unmap_brand_category,app.engines.admin_catalog.brand_router,app\engines\admin_catalog\brand_router.py,162,Brands|Brand Mappings,False,True,unmap_brand_category|require_super_admin|get_current_user|<fastapi.security.http.HTTPBearer object at 0x0000012C233CCA70>|_svc|get_db|get_current_user|<fastapi.security.http.HTTPBearer object at 0x0000012C233CCA70>,require_super_admin|get_current_user|get_current_user,add|flush,,_audit,
GET,/v1/admin/brands/{brand_id}/service-mappings,list_service_mappings,app.engines.admin_catalog.brand_router,app\engines\admin_catalog\brand_router.py,178,Brands|Brand Mappings,False,True,list_service_mappings|require_super_admin|get_current_user|<fastapi.security.http.HTTPBearer object at 0x0000012C233CCA70>|_svc|get_db|get_current_user|<fastapi.security.http.HTTPBearer object at 0x0000012C233CCA70>,require_super_admin|get_current_user|get_current_user,,,,
POST,/v1/admin/brands/{brand_id}/map-services,map_brand_services,app.engines.admin_catalog.brand_router,app\engines\admin_catalog\brand_router.py,189,Brands|Brand Mappings,False,True,map_brand_services|require_super_admin|get_current_user|<fastapi.security.http.HTTPBearer object at 0x0000012C233CCA70>|_svc|get_db|get_current_user|<fastapi.security.http.HTTPBearer object at 0x0000012C233CCA70>,require_super_admin|get_current_user|get_current_user,add|flush,,_audit,
DELETE,/v1/admin/brands/{brand_id}/service-mappings/{service_id},unmap_brand_service,app.engines.admin_catalog.brand_router,app\engines\admin_catalog\brand_router.py,202,Brands|Brand Mappings,False,True,unmap_brand_service|require_super_admin|get_current_user|<fastapi.security.http.HTTPBearer object at 0x0000012C233CCA70>|_svc|get_db|get_current_user|<fastapi.security.http.HTTPBearer object at 0x0000012C233CCA70>,require_super_admin|get_current_user|get_current_user,add|flush,,_audit,
POST,/v1/admin/brands/bulk-map-services,bulk_map_services,app.engines.admin_catalog.brand_router,app\engines\admin_catalog\brand_router.py,214,Brands|Brand Mappings,False,True,bulk_map_services|require_super_admin|get_current_user|<fastapi.security.http.HTTPBearer object at 0x0000012C233CCA70>|_svc|get_db|get_current_user|<fastapi.security.http.HTTPBearer object at 0x0000012C233CCA70>,require_super_admin|get_current_user|get_current_user,add|flush,,_audit,
POST,/v1/admin/brands/{brand_id}/merge,merge_brand,app.engines.admin_catalog.brand_router,app\engines\admin_catalog\brand_router.py,231,Brands|Brands,False,True,merge_brand|require_super_admin|get_current_user|<fastapi.security.http.HTTPBearer object at 0x0000012C233CCA70>|_svc|get_db|get_current_user|<fastapi.security.http.HTTPBearer object at 0x0000012C233CCA70>,require_super_admin|get_current_user|get_current_user,add|flush,,_audit,
GET,/v1/admin/brand-requests,list_brand_requests,app.engines.admin_catalog.brand_router,app\engines\admin_catalog\brand_router.py,248,Brand Requests,False,True,list_brand_requests|require_super_admin|get_current_user|<fastapi.security.http.HTTPBearer object at 0x0000012C233CCA70>|_svc|get_db|get_current_user|<fastapi.security.http.HTTPBearer object at 0x0000012C233CCA70>,require_super_admin|get_current_user|get_current_user,,,,
POST,/v1/admin/brand-requests/{request_id}/approve,approve_brand_request,app.engines.admin_catalog.brand_router,app\engines\admin_catalog\brand_router.py,259,Brand Requests,False,True,approve_brand_request|require_super_admin|get_current_user|<fastapi.security.http.HTTPBearer object at 0x0000012C233CCA70>|_svc|get_db|get_current_user|<fastapi.security.http.HTTPBearer object at 0x0000012C233CCA70>,require_super_admin|get_current_user|get_current_user,add|flush,,_audit,
POST,/v1/admin/brand-requests/{request_id}/reject,reject_brand_request,app.engines.admin_catalog.brand_router,app\engines\admin_catalog\brand_router.py,271,Brand Requests,False,True,reject_brand_request|require_super_admin|get_current_user|<fastapi.security.http.HTTPBearer object at 0x0000012C233CCA70>|_svc|get_db|get_current_user|<fastapi.security.http.HTTPBearer object at 0x0000012C233CCA70>,require_super_admin|get_current_user|get_current_user,add|flush,,_audit,
POST,/v1/admin/brand-requests/{request_id}/merge,merge_brand_request,app.engines.admin_catalog.brand_router,app\engines\admin_catalog\brand_router.py,283,Brand Requests,False,True,merge_brand_request|require_super_admin|get_current_user|<fastapi.security.http.HTTPBearer object at 0x0000012C233CCA70>|_svc|get_db|get_current_user|<fastapi.security.http.HTTPBearer object at 0x0000012C233CCA70>,require_super_admin|get_current_user|get_current_user,add|flush,,_audit,
GET,/v1/admin/brand-templates,list_brand_templates,app.engines.admin_catalog.brand_router,app\engines\admin_catalog\brand_router.py,300,Brand Templates,False,True,list_brand_templates|require_super_admin|get_current_user|<fastapi.security.http.HTTPBearer object at 0x0000012C233CCA70>|_svc|get_db|get_current_user|<fastapi.security.http.HTTPBearer object at 0x0000012C233CCA70>,require_super_admin|get_current_user|get_current_user,,,,
POST,/v1/admin/brand-templates,create_brand_template,app.engines.admin_catalog.brand_router,app\engines\admin_catalog\brand_router.py,311,Brand Templates,False,True,create_brand_template|require_super_admin|get_current_user|<fastapi.security.http.HTTPBearer object at 0x0000012C233CCA70>|_svc|get_db|get_current_user|<fastapi.security.http.HTTPBearer object at 0x0000012C233CCA70>,require_super_admin|get_current_user|get_current_user,add|flush,,,
POST,/v1/admin/brand-templates/{template_id}/apply,apply_brand_template,app.engines.admin_catalog.brand_router,app\engines\admin_catalog\brand_router.py,322,Brand Templates,False,True,apply_brand_template|require_super_admin|get_current_user|<fastapi.security.http.HTTPBearer object at 0x0000012C233CCA70>|_svc|get_db|get_current_user|<fastapi.security.http.HTTPBearer object at 0x0000012C233CCA70>,require_super_admin|get_current_user|get_current_user,add|flush,,_audit,
GET,/v1/provider/brands/services/{service_id}/available,get_available_brands,app.engines.admin_catalog.brand_provider_router,app\engines\admin_catalog\brand_provider_router.py,36,Provider Brands,False,True,get_available_brands|require_technician|get_current_user|<fastapi.security.http.HTTPBearer object at 0x0000012C233CCA70>|_svc|get_db|require_technician|get_current_user|<fastapi.security.http.HTTPBearer object at 0x0000012C233CCA70>,require_technician|get_current_user|require_technician|get_current_user,,,,
GET,/v1/provider/brands/categories/{category_id}/available,get_available_brands_for_category,app.engines.admin_catalog.brand_provider_router,app\engines\admin_catalog\brand_provider_router.py,50,Provider Brands,False,True,get_available_brands_for_category|require_technician|get_current_user|<fastapi.security.http.HTTPBearer object at 0x0000012C233CCA70>|_svc|get_db|require_technician|get_current_user|<fastapi.security.http.HTTPBearer object at 0x0000012C233CCA70>,require_technician|get_current_user|require_technician|get_current_user,,,,
GET,/v1/provider/brands/services/{service_id}/supported,get_supported_brands,app.engines.admin_catalog.brand_provider_router,app\engines\admin_catalog\brand_provider_router.py,64,Provider Brands,False,True,get_supported_brands|require_technician|get_current_user|<fastapi.security.http.HTTPBearer object at 0x0000012C233CCA70>|_svc|get_db|require_technician|get_current_user|<fastapi.security.http.HTTPBearer object at 0x0000012C233CCA70>,require_technician|get_current_user|require_technician|get_current_user,,,,self.tenant_id
POST,/v1/provider/brands/services/{service_id}/supported,set_supported_brands,app.engines.admin_catalog.brand_provider_router,app\engines\admin_catalog\brand_provider_router.py,78,Provider Brands,False,True,set_supported_brands|require_technician|get_current_user|<fastapi.security.http.HTTPBearer object at 0x0000012C233CCA70>|_svc|get_db|require_technician|get_current_user|<fastapi.security.http.HTTPBearer object at 0x0000012C233CCA70>,require_technician|get_current_user|require_technician|get_current_user,add|flush,,_audit,self.tenant_id
POST,/v1/provider/brands/requests,create_brand_request,app.engines.admin_catalog.brand_provider_router,app\engines\admin_catalog\brand_provider_router.py,101,Provider Brands,False,True,create_brand_request|require_technician|get_current_user|<fastapi.security.http.HTTPBearer object at 0x0000012C233CCA70>|_svc|get_db|require_technician|get_current_user|<fastapi.security.http.HTTPBearer object at 0x0000012C233CCA70>,require_technician|get_current_user|require_technician|get_current_user,add|flush,,_audit,self.tenant_id
GET,/v1/provider/brands/requests,list_my_brand_requests,app.engines.admin_catalog.brand_provider_router,app\engines\admin_catalog\brand_provider_router.py,116,Provider Brands,False,True,list_my_brand_requests|require_technician|get_current_user|<fastapi.security.http.HTTPBearer object at 0x0000012C233CCA70>|_svc|get_db|require_technician|get_current_user|<fastapi.security.http.HTTPBearer object at 0x0000012C233CCA70>,require_technician|get_current_user|require_technician|get_current_user,,,,u.tenant_id
GET,/v1/customer/catalog/brands,get_customer_brands,app.engines.admin_catalog.brand_customer_router,app\engines\admin_catalog\brand_customer_router.py,28,Customer Catalog Brands,False,True,get_customer_brands|_svc|get_db,NONE,,,,
POST,/v1/customer/catalog/brands/validate,validate_brand,app.engines.admin_catalog.brand_customer_router,app\engines\admin_catalog\brand_customer_router.py,47,Customer Catalog Brands,False,True,validate_brand|_svc|get_db,NONE,,,,
GET,/v1/admin/service-option-groups,list_option_groups,app.engines.admin_catalog.service_option_admin_router,app\engines\admin_catalog\service_option_admin_router.py,42,Service Option Groups,False,True,list_option_groups|require_super_admin|get_current_user|<fastapi.security.http.HTTPBearer object at 0x0000012C233CCA70>|_svc|get_db|get_current_user|<fastapi.security.http.HTTPBearer object at 0x0000012C233CCA70>,require_super_admin|get_current_user|get_current_user,,,,
POST,/v1/admin/service-option-groups,create_option_group,app.engines.admin_catalog.service_option_admin_router,app\engines\admin_catalog\service_option_admin_router.py,51,Service Option Groups,False,True,create_option_group|require_super_admin|get_current_user|<fastapi.security.http.HTTPBearer object at 0x0000012C233CCA70>|_svc|get_db|get_current_user|<fastapi.security.http.HTTPBearer object at 0x0000012C233CCA70>,require_super_admin|get_current_user|get_current_user,add|commit|flush,,_audit,
PUT,/v1/admin/service-option-groups/{group_id},update_option_group,app.engines.admin_catalog.service_option_admin_router,app\engines\admin_catalog\service_option_admin_router.py,58,Service Option Groups,False,True,update_option_group|require_super_admin|get_current_user|<fastapi.security.http.HTTPBearer object at 0x0000012C233CCA70>|_svc|get_db|get_current_user|<fastapi.security.http.HTTPBearer object at 0x0000012C233CCA70>,require_super_admin|get_current_user|get_current_user,add|commit|flush,,_audit,
POST,/v1/admin/service-options/{option_id}/activate,activate_service_option,app.engines.admin_catalog.service_option_admin_router,app\engines\admin_catalog\service_option_admin_router.py,115,Service Options,False,True,activate_service_option|require_super_admin|get_current_user|<fastapi.security.http.HTTPBearer object at 0x0000012C233CCA70>|_svc|get_db|get_current_user|<fastapi.security.http.HTTPBearer object at 0x0000012C233CCA70>,require_super_admin|get_current_user|get_current_user,commit,,_audit,
POST,/v1/admin/service-options/{option_id}/deactivate,deactivate_service_option,app.engines.admin_catalog.service_option_admin_router,app\engines\admin_catalog\service_option_admin_router.py,122,Service Options,False,True,deactivate_service_option|require_super_admin|get_current_user|<fastapi.security.http.HTTPBearer object at 0x0000012C233CCA70>|_svc|get_db|get_current_user|<fastapi.security.http.HTTPBearer object at 0x0000012C233CCA70>,require_super_admin|get_current_user|get_current_user,commit,,_audit,
POST,/v1/admin/service-options/{option_id}/archive,archive_service_option,app.engines.admin_catalog.service_option_admin_router,app\engines\admin_catalog\service_option_admin_router.py,129,Service Options,False,True,archive_service_option|require_super_admin|get_current_user|<fastapi.security.http.HTTPBearer object at 0x0000012C233CCA70>|_svc|get_db|get_current_user|<fastapi.security.http.HTTPBearer object at 0x0000012C233CCA70>,require_super_admin|get_current_user|get_current_user,commit,,_audit,
GET,/v1/admin/issue-types-v2,list_issue_types,app.engines.admin_catalog.service_option_admin_router,app\engines\admin_catalog\service_option_admin_router.py,140,Issue Types,False,True,list_issue_types|require_super_admin|get_current_user|<fastapi.security.http.HTTPBearer object at 0x0000012C233CCA70>|_svc|get_db|get_current_user|<fastapi.security.http.HTTPBearer object at 0x0000012C233CCA70>,require_super_admin|get_current_user|get_current_user,,,,
POST,/v1/admin/issue-types-v2,create_issue_type,app.engines.admin_catalog.service_option_admin_router,app\engines\admin_catalog\service_option_admin_router.py,154,Issue Types,False,True,create_issue_type|require_super_admin|get_current_user|<fastapi.security.http.HTTPBearer object at 0x0000012C233CCA70>|_svc|get_db|get_current_user|<fastapi.security.http.HTTPBearer object at 0x0000012C233CCA70>,require_super_admin|get_current_user|get_current_user,add|commit|flush,,_audit,
GET,/v1/admin/issue-types-v2/{issue_id},get_issue_type,app.engines.admin_catalog.service_option_admin_router,app\engines\admin_catalog\service_option_admin_router.py,161,Issue Types,False,True,get_issue_type|require_super_admin|get_current_user|<fastapi.security.http.HTTPBearer object at 0x0000012C233CCA70>|_svc|get_db|get_current_user|<fastapi.security.http.HTTPBearer object at 0x0000012C233CCA70>,require_super_admin|get_current_user|get_current_user,,,,
PUT,/v1/admin/issue-types-v2/{issue_id},update_issue_type,app.engines.admin_catalog.service_option_admin_router,app\engines\admin_catalog\service_option_admin_router.py,168,Issue Types,False,True,update_issue_type|require_super_admin|get_current_user|<fastapi.security.http.HTTPBearer object at 0x0000012C233CCA70>|_svc|get_db|get_current_user|<fastapi.security.http.HTTPBearer object at 0x0000012C233CCA70>,require_super_admin|get_current_user|get_current_user,add|commit|flush,,_audit,
POST,/v1/admin/issue-types-v2/{issue_id}/activate,activate_issue_type,app.engines.admin_catalog.service_option_admin_router,app\engines\admin_catalog\service_option_admin_router.py,175,Issue Types,False,True,activate_issue_type|require_super_admin|get_current_user|<fastapi.security.http.HTTPBearer object at 0x0000012C233CCA70>|_svc|get_db|get_current_user|<fastapi.security.http.HTTPBearer object at 0x0000012C233CCA70>,require_super_admin|get_current_user|get_current_user,commit,,_audit,
POST,/v1/admin/issue-types-v2/{issue_id}/deactivate,deactivate_issue_type,app.engines.admin_catalog.service_option_admin_router,app\engines\admin_catalog\service_option_admin_router.py,182,Issue Types,False,True,deactivate_issue_type|require_super_admin|get_current_user|<fastapi.security.http.HTTPBearer object at 0x0000012C233CCA70>|_svc|get_db|get_current_user|<fastapi.security.http.HTTPBearer object at 0x0000012C233CCA70>,require_super_admin|get_current_user|get_current_user,commit,,_audit,
POST,/v1/admin/issue-types-v2/{issue_id}/archive,archive_issue_type,app.engines.admin_catalog.service_option_admin_router,app\engines\admin_catalog\service_option_admin_router.py,189,Issue Types,False,True,archive_issue_type|require_super_admin|get_current_user|<fastapi.security.http.HTTPBearer object at 0x0000012C233CCA70>|_svc|get_db|get_current_user|<fastapi.security.http.HTTPBearer object at 0x0000012C233CCA70>,require_super_admin|get_current_user|get_current_user,commit,,_audit,
GET,/v1/admin/master-services/{service_id}/options,list_service_option_mappings,app.engines.admin_catalog.service_option_admin_router,app\engines\admin_catalog\service_option_admin_router.py,200,Service Option Mappings,False,True,list_service_option_mappings|require_super_admin|get_current_user|<fastapi.security.http.HTTPBearer object at 0x0000012C233CCA70>|_svc|get_db|get_current_user|<fastapi.security.http.HTTPBearer object at 0x0000012C233CCA70>,require_super_admin|get_current_user|get_current_user,,,,
POST,/v1/admin/master-services/{service_id}/options,add_service_option_mapping,app.engines.admin_catalog.service_option_admin_router,app\engines\admin_catalog\service_option_admin_router.py,207,Service Option Mappings,False,True,add_service_option_mapping|require_super_admin|get_current_user|<fastapi.security.http.HTTPBearer object at 0x0000012C233CCA70>|_svc|get_db|get_current_user|<fastapi.security.http.HTTPBearer object at 0x0000012C233CCA70>,require_super_admin|get_current_user|get_current_user,add|commit|flush,,_audit,
PUT,/v1/admin/master-services/{service_id}/options/{mapping_id},update_service_option_mapping,app.engines.admin_catalog.service_option_admin_router,app\engines\admin_catalog\service_option_admin_router.py,215,Service Option Mappings,False,True,update_service_option_mapping|require_super_admin|get_current_user|<fastapi.security.http.HTTPBearer object at 0x0000012C233CCA70>|_svc|get_db|get_current_user|<fastapi.security.http.HTTPBearer object at 0x0000012C233CCA70>,require_super_admin|get_current_user|get_current_user,commit,,,
DELETE,/v1/admin/master-services/{service_id}/options/{mapping_id},remove_service_option_mapping,app.engines.admin_catalog.service_option_admin_router,app\engines\admin_catalog\service_option_admin_router.py,223,Service Option Mappings,False,True,remove_service_option_mapping|require_super_admin|get_current_user|<fastapi.security.http.HTTPBearer object at 0x0000012C233CCA70>|_svc|get_db|get_current_user|<fastapi.security.http.HTTPBearer object at 0x0000012C233CCA70>,require_super_admin|get_current_user|get_current_user,add|commit|flush,,_audit,
POST,/v1/admin/master-services/{service_id}/issues,add_service_issue_mapping,app.engines.admin_catalog.service_option_admin_router,app\engines\admin_catalog\service_option_admin_router.py,240,Service Option Mappings,False,True,add_service_issue_mapping|require_super_admin|get_current_user|<fastapi.security.http.HTTPBearer object at 0x0000012C233CCA70>|_svc|get_db|get_current_user|<fastapi.security.http.HTTPBearer object at 0x0000012C233CCA70>,require_super_admin|get_current_user|get_current_user,add|commit|flush,,_audit,
PUT,/v1/admin/master-services/{service_id}/issues/{mapping_id},update_service_issue_mapping,app.engines.admin_catalog.service_option_admin_router,app\engines\admin_catalog\service_option_admin_router.py,248,Service Option Mappings,False,True,update_service_issue_mapping|require_super_admin|get_current_user|<fastapi.security.http.HTTPBearer object at 0x0000012C233CCA70>|_svc|get_db|get_current_user|<fastapi.security.http.HTTPBearer object at 0x0000012C233CCA70>,require_super_admin|get_current_user|get_current_user,commit,,,
DELETE,/v1/admin/master-services/{service_id}/issues/{mapping_id},remove_service_issue_mapping,app.engines.admin_catalog.service_option_admin_router,app\engines\admin_catalog\service_option_admin_router.py,256,Service Option Mappings,False,True,remove_service_issue_mapping|require_super_admin|get_current_user|<fastapi.security.http.HTTPBearer object at 0x0000012C233CCA70>|_svc|get_db|get_current_user|<fastapi.security.http.HTTPBearer object at 0x0000012C233CCA70>,require_super_admin|get_current_user|get_current_user,add|commit|flush,,_audit,
GET,/v1/admin/master-services/{service_id}/workflow-mapping-status,get_workflow_mapping_status,app.engines.admin_catalog.service_option_admin_router,app\engines\admin_catalog\service_option_admin_router.py,267,Service Option Mappings,False,True,get_workflow_mapping_status|require_super_admin|get_current_user|<fastapi.security.http.HTTPBearer object at 0x0000012C233CCA70>|get_db,require_super_admin|get_current_user,,,,
GET,/v1/admin/checklists,list_checklist_items,app.engines.admin_catalog.service_option_admin_router,app\engines\admin_catalog\service_option_admin_router.py,299,Checklists,False,True,list_checklist_items|require_super_admin|get_current_user|<fastapi.security.http.HTTPBearer object at 0x0000012C233CCA70>|_svc|get_db|get_current_user|<fastapi.security.http.HTTPBearer object at 0x0000012C233CCA70>,require_super_admin|get_current_user|get_current_user,,,,
POST,/v1/admin/checklists,create_checklist_item,app.engines.admin_catalog.service_option_admin_router,app\engines\admin_catalog\service_option_admin_router.py,313,Checklists,False,True,create_checklist_item|require_super_admin|get_current_user|<fastapi.security.http.HTTPBearer object at 0x0000012C233CCA70>|_svc|get_db|get_current_user|<fastapi.security.http.HTTPBearer object at 0x0000012C233CCA70>,require_super_admin|get_current_user|get_current_user,add|commit|flush,,_audit,
POST,/v1/admin/checklists/seed-defaults,seed_default_checklists,app.engines.admin_catalog.service_option_admin_router,app\engines\admin_catalog\service_option_admin_router.py,320,Checklists,False,True,seed_default_checklists|require_super_admin|get_current_user|<fastapi.security.http.HTTPBearer object at 0x0000012C233CCA70>|_svc|get_db|get_current_user|<fastapi.security.http.HTTPBearer object at 0x0000012C233CCA70>,require_super_admin|get_current_user|get_current_user,add|commit|flush,,_audit,
GET,/v1/admin/checklists/{item_id},get_checklist_item,app.engines.admin_catalog.service_option_admin_router,app\engines\admin_catalog\service_option_admin_router.py,327,Checklists,False,True,get_checklist_item|require_super_admin|get_current_user|<fastapi.security.http.HTTPBearer object at 0x0000012C233CCA70>|_svc|get_db|get_current_user|<fastapi.security.http.HTTPBearer object at 0x0000012C233CCA70>,require_super_admin|get_current_user|get_current_user,,,,
PUT,/v1/admin/checklists/{item_id},update_checklist_item,app.engines.admin_catalog.service_option_admin_router,app\engines\admin_catalog\service_option_admin_router.py,334,Checklists,False,True,update_checklist_item|require_super_admin|get_current_user|<fastapi.security.http.HTTPBearer object at 0x0000012C233CCA70>|_svc|get_db|get_current_user|<fastapi.security.http.HTTPBearer object at 0x0000012C233CCA70>,require_super_admin|get_current_user|get_current_user,add|commit|flush,,_audit,
POST,/v1/admin/checklists/{item_id}/enable,enable_checklist_item,app.engines.admin_catalog.service_option_admin_router,app\engines\admin_catalog\service_option_admin_router.py,341,Checklists,False,True,enable_checklist_item|require_super_admin|get_current_user|<fastapi.security.http.HTTPBearer object at 0x0000012C233CCA70>|_svc|get_db|get_current_user|<fastapi.security.http.HTTPBearer object at 0x0000012C233CCA70>,require_super_admin|get_current_user|get_current_user,commit,,_audit,
POST,/v1/admin/checklists/{item_id}/disable,disable_checklist_item,app.engines.admin_catalog.service_option_admin_router,app\engines\admin_catalog\service_option_admin_router.py,348,Checklists,False,True,disable_checklist_item|require_super_admin|get_current_user|<fastapi.security.http.HTTPBearer object at 0x0000012C233CCA70>|_svc|get_db|get_current_user|<fastapi.security.http.HTTPBearer object at 0x0000012C233CCA70>,require_super_admin|get_current_user|get_current_user,commit,,_audit,
POST,/v1/admin/checklists/{item_id}/archive,archive_checklist_item,app.engines.admin_catalog.service_option_admin_router,app\engines\admin_catalog\service_option_admin_router.py,355,Checklists,False,True,archive_checklist_item|require_super_admin|get_current_user|<fastapi.security.http.HTTPBearer object at 0x0000012C233CCA70>|_svc|get_db|get_current_user|<fastapi.security.http.HTTPBearer object at 0x0000012C233CCA70>,require_super_admin|get_current_user|get_current_user,commit,,_audit,
GET,/v1/provider/setup/services/{service_id}/available-options,get_available_options,app.engines.admin_catalog.service_option_provider_router,app\engines\admin_catalog\service_option_provider_router.py,26,Provider Service Options,False,True,get_available_options|require_technician|get_current_user|<fastapi.security.http.HTTPBearer object at 0x0000012C233CCA70>|_svc|get_db|require_technician|get_current_user|<fastapi.security.http.HTTPBearer object at 0x0000012C233CCA70>,require_technician|get_current_user|require_technician|get_current_user,,,,
GET,/v1/provider/setup/services/{service_id}/supported-options,get_supported_options,app.engines.admin_catalog.service_option_provider_router,app\engines\admin_catalog\service_option_provider_router.py,33,Provider Service Options,False,True,get_supported_options|require_technician|get_current_user|<fastapi.security.http.HTTPBearer object at 0x0000012C233CCA70>|_svc|get_db|require_technician|get_current_user|<fastapi.security.http.HTTPBearer object at 0x0000012C233CCA70>,require_technician|get_current_user|require_technician|get_current_user,,,,self.tenant_id
POST,/v1/provider/setup/services/{service_id}/supported-options,set_supported_options,app.engines.admin_catalog.service_option_provider_router,app\engines\admin_catalog\service_option_provider_router.py,40,Provider Service Options,False,True,set_supported_options|require_technician|get_current_user|<fastapi.security.http.HTTPBearer object at 0x0000012C233CCA70>|_svc|get_db|require_technician|get_current_user|<fastapi.security.http.HTTPBearer object at 0x0000012C233CCA70>,require_technician|get_current_user|require_technician|get_current_user,add|commit|flush,,_audit,self.tenant_id
GET,/v1/customer/catalog/service-options,get_customer_service_options,app.engines.admin_catalog.service_option_customer_router,app\engines\admin_catalog\service_option_customer_router.py,22,Customer Service Diagnostics,False,True,get_customer_service_options|_svc|get_db,NONE,,,,
GET,/v1/customer/catalog/issue-types,get_customer_issue_types,app.engines.admin_catalog.service_option_customer_router,app\engines\admin_catalog\service_option_customer_router.py,30,Customer Service Diagnostics,False,True,get_customer_issue_types|_svc|get_db,NONE,,,,
POST,/v1/customer/catalog/service-diagnostics/validate,validate_service_diagnostics,app.engines.admin_catalog.service_option_customer_router,app\engines\admin_catalog\service_option_customer_router.py,38,Customer Service Diagnostics,False,True,validate_service_diagnostics|_svc|get_db,NONE,,,,
GET,/v1/admin/service-setup-templates,list_templates,app.engines.admin_catalog.service_setup_template_router,app\engines\admin_catalog\service_setup_template_router.py,28,Admin Setup Templates,False,True,list_templates|get_db|require_super_admin|get_current_user|<fastapi.security.http.HTTPBearer object at 0x0000012C233CCA70>,require_super_admin|get_current_user,,,,_svc()
POST,/v1/admin/service-setup-templates,create_template,app.engines.admin_catalog.service_setup_template_router,app\engines\admin_catalog\service_setup_template_router.py,47,Admin Setup Templates,False,True,create_template|get_db|require_super_admin|get_current_user|<fastapi.security.http.HTTPBearer object at 0x0000012C233CCA70>,require_super_admin|get_current_user,add|commit|flush,,_audit,_svc()
GET,/v1/admin/service-setup-templates/{template_id},get_template,app.engines.admin_catalog.service_setup_template_router,app\engines\admin_catalog\service_setup_template_router.py,57,Admin Setup Templates,False,True,get_template|get_db|require_super_admin|get_current_user|<fastapi.security.http.HTTPBearer object at 0x0000012C233CCA70>,require_super_admin|get_current_user,,,,_svc()
PUT,/v1/admin/service-setup-templates/{template_id},update_template,app.engines.admin_catalog.service_setup_template_router,app\engines\admin_catalog\service_setup_template_router.py,68,Admin Setup Templates,False,True,update_template|get_db|require_super_admin|get_current_user|<fastapi.security.http.HTTPBearer object at 0x0000012C233CCA70>,require_super_admin|get_current_user,add|commit|flush,,_audit,_svc()
POST,/v1/admin/service-setup-templates/{template_id}/publish,publish_template,app.engines.admin_catalog.service_setup_template_router,app\engines\admin_catalog\service_setup_template_router.py,79,Admin Setup Templates,False,True,publish_template|get_db|require_super_admin|get_current_user|<fastapi.security.http.HTTPBearer object at 0x0000012C233CCA70>,require_super_admin|get_current_user,commit,,_audit,_svc()
POST,/v1/admin/service-setup-templates/{template_id}/archive,archive_template,app.engines.admin_catalog.service_setup_template_router,app\engines\admin_catalog\service_setup_template_router.py,89,Admin Setup Templates,False,True,archive_template|get_db|require_super_admin|get_current_user|<fastapi.security.http.HTTPBearer object at 0x0000012C233CCA70>,require_super_admin|get_current_user,commit,,_audit,_svc()
DELETE,/v1/admin/service-setup-templates/{template_id},delete_template,app.engines.admin_catalog.service_setup_template_router,app\engines\admin_catalog\service_setup_template_router.py,99,Admin Setup Templates,False,True,delete_template|get_db|require_super_admin|get_current_user|<fastapi.security.http.HTTPBearer object at 0x0000012C233CCA70>,require_super_admin|get_current_user,add|commit|flush,,_audit,_svc()
GET,/v1/admin/service-setup-templates/{template_id}/items,list_items,app.engines.admin_catalog.service_setup_template_router,app\engines\admin_catalog\service_setup_template_router.py,111,Admin Setup Templates,False,True,list_items|get_db|require_super_admin|get_current_user|<fastapi.security.http.HTTPBearer object at 0x0000012C233CCA70>,require_super_admin|get_current_user,,,,_svc()
POST,/v1/admin/service-setup-templates/{template_id}/items,add_item,app.engines.admin_catalog.service_setup_template_router,app\engines\admin_catalog\service_setup_template_router.py,121,Admin Setup Templates,False,True,add_item|get_db|require_super_admin|get_current_user|<fastapi.security.http.HTTPBearer object at 0x0000012C233CCA70>,require_super_admin|get_current_user,add|commit|flush,,_audit,_svc()
PUT,/v1/admin/service-setup-templates/{template_id}/items/{item_id},update_item,app.engines.admin_catalog.service_setup_template_router,app\engines\admin_catalog\service_setup_template_router.py,132,Admin Setup Templates,False,True,update_item|get_db|require_super_admin|get_current_user|<fastapi.security.http.HTTPBearer object at 0x0000012C233CCA70>,require_super_admin|get_current_user,add|commit|flush,,_audit,_svc()
DELETE,/v1/admin/service-setup-templates/{template_id}/items/{item_id},remove_item,app.engines.admin_catalog.service_setup_template_router,app\engines\admin_catalog\service_setup_template_router.py,144,Admin Setup Templates,False,True,remove_item|get_db|require_super_admin|get_current_user|<fastapi.security.http.HTTPBearer object at 0x0000012C233CCA70>,require_super_admin|get_current_user,add|commit|flush,,_audit,_svc()
GET,/v1/admin/service-setup-templates/{template_id}/relationships,list_relationships,app.engines.admin_catalog.service_setup_template_router,app\engines\admin_catalog\service_setup_template_router.py,157,Admin Setup Templates,False,True,list_relationships|get_db|require_super_admin|get_current_user|<fastapi.security.http.HTTPBearer object at 0x0000012C233CCA70>,require_super_admin|get_current_user,,,,_svc()
POST,/v1/admin/service-setup-templates/{template_id}/relationships,add_relationship,app.engines.admin_catalog.service_setup_template_router,app\engines\admin_catalog\service_setup_template_router.py,167,Admin Setup Templates,False,True,add_relationship|get_db|require_super_admin|get_current_user|<fastapi.security.http.HTTPBearer object at 0x0000012C233CCA70>,require_super_admin|get_current_user,add|commit|flush,,_audit,_svc()
DELETE,/v1/admin/service-setup-templates/{template_id}/relationships/{rel_id},remove_relationship,app.engines.admin_catalog.service_setup_template_router,app\engines\admin_catalog\service_setup_template_router.py,178,Admin Setup Templates,False,True,remove_relationship|get_db|require_super_admin|get_current_user|<fastapi.security.http.HTTPBearer object at 0x0000012C233CCA70>,require_super_admin|get_current_user,add|commit|flush,,_audit,_svc()
POST,/v1/admin/service-setup-templates/{template_id}/preview,preview_template,app.engines.admin_catalog.service_setup_template_router,app\engines\admin_catalog\service_setup_template_router.py,191,Admin Setup Templates,False,True,preview_template|get_db|require_super_admin|get_current_user|<fastapi.security.http.HTTPBearer object at 0x0000012C233CCA70>,require_super_admin|get_current_user,,,,_svc()
POST,/v1/admin/service-setup-templates/{template_id}/apply,apply_template,app.engines.admin_catalog.service_setup_template_router,app\engines\admin_catalog\service_setup_template_router.py,202,Admin Setup Templates,False,True,apply_template|get_db|require_super_admin|get_current_user|<fastapi.security.http.HTTPBearer object at 0x0000012C233CCA70>,require_super_admin|get_current_user,add|commit|flush,,_audit,_svc()
GET,/v1/admin/service-setup-templates/{template_id}/runs,list_runs,app.engines.admin_catalog.service_setup_template_router,app\engines\admin_catalog\service_setup_template_router.py,215,Admin Setup Templates,False,True,list_runs|get_db|require_super_admin|get_current_user|<fastapi.security.http.HTTPBearer object at 0x0000012C233CCA70>,require_super_admin|get_current_user,,,,_svc()
GET,/v1/admin/service-setup-templates/runs/{run_id},get_run_detail,app.engines.admin_catalog.service_setup_template_router,app\engines\admin_catalog\service_setup_template_router.py,225,Admin Setup Templates,False,True,get_run_detail|get_db|require_super_admin|get_current_user|<fastapi.security.http.HTTPBearer object at 0x0000012C233CCA70>,require_super_admin|get_current_user,,,,_svc()
GET,/v1/provider/setup/templates/recommended,get_recommended_templates,app.engines.admin_catalog.service_setup_template_router,app\engines\admin_catalog\service_setup_template_router.py,237,Provider Setup Templates,False,True,get_recommended_templates|get_db|require_technician|get_current_user|<fastapi.security.http.HTTPBearer object at 0x0000012C233CCA70>,require_technician|get_current_user,,,,
GET,/v1/admin/home-services/config,get_home_services_config,app.engines.admin_catalog.auto_price_options_router,app\engines\admin_catalog\auto_price_options_router.py,49,Home Services Price Experience,False,True,get_home_services_config|require_super_admin|get_current_user|<fastapi.security.http.HTTPBearer object at 0x0000012C233CCA70>|get_db,require_super_admin|get_current_user,,,,
POST,/v1/admin/home-services/price-experience/preview,admin_price_experience_preview,app.engines.admin_catalog.auto_price_options_router,app\engines\admin_catalog\auto_price_options_router.py,62,Home Services Price Experience,False,True,admin_price_experience_preview|require_pricing.bargain_rules.evaluate_preview|get_current_user|<fastapi.security.http.HTTPBearer object at 0x0000012C233CCA70>|get_db,get_current_user,,,,
POST,/v1/admin/home-services/matching/diagnostics,admin_matching_diagnostics,app.engines.admin_catalog.auto_price_options_router,app\engines\admin_catalog\auto_price_options_router.py,133,Home Services Price Experience,False,True,admin_matching_diagnostics|require_pricing.bargain_rules.evaluate_preview|get_current_user|<fastapi.security.http.HTTPBearer object at 0x0000012C233CCA70>|get_db,get_current_user,,,,
GET,/v1/tenant/home-services/customer-price-preview,tenant_customer_price_preview,app.engines.admin_catalog.auto_price_options_router,app\engines\admin_catalog\auto_price_options_router.py,219,Home Services Customer Price Preview,False,True,tenant_customer_price_preview|get_current_user|<fastapi.security.http.HTTPBearer object at 0x0000012C233CCA70>|get_db,get_current_user,,,,_tenant_id()
GET,/v1/tenant/home-services/matching-readiness,tenant_matching_readiness,app.engines.admin_catalog.auto_price_options_router,app\engines\admin_catalog\auto_price_options_router.py,273,Home Services Customer Price Preview,False,True,tenant_matching_readiness|get_current_user|<fastapi.security.http.HTTPBearer object at 0x0000012C233CCA70>|get_db,get_current_user,,,,_tenant_id()
GET,/v1/admin/home-services/service-catalog/services,list_console_services,app.engines.admin_catalog.home_services_catalog_console_router,app\engines\admin_catalog\home_services_catalog_console_router.py,34,Home Services Catalog Console,False,True,list_console_services|require_catalog_pricing_read|get_current_user|<fastapi.security.http.HTTPBearer object at 0x0000012C233CCA70>|_svc|get_db|get_current_user|<fastapi.security.http.HTTPBearer object at 0x0000012C233CCA70>,get_current_user|get_current_user,,,,
GET,/v1/admin/home-services/service-catalog/services/{service_id},get_console_service_detail,app.engines.admin_catalog.home_services_catalog_console_router,app\engines\admin_catalog\home_services_catalog_console_router.py,42,Home Services Catalog Console,False,True,get_console_service_detail|require_catalog_pricing_read|get_current_user|<fastapi.security.http.HTTPBearer object at 0x0000012C233CCA70>|_svc|get_db|get_current_user|<fastapi.security.http.HTTPBearer object at 0x0000012C233CCA70>,get_current_user|get_current_user,,,,
GET,/v1/admin/home-services/service-catalog/services/{service_id}/types,get_console_type_pricing,app.engines.admin_catalog.home_services_catalog_console_router,app\engines\admin_catalog\home_services_catalog_console_router.py,50,Home Services Catalog Console,False,True,get_console_type_pricing|require_catalog_pricing_read|get_current_user|<fastapi.security.http.HTTPBearer object at 0x0000012C233CCA70>|_svc|get_db|get_current_user|<fastapi.security.http.HTTPBearer object at 0x0000012C233CCA70>,get_current_user|get_current_user,,,,
PUT,/v1/admin/home-services/service-catalog/services/{service_id}/types/{service_type_id}/limits,set_console_type_limits,app.engines.admin_catalog.home_services_catalog_console_router,app\engines\admin_catalog\home_services_catalog_console_router.py,58,Home Services Catalog Console,False,True,set_console_type_limits|require_catalog_pricing_write|get_current_user|<fastapi.security.http.HTTPBearer object at 0x0000012C233CCA70>|_svc|get_db|get_current_user|<fastapi.security.http.HTTPBearer object at 0x0000012C233CCA70>,get_current_user|get_current_user,add|flush,,_audit,
GET,/v1/admin/home-services/service-catalog/services/{service_id}/brands,get_console_brand_pricing,app.engines.admin_catalog.home_services_catalog_console_router,app\engines\admin_catalog\home_services_catalog_console_router.py,67,Home Services Catalog Console,False,True,get_console_brand_pricing|require_catalog_pricing_read|get_current_user|<fastapi.security.http.HTTPBearer object at 0x0000012C233CCA70>|_svc|get_db|get_current_user|<fastapi.security.http.HTTPBearer object at 0x0000012C233CCA70>,get_current_user|get_current_user,,,,
PUT,/v1/admin/home-services/service-catalog/services/{service_id}/brands/{mapping_id}/behavior,set_console_brand_behavior,app.engines.admin_catalog.home_services_catalog_console_router,app\engines\admin_catalog\home_services_catalog_console_router.py,76,Home Services Catalog Console,False,True,set_console_brand_behavior|require_catalog_pricing_write|get_current_user|<fastapi.security.http.HTTPBearer object at 0x0000012C233CCA70>|_svc|get_db|get_current_user|<fastapi.security.http.HTTPBearer object at 0x0000012C233CCA70>,get_current_user|get_current_user,flush,,,
PUT,/v1/admin/home-services/service-catalog/services/{service_id}/brands/{brand_id}/limits,set_console_brand_limits,app.engines.admin_catalog.home_services_catalog_console_router,app\engines\admin_catalog\home_services_catalog_console_router.py,85,Home Services Catalog Console,False,True,set_console_brand_limits|require_catalog_pricing_write|get_current_user|<fastapi.security.http.HTTPBearer object at 0x0000012C233CCA70>|_svc|get_db|get_current_user|<fastapi.security.http.HTTPBearer object at 0x0000012C233CCA70>,get_current_user|get_current_user,add|flush,,,
POST,/v1/admin/home-services/service-catalog/price-preview,console_price_preview,app.engines.admin_catalog.home_services_catalog_console_router,app\engines\admin_catalog\home_services_catalog_console_router.py,95,Home Services Catalog Console,False,True,console_price_preview|require_pricing.bargain_rules.evaluate_preview|get_current_user|<fastapi.security.http.HTTPBearer object at 0x0000012C233CCA70>|_svc|get_db|get_current_user|<fastapi.security.http.HTTPBearer object at 0x0000012C233CCA70>,get_current_user|get_current_user,,,,
GET,/v1/admin/home-services/service-catalog/services/{service_id}/audit,get_console_service_audit,app.engines.admin_catalog.home_services_catalog_console_router,app\engines\admin_catalog\home_services_catalog_console_router.py,104,Home Services Catalog Console,False,True,get_console_service_audit|require_catalog_pricing_read|get_current_user|<fastapi.security.http.HTTPBearer object at 0x0000012C233CCA70>|_svc|get_db|get_current_user|<fastapi.security.http.HTTPBearer object at 0x0000012C233CCA70>,get_current_user|get_current_user,,,,
POST,/v1/admin/bulk-setup/drafts,create_draft,app.engines.admin_catalog.bulk_setup_router,app\engines\admin_catalog\bulk_setup_router.py,54,Admin Bulk Setup Wizard,False,True,create_draft|get_db|require_super_admin|get_current_user|<fastapi.security.http.HTTPBearer object at 0x0000012C233CCA70>,require_super_admin|get_current_user,add|commit|flush,,_audit,
GET,/v1/admin/bulk-setup/drafts,list_drafts,app.engines.admin_catalog.bulk_setup_router,app\engines\admin_catalog\bulk_setup_router.py,64,Admin Bulk Setup Wizard,False,True,list_drafts|get_db|require_super_admin|get_current_user|<fastapi.security.http.HTTPBearer object at 0x0000012C233CCA70>,require_super_admin|get_current_user,,,,
GET,/v1/admin/bulk-setup/drafts/{draft_id},get_draft,app.engines.admin_catalog.bulk_setup_router,app\engines\admin_catalog\bulk_setup_router.py,76,Admin Bulk Setup Wizard,False,True,get_draft|get_db|require_super_admin|get_current_user|<fastapi.security.http.HTTPBearer object at 0x0000012C233CCA70>,require_super_admin|get_current_user,,,,
PUT,/v1/admin/bulk-setup/drafts/{draft_id},update_draft,app.engines.admin_catalog.bulk_setup_router,app\engines\admin_catalog\bulk_setup_router.py,87,Admin Bulk Setup Wizard,False,True,update_draft|get_db|require_super_admin|get_current_user|<fastapi.security.http.HTTPBearer object at 0x0000012C233CCA70>,require_super_admin|get_current_user,commit|raw_sql,,_audit,
DELETE,/v1/admin/bulk-setup/drafts/{draft_id},delete_draft,app.engines.admin_catalog.bulk_setup_router,app\engines\admin_catalog\bulk_setup_router.py,98,Admin Bulk Setup Wizard,False,True,delete_draft|get_db|require_super_admin|get_current_user|<fastapi.security.http.HTTPBearer object at 0x0000012C233CCA70>,require_super_admin|get_current_user,commit,,_audit,
GET,/v1/admin/bulk-setup/available-categories,get_available_categories,app.engines.admin_catalog.bulk_setup_router,app\engines\admin_catalog\bulk_setup_router.py,110,Admin Bulk Setup Wizard,False,True,get_available_categories|get_db|require_super_admin|get_current_user|<fastapi.security.http.HTTPBearer object at 0x0000012C233CCA70>,require_super_admin|get_current_user,,,,
GET,/v1/admin/bulk-setup/available-services,get_available_services,app.engines.admin_catalog.bulk_setup_router,app\engines\admin_catalog\bulk_setup_router.py,120,Admin Bulk Setup Wizard,False,True,get_available_services|get_db|require_super_admin|get_current_user|<fastapi.security.http.HTTPBearer object at 0x0000012C233CCA70>,require_super_admin|get_current_user,,,,
GET,/v1/admin/bulk-setup/available-templates,get_available_templates,app.engines.admin_catalog.bulk_setup_router,app\engines\admin_catalog\bulk_setup_router.py,130,Admin Bulk Setup Wizard,False,True,get_available_templates|get_db|require_super_admin|get_current_user|<fastapi.security.http.HTTPBearer object at 0x0000012C233CCA70>,require_super_admin|get_current_user,,,,
GET,/v1/admin/bulk-setup/available-brands,get_available_brands,app.engines.admin_catalog.bulk_setup_router,app\engines\admin_catalog\bulk_setup_router.py,143,Admin Bulk Setup Wizard,False,True,get_available_brands|get_db|require_super_admin|get_current_user|<fastapi.security.http.HTTPBearer object at 0x0000012C233CCA70>,require_super_admin|get_current_user,,,,
GET,/v1/admin/bulk-setup/available-brand-templates,get_available_brand_templates,app.engines.admin_catalog.bulk_setup_router,app\engines\admin_catalog\bulk_setup_router.py,153,Admin Bulk Setup Wizard,False,True,get_available_brand_templates|get_db|require_super_admin|get_current_user|<fastapi.security.http.HTTPBearer object at 0x0000012C233CCA70>,require_super_admin|get_current_user,,,,
GET,/v1/admin/bulk-setup/available-option-groups,get_available_option_groups,app.engines.admin_catalog.bulk_setup_router,app\engines\admin_catalog\bulk_setup_router.py,162,Admin Bulk Setup Wizard,False,True,get_available_option_groups|get_db|require_super_admin|get_current_user|<fastapi.security.http.HTTPBearer object at 0x0000012C233CCA70>,require_super_admin|get_current_user,,,,
GET,/v1/admin/bulk-setup/available-service-options,get_available_service_options,app.engines.admin_catalog.bulk_setup_router,app\engines\admin_catalog\bulk_setup_router.py,172,Admin Bulk Setup Wizard,False,True,get_available_service_options|get_db|require_super_admin|get_current_user|<fastapi.security.http.HTTPBearer object at 0x0000012C233CCA70>,require_super_admin|get_current_user,,,,
GET,/v1/admin/bulk-setup/available-issue-types,get_available_issue_types,app.engines.admin_catalog.bulk_setup_router,app\engines\admin_catalog\bulk_setup_router.py,185,Admin Bulk Setup Wizard,False,True,get_available_issue_types|get_db|require_super_admin|get_current_user|<fastapi.security.http.HTTPBearer object at 0x0000012C233CCA70>,require_super_admin|get_current_user,,,,
GET,/v1/admin/bulk-setup/available-document-requirements,get_available_document_requirements,app.engines.admin_catalog.bulk_setup_router,app\engines\admin_catalog\bulk_setup_router.py,195,Admin Bulk Setup Wizard,False,True,get_available_document_requirements|get_db|require_super_admin|get_current_user|<fastapi.security.http.HTTPBearer object at 0x0000012C233CCA70>,require_super_admin|get_current_user,,,,
GET,/v1/admin/bulk-setup/available-checklist-templates,get_available_checklist_templates,app.engines.admin_catalog.bulk_setup_router,app\engines\admin_catalog\bulk_setup_router.py,204,Admin Bulk Setup Wizard,False,True,get_available_checklist_templates|get_db|require_super_admin|get_current_user|<fastapi.security.http.HTTPBearer object at 0x0000012C233CCA70>,require_super_admin|get_current_user,,,,
GET,/v1/admin/bulk-setup/available-pricing-templates,get_available_pricing_templates,app.engines.admin_catalog.bulk_setup_router,app\engines\admin_catalog\bulk_setup_router.py,213,Admin Bulk Setup Wizard,False,True,get_available_pricing_templates|get_db|require_super_admin|get_current_user|<fastapi.security.http.HTTPBearer object at 0x0000012C233CCA70>,require_super_admin|get_current_user,,,,
GET,/v1/admin/bulk-setup/available-commission-templates,get_available_commission_templates,app.engines.admin_catalog.bulk_setup_router,app\engines\admin_catalog\bulk_setup_router.py,222,Admin Bulk Setup Wizard,False,True,get_available_commission_templates|get_db|require_super_admin|get_current_user|<fastapi.security.http.HTTPBearer object at 0x0000012C233CCA70>,require_super_admin|get_current_user,,,,
GET,/v1/admin/bulk-setup/available-workflow-templates,get_available_workflow_templates,app.engines.admin_catalog.bulk_setup_router,app\engines\admin_catalog\bulk_setup_router.py,231,Admin Bulk Setup Wizard,False,True,get_available_workflow_templates|get_db|require_super_admin|get_current_user|<fastapi.security.http.HTTPBearer object at 0x0000012C233CCA70>,require_super_admin|get_current_user,,,,
POST,/v1/admin/bulk-setup/drafts/{draft_id}/category,set_category,app.engines.admin_catalog.bulk_setup_router,app\engines\admin_catalog\bulk_setup_router.py,243,Admin Bulk Setup Wizard,False,True,set_category|get_db|require_super_admin|get_current_user|<fastapi.security.http.HTTPBearer object at 0x0000012C233CCA70>,require_super_admin|get_current_user,commit,,_audit,
POST,/v1/admin/bulk-setup/drafts/{draft_id}/services,set_services,app.engines.admin_catalog.bulk_setup_router,app\engines\admin_catalog\bulk_setup_router.py,254,Admin Bulk Setup Wizard,False,True,set_services|get_db|require_super_admin|get_current_user|<fastapi.security.http.HTTPBearer object at 0x0000012C233CCA70>,require_super_admin|get_current_user,commit,,_audit,
POST,/v1/admin/bulk-setup/drafts/{draft_id}/templates,set_templates,app.engines.admin_catalog.bulk_setup_router,app\engines\admin_catalog\bulk_setup_router.py,265,Admin Bulk Setup Wizard,False,True,set_templates|get_db|require_super_admin|get_current_user|<fastapi.security.http.HTTPBearer object at 0x0000012C233CCA70>,require_super_admin|get_current_user,commit,,_audit,
POST,/v1/admin/bulk-setup/drafts/{draft_id}/brand-mappings,set_brand_mappings,app.engines.admin_catalog.bulk_setup_router,app\engines\admin_catalog\bulk_setup_router.py,276,Admin Bulk Setup Wizard,False,True,set_brand_mappings|get_db|require_super_admin|get_current_user|<fastapi.security.http.HTTPBearer object at 0x0000012C233CCA70>,require_super_admin|get_current_user,commit,,,
POST,/v1/admin/bulk-setup/drafts/{draft_id}/option-mappings,set_option_mappings,app.engines.admin_catalog.bulk_setup_router,app\engines\admin_catalog\bulk_setup_router.py,287,Admin Bulk Setup Wizard,False,True,set_option_mappings|get_db|require_super_admin|get_current_user|<fastapi.security.http.HTTPBearer object at 0x0000012C233CCA70>,require_super_admin|get_current_user,commit,,,
POST,/v1/admin/bulk-setup/drafts/{draft_id}/issue-mappings,set_issue_mappings,app.engines.admin_catalog.bulk_setup_router,app\engines\admin_catalog\bulk_setup_router.py,298,Admin Bulk Setup Wizard,False,True,set_issue_mappings|get_db|require_super_admin|get_current_user|<fastapi.security.http.HTTPBearer object at 0x0000012C233CCA70>,require_super_admin|get_current_user,commit,,,
POST,/v1/admin/bulk-setup/drafts/{draft_id}/document-mappings,set_document_mappings,app.engines.admin_catalog.bulk_setup_router,app\engines\admin_catalog\bulk_setup_router.py,309,Admin Bulk Setup Wizard,False,True,set_document_mappings|get_db|require_super_admin|get_current_user|<fastapi.security.http.HTTPBearer object at 0x0000012C233CCA70>,require_super_admin|get_current_user,commit,,,
POST,/v1/admin/bulk-setup/drafts/{draft_id}/checklist-mappings,set_checklist_mappings,app.engines.admin_catalog.bulk_setup_router,app\engines\admin_catalog\bulk_setup_router.py,320,Admin Bulk Setup Wizard,False,True,set_checklist_mappings|get_db|require_super_admin|get_current_user|<fastapi.security.http.HTTPBearer object at 0x0000012C233CCA70>,require_super_admin|get_current_user,commit,,,
POST,/v1/admin/bulk-setup/drafts/{draft_id}/pricing-mappings,set_pricing_mappings,app.engines.admin_catalog.bulk_setup_router,app\engines\admin_catalog\bulk_setup_router.py,331,Admin Bulk Setup Wizard,False,True,set_pricing_mappings|get_db|require_super_admin|get_current_user|<fastapi.security.http.HTTPBearer object at 0x0000012C233CCA70>,require_super_admin|get_current_user,commit,,,
POST,/v1/admin/bulk-setup/drafts/{draft_id}/commission-mappings,set_commission_mappings,app.engines.admin_catalog.bulk_setup_router,app\engines\admin_catalog\bulk_setup_router.py,342,Admin Bulk Setup Wizard,False,True,set_commission_mappings|get_db|require_super_admin|get_current_user|<fastapi.security.http.HTTPBearer object at 0x0000012C233CCA70>,require_super_admin|get_current_user,commit,,,
POST,/v1/admin/bulk-setup/drafts/{draft_id}/workflow-mappings,set_workflow_mappings,app.engines.admin_catalog.bulk_setup_router,app\engines\admin_catalog\bulk_setup_router.py,353,Admin Bulk Setup Wizard,False,True,set_workflow_mappings|get_db|require_super_admin|get_current_user|<fastapi.security.http.HTTPBearer object at 0x0000012C233CCA70>,require_super_admin|get_current_user,commit,,,
POST,/v1/admin/bulk-setup/drafts/{draft_id}/validate,validate_draft,app.engines.admin_catalog.bulk_setup_router,app\engines\admin_catalog\bulk_setup_router.py,366,Admin Bulk Setup Wizard,False,True,validate_draft|get_db|require_super_admin|get_current_user|<fastapi.security.http.HTTPBearer object at 0x0000012C233CCA70>,require_super_admin|get_current_user,,,,
POST,/v1/admin/bulk-setup/drafts/{draft_id}/preview,preview_draft,app.engines.admin_catalog.bulk_setup_router,app\engines\admin_catalog\bulk_setup_router.py,378,Admin Bulk Setup Wizard,False,True,preview_draft|get_db|require_super_admin|get_current_user|<fastapi.security.http.HTTPBearer object at 0x0000012C233CCA70>,require_super_admin|get_current_user,commit,,,
GET,/v1/admin/bulk-setup/drafts/{draft_id}/review,review_draft,app.engines.admin_catalog.bulk_setup_router,app\engines\admin_catalog\bulk_setup_router.py,415,Admin Bulk Setup Wizard,False,True,review_draft|get_db|require_super_admin|get_current_user|<fastapi.security.http.HTTPBearer object at 0x0000012C233CCA70>,require_super_admin|get_current_user,,,,
POST,/v1/admin/bulk-setup/drafts/{draft_id}/apply,apply_draft,app.engines.admin_catalog.bulk_setup_router,app\engines\admin_catalog\bulk_setup_router.py,434,Admin Bulk Setup Wizard,False,True,apply_draft|get_db|require_super_admin|get_current_user|<fastapi.security.http.HTTPBearer object at 0x0000012C233CCA70>,require_super_admin|get_current_user,add|commit|flush,,_audit,
GET,/v1/admin/bulk-setup/runs,list_runs,app.engines.admin_catalog.bulk_setup_router,app\engines\admin_catalog\bulk_setup_router.py,461,Admin Bulk Setup Wizard,False,True,list_runs|get_db|require_super_admin|get_current_user|<fastapi.security.http.HTTPBearer object at 0x0000012C233CCA70>,require_super_admin|get_current_user,,,,
GET,/v1/admin/bulk-setup/runs/{run_id},get_run,app.engines.admin_catalog.bulk_setup_router,app\engines\admin_catalog\bulk_setup_router.py,473,Admin Bulk Setup Wizard,False,True,get_run|get_db|require_super_admin|get_current_user|<fastapi.security.http.HTTPBearer object at 0x0000012C233CCA70>,require_super_admin|get_current_user,,,,
GET,/v1/admin/recommendation-rules,list_rules,app.engines.admin_catalog.recommendation_router,app\engines\admin_catalog\recommendation_router.py,54,Recommendation Rules,False,True,list_rules|get_db|require_super_admin|get_current_user|<fastapi.security.http.HTTPBearer object at 0x0000012C233CCA70>,require_super_admin|get_current_user,,,,
POST,/v1/admin/recommendation-rules,create_rule,app.engines.admin_catalog.recommendation_router,app\engines\admin_catalog\recommendation_router.py,71,Recommendation Rules,False,True,create_rule|get_db|require_super_admin|get_current_user|<fastapi.security.http.HTTPBearer object at 0x0000012C233CCA70>,require_super_admin|get_current_user,add|commit|flush,,_audit,
GET,/v1/admin/recommendation-rules/{rule_id},get_rule,app.engines.admin_catalog.recommendation_router,app\engines\admin_catalog\recommendation_router.py,85,Recommendation Rules,False,True,get_rule|get_db|require_super_admin|get_current_user|<fastapi.security.http.HTTPBearer object at 0x0000012C233CCA70>,require_super_admin|get_current_user,,,,
PUT,/v1/admin/recommendation-rules/{rule_id},update_rule,app.engines.admin_catalog.recommendation_router,app\engines\admin_catalog\recommendation_router.py,100,Recommendation Rules,False,True,update_rule|get_db|require_super_admin|get_current_user|<fastapi.security.http.HTTPBearer object at 0x0000012C233CCA70>,require_super_admin|get_current_user,commit|raw_sql,,_audit,
DELETE,/v1/admin/recommendation-rules/{rule_id},delete_rule,app.engines.admin_catalog.recommendation_router,app\engines\admin_catalog\recommendation_router.py,115,Recommendation Rules,False,True,delete_rule|get_db|require_super_admin|get_current_user|<fastapi.security.http.HTTPBearer object at 0x0000012C233CCA70>,require_super_admin|get_current_user,commit,,_audit,
POST,/v1/admin/recommendation-rules/{rule_id}/activate,activate_rule,app.engines.admin_catalog.recommendation_router,app\engines\admin_catalog\recommendation_router.py,129,Recommendation Rules,False,True,activate_rule|get_db|require_super_admin|get_current_user|<fastapi.security.http.HTTPBearer object at 0x0000012C233CCA70>,require_super_admin|get_current_user,commit,,_audit,
POST,/v1/admin/recommendation-rules/{rule_id}/deactivate,deactivate_rule,app.engines.admin_catalog.recommendation_router,app\engines\admin_catalog\recommendation_router.py,143,Recommendation Rules,False,True,deactivate_rule|get_db|require_super_admin|get_current_user|<fastapi.security.http.HTTPBearer object at 0x0000012C233CCA70>,require_super_admin|get_current_user,commit,,_audit,
POST,/v1/admin/recommendation-rules/{rule_id}/archive,archive_rule,app.engines.admin_catalog.recommendation_router,app\engines\admin_catalog\recommendation_router.py,157,Recommendation Rules,False,True,archive_rule|get_db|require_super_admin|get_current_user|<fastapi.security.http.HTTPBearer object at 0x0000012C233CCA70>,require_super_admin|get_current_user,commit,,_audit,
POST,/v1/admin/recommendation-rules/{rule_id}/simulate,simulate_rule,app.engines.admin_catalog.recommendation_router,app\engines\admin_catalog\recommendation_router.py,171,Recommendation Rules,False,True,simulate_rule|get_db|require_super_admin|get_current_user|<fastapi.security.http.HTTPBearer object at 0x0000012C233CCA70>,require_super_admin|get_current_user,commit,,_audit,
GET,/v1/admin/recommendation-rules/results/list,list_results,app.engines.admin_catalog.recommendation_router,app\engines\admin_catalog\recommendation_router.py,186,Recommendation Rules,False,True,list_results|get_db|require_super_admin|get_current_user|<fastapi.security.http.HTTPBearer object at 0x0000012C233CCA70>,require_super_admin|get_current_user,,,,
POST,/v1/recommendations/evaluate,evaluate_recommendations,app.engines.admin_catalog.recommendation_router,app\engines\admin_catalog\recommendation_router.py,205,Recommendation Engine,False,True,evaluate_recommendations|get_db|require_super_admin|get_current_user|<fastapi.security.http.HTTPBearer object at 0x0000012C233CCA70>,require_super_admin|get_current_user,,,,
POST,/v1/recommendations/validate,validate_recommendation,app.engines.admin_catalog.recommendation_router,app\engines\admin_catalog\recommendation_router.py,216,Recommendation Engine,False,True,validate_recommendation|get_db|require_super_admin|get_current_user|<fastapi.security.http.HTTPBearer object at 0x0000012C233CCA70>,require_super_admin|get_current_user,,,,
POST,/v1/recommendations/{result_id}/accept,accept_recommendation,app.engines.admin_catalog.recommendation_router,app\engines\admin_catalog\recommendation_router.py,234,Recommendation Engine,False,True,accept_recommendation|get_db|require_super_admin|get_current_user|<fastapi.security.http.HTTPBearer object at 0x0000012C233CCA70>,require_super_admin|get_current_user,commit,,,
POST,/v1/recommendations/{result_id}/reject,reject_recommendation,app.engines.admin_catalog.recommendation_router,app\engines\admin_catalog\recommendation_router.py,248,Recommendation Engine,False,True,reject_recommendation|get_db|require_super_admin|get_current_user|<fastapi.security.http.HTTPBearer object at 0x0000012C233CCA70>,require_super_admin|get_current_user,commit,,,
POST,/v1/ai/recommendations,ai_recommendations,app.engines.admin_catalog.recommendation_router,app\engines\admin_catalog\recommendation_router.py,268,AI Recommendations,False,True,ai_recommendations|get_db|require_super_admin|get_current_user|<fastapi.security.http.HTTPBearer object at 0x0000012C233CCA70>,require_super_admin|get_current_user,,,,
POST,/v1/admin/bulk-setup/drafts/{draft_id}/recommendations,bulk_setup_draft_recommendations,app.engines.admin_catalog.recommendation_router,app\engines\admin_catalog\recommendation_router.py,304,Admin Bulk Setup Recommendations,False,True,bulk_setup_draft_recommendations|get_db|require_super_admin|get_current_user|<fastapi.security.http.HTTPBearer object at 0x0000012C233CCA70>,require_super_admin|get_current_user,,,,
POST,/v1/provider/setup/recommendations,provider_setup_recommendations,app.engines.admin_catalog.recommendation_router,app\engines\admin_catalog\recommendation_router.py,317,Provider Recommendations,False,True,provider_setup_recommendations|get_db|require_technician|get_current_user|<fastapi.security.http.HTTPBearer object at 0x0000012C233CCA70>,require_technician|get_current_user,,,,
POST,/v1/customer/booking/recommendations,customer_booking_recommendations,app.engines.admin_catalog.recommendation_router,app\engines\admin_catalog\recommendation_router.py,329,Customer Recommendations,False,True,customer_booking_recommendations|get_db|require_customer|get_current_user|<fastapi.security.http.HTTPBearer object at 0x0000012C233CCA70>,require_customer|get_current_user,,,,
GET,/v1/customer/flow/categories,customer_list_categories,app.engines.admin_catalog.customer_flow_router,app\engines\admin_catalog\customer_flow_router.py,51,Customer Booking Flow,False,True,customer_list_categories|_svc|get_db,NONE,,,,
GET,/v1/customer/flow/services,customer_list_services,app.engines.admin_catalog.customer_flow_router,app\engines\admin_catalog\customer_flow_router.py,63,Customer Booking Flow,False,True,customer_list_services|_svc|get_db,NONE,,,,
GET,/v1/customer/flow/flow-config,customer_get_flow_config,app.engines.admin_catalog.customer_flow_router,app\engines\admin_catalog\customer_flow_router.py,76,Customer Booking Flow,False,True,customer_get_flow_config|_svc|get_db,NONE,,,,
POST,/v1/customer/flow/drafts,create_draft,app.engines.admin_catalog.customer_flow_router,app\engines\admin_catalog\customer_flow_router.py,93,Customer Booking Flow,False,True,create_draft|_svc|get_db|get_current_user|<fastapi.security.http.HTTPBearer object at 0x0000012C233CCA70>,get_current_user,add|commit|flush,,_audit,
GET,/v1/customer/flow/drafts,list_drafts,app.engines.admin_catalog.customer_flow_router,app\engines\admin_catalog\customer_flow_router.py,120,Customer Booking Flow,False,True,list_drafts|_svc|get_db|get_current_user|<fastapi.security.http.HTTPBearer object at 0x0000012C233CCA70>,get_current_user,,,,
GET,/v1/customer/flow/drafts/{draft_id},get_draft,app.engines.admin_catalog.customer_flow_router,app\engines\admin_catalog\customer_flow_router.py,144,Customer Booking Flow,False,True,get_draft|_svc|get_db|get_current_user|<fastapi.security.http.HTTPBearer object at 0x0000012C233CCA70>,get_current_user,,,,
PATCH,/v1/customer/flow/drafts/{draft_id},update_draft,app.engines.admin_catalog.customer_flow_router,app\engines\admin_catalog\customer_flow_router.py,158,Customer Booking Flow,False,True,update_draft|_svc|get_db|get_current_user|<fastapi.security.http.HTTPBearer object at 0x0000012C233CCA70>,get_current_user,commit|raw_sql,,_audit,
POST,/v1/customer/flow/drafts/{draft_id}/estimate,estimate_draft,app.engines.admin_catalog.customer_flow_router,app\engines\admin_catalog\customer_flow_router.py,177,Customer Booking Flow,False,True,estimate_draft|_svc|get_db|get_current_user|<fastapi.security.http.HTTPBearer object at 0x0000012C233CCA70>,get_current_user,commit,,,
POST,/v1/customer/flow/drafts/{draft_id}/confirm,confirm_draft,app.engines.admin_catalog.customer_flow_router,app\engines\admin_catalog\customer_flow_router.py,191,Customer Booking Flow,False,True,confirm_draft|_svc|get_db|get_current_user|<fastapi.security.http.HTTPBearer object at 0x0000012C233CCA70>,get_current_user,commit,,,
POST,/v1/customer/flow/drafts/{draft_id}/cancel,cancel_draft,app.engines.admin_catalog.customer_flow_router,app\engines\admin_catalog\customer_flow_router.py,214,Customer Booking Flow,False,True,cancel_draft|_svc|get_db|get_current_user|<fastapi.security.http.HTTPBearer object at 0x0000012C233CCA70>,get_current_user,commit,,,
GET,/v1/admin/customer-flow/flow-configs,admin_list_flow_configs,app.engines.admin_catalog.customer_flow_router,app\engines\admin_catalog\customer_flow_router.py,232,Admin Customer Flow,False,True,admin_list_flow_configs|_svc|get_db|require_super_admin|get_current_user|<fastapi.security.http.HTTPBearer object at 0x0000012C233CCA70>,require_super_admin|get_current_user,,,,
GET,/v1/admin/customer-flow/drafts,admin_list_drafts,app.engines.admin_catalog.customer_flow_router,app\engines\admin_catalog\customer_flow_router.py,247,Admin Customer Flow,False,True,admin_list_drafts|_svc|get_db|require_super_admin|get_current_user|<fastapi.security.http.HTTPBearer object at 0x0000012C233CCA70>,require_super_admin|get_current_user,,,,
GET,/v1/admin/customer-flow/drafts/{draft_id},admin_get_draft,app.engines.admin_catalog.customer_flow_router,app\engines\admin_catalog\customer_flow_router.py,272,Admin Customer Flow,False,True,admin_get_draft|_svc|get_db|require_super_admin|get_current_user|<fastapi.security.http.HTTPBearer object at 0x0000012C233CCA70>,require_super_admin|get_current_user,,,,
GET,/v1/admin/tenants/summary,get_tenants_summary,app.engines.tenant_engine.admin_router,app\engines\tenant_engine\admin_router.py,53,Admin: Tenants,False,True,get_tenants_summary|get_db|require_super_admin|get_current_user|<fastapi.security.http.HTTPBearer object at 0x0000012C233CCA70>,require_super_admin|get_current_user,,,,
GET,/v1/admin/tenants/insights,get_tenants_insights,app.engines.tenant_engine.admin_router,app\engines\tenant_engine\admin_router.py,89,Admin: Tenants,False,True,get_tenants_insights|get_db|require_super_admin|get_current_user|<fastapi.security.http.HTTPBearer object at 0x0000012C233CCA70>,require_super_admin|get_current_user,,,,_svc()
GET,/v1/admin/tenants/export,export_tenants,app.engines.tenant_engine.admin_router,app\engines\tenant_engine\admin_router.py,100,Admin: Tenants,False,True,export_tenants|get_db|require_super_admin|get_current_user|<fastapi.security.http.HTTPBearer object at 0x0000012C233CCA70>,require_super_admin|get_current_user,,,,_svc()
POST,/v1/admin/tenants/onboard,onboard_tenant,app.engines.tenant_engine.admin_router,app\engines\tenant_engine\admin_router.py,126,Admin: Tenants,False,True,onboard_tenant|get_db|require_super_admin|get_current_user|<fastapi.security.http.HTTPBearer object at 0x0000012C233CCA70>,require_super_admin|get_current_user,add|flush,,_audit|record_platform_audit,_svc()
GET,/v1/admin/tenants,list_tenants,app.engines.tenant_engine.admin_router,app\engines\tenant_engine\admin_router.py,142,Admin: Tenants,False,True,list_tenants|get_db|require_super_admin|get_current_user|<fastapi.security.http.HTTPBearer object at 0x0000012C233CCA70>,require_super_admin|get_current_user,,,,_svc()
GET,/v1/admin/tenants/{tenant_id},get_tenant,app.engines.tenant_engine.admin_router,app\engines\tenant_engine\admin_router.py,187,Admin: Tenants,False,True,get_tenant|get_db|require_super_admin|get_current_user|<fastapi.security.http.HTTPBearer object at 0x0000012C233CCA70>,require_super_admin|get_current_user,,,,_svc()
PATCH,/v1/admin/tenants/{tenant_id},update_tenant,app.engines.tenant_engine.admin_router,app\engines\tenant_engine\admin_router.py,198,Admin: Tenants,False,True,update_tenant|get_db|require_super_admin|get_current_user|<fastapi.security.http.HTTPBearer object at 0x0000012C233CCA70>,require_super_admin|get_current_user,add,,_audit|record_platform_audit,_svc()
POST,/v1/admin/tenants/{tenant_id}/verify,verify_tenant,app.engines.tenant_engine.admin_router,app\engines\tenant_engine\admin_router.py,212,Admin: Tenants,False,True,verify_tenant|get_db|require_super_admin|get_current_user|<fastapi.security.http.HTTPBearer object at 0x0000012C233CCA70>,require_super_admin|get_current_user,add,,_audit|record_platform_audit,_svc()
POST,/v1/admin/tenants/{tenant_id}/reject-verification,reject_verification,app.engines.tenant_engine.admin_router,app\engines\tenant_engine\admin_router.py,223,Admin: Tenants,False,True,reject_verification|get_db|require_super_admin|get_current_user|<fastapi.security.http.HTTPBearer object at 0x0000012C233CCA70>,require_super_admin|get_current_user,add,,_audit|record_platform_audit,_svc()
POST,/v1/admin/tenants/{tenant_id}/activate,activate_tenant,app.engines.tenant_engine.admin_router,app\engines\tenant_engine\admin_router.py,236,Admin: Tenants,False,True,activate_tenant|get_db|require_super_admin|get_current_user|<fastapi.security.http.HTTPBearer object at 0x0000012C233CCA70>,require_super_admin|get_current_user,add|flush,,_audit|record_platform_audit,_svc()
POST,/v1/admin/tenants/{tenant_id}/suspend,suspend_tenant,app.engines.tenant_engine.admin_router,app\engines\tenant_engine\admin_router.py,247,Admin: Tenants,False,True,suspend_tenant|get_db|require_super_admin|get_current_user|<fastapi.security.http.HTTPBearer object at 0x0000012C233CCA70>,require_super_admin|get_current_user,add,publish,_audit|record_platform_audit,_svc()
POST,/v1/admin/tenants/{tenant_id}/notes,add_admin_note,app.engines.tenant_engine.admin_router,app\engines\tenant_engine\admin_router.py,260,Admin: Tenants,False,True,add_admin_note|get_db|require_super_admin|get_current_user|<fastapi.security.http.HTTPBearer object at 0x0000012C233CCA70>,require_super_admin|get_current_user,add,,_audit|record_platform_audit,_svc()
POST,/v1/admin/tenants/{tenant_id}/archive,archive_tenant,app.engines.tenant_engine.admin_router,app\engines\tenant_engine\admin_router.py,273,Admin: Tenants,False,True,archive_tenant|get_db|require_super_admin|get_current_user|<fastapi.security.http.HTTPBearer object at 0x0000012C233CCA70>,require_super_admin|get_current_user,add,,_audit|record_platform_audit,_svc()
POST,/v1/admin/tenants/{tenant_id}/reactivate,reactivate_tenant,app.engines.tenant_engine.admin_router,app\engines\tenant_engine\admin_router.py,288,Admin: Tenants,False,True,reactivate_tenant|get_db|require_super_admin|get_current_user|<fastapi.security.http.HTTPBearer object at 0x0000012C233CCA70>,require_super_admin|get_current_user,add,,_audit|record_platform_audit,_svc()
POST,/v1/admin/tenants/{tenant_id}/request-changes,request_changes,app.engines.tenant_engine.admin_router,app\engines\tenant_engine\admin_router.py,300,Admin: Tenants,False,True,request_changes|get_db|require_super_admin|get_current_user|<fastapi.security.http.HTTPBearer object at 0x0000012C233CCA70>,require_super_admin|get_current_user,add,,_audit|record_platform_audit,_svc()
POST,/v1/admin/tenants/{tenant_id}/add-usage-credits,add_usage_credits,app.engines.tenant_engine.admin_router,app\engines\tenant_engine\admin_router.py,315,Admin: Tenants,False,True,add_usage_credits|get_db|require_super_admin|get_current_user|<fastapi.security.http.HTTPBearer object at 0x0000012C233CCA70>,require_super_admin|get_current_user,commit,,,
GET,/v1/admin/tenants/{tenant_id}/usage-credit-ledger,get_usage_credit_ledger,app.engines.tenant_engine.admin_router,app\engines\tenant_engine\admin_router.py,363,Admin: Tenants,False,True,get_usage_credit_ledger|get_db|require_super_admin|get_current_user|<fastapi.security.http.HTTPBearer object at 0x0000012C233CCA70>,require_super_admin|get_current_user,,,,
POST,/v1/admin/tenants/{tenant_id}/change-plan,change_plan,app.engines.tenant_engine.admin_router,app\engines\tenant_engine\admin_router.py,383,Admin: Tenants,False,True,change_plan|get_db|require_super_admin|get_current_user|<fastapi.security.http.HTTPBearer object at 0x0000012C233CCA70>,require_super_admin|get_current_user,add,,_audit|record_platform_audit,_svc()
POST,/v1/admin/tenants/{tenant_id}/send-notification,send_notification,app.engines.tenant_engine.admin_router,app\engines\tenant_engine\admin_router.py,401,Admin: Tenants,False,True,send_notification|get_db|require_super_admin|get_current_user|<fastapi.security.http.HTTPBearer object at 0x0000012C233CCA70>,require_super_admin|get_current_user,add,,_audit|record_platform_audit,_svc()
GET,/v1/admin/tenants/{tenant_id}/overview,get_overview,app.engines.tenant_engine.admin_router,app\engines\tenant_engine\admin_router.py,417,Admin: Tenants,False,True,get_overview|get_db|require_super_admin|get_current_user|<fastapi.security.http.HTTPBearer object at 0x0000012C233CCA70>,require_super_admin|get_current_user,,,,_svc()
GET,/v1/admin/tenants/{tenant_id}/settings,get_settings,app.engines.tenant_engine.admin_router,app\engines\tenant_engine\admin_router.py,430,Admin: Tenants,False,True,get_settings|get_db|require_super_admin|get_current_user|<fastapi.security.http.HTTPBearer object at 0x0000012C233CCA70>,require_super_admin|get_current_user,,,,_svc()
PATCH,/v1/admin/tenants/{tenant_id}/settings,update_settings,app.engines.tenant_engine.admin_router,app\engines\tenant_engine\admin_router.py,441,Admin: Tenants,False,True,update_settings|get_db|require_super_admin|get_current_user|<fastapi.security.http.HTTPBearer object at 0x0000012C233CCA70>,require_super_admin|get_current_user,add,,_audit|record_platform_audit,_svc()
GET,/v1/admin/tenants/{tenant_id}/users,list_users,app.engines.tenant_engine.admin_router,app\engines\tenant_engine\admin_router.py,457,Admin: Tenants,False,True,list_users|get_db|require_super_admin|get_current_user|<fastapi.security.http.HTTPBearer object at 0x0000012C233CCA70>,require_super_admin|get_current_user,,,,_svc()
POST,/v1/admin/tenants/{tenant_id}/users,create_user,app.engines.tenant_engine.admin_router,app\engines\tenant_engine\admin_router.py,469,Admin: Tenants,False,True,create_user|get_db|require_super_admin|get_current_user|<fastapi.security.http.HTTPBearer object at 0x0000012C233CCA70>,require_super_admin|get_current_user,add|flush,,_audit|record_platform_audit,_svc()
PATCH,/v1/admin/tenants/{tenant_id}/users/{user_id},update_user,app.engines.tenant_engine.admin_router,app\engines\tenant_engine\admin_router.py,481,Admin: Tenants,False,True,update_user|get_db|require_super_admin|get_current_user|<fastapi.security.http.HTTPBearer object at 0x0000012C233CCA70>,require_super_admin|get_current_user,add,,_audit|record_platform_audit,_svc()
POST,/v1/admin/tenants/{tenant_id}/users/{user_id}/activate,activate_user,app.engines.tenant_engine.admin_router,app\engines\tenant_engine\admin_router.py,494,Admin: Tenants,False,True,activate_user|get_db|require_super_admin|get_current_user|<fastapi.security.http.HTTPBearer object at 0x0000012C233CCA70>,require_super_admin|get_current_user,add,,_audit|record_platform_audit,_svc()
POST,/v1/admin/tenants/{tenant_id}/users/{user_id}/suspend,suspend_user,app.engines.tenant_engine.admin_router,app\engines\tenant_engine\admin_router.py,506,Admin: Tenants,False,True,suspend_user|get_db|require_super_admin|get_current_user|<fastapi.security.http.HTTPBearer object at 0x0000012C233CCA70>,require_super_admin|get_current_user,add,,_audit|record_platform_audit,_svc()
POST,/v1/admin/tenants/{tenant_id}/users/{user_id}/reset-password,reset_user_password,app.engines.tenant_engine.admin_router,app\engines\tenant_engine\admin_router.py,518,Admin: Tenants,False,True,reset_user_password|get_db|require_super_admin|get_current_user|<fastapi.security.http.HTTPBearer object at 0x0000012C233CCA70>,require_super_admin|get_current_user,add,,_audit|record_platform_audit,_svc()
GET,/v1/admin/tenants/{tenant_id}/staff,list_staff,app.engines.tenant_engine.admin_router,app\engines\tenant_engine\admin_router.py,534,Admin: Tenants,False,True,list_staff|get_db|require_super_admin|get_current_user|<fastapi.security.http.HTTPBearer object at 0x0000012C233CCA70>,require_super_admin|get_current_user,,,,_svc()
POST,/v1/admin/tenants/{tenant_id}/staff,create_staff,app.engines.tenant_engine.admin_router,app\engines\tenant_engine\admin_router.py,545,Admin: Tenants,False,True,create_staff|get_db|require_super_admin|get_current_user|<fastapi.security.http.HTTPBearer object at 0x0000012C233CCA70>,require_super_admin|get_current_user,add|flush,,_audit|record_platform_audit,_svc()
PATCH,/v1/admin/tenants/{tenant_id}/staff/{staff_id},update_staff,app.engines.tenant_engine.admin_router,app\engines\tenant_engine\admin_router.py,557,Admin: Tenants,False,True,update_staff|get_db|require_super_admin|get_current_user|<fastapi.security.http.HTTPBearer object at 0x0000012C233CCA70>,require_super_admin|get_current_user,add,,_audit|record_platform_audit,_svc()
POST,/v1/admin/tenants/{tenant_id}/staff/{staff_id}/activate,activate_staff,app.engines.tenant_engine.admin_router,app\engines\tenant_engine\admin_router.py,570,Admin: Tenants,False,True,activate_staff|get_db|require_super_admin|get_current_user|<fastapi.security.http.HTTPBearer object at 0x0000012C233CCA70>,require_super_admin|get_current_user,add,,_audit|record_platform_audit,_svc()
POST,/v1/admin/tenants/{tenant_id}/staff/{staff_id}/deactivate,deactivate_staff,app.engines.tenant_engine.admin_router,app\engines\tenant_engine\admin_router.py,582,Admin: Tenants,False,True,deactivate_staff|get_db|require_super_admin|get_current_user|<fastapi.security.http.HTTPBearer object at 0x0000012C233CCA70>,require_super_admin|get_current_user,add|sqlalchemy.update(),,_audit|record_platform_audit,_svc()
POST,/v1/admin/tenants/{tenant_id}/staff/{staff_id}/reset-password,reset_staff_password,app.engines.tenant_engine.admin_router,app\engines\tenant_engine\admin_router.py,594,Admin: Tenants,False,True,reset_staff_password|get_db|require_super_admin|get_current_user|<fastapi.security.http.HTTPBearer object at 0x0000012C233CCA70>,require_super_admin|get_current_user,add,,_audit|record_platform_audit,_svc()
PATCH,/v1/admin/tenants/{tenant_id}/staff/{staff_id}/photo,update_staff_photo,app.engines.tenant_engine.admin_router,app\engines\tenant_engine\admin_router.py,606,Admin: Tenants,False,True,update_staff_photo|get_db|require_super_admin|get_current_user|<fastapi.security.http.HTTPBearer object at 0x0000012C233CCA70>,require_super_admin|get_current_user,add,,_audit|record_platform_audit,_svc()
POST,/v1/admin/tenants/{tenant_id}/wallet/topup,credit_topup,app.engines.tenant_engine.admin_router,app\engines\tenant_engine\admin_router.py,668,Admin: Tenants,False,True,credit_topup|get_db|require_super_admin|get_current_user|<fastapi.security.http.HTTPBearer object at 0x0000012C233CCA70>,require_super_admin|get_current_user,,,,
GET,/v1/admin/tenants/{tenant_id}/audit-logs,get_audit_logs,app.engines.tenant_engine.admin_router,app\engines\tenant_engine\admin_router.py,707,Admin: Tenants,False,True,get_audit_logs|get_db|require_super_admin|get_current_user|<fastapi.security.http.HTTPBearer object at 0x0000012C233CCA70>,require_super_admin|get_current_user,,,,_svc()
GET,/v1/admin/tenants/{tenant_id}/export,export_tenant_report,app.engines.tenant_engine.admin_router,app\engines\tenant_engine\admin_router.py,719,Admin: Tenants,False,True,export_tenant_report|get_db|require_super_admin|get_current_user|<fastapi.security.http.HTTPBearer object at 0x0000012C233CCA70>,require_super_admin|get_current_user,,,,_svc()
GET,/v1/admin/tenants/{tenant_id}/offerings/enabled,admin_list_offerings,app.engines.tenant_engine.admin_router,app\engines\tenant_engine\admin_router.py,737,Admin: Tenants,False,True,admin_list_offerings|get_db|require_super_admin|get_current_user|<fastapi.security.http.HTTPBearer object at 0x0000012C233CCA70>,require_super_admin|get_current_user,,,,
POST,/v1/admin/tenants/{tenant_id}/offerings/enabled/{offering_id}/suspend,admin_suspend_offering,app.engines.tenant_engine.admin_router,app\engines\tenant_engine\admin_router.py,800,Admin: Tenants,False,True,admin_suspend_offering|get_db|require_super_admin|get_current_user|<fastapi.security.http.HTTPBearer object at 0x0000012C233CCA70>,require_super_admin|get_current_user,commit|raw_sql,,record_platform_audit,
POST,/v1/admin/tenants/{tenant_id}/offerings/enabled/{offering_id}/reactivate,admin_reactivate_offering,app.engines.tenant_engine.admin_router,app\engines\tenant_engine\admin_router.py,837,Admin: Tenants,False,True,admin_reactivate_offering|get_db|require_super_admin|get_current_user|<fastapi.security.http.HTTPBearer object at 0x0000012C233CCA70>,require_super_admin|get_current_user,commit|raw_sql,,record_platform_audit,
POST,/v1/admin/tenants/{tenant_id}/offerings/refresh-readiness,admin_refresh_offerings_readiness,app.engines.tenant_engine.admin_router,app\engines\tenant_engine\admin_router.py,864,Admin: Tenants,False,True,admin_refresh_offerings_readiness|get_db|require_super_admin|get_current_user|<fastapi.security.http.HTTPBearer object at 0x0000012C233CCA70>,require_super_admin|get_current_user,commit|raw_sql,,,
GET,/v1/admin/tenants/{tenant_id}/team-members,admin_list_team_members,app.engines.tenant_engine.admin_router,app\engines\tenant_engine\admin_router.py,886,Admin: Tenants,False,True,admin_list_team_members|get_db|require_super_admin|get_current_user|<fastapi.security.http.HTTPBearer object at 0x0000012C233CCA70>,require_super_admin|get_current_user,,,,
GET,/v1/admin/tenants/{tenant_id}/availability,admin_list_availability,app.engines.tenant_engine.admin_router,app\engines\tenant_engine\admin_router.py,904,Admin: Tenants,False,True,admin_list_availability|get_db|require_super_admin|get_current_user|<fastapi.security.http.HTTPBearer object at 0x0000012C233CCA70>,require_super_admin|get_current_user,,,,
GET,/v1/tenant/profile,get_profile,app.engines.tenant_engine.portal_router,app\engines\tenant_engine\portal_router.py,49,Tenant Portal,False,True,get_profile|get_db|get_current_user|<fastapi.security.http.HTTPBearer object at 0x0000012C233CCA70>,get_current_user,,,,_svc()|_tenant_id()
PATCH,/v1/tenant/profile,update_profile,app.engines.tenant_engine.portal_router,app\engines\tenant_engine\portal_router.py,59,Tenant Portal,False,True,update_profile|get_db|require_tenant_owner_mutation|require_tenant_owner|get_current_user|<fastapi.security.http.HTTPBearer object at 0x0000012C233CCA70>,require_tenant_owner_mutation|require_tenant_owner|get_current_user,add,,_audit|record_platform_audit,_svc()|_tenant_id()
GET,/v1/tenant/settings,get_settings,app.engines.tenant_engine.portal_router,app\engines\tenant_engine\portal_router.py,78,Tenant Portal,False,True,get_settings|get_db|get_current_user|<fastapi.security.http.HTTPBearer object at 0x0000012C233CCA70>,get_current_user,,,,_svc()|_tenant_id()
PATCH,/v1/tenant/settings,update_settings,app.engines.tenant_engine.portal_router,app\engines\tenant_engine\portal_router.py,88,Tenant Portal,False,True,update_settings|get_db|require_tenant_owner_mutation|require_tenant_owner|get_current_user|<fastapi.security.http.HTTPBearer object at 0x0000012C233CCA70>,require_tenant_owner_mutation|require_tenant_owner|get_current_user,add,,_audit|record_platform_audit,_svc()|_tenant_id()
GET,/v1/tenant/users,list_users,app.engines.tenant_engine.portal_router,app\engines\tenant_engine\portal_router.py,103,Tenant Portal,False,True,list_users|get_db|get_current_user|<fastapi.security.http.HTTPBearer object at 0x0000012C233CCA70>,get_current_user,,,,_svc()|_tenant_id()
POST,/v1/tenant/users,create_user,app.engines.tenant_engine.portal_router,app\engines\tenant_engine\portal_router.py,114,Tenant Portal,False,True,create_user|get_db|require_tenant_owner_mutation|require_tenant_owner|get_current_user|<fastapi.security.http.HTTPBearer object at 0x0000012C233CCA70>,require_tenant_owner_mutation|require_tenant_owner|get_current_user,add|flush,,_audit|record_platform_audit,_svc()|_tenant_id()
POST,/v1/tenant/users/{user_id}/suspend,suspend_user,app.engines.tenant_engine.portal_router,app\engines\tenant_engine\portal_router.py,125,Tenant Portal,False,True,suspend_user|get_db|require_tenant_owner_mutation|require_tenant_owner|get_current_user|<fastapi.security.http.HTTPBearer object at 0x0000012C233CCA70>,require_tenant_owner_mutation|require_tenant_owner|get_current_user,add,,_audit|record_platform_audit,_svc()|_tenant_id()
GET,/v1/tenant/staff,list_staff,app.engines.tenant_engine.portal_router,app\engines\tenant_engine\portal_router.py,138,Tenant Portal,False,True,list_staff|get_db|get_current_user|<fastapi.security.http.HTTPBearer object at 0x0000012C233CCA70>,get_current_user,,,,_svc()|_tenant_id()
POST,/v1/tenant/staff,create_staff,app.engines.tenant_engine.portal_router,app\engines\tenant_engine\portal_router.py,148,Tenant Portal,False,True,create_staff|get_db|require_tenant_owner_mutation|require_tenant_owner|get_current_user|<fastapi.security.http.HTTPBearer object at 0x0000012C233CCA70>,require_tenant_owner_mutation|require_tenant_owner|get_current_user,add|flush,,_audit|record_platform_audit,_svc()|_tenant_id()
POST,/v1/tenant/staff/{staff_id}/deactivate,deactivate_staff,app.engines.tenant_engine.portal_router,app\engines\tenant_engine\portal_router.py,159,Tenant Portal,False,True,deactivate_staff|get_db|require_tenant_owner_mutation|require_tenant_owner|get_current_user|<fastapi.security.http.HTTPBearer object at 0x0000012C233CCA70>,require_tenant_owner_mutation|require_tenant_owner|get_current_user,add|sqlalchemy.update(),,_audit|record_platform_audit,_svc()|_tenant_id()
PATCH,/v1/tenant/staff/{staff_id}/photo,update_staff_photo,app.engines.tenant_engine.portal_router,app\engines\tenant_engine\portal_router.py,170,Tenant Portal,False,True,update_staff_photo|get_db|require_tenant_owner_mutation|require_tenant_owner|get_current_user|<fastapi.security.http.HTTPBearer object at 0x0000012C233CCA70>,require_tenant_owner_mutation|require_tenant_owner|get_current_user,add,,_audit|record_platform_audit,_svc()|_tenant_id()
GET,/v1/tenant/dashboard/runtime,get_dashboard_runtime,app.engines.tenant_engine.portal_router,app\engines\tenant_engine\portal_router.py,285,Tenant Portal,False,True,get_dashboard_runtime|get_db|get_current_user|<fastapi.security.http.HTTPBearer object at 0x0000012C233CCA70>,get_current_user,,,,_tenant_id()
GET,/v1/tenant/navigation,get_navigation,app.engines.tenant_engine.portal_router,app\engines\tenant_engine\portal_router.py,351,Tenant Portal,False,True,get_navigation|get_db|get_current_user|<fastapi.security.http.HTTPBearer object at 0x0000012C233CCA70>,get_current_user,,,,_tenant_id()
POST,/v1/tenant/staff/{user_id}/lock,lock_staff,app.engines.tenant_engine.portal_router,app\engines\tenant_engine\portal_router.py,396,Tenant Portal,False,True,lock_staff|get_db|require_tenant_owner_mutation|require_tenant_owner|get_current_user|<fastapi.security.http.HTTPBearer object at 0x0000012C233CCA70>,require_tenant_owner_mutation|require_tenant_owner|get_current_user,,,,
POST,/v1/tenant/staff/{user_id}/unlock,unlock_staff,app.engines.tenant_engine.portal_router,app\engines\tenant_engine\portal_router.py,418,Tenant Portal,False,True,unlock_staff|get_db|require_tenant_owner_mutation|require_tenant_owner|get_current_user|<fastapi.security.http.HTTPBearer object at 0x0000012C233CCA70>,require_tenant_owner_mutation|require_tenant_owner|get_current_user,,,,
POST,/v1/tenant/staff/{user_id}/sessions/revoke-all,revoke_staff_sessions,app.engines.tenant_engine.portal_router,app\engines\tenant_engine\portal_router.py,434,Tenant Portal,False,True,revoke_staff_sessions|get_db|require_tenant_owner_mutation|require_tenant_owner|get_current_user|<fastapi.security.http.HTTPBearer object at 0x0000012C233CCA70>,require_tenant_owner_mutation|require_tenant_owner|get_current_user,,,,_tenant_id()
GET,/v1/tenant/staff/{user_id}/login-history,staff_login_history,app.engines.tenant_engine.portal_router,app\engines\tenant_engine\portal_router.py,449,Tenant Portal,False,True,staff_login_history|get_db|require_tenant_owner|get_current_user|<fastapi.security.http.HTTPBearer object at 0x0000012C233CCA70>,require_tenant_owner|get_current_user,,,,
GET,/v1/tenant/staff/{user_id}/security,staff_security_status,app.engines.tenant_engine.portal_router,app\engines\tenant_engine\portal_router.py,463,Tenant Portal,False,True,staff_security_status|get_db|require_tenant_owner|get_current_user|<fastapi.security.http.HTTPBearer object at 0x0000012C233CCA70>,require_tenant_owner|get_current_user,,,,
GET,/v1/tenant/dashboard/home-services/summary,home_services_summary,app.engines.tenant_engine.portal_router,app\engines\tenant_engine\portal_router.py,479,Tenant Portal,False,True,home_services_summary|get_db|get_current_user|<fastapi.security.http.HTTPBearer object at 0x0000012C233CCA70>,get_current_user,,,,_tenant_id()
GET,/v1/tenant/dashboard/coaching/summary,coaching_summary,app.engines.tenant_engine.portal_router,app\engines\tenant_engine\portal_router.py,507,Tenant Portal,False,True,coaching_summary|get_db|get_current_user|<fastapi.security.http.HTTPBearer object at 0x0000012C233CCA70>,get_current_user,,,,_tenant_id()
GET,/v1/tenant/dashboard/real-estate/summary,real_estate_summary,app.engines.tenant_engine.portal_router,app\engines\tenant_engine\portal_router.py,529,Tenant Portal,False,True,real_estate_summary|get_db|get_current_user|<fastapi.security.http.HTTPBearer object at 0x0000012C233CCA70>,get_current_user,,,,_tenant_id()
GET,/v1/tenant/engines/effective,get_tenant_effective_engines,app.engines.tenant_engine.portal_router,app\engines\tenant_engine\portal_router.py,551,Tenant Portal,False,True,get_tenant_effective_engines|get_db|get_current_user|<fastapi.security.http.HTTPBearer object at 0x0000012C233CCA70>,get_current_user,,,,_tenant_id()
GET,/v1/tenant/monetization/status,get_monetization_status,app.engines.tenant_engine.portal_router,app\engines\tenant_engine\portal_router.py,565,Tenant Portal,False,True,get_monetization_status|get_db|get_current_user|<fastapi.security.http.HTTPBearer object at 0x0000012C233CCA70>,get_current_user,,,,_tenant_id()
GET,/v1/admin/packages/summary,get_packages_summary,app.engines.package_commerce.admin_router,app\engines\package_commerce\admin_router.py,49,Admin Packages|Admin Packages,False,True,get_packages_summary|get_db|require_packages.read|get_current_user|<fastapi.security.http.HTTPBearer object at 0x0000012C233CCA70>,get_current_user,,,,
GET,/v1/admin/packages,list_packages,app.engines.package_commerce.admin_router,app\engines\package_commerce\admin_router.py,92,Admin Packages|Admin Packages,False,True,list_packages|get_db|require_packages.read|get_current_user|<fastapi.security.http.HTTPBearer object at 0x0000012C233CCA70>,get_current_user,,,,_svc()
POST,/v1/admin/packages,create_package,app.engines.package_commerce.admin_router,app\engines\package_commerce\admin_router.py,104,Admin Packages|Admin Packages,False,True,create_package|get_db|require_packages.create|get_current_user|<fastapi.security.http.HTTPBearer object at 0x0000012C233CCA70>,get_current_user,add|flush,,_pkg_audit,_svc()
GET,/v1/admin/packages/audit-logs,list_all_package_audit,app.engines.package_commerce.admin_router,app\engines\package_commerce\admin_router.py,114,Admin Packages|Admin Packages,False,True,list_all_package_audit|get_db|require_packages.audit.read|get_current_user|<fastapi.security.http.HTTPBearer object at 0x0000012C233CCA70>,get_current_user,,,,_svc()
GET,/v1/admin/packages/purchases,list_all_package_purchases,app.engines.package_commerce.admin_router,app\engines\package_commerce\admin_router.py,125,Admin Packages|Admin Packages,False,True,list_all_package_purchases|get_db|require_packages.read|get_current_user|<fastapi.security.http.HTTPBearer object at 0x0000012C233CCA70>,get_current_user,,,,_svc()
GET,/v1/admin/packages/{package_id},get_package,app.engines.package_commerce.admin_router,app\engines\package_commerce\admin_router.py,137,Admin Packages|Admin Packages,False,True,get_package|get_db|require_packages.read|get_current_user|<fastapi.security.http.HTTPBearer object at 0x0000012C233CCA70>,get_current_user,,,,_svc()
PUT,/v1/admin/packages/{package_id},update_package,app.engines.package_commerce.admin_router,app\engines\package_commerce\admin_router.py,147,Admin Packages|Admin Packages,False,True,update_package|get_db|require_packages.update|get_current_user|<fastapi.security.http.HTTPBearer object at 0x0000012C233CCA70>,get_current_user,add|raw_sql,,_pkg_audit,_svc()
DELETE,/v1/admin/packages/{package_id},delete_package,app.engines.package_commerce.admin_router,app\engines\package_commerce\admin_router.py,158,Admin Packages|Admin Packages,False,True,delete_package|get_db|require_packages.archive|get_current_user|<fastapi.security.http.HTTPBearer object at 0x0000012C233CCA70>,get_current_user,add,,_pkg_audit,_svc()
POST,/v1/admin/packages/{package_id}/activate,activate_package,app.engines.package_commerce.admin_router,app\engines\package_commerce\admin_router.py,168,Admin Packages|Admin Packages,False,True,activate_package|get_db|require_packages.activate|get_current_user|<fastapi.security.http.HTTPBearer object at 0x0000012C233CCA70>,get_current_user,add,,_pkg_audit,_svc()
POST,/v1/admin/packages/{package_id}/deactivate,deactivate_package,app.engines.package_commerce.admin_router,app\engines\package_commerce\admin_router.py,179,Admin Packages|Admin Packages,False,True,deactivate_package|get_db|require_packages.deactivate|get_current_user|<fastapi.security.http.HTTPBearer object at 0x0000012C233CCA70>,get_current_user,add,,_pkg_audit,_svc()
POST,/v1/admin/packages/{package_id}/clone,clone_package,app.engines.package_commerce.admin_router,app\engines\package_commerce\admin_router.py,190,Admin Packages|Admin Packages,False,True,clone_package|get_db|require_packages.clone|get_current_user|<fastapi.security.http.HTTPBearer object at 0x0000012C233CCA70>,get_current_user,add|flush,,_pkg_audit,_svc()
GET,/v1/admin/packages/{package_id}/audit,get_package_audit,app.engines.package_commerce.admin_router,app\engines\package_commerce\admin_router.py,201,Admin Packages|Admin Packages,False,True,get_package_audit|get_db|require_packages.audit.read|get_current_user|<fastapi.security.http.HTTPBearer object at 0x0000012C233CCA70>,get_current_user,,,,_svc()
GET,/v1/admin/packages/{package_id}/features,list_package_features,app.engines.package_commerce.admin_router,app\engines\package_commerce\admin_router.py,216,Admin Packages|Package Features,False,True,list_package_features|get_db|require_packages.read|get_current_user|<fastapi.security.http.HTTPBearer object at 0x0000012C233CCA70>,get_current_user,,,,_svc()
POST,/v1/admin/packages/{package_id}/features,create_package_feature,app.engines.package_commerce.admin_router,app\engines\package_commerce\admin_router.py,227,Admin Packages|Package Features,False,True,create_package_feature|get_db|require_packages.update|get_current_user|<fastapi.security.http.HTTPBearer object at 0x0000012C233CCA70>,get_current_user,add|flush,,,_svc()
PUT,/v1/admin/packages/{package_id}/features/{feature_id},update_package_feature,app.engines.package_commerce.admin_router,app\engines\package_commerce\admin_router.py,239,Admin Packages|Package Features,False,True,update_package_feature|get_db|require_packages.update|get_current_user|<fastapi.security.http.HTTPBearer object at 0x0000012C233CCA70>,get_current_user,flush|raw_sql,,,_svc()
DELETE,/v1/admin/packages/{package_id}/features/{feature_id},delete_package_feature,app.engines.package_commerce.admin_router,app\engines\package_commerce\admin_router.py,252,Admin Packages|Package Features,False,True,delete_package_feature|get_db|require_packages.update|get_current_user|<fastapi.security.http.HTTPBearer object at 0x0000012C233CCA70>,get_current_user,,,,_svc()
GET,/v1/admin/packages/{package_id}/limits,list_package_limits,app.engines.package_commerce.admin_router,app\engines\package_commerce\admin_router.py,268,Admin Packages|Package Limits,False,True,list_package_limits|get_db|require_packages.read|get_current_user|<fastapi.security.http.HTTPBearer object at 0x0000012C233CCA70>,get_current_user,,,,_svc()
POST,/v1/admin/packages/{package_id}/limits,create_package_limit,app.engines.package_commerce.admin_router,app\engines\package_commerce\admin_router.py,279,Admin Packages|Package Limits,False,True,create_package_limit|get_db|require_packages.update|get_current_user|<fastapi.security.http.HTTPBearer object at 0x0000012C233CCA70>,get_current_user,add|flush,,,_svc()
PUT,/v1/admin/packages/{package_id}/limits/{limit_id},update_package_limit,app.engines.package_commerce.admin_router,app\engines\package_commerce\admin_router.py,291,Admin Packages|Package Limits,False,True,update_package_limit|get_db|require_packages.update|get_current_user|<fastapi.security.http.HTTPBearer object at 0x0000012C233CCA70>,get_current_user,flush|raw_sql,,,_svc()
DELETE,/v1/admin/packages/{package_id}/limits/{limit_id},delete_package_limit,app.engines.package_commerce.admin_router,app\engines\package_commerce\admin_router.py,304,Admin Packages|Package Limits,False,True,delete_package_limit|get_db|require_packages.update|get_current_user|<fastapi.security.http.HTTPBearer object at 0x0000012C233CCA70>,get_current_user,,,,_svc()
GET,/v1/admin/tenants/{tenant_id}/packages/available,admin_get_available_packages,app.engines.package_commerce.admin_router,app\engines\package_commerce\admin_router.py,320,Admin Packages|Admin Packages,False,True,admin_get_available_packages|get_db|require_packages.read|get_current_user|<fastapi.security.http.HTTPBearer object at 0x0000012C233CCA70>,get_current_user,,,,_svc()
GET,/v1/admin/tenants/{tenant_id}/packages/purchases,admin_list_purchases,app.engines.package_commerce.admin_router,app\engines\package_commerce\admin_router.py,331,Admin Packages|Admin Packages,False,True,admin_list_purchases|get_db|require_packages.read|get_current_user|<fastapi.security.http.HTTPBearer object at 0x0000012C233CCA70>,get_current_user,,,,_svc()
POST,/v1/admin/tenants/{tenant_id}/packages/{package_id}/purchase,admin_purchase_package,app.engines.package_commerce.admin_router,app\engines\package_commerce\admin_router.py,344,Admin Packages|Admin Packages,False,True,admin_purchase_package|get_db|require_packages.create|get_current_user|<fastapi.security.http.HTTPBearer object at 0x0000012C233CCA70>,get_current_user,add|commit|flush,,_pkg_audit,_svc()
GET,/v1/admin/tenants/{tenant_id}/security-deposit,admin_get_deposit,app.engines.package_commerce.admin_router,app\engines\package_commerce\admin_router.py,406,Admin Packages|Security Deposit,False,True,admin_get_deposit,NONE,,,,
POST,/v1/admin/tenants/{tenant_id}/security-deposit/mark-paid,admin_mark_deposit_paid,app.engines.package_commerce.admin_router,app\engines\package_commerce\admin_router.py,413,Admin Packages|Security Deposit,False,True,admin_mark_deposit_paid,NONE,,,,
POST,/v1/admin/tenants/{tenant_id}/security-deposit/refund,admin_refund_deposit,app.engines.package_commerce.admin_router,app\engines\package_commerce\admin_router.py,420,Admin Packages|Security Deposit,False,True,admin_refund_deposit,NONE,,,,
POST,/v1/admin/tenants/{tenant_id}/security-deposit/forfeit,admin_forfeit_deposit,app.engines.package_commerce.admin_router,app\engines\package_commerce\admin_router.py,427,Admin Packages|Security Deposit,False,True,admin_forfeit_deposit,NONE,,,,
GET,/v1/admin/tenants/{tenant_id}/credit-wallet,admin_get_wallet,app.engines.package_commerce.admin_router,app\engines\package_commerce\admin_router.py,448,Admin Packages|Credit Wallet,False,True,admin_get_wallet|get_db|require_finance.usage_credits.read|get_current_user|<fastapi.security.http.HTTPBearer object at 0x0000012C233CCA70>,get_current_user,,,,
GET,/v1/admin/tenants/{tenant_id}/credit-ledger,admin_get_ledger,app.engines.package_commerce.admin_router,app\engines\package_commerce\admin_router.py,461,Admin Packages|Credit Ledger,False,True,admin_get_ledger|get_db|require_finance.usage_credits.ledger.read|get_current_user|<fastapi.security.http.HTTPBearer object at 0x0000012C233CCA70>,get_current_user,,,,
POST,/v1/admin/tenants/{tenant_id}/credit-wallet/top-up,admin_topup_wallet,app.engines.package_commerce.admin_router,app\engines\package_commerce\admin_router.py,476,Admin Packages|Credit Wallet,False,True,admin_topup_wallet|get_db|require_finance.usage_credits.top_up|get_current_user|<fastapi.security.http.HTTPBearer object at 0x0000012C233CCA70>,get_current_user,commit,,,
POST,/v1/admin/tenants/{tenant_id}/credit-wallet/adjust,admin_adjust_wallet,app.engines.package_commerce.admin_router,app\engines\package_commerce\admin_router.py,503,Admin Packages|Credit Wallet,False,True,admin_adjust_wallet|get_db|require_finance.usage_credits.adjust|get_current_user|<fastapi.security.http.HTTPBearer object at 0x0000012C233CCA70>,get_current_user,commit,,,
GET,/v1/admin/tenants/{tenant_id}/commissions,admin_list_commissions,app.engines.package_commerce.admin_router,app\engines\package_commerce\admin_router.py,538,Admin Packages|Commission Deduction,False,True,admin_list_commissions|get_db|get_current_user|<fastapi.security.http.HTTPBearer object at 0x0000012C233CCA70>,get_current_user,,,,_svc()
POST,/v1/admin/jobs/{job_id}/deduct-commission,admin_deduct_commission,app.engines.package_commerce.admin_router,app\engines\package_commerce\admin_router.py,554,Admin Packages|Commission Deduction,False,True,admin_deduct_commission|get_db|require_super_admin|get_current_user|<fastapi.security.http.HTTPBearer object at 0x0000012C233CCA70>,require_super_admin|get_current_user,add|flush,debit_wallet,_pkg_audit,_svc()
POST,/v1/admin/jobs/{job_id}/calculate-commission,admin_calculate_commission,app.engines.package_commerce.admin_router,app\engines\package_commerce\admin_router.py,571,Admin Packages|Commission Deduction,False,True,admin_calculate_commission|get_db|require_super_admin|get_current_user|<fastapi.security.http.HTTPBearer object at 0x0000012C233CCA70>,require_super_admin|get_current_user,add|flush,,,_svc()
GET,/v1/admin/tenants/{tenant_id}/storage-quota,admin_get_storage_quota,app.engines.package_commerce.admin_router,app\engines\package_commerce\admin_router.py,600,Admin Packages|Storage Quota,False,True,admin_get_storage_quota|get_db|get_current_user|<fastapi.security.http.HTTPBearer object at 0x0000012C233CCA70>,get_current_user,,,,_svc()
GET,/v1/provider/onboarding/package-summary,provider_package_summary,app.engines.package_commerce.tenant_router,app\engines\package_commerce\tenant_router.py,59,Tenant Packages|Provider Onboarding,False,True,provider_package_summary|get_db|get_current_user|<fastapi.security.http.HTTPBearer object at 0x0000012C233CCA70>,get_current_user,,,,_svc()|_tenant_id()
GET,/v1/tenant/packages/available,tenant_get_available_packages,app.engines.package_commerce.tenant_router,app\engines\package_commerce\tenant_router.py,82,Tenant Packages|Tenant Packages,False,True,tenant_get_available_packages|get_db|get_current_user|<fastapi.security.http.HTTPBearer object at 0x0000012C233CCA70>,get_current_user,,,,_svc()|_tenant_id()
GET,/v1/tenant/packages/purchases,tenant_list_purchases,app.engines.package_commerce.tenant_router,app\engines\package_commerce\tenant_router.py,94,Tenant Packages|Tenant Packages,False,True,tenant_list_purchases|get_db|get_current_user|<fastapi.security.http.HTTPBearer object at 0x0000012C233CCA70>,get_current_user,,,,_svc()|_tenant_id()
POST,/v1/tenant/packages/{package_id}/purchase,tenant_purchase_package,app.engines.package_commerce.tenant_router,app\engines\package_commerce\tenant_router.py,142,Tenant Packages|Tenant Packages|Package Purchase,False,True,tenant_purchase_package|get_db|require_tenant_owner_mutation|require_tenant_owner|get_current_user|<fastapi.security.http.HTTPBearer object at 0x0000012C233CCA70>,require_tenant_owner_mutation|require_tenant_owner|get_current_user,add|commit|flush,,_pkg_audit,_svc()|_tenant_id()
GET,/v1/tenant/security-deposit,tenant_get_deposit,app.engines.package_commerce.tenant_router,app\engines\package_commerce\tenant_router.py,184,Tenant Packages|Security Deposit,False,True,tenant_get_deposit|get_db|get_current_user|<fastapi.security.http.HTTPBearer object at 0x0000012C233CCA70>,get_current_user,,,,_svc()|_tenant_id()
GET,/v1/tenant/credit-wallet,tenant_get_credit_wallet,app.engines.package_commerce.tenant_router,app\engines\package_commerce\tenant_router.py,200,Tenant Packages|Credit Wallet,False,True,tenant_get_credit_wallet|get_db|get_current_user|<fastapi.security.http.HTTPBearer object at 0x0000012C233CCA70>,get_current_user,,,,_svc()|_tenant_id()
GET,/v1/tenant/credit-ledger,tenant_get_credit_ledger,app.engines.package_commerce.tenant_router,app\engines\package_commerce\tenant_router.py,212,Tenant Packages|Credit Ledger,False,True,tenant_get_credit_ledger|get_db|get_current_user|<fastapi.security.http.HTTPBearer object at 0x0000012C233CCA70>,get_current_user,,,,_svc()|_tenant_id()
GET,/v1/tenant/commissions,tenant_list_commissions,app.engines.package_commerce.tenant_router,app\engines\package_commerce\tenant_router.py,230,Tenant Packages|Commission Deduction,False,True,tenant_list_commissions|get_db|get_current_user|<fastapi.security.http.HTTPBearer object at 0x0000012C233CCA70>,get_current_user,,,,_svc()|_tenant_id()
GET,/v1/tenant/storage-quota,tenant_get_storage_quota,app.engines.package_commerce.tenant_router,app\engines\package_commerce\tenant_router.py,249,Tenant Packages|Storage Quota,False,True,tenant_get_storage_quota|get_db|get_current_user|<fastapi.security.http.HTTPBearer object at 0x0000012C233CCA70>,get_current_user,,,,_svc()|_tenant_id()
GET,/v1/public/packages,list_public_packages,app.engines.package_commerce.public_router,app\engines\package_commerce\public_router.py,39,Public Packages|Public Packages,False,True,list_public_packages|get_db,NONE,,,,_svc()
GET,/v1/admin/locations/states,admin_list_states,app.engines.location_engine.router,app\engines\location_engine\router.py,38,Locations|Locations,False,True,admin_list_states|get_db|get_current_user|<fastapi.security.http.HTTPBearer object at 0x0000012C233CCA70>,get_current_user,,,,_svc()
POST,/v1/admin/locations/states,admin_create_state,app.engines.location_engine.router,app\engines\location_engine\router.py,51,Locations|Locations,False,True,admin_create_state|get_db|require_super_admin|get_current_user|<fastapi.security.http.HTTPBearer object at 0x0000012C233CCA70>,require_super_admin|get_current_user,add|flush,,,_svc()
GET,/v1/admin/locations/districts,admin_list_districts,app.engines.location_engine.router,app\engines\location_engine\router.py,64,Locations|Locations,False,True,admin_list_districts|get_db|get_current_user|<fastapi.security.http.HTTPBearer object at 0x0000012C233CCA70>,get_current_user,,,,_svc()
POST,/v1/admin/locations/states/{state_id}/districts,admin_create_district,app.engines.location_engine.router,app\engines\location_engine\router.py,77,Locations|Locations,False,True,admin_create_district|get_db|require_super_admin|get_current_user|<fastapi.security.http.HTTPBearer object at 0x0000012C233CCA70>,require_super_admin|get_current_user,add|flush,,,_svc()
GET,/v1/admin/locations/cities,admin_list_cities,app.engines.location_engine.router,app\engines\location_engine\router.py,90,Locations|Locations,False,True,admin_list_cities|get_db|get_current_user|<fastapi.security.http.HTTPBearer object at 0x0000012C233CCA70>,get_current_user,,,,_svc()
POST,/v1/admin/locations/districts/{district_id}/cities,admin_create_city,app.engines.location_engine.router,app\engines\location_engine\router.py,103,Locations|Locations,False,True,admin_create_city|get_db|require_super_admin|get_current_user|<fastapi.security.http.HTTPBearer object at 0x0000012C233CCA70>,require_super_admin|get_current_user,add|flush,,,_svc()
GET,/v1/admin/locations/zones,admin_list_zones,app.engines.location_engine.router,app\engines\location_engine\router.py,116,Locations|Locations,False,True,admin_list_zones|get_db|get_current_user|<fastapi.security.http.HTTPBearer object at 0x0000012C233CCA70>,get_current_user,,,,_svc()
POST,/v1/admin/locations/cities/{city_id}/zones,admin_create_zone,app.engines.location_engine.router,app\engines\location_engine\router.py,129,Locations|Locations,False,True,admin_create_zone|get_db|require_super_admin|get_current_user|<fastapi.security.http.HTTPBearer object at 0x0000012C233CCA70>,require_super_admin|get_current_user,add|flush,,,_svc()
GET,/v1/admin/locations/city-tiers,admin_list_city_tiers,app.engines.location_engine.router,app\engines\location_engine\router.py,140,Locations|Locations,False,True,admin_list_city_tiers|get_db|get_current_user|<fastapi.security.http.HTTPBearer object at 0x0000012C233CCA70>,get_current_user,,,,_svc()
GET,/v1/public/locations/states,public_list_states,app.engines.location_engine.router,app\engines\location_engine\router.py,152,Locations|Locations,False,True,public_list_states|get_db,NONE,,,,_svc()
GET,/v1/public/locations/districts,public_list_districts,app.engines.location_engine.router,app\engines\location_engine\router.py,164,Locations|Locations,False,True,public_list_districts|get_db,NONE,,,,_svc()
GET,/v1/public/locations/cities,public_list_cities,app.engines.location_engine.router,app\engines\location_engine\router.py,176,Locations|Locations,False,True,public_list_cities|get_db,NONE,,,,_svc()
GET,/v1/public/locations/zones,public_list_zones,app.engines.location_engine.router,app\engines\location_engine\router.py,188,Locations|Locations,False,True,public_list_zones|get_db,NONE,,,,_svc()
GET,/v1/ds/meta,engine_meta,app.engines.data_science.router,app\engines\data_science\router.py,26,Data Science Engine|Engine Registry,False,True,engine_meta,NONE,,,,
GET,/v1/ds/tenants/{tenant_id}/churn/score,get_churn_score,app.engines.data_science.router,app\engines\data_science\router.py,44,Data Science Engine,False,True,get_churn_score|get_current_user|<fastapi.security.http.HTTPBearer object at 0x0000012C233CCA70>|_svc|get_db|get_current_user|<fastapi.security.http.HTTPBearer object at 0x0000012C233CCA70>,get_current_user|get_current_user,add|flush,,,
GET,/v1/ds/churn/at-risk,list_at_risk,app.engines.data_science.router,app\engines\data_science\router.py,53,Data Science Engine,False,True,list_at_risk|require_super_admin|get_current_user|<fastapi.security.http.HTTPBearer object at 0x0000012C233CCA70>|_svc|get_db|get_current_user|<fastapi.security.http.HTTPBearer object at 0x0000012C233CCA70>,require_super_admin|get_current_user|get_current_user,,,,
GET,/v1/ds/tenants/{tenant_id}/churn/factors,get_churn_factors,app.engines.data_science.router,app\engines\data_science\router.py,63,Data Science Engine,False,True,get_churn_factors|get_current_user|<fastapi.security.http.HTTPBearer object at 0x0000012C233CCA70>|_svc|get_db|get_current_user|<fastapi.security.http.HTTPBearer object at 0x0000012C233CCA70>,get_current_user|get_current_user,add,,,
GET,/v1/ds/tenants/{tenant_id}/churn/history,churn_history,app.engines.data_science.router,app\engines\data_science\router.py,72,Data Science Engine,False,True,churn_history|get_current_user|<fastapi.security.http.HTTPBearer object at 0x0000012C233CCA70>|_svc|get_db|get_current_user|<fastapi.security.http.HTTPBearer object at 0x0000012C233CCA70>,get_current_user|get_current_user,,,,
GET,/v1/ds/tenants/{tenant_id}/demand/forecast,get_forecast,app.engines.data_science.router,app\engines\data_science\router.py,83,Data Science Engine,False,True,get_forecast|get_current_user|<fastapi.security.http.HTTPBearer object at 0x0000012C233CCA70>|_svc|get_db|get_current_user|<fastapi.security.http.HTTPBearer object at 0x0000012C233CCA70>,get_current_user|get_current_user,add|flush,,,
POST,/v1/ds/tenants/{tenant_id}/demand/recompute,trigger_recompute,app.engines.data_science.router,app\engines\data_science\router.py,92,Data Science Engine,False,True,trigger_recompute|require_tenant_update|get_current_user|<fastapi.security.http.HTTPBearer object at 0x0000012C233CCA70>|_svc|get_db|get_current_user|<fastapi.security.http.HTTPBearer object at 0x0000012C233CCA70>,get_current_user|get_current_user,add|flush,,,
GET,/v1/ds/tenants/{tenant_id}/demand/history,forecast_history,app.engines.data_science.router,app\engines\data_science\router.py,101,Data Science Engine,False,True,forecast_history|get_current_user|<fastapi.security.http.HTTPBearer object at 0x0000012C233CCA70>|_svc|get_db|get_current_user|<fastapi.security.http.HTTPBearer object at 0x0000012C233CCA70>,get_current_user|get_current_user,,,,
GET,/v1/ds/tenants/{tenant_id}/pricing/recommendations,pricing_recs,app.engines.data_science.router,app\engines\data_science\router.py,112,Data Science Engine,False,True,pricing_recs|get_current_user|<fastapi.security.http.HTTPBearer object at 0x0000012C233CCA70>|_svc|get_db|get_current_user|<fastapi.security.http.HTTPBearer object at 0x0000012C233CCA70>,get_current_user|get_current_user,add|flush,,,
POST,/v1/ds/tenants/{tenant_id}/pricing/apply,apply_pricing,app.engines.data_science.router,app\engines\data_science\router.py,121,Data Science Engine,False,True,apply_pricing|require_tenant_update|get_current_user|<fastapi.security.http.HTTPBearer object at 0x0000012C233CCA70>|_svc|get_db|get_current_user|<fastapi.security.http.HTTPBearer object at 0x0000012C233CCA70>,get_current_user|get_current_user,raw_sql,,,
GET,/v1/ds/tenants/{tenant_id}/pricing/history,pricing_history,app.engines.data_science.router,app\engines\data_science\router.py,132,Data Science Engine,False,True,pricing_history|get_current_user|<fastapi.security.http.HTTPBearer object at 0x0000012C233CCA70>|_svc|get_db|get_current_user|<fastapi.security.http.HTTPBearer object at 0x0000012C233CCA70>,get_current_user|get_current_user,,,,
GET,/v1/ds/tenants/{tenant_id}/staff/rankings,staff_rankings,app.engines.data_science.router,app\engines\data_science\router.py,142,Data Science Engine,False,True,staff_rankings|get_current_user|<fastapi.security.http.HTTPBearer object at 0x0000012C233CCA70>|_svc|get_db|get_current_user|<fastapi.security.http.HTTPBearer object at 0x0000012C233CCA70>,get_current_user|get_current_user,,,,
GET,/v1/ds/tenants/{tenant_id}/staff/{staff_id}/score,staff_score,app.engines.data_science.router,app\engines\data_science\router.py,151,Data Science Engine,False,True,staff_score|get_current_user|<fastapi.security.http.HTTPBearer object at 0x0000012C233CCA70>|_svc|get_db|get_current_user|<fastapi.security.http.HTTPBearer object at 0x0000012C233CCA70>,get_current_user|get_current_user,,,,
POST,/v1/ds/tenants/{tenant_id}/staff/{staff_id}/signal,update_staff_signal,app.engines.data_science.router,app\engines\data_science\router.py,164,Data Science Engine,False,True,update_staff_signal|require_super_admin|get_current_user|<fastapi.security.http.HTTPBearer object at 0x0000012C233CCA70>|_svc|get_db|get_current_user|<fastapi.security.http.HTTPBearer object at 0x0000012C233CCA70>,require_super_admin|get_current_user|get_current_user,add|flush|raw_sql,,,
GET,/v1/ds/tenants/{tenant_id}/customers/{customer_id}/ltv,customer_ltv,app.engines.data_science.router,app\engines\data_science\router.py,176,Data Science Engine,False,True,customer_ltv|get_current_user|<fastapi.security.http.HTTPBearer object at 0x0000012C233CCA70>|_svc|get_db|get_current_user|<fastapi.security.http.HTTPBearer object at 0x0000012C233CCA70>,get_current_user|get_current_user,add|flush,,,
GET,/v1/ds/tenants/{tenant_id}/customers/high-value,high_value_customers,app.engines.data_science.router,app\engines\data_science\router.py,185,Data Science Engine,False,True,high_value_customers|get_current_user|<fastapi.security.http.HTTPBearer object at 0x0000012C233CCA70>|_svc|get_db|get_current_user|<fastapi.security.http.HTTPBearer object at 0x0000012C233CCA70>,get_current_user|get_current_user,,,,
POST,/v1/ds/tenants/{tenant_id}/customers/{customer_id}/ltv/recompute,recompute_ltv,app.engines.data_science.router,app\engines\data_science\router.py,195,Data Science Engine,False,True,recompute_ltv|get_current_user|<fastapi.security.http.HTTPBearer object at 0x0000012C233CCA70>|_svc|get_db|get_current_user|<fastapi.security.http.HTTPBearer object at 0x0000012C233CCA70>,get_current_user|get_current_user,add|flush,,,
GET,/v1/ds/anomalies,list_anomalies,app.engines.data_science.router,app\engines\data_science\router.py,205,Data Science Engine,False,True,list_anomalies|get_current_user|<fastapi.security.http.HTTPBearer object at 0x0000012C233CCA70>|_svc|get_db|get_current_user|<fastapi.security.http.HTTPBearer object at 0x0000012C233CCA70>,get_current_user|get_current_user,,,,
GET,/v1/ds/anomalies/{anomaly_id},get_anomaly,app.engines.data_science.router,app\engines\data_science\router.py,218,Data Science Engine,False,True,get_anomaly|get_current_user|<fastapi.security.http.HTTPBearer object at 0x0000012C233CCA70>|_svc|get_db|get_current_user|<fastapi.security.http.HTTPBearer object at 0x0000012C233CCA70>,get_current_user|get_current_user,,,,
POST,/v1/ds/anomalies/{anomaly_id}/acknowledge,acknowledge_anomaly,app.engines.data_science.router,app\engines\data_science\router.py,227,Data Science Engine,False,True,acknowledge_anomaly|get_current_user|<fastapi.security.http.HTTPBearer object at 0x0000012C233CCA70>|_svc|get_db|get_current_user|<fastapi.security.http.HTTPBearer object at 0x0000012C233CCA70>,get_current_user|get_current_user,,,,
GET,/v1/ds/models,model_versions,app.engines.data_science.router,app\engines\data_science\router.py,238,Data Science Engine,False,True,model_versions|require_super_admin|get_current_user|<fastapi.security.http.HTTPBearer object at 0x0000012C233CCA70>|_svc|get_db|get_current_user|<fastapi.security.http.HTTPBearer object at 0x0000012C233CCA70>,require_super_admin|get_current_user|get_current_user,,,,
POST,/v1/ds/models/{model_type}/retrain,trigger_retrain,app.engines.data_science.router,app\engines\data_science\router.py,248,Data Science Engine,False,True,trigger_retrain|require_super_admin|get_current_user|<fastapi.security.http.HTTPBearer object at 0x0000012C233CCA70>|_svc|get_db|get_current_user|<fastapi.security.http.HTTPBearer object at 0x0000012C233CCA70>,require_super_admin|get_current_user|get_current_user,add|flush,,,
GET,/v1/ds/tenants/{tenant_id}/business-performance,business_performance,app.engines.data_science.router,app\engines\data_science\router.py,258,Data Science Engine,False,True,business_performance|get_current_user|<fastapi.security.http.HTTPBearer object at 0x0000012C233CCA70>|_svc|get_db|get_current_user|<fastapi.security.http.HTTPBearer object at 0x0000012C233CCA70>,get_current_user|get_current_user,,,,
GET,/v1/ds/platform/summary,platform_summary,app.engines.data_science.router,app\engines\data_science\router.py,269,Data Science Engine,False,True,platform_summary|require_super_admin|get_current_user|<fastapi.security.http.HTTPBearer object at 0x0000012C233CCA70>|_svc|get_db|get_current_user|<fastapi.security.http.HTTPBearer object at 0x0000012C233CCA70>,require_super_admin|get_current_user|get_current_user,,,,
GET,/v1/rag/meta,engine_meta,app.engines.rag.router,app\engines\rag\router.py,30,RAG Engine|Engine Registry,False,True,engine_meta,NONE,,,,
POST,/v1/rag/knowledge-bases,create_kb,app.engines.rag.router,app\engines\rag\router.py,46,RAG Engine,False,True,create_kb|require_tenant_update|get_current_user|<fastapi.security.http.HTTPBearer object at 0x0000012C233CCA70>|_svc|get_db|get_current_user|<fastapi.security.http.HTTPBearer object at 0x0000012C233CCA70>,get_current_user|get_current_user,add|flush,,,
GET,/v1/rag/knowledge-bases/{kb_id},get_kb,app.engines.rag.router,app\engines\rag\router.py,70,RAG Engine,False,True,get_kb|get_current_user|<fastapi.security.http.HTTPBearer object at 0x0000012C233CCA70>|_svc|get_db|get_current_user|<fastapi.security.http.HTTPBearer object at 0x0000012C233CCA70>,get_current_user|get_current_user,,,,
GET,/v1/rag/tenants/{tenant_id}/knowledge-bases,list_kbs,app.engines.rag.router,app\engines\rag\router.py,80,RAG Engine,False,True,list_kbs|get_current_user|<fastapi.security.http.HTTPBearer object at 0x0000012C233CCA70>|_svc|get_db|get_current_user|<fastapi.security.http.HTTPBearer object at 0x0000012C233CCA70>,get_current_user|get_current_user,,,,
PUT,/v1/rag/knowledge-bases/{kb_id},update_kb,app.engines.rag.router,app\engines\rag\router.py,92,RAG Engine,False,True,update_kb|require_tenant_update|get_current_user|<fastapi.security.http.HTTPBearer object at 0x0000012C233CCA70>|_svc|get_db|get_current_user|<fastapi.security.http.HTTPBearer object at 0x0000012C233CCA70>,get_current_user|get_current_user,raw_sql,,,
DELETE,/v1/rag/knowledge-bases/{kb_id},delete_kb,app.engines.rag.router,app\engines\rag\router.py,103,RAG Engine,False,True,delete_kb|require_tenant_update|get_current_user|<fastapi.security.http.HTTPBearer object at 0x0000012C233CCA70>|_svc|get_db|get_current_user|<fastapi.security.http.HTTPBearer object at 0x0000012C233CCA70>,get_current_user|get_current_user,sqlalchemy.update(),,,
POST,/v1/rag/knowledge-bases/{kb_id}/documents,ingest_document,app.engines.rag.router,app\engines\rag\router.py,114,RAG Engine,False,True,ingest_document|require_tenant_update|get_current_user|<fastapi.security.http.HTTPBearer object at 0x0000012C233CCA70>|_svc|get_db|get_current_user|<fastapi.security.http.HTTPBearer object at 0x0000012C233CCA70>,get_current_user|get_current_user,add|flush,,,
GET,/v1/rag/knowledge-bases/{kb_id}/documents,list_documents,app.engines.rag.router,app\engines\rag\router.py,136,RAG Engine,False,True,list_documents|get_current_user|<fastapi.security.http.HTTPBearer object at 0x0000012C233CCA70>|_svc|get_db|get_current_user|<fastapi.security.http.HTTPBearer object at 0x0000012C233CCA70>,get_current_user|get_current_user,,,,
GET,/v1/rag/documents/{doc_id},get_document,app.engines.rag.router,app\engines\rag\router.py,149,RAG Engine,False,True,get_document|get_current_user|<fastapi.security.http.HTTPBearer object at 0x0000012C233CCA70>|_svc|get_db|get_current_user|<fastapi.security.http.HTTPBearer object at 0x0000012C233CCA70>,get_current_user|get_current_user,,,,
DELETE,/v1/rag/documents/{doc_id},delete_document,app.engines.rag.router,app\engines\rag\router.py,159,RAG Engine,False,True,delete_document|require_tenant_update|get_current_user|<fastapi.security.http.HTTPBearer object at 0x0000012C233CCA70>|_svc|get_db|get_current_user|<fastapi.security.http.HTTPBearer object at 0x0000012C233CCA70>,get_current_user|get_current_user,delete|sqlalchemy.update(),,,
POST,/v1/rag/documents/{doc_id}/reindex,reindex_document,app.engines.rag.router,app\engines\rag\router.py,169,RAG Engine,False,True,reindex_document|require_tenant_update|get_current_user|<fastapi.security.http.HTTPBearer object at 0x0000012C233CCA70>|_svc|get_db|get_current_user|<fastapi.security.http.HTTPBearer object at 0x0000012C233CCA70>,get_current_user|get_current_user,add|flush|sqlalchemy.update(),,,
GET,/v1/rag/knowledge-bases/{kb_id}/chunks,list_chunks,app.engines.rag.router,app\engines\rag\router.py,180,RAG Engine,False,True,list_chunks|get_current_user|<fastapi.security.http.HTTPBearer object at 0x0000012C233CCA70>|_svc|get_db|get_current_user|<fastapi.security.http.HTTPBearer object at 0x0000012C233CCA70>,get_current_user|get_current_user,,,,
GET,/v1/rag/chunks/{chunk_id},get_chunk,app.engines.rag.router,app\engines\rag\router.py,193,RAG Engine,False,True,get_chunk|get_current_user|<fastapi.security.http.HTTPBearer object at 0x0000012C233CCA70>|_svc|get_db|get_current_user|<fastapi.security.http.HTTPBearer object at 0x0000012C233CCA70>,get_current_user|get_current_user,,,,
POST,/v1/rag/query,query,app.engines.rag.router,app\engines\rag\router.py,204,RAG Engine,False,True,query|get_current_user|<fastapi.security.http.HTTPBearer object at 0x0000012C233CCA70>|_svc|get_db|get_current_user|<fastapi.security.http.HTTPBearer object at 0x0000012C233CCA70>,get_current_user|get_current_user,add|flush,,,u.tenant_id
POST,/v1/rag/search,search,app.engines.rag.router,app\engines\rag\router.py,227,RAG Engine,False,True,search|get_current_user|<fastapi.security.http.HTTPBearer object at 0x0000012C233CCA70>|_svc|get_db|get_current_user|<fastapi.security.http.HTTPBearer object at 0x0000012C233CCA70>,get_current_user|get_current_user,,,,
GET,/v1/rag/queries/{query_id},get_query,app.engines.rag.router,app\engines\rag\router.py,242,RAG Engine,False,True,get_query|get_current_user|<fastapi.security.http.HTTPBearer object at 0x0000012C233CCA70>|_svc|get_db|get_current_user|<fastapi.security.http.HTTPBearer object at 0x0000012C233CCA70>,get_current_user|get_current_user,,,,
GET,/v1/rag/tenants/{tenant_id}/queries,list_queries,app.engines.rag.router,app\engines\rag\router.py,252,RAG Engine,False,True,list_queries|get_current_user|<fastapi.security.http.HTTPBearer object at 0x0000012C233CCA70>|_svc|get_db|get_current_user|<fastapi.security.http.HTTPBearer object at 0x0000012C233CCA70>,get_current_user|get_current_user,,,,
GET,/v1/rag/platform/usage,platform_usage,app.engines.rag.router,app\engines\rag\router.py,266,RAG Engine,False,True,platform_usage|require_super_admin|get_current_user|<fastapi.security.http.HTTPBearer object at 0x0000012C233CCA70>|_svc|get_db|get_current_user|<fastapi.security.http.HTTPBearer object at 0x0000012C233CCA70>,require_super_admin|get_current_user|get_current_user,,,,
GET,/v1/settings/meta,engine_meta,app.engines.settings_engine.router,app\engines\settings_engine\router.py,27,Settings Engine|Engine Registry,False,True,engine_meta,NONE,,,,
GET,/v1/settings/platform,list_platform,app.engines.settings_engine.router,app\engines\settings_engine\router.py,35,Settings Engine,False,True,list_platform|get_current_user|<fastapi.security.http.HTTPBearer object at 0x0000012C233CCA70>|_svc|get_db|get_current_user|<fastapi.security.http.HTTPBearer object at 0x0000012C233CCA70>,get_current_user|get_current_user,,,,
GET,/v1/settings/platform/{key},get_platform,app.engines.settings_engine.router,app\engines\settings_engine\router.py,42,Settings Engine,False,True,get_platform|get_current_user|<fastapi.security.http.HTTPBearer object at 0x0000012C233CCA70>|_svc|get_db|get_current_user|<fastapi.security.http.HTTPBearer object at 0x0000012C233CCA70>,get_current_user|get_current_user,,,,
PUT,/v1/settings/platform/{key},set_platform,app.engines.settings_engine.router,app\engines\settings_engine\router.py,48,Settings Engine,False,True,set_platform|require_super_admin|get_current_user|<fastapi.security.http.HTTPBearer object at 0x0000012C233CCA70>|_svc|get_db|get_current_user|<fastapi.security.http.HTTPBearer object at 0x0000012C233CCA70>,require_super_admin|get_current_user|get_current_user,add,,_audit|record_platform_audit,
DELETE,/v1/settings/platform/{key},delete_platform,app.engines.settings_engine.router,app\engines\settings_engine\router.py,56,Settings Engine,False,True,delete_platform|require_super_admin|get_current_user|<fastapi.security.http.HTTPBearer object at 0x0000012C233CCA70>|_svc|get_db|get_current_user|<fastapi.security.http.HTTPBearer object at 0x0000012C233CCA70>,require_super_admin|get_current_user|get_current_user,delete,,,
POST,/v1/settings/platform/bulk,bulk_set_platform,app.engines.settings_engine.router,app\engines\settings_engine\router.py,62,Settings Engine,False,True,bulk_set_platform|require_super_admin|get_current_user|<fastapi.security.http.HTTPBearer object at 0x0000012C233CCA70>|_svc|get_db|get_current_user|<fastapi.security.http.HTTPBearer object at 0x0000012C233CCA70>,require_super_admin|get_current_user|get_current_user,add,,_audit,
GET,/v1/settings/plans/{plan_type},list_plan,app.engines.settings_engine.router,app\engines\settings_engine\router.py,70,Settings Engine,False,True,list_plan|get_current_user|<fastapi.security.http.HTTPBearer object at 0x0000012C233CCA70>|_svc|get_db|get_current_user|<fastapi.security.http.HTTPBearer object at 0x0000012C233CCA70>,get_current_user|get_current_user,,,,
PUT,/v1/settings/plans/{plan_type}/{key},set_plan,app.engines.settings_engine.router,app\engines\settings_engine\router.py,76,Settings Engine,False,True,set_plan|require_super_admin|get_current_user|<fastapi.security.http.HTTPBearer object at 0x0000012C233CCA70>|_svc|get_db|get_current_user|<fastapi.security.http.HTTPBearer object at 0x0000012C233CCA70>,require_super_admin|get_current_user|get_current_user,add,,_audit|record_platform_audit,
DELETE,/v1/settings/plans/{plan_type}/{key},delete_plan,app.engines.settings_engine.router,app\engines\settings_engine\router.py,84,Settings Engine,False,True,delete_plan|require_super_admin|get_current_user|<fastapi.security.http.HTTPBearer object at 0x0000012C233CCA70>|_svc|get_db|get_current_user|<fastapi.security.http.HTTPBearer object at 0x0000012C233CCA70>,require_super_admin|get_current_user|get_current_user,delete,,,
GET,/v1/settings/tenants/{tenant_id},list_tenant,app.engines.settings_engine.router,app\engines\settings_engine\router.py,91,Settings Engine,False,True,list_tenant|get_current_user|<fastapi.security.http.HTTPBearer object at 0x0000012C233CCA70>|_svc|get_db|get_current_user|<fastapi.security.http.HTTPBearer object at 0x0000012C233CCA70>,get_current_user|get_current_user,,,,
PUT,/v1/settings/tenants/{tenant_id}/{key},set_tenant,app.engines.settings_engine.router,app\engines\settings_engine\router.py,97,Settings Engine,False,True,set_tenant|require_tenant_update|get_current_user|<fastapi.security.http.HTTPBearer object at 0x0000012C233CCA70>|_svc|get_db|get_current_user|<fastapi.security.http.HTTPBearer object at 0x0000012C233CCA70>,get_current_user|get_current_user,add,,_audit|record_platform_audit,
DELETE,/v1/settings/tenants/{tenant_id}/{key},delete_tenant,app.engines.settings_engine.router,app\engines\settings_engine\router.py,105,Settings Engine,False,True,delete_tenant|require_tenant_update|get_current_user|<fastapi.security.http.HTTPBearer object at 0x0000012C233CCA70>|_svc|get_db|get_current_user|<fastapi.security.http.HTTPBearer object at 0x0000012C233CCA70>,get_current_user|get_current_user,add|delete,,_audit|record_platform_audit,
GET,/v1/settings/resolve/{key},resolve,app.engines.settings_engine.router,app\engines\settings_engine\router.py,112,Settings Engine,False,True,resolve|get_current_user|<fastapi.security.http.HTTPBearer object at 0x0000012C233CCA70>|_svc|get_db|get_current_user|<fastapi.security.http.HTTPBearer object at 0x0000012C233CCA70>,get_current_user|get_current_user,,,,
GET,/v1/settings/audit-log,audit_log,app.engines.settings_engine.router,app\engines\settings_engine\router.py,121,Settings Engine,False,True,audit_log|get_current_user|<fastapi.security.http.HTTPBearer object at 0x0000012C233CCA70>|_svc|get_db|get_current_user|<fastapi.security.http.HTTPBearer object at 0x0000012C233CCA70>,get_current_user|get_current_user,,,,
GET,/v1/admin/settings/summary,summary,app.engines.settings_engine.admin_router,app\engines\settings_engine\admin_router.py,40,Platform Settings SOC,False,True,summary|_svc|get_db|require_settings_read|get_current_user|<fastapi.security.http.HTTPBearer object at 0x0000012C233CCA70>|require_super_admin|get_current_user|<fastapi.security.http.HTTPBearer object at 0x0000012C233CCA70>,get_current_user|require_super_admin|get_current_user,,,,
POST,/v1/admin/settings/seed-defaults/preview,seed_defaults_preview,app.engines.settings_engine.admin_router,app\engines\settings_engine\admin_router.py,49,Platform Settings SOC,False,True,seed_defaults_preview|require_settings_seed_defaults|get_current_user|<fastapi.security.http.HTTPBearer object at 0x0000012C233CCA70>|_svc|get_db|require_settings_read|get_current_user|<fastapi.security.http.HTTPBearer object at 0x0000012C233CCA70>,get_current_user|get_current_user,add,,_audit|record_platform_audit,
POST,/v1/admin/settings/seed-defaults,seed_defaults,app.engines.settings_engine.admin_router,app\engines\settings_engine\admin_router.py,60,Platform Settings SOC,False,True,seed_defaults|require_settings_seed_defaults|get_current_user|<fastapi.security.http.HTTPBearer object at 0x0000012C233CCA70>|_svc|get_db|require_settings_read|get_current_user|<fastapi.security.http.HTTPBearer object at 0x0000012C233CCA70>,get_current_user|get_current_user,add,,_audit|record_platform_audit,
GET,/v1/admin/settings,list_settings,app.engines.settings_engine.admin_router,app\engines\settings_engine\admin_router.py,71,Platform Settings SOC,False,True,list_settings|require_settings_read|get_current_user|<fastapi.security.http.HTTPBearer object at 0x0000012C233CCA70>|_svc|get_db|require_settings_read|get_current_user|<fastapi.security.http.HTTPBearer object at 0x0000012C233CCA70>,get_current_user|get_current_user,,,,
GET,/v1/admin/settings/groups,list_groups,app.engines.settings_engine.admin_router,app\engines\settings_engine\admin_router.py,82,Platform Settings SOC,False,True,list_groups|require_settings_read|get_current_user|<fastapi.security.http.HTTPBearer object at 0x0000012C233CCA70>|_svc|get_db|require_settings_read|get_current_user|<fastapi.security.http.HTTPBearer object at 0x0000012C233CCA70>,get_current_user|get_current_user,,,,
POST,/v1/admin/settings,create_setting,app.engines.settings_engine.admin_router,app\engines\settings_engine\admin_router.py,110,Platform Settings SOC,False,True,create_setting|require_settings_create|get_current_user|<fastapi.security.http.HTTPBearer object at 0x0000012C233CCA70>|_svc|get_db|require_settings_read|get_current_user|<fastapi.security.http.HTTPBearer object at 0x0000012C233CCA70>,get_current_user|get_current_user,add,,_audit|record_platform_audit,
PUT,/v1/admin/settings/{setting_key},update_setting,app.engines.settings_engine.admin_router,app\engines\settings_engine\admin_router.py,139,Platform Settings SOC,False,True,update_setting|require_settings_update|get_current_user|<fastapi.security.http.HTTPBearer object at 0x0000012C233CCA70>|_svc|get_db|require_settings_read|get_current_user|<fastapi.security.http.HTTPBearer object at 0x0000012C233CCA70>,get_current_user|get_current_user,add|raw_sql,,_audit|record_platform_audit,
POST,/v1/admin/settings/{setting_key}/enable,enable_setting,app.engines.settings_engine.admin_router,app\engines\settings_engine\admin_router.py,154,Platform Settings SOC,False,True,enable_setting|require_settings_enable|get_current_user|<fastapi.security.http.HTTPBearer object at 0x0000012C233CCA70>|_svc|get_db|require_settings_read|get_current_user|<fastapi.security.http.HTTPBearer object at 0x0000012C233CCA70>,get_current_user|get_current_user,add,,_audit|record_platform_audit,
POST,/v1/admin/settings/{setting_key}/disable,disable_setting,app.engines.settings_engine.admin_router,app\engines\settings_engine\admin_router.py,166,Platform Settings SOC,False,True,disable_setting|require_settings_disable|get_current_user|<fastapi.security.http.HTTPBearer object at 0x0000012C233CCA70>|_svc|get_db|require_settings_read|get_current_user|<fastapi.security.http.HTTPBearer object at 0x0000012C233CCA70>,get_current_user|get_current_user,add,,_audit|record_platform_audit,
POST,/v1/admin/settings/{setting_key}/impact-preview,impact_preview,app.engines.settings_engine.admin_router,app\engines\settings_engine\admin_router.py,182,Platform Settings SOC,False,True,impact_preview|require_settings_impact_preview|get_current_user|<fastapi.security.http.HTTPBearer object at 0x0000012C233CCA70>|_svc|get_db|require_settings_read|get_current_user|<fastapi.security.http.HTTPBearer object at 0x0000012C233CCA70>,get_current_user|get_current_user,,,,
POST,/v1/admin/settings/{setting_key}/rollback,rollback_setting,app.engines.settings_engine.admin_router,app\engines\settings_engine\admin_router.py,194,Platform Settings SOC,False,True,rollback_setting|require_settings_rollback|get_current_user|<fastapi.security.http.HTTPBearer object at 0x0000012C233CCA70>|_svc|get_db|require_settings_read|get_current_user|<fastapi.security.http.HTTPBearer object at 0x0000012C233CCA70>,get_current_user|get_current_user,add,,_audit|record_platform_audit,
GET,/v1/admin/settings/{setting_key}/history,setting_history,app.engines.settings_engine.admin_router,app\engines\settings_engine\admin_router.py,201,Platform Settings SOC,False,True,setting_history|require_settings_history_read|get_current_user|<fastapi.security.http.HTTPBearer object at 0x0000012C233CCA70>|_svc|get_db|require_settings_read|get_current_user|<fastapi.security.http.HTTPBearer object at 0x0000012C233CCA70>,get_current_user|get_current_user,,,,
POST,/v1/admin/settings/resolve-effective-value,resolve_effective_value,app.engines.settings_engine.admin_router,app\engines\settings_engine\admin_router.py,219,Platform Settings SOC,False,True,resolve_effective_value|require_settings_read|get_current_user|<fastapi.security.http.HTTPBearer object at 0x0000012C233CCA70>|_svc|get_db|require_settings_read|get_current_user|<fastapi.security.http.HTTPBearer object at 0x0000012C233CCA70>,get_current_user|get_current_user,,,,
GET,/v1/admin/settings/plans,list_plans,app.engines.settings_engine.admin_router,app\engines\settings_engine\admin_router.py,230,Platform Settings SOC,False,True,list_plans|require_settings_plan_read|get_current_user|<fastapi.security.http.HTTPBearer object at 0x0000012C233CCA70>|get_db,get_current_user,,,,
GET,/v1/admin/settings/plans/{package_id},get_plan,app.engines.settings_engine.admin_router,app\engines\settings_engine\admin_router.py,240,Platform Settings SOC,False,True,get_plan|require_settings_plan_read|get_current_user|<fastapi.security.http.HTTPBearer object at 0x0000012C233CCA70>|get_db,get_current_user,,,,
PUT,/v1/admin/settings/plans/{package_id},update_plan,app.engines.settings_engine.admin_router,app\engines\settings_engine\admin_router.py,264,Platform Settings SOC,False,True,update_plan|require_settings_plan_update|get_current_user|<fastapi.security.http.HTTPBearer object at 0x0000012C233CCA70>|get_db,get_current_user,add|raw_sql,,,
GET,/v1/admin/settings/categories,list_category_settings,app.engines.settings_engine.admin_router,app\engines\settings_engine\admin_router.py,315,Platform Settings SOC,False,True,list_category_settings|require_settings_category_read|get_current_user|<fastapi.security.http.HTTPBearer object at 0x0000012C233CCA70>|get_db,get_current_user,,,,
GET,/v1/admin/settings/categories/{category_id},get_category_settings,app.engines.settings_engine.admin_router,app\engines\settings_engine\admin_router.py,324,Platform Settings SOC,False,True,get_category_settings|require_settings_category_read|get_current_user|<fastapi.security.http.HTTPBearer object at 0x0000012C233CCA70>|get_db,get_current_user,,,,
PUT,/v1/admin/settings/categories/{category_id},update_category_settings,app.engines.settings_engine.admin_router,app\engines\settings_engine\admin_router.py,342,Platform Settings SOC,False,True,update_category_settings|require_settings_category_update|get_current_user|<fastapi.security.http.HTTPBearer object at 0x0000012C233CCA70>|get_db,get_current_user,raw_sql,,,
GET,/v1/admin/settings/tenant-overrides,list_tenant_overrides,app.engines.settings_engine.admin_router,app\engines\settings_engine\admin_router.py,360,Platform Settings SOC,False,True,list_tenant_overrides|require_settings_tenant_overrides_read|get_current_user|<fastapi.security.http.HTTPBearer object at 0x0000012C233CCA70>|_svc|get_db|require_settings_read|get_current_user|<fastapi.security.http.HTTPBearer object at 0x0000012C233CCA70>,get_current_user|get_current_user,,,,
POST,/v1/admin/settings/tenant-overrides,create_tenant_override,app.engines.settings_engine.admin_router,app\engines\settings_engine\admin_router.py,377,Platform Settings SOC,False,True,create_tenant_override|require_settings_tenant_overrides_create|get_current_user|<fastapi.security.http.HTTPBearer object at 0x0000012C233CCA70>|_svc|get_db|require_settings_read|get_current_user|<fastapi.security.http.HTTPBearer object at 0x0000012C233CCA70>,get_current_user|get_current_user,add,,_audit|record_platform_audit,
PUT,/v1/admin/settings/tenant-overrides/{override_id},update_tenant_override,app.engines.settings_engine.admin_router,app\engines\settings_engine\admin_router.py,393,Platform Settings SOC,False,True,update_tenant_override|require_settings_tenant_overrides_create|get_current_user|<fastapi.security.http.HTTPBearer object at 0x0000012C233CCA70>|_svc|get_db|require_settings_read|get_current_user|<fastapi.security.http.HTTPBearer object at 0x0000012C233CCA70>,get_current_user|get_current_user,add|raw_sql,,_audit|record_platform_audit,
POST,/v1/admin/settings/tenant-overrides/{override_id}/revoke,revoke_tenant_override,app.engines.settings_engine.admin_router,app\engines\settings_engine\admin_router.py,409,Platform Settings SOC,False,True,revoke_tenant_override|require_settings_tenant_overrides_revoke|get_current_user|<fastapi.security.http.HTTPBearer object at 0x0000012C233CCA70>|_svc|get_db|require_settings_read|get_current_user|<fastapi.security.http.HTTPBearer object at 0x0000012C233CCA70>,get_current_user|get_current_user,add|delete,,_audit|record_platform_audit,
GET,/v1/admin/settings/feature-flags,list_feature_flags,app.engines.settings_engine.admin_router,app\engines\settings_engine\admin_router.py,423,Platform Settings SOC,False,True,list_feature_flags|require_settings_feature_flags_read|get_current_user|<fastapi.security.http.HTTPBearer object at 0x0000012C233CCA70>|_svc|get_db|require_settings_read|get_current_user|<fastapi.security.http.HTTPBearer object at 0x0000012C233CCA70>,get_current_user|get_current_user,,,,
POST,/v1/admin/settings/feature-flags,create_feature_flag,app.engines.settings_engine.admin_router,app\engines\settings_engine\admin_router.py,442,Platform Settings SOC,False,True,create_feature_flag|require_settings_feature_flags_update|get_current_user|<fastapi.security.http.HTTPBearer object at 0x0000012C233CCA70>|_svc|get_db|require_settings_read|get_current_user|<fastapi.security.http.HTTPBearer object at 0x0000012C233CCA70>,get_current_user|get_current_user,add|flush,,,
PUT,/v1/admin/settings/feature-flags/{flag_id},update_feature_flag,app.engines.settings_engine.admin_router,app\engines\settings_engine\admin_router.py,459,Platform Settings SOC,False,True,update_feature_flag|require_settings_feature_flags_update|get_current_user|<fastapi.security.http.HTTPBearer object at 0x0000012C233CCA70>|_svc|get_db|require_settings_read|get_current_user|<fastapi.security.http.HTTPBearer object at 0x0000012C233CCA70>,get_current_user|get_current_user,raw_sql,,,
POST,/v1/admin/settings/feature-flags/{flag_id}/enable,enable_feature_flag,app.engines.settings_engine.admin_router,app\engines\settings_engine\admin_router.py,466,Platform Settings SOC,False,True,enable_feature_flag|require_settings_feature_flags_update|get_current_user|<fastapi.security.http.HTTPBearer object at 0x0000012C233CCA70>|_svc|get_db|require_settings_read|get_current_user|<fastapi.security.http.HTTPBearer object at 0x0000012C233CCA70>,get_current_user|get_current_user,,,,
POST,/v1/admin/settings/feature-flags/{flag_id}/disable,disable_feature_flag,app.engines.settings_engine.admin_router,app\engines\settings_engine\admin_router.py,473,Platform Settings SOC,False,True,disable_feature_flag|require_settings_feature_flags_update|get_current_user|<fastapi.security.http.HTTPBearer object at 0x0000012C233CCA70>|_svc|get_db|require_settings_read|get_current_user|<fastapi.security.http.HTTPBearer object at 0x0000012C233CCA70>,get_current_user|get_current_user,,,,
GET,/v1/admin/settings/audit-logs,audit_logs,app.engines.settings_engine.admin_router,app\engines\settings_engine\admin_router.py,484,Platform Settings SOC,False,True,audit_logs|require_settings_audit_read|get_current_user|<fastapi.security.http.HTTPBearer object at 0x0000012C233CCA70>|_svc|get_db|require_settings_read|get_current_user|<fastapi.security.http.HTTPBearer object at 0x0000012C233CCA70>,get_current_user|get_current_user,,,,
GET,/v1/admin/settings/{setting_key},get_setting,app.engines.settings_engine.admin_router,app\engines\settings_engine\admin_router.py,498,Platform Settings SOC,False,True,get_setting|require_settings_read|get_current_user|<fastapi.security.http.HTTPBearer object at 0x0000012C233CCA70>|_svc|get_db|require_settings_read|get_current_user|<fastapi.security.http.HTTPBearer object at 0x0000012C233CCA70>,get_current_user|get_current_user,,,,
GET,/v1/notifications/meta,engine_meta,app.engines.notification.router,app\engines\notification\router.py,23,Notification Engine|Engine Registry,False,True,engine_meta,NONE,,,,
POST,/v1/notifications/send,send_notification,app.engines.notification.router,app\engines\notification\router.py,31,Notification Engine,False,True,send_notification|get_current_user|<fastapi.security.http.HTTPBearer object at 0x0000012C233CCA70>|_svc|get_db|get_current_user|<fastapi.security.http.HTTPBearer object at 0x0000012C233CCA70>,get_current_user|get_current_user,add|flush,,,
GET,/v1/notifications/{notification_id},get_status,app.engines.notification.router,app\engines\notification\router.py,48,Notification Engine,False,True,get_status|get_current_user|<fastapi.security.http.HTTPBearer object at 0x0000012C233CCA70>|_svc|get_db|get_current_user|<fastapi.security.http.HTTPBearer object at 0x0000012C233CCA70>,get_current_user|get_current_user,,,,
GET,/v1/notifications/tenants/{tenant_id}/list,list_notifications,app.engines.notification.router,app\engines\notification\router.py,54,Notification Engine,False,True,list_notifications|get_current_user|<fastapi.security.http.HTTPBearer object at 0x0000012C233CCA70>|_svc|get_db|get_current_user|<fastapi.security.http.HTTPBearer object at 0x0000012C233CCA70>,get_current_user|get_current_user,,,,
POST,/v1/notifications/{notification_id}/retry,retry,app.engines.notification.router,app\engines\notification\router.py,63,Notification Engine,False,True,retry|get_current_user|<fastapi.security.http.HTTPBearer object at 0x0000012C233CCA70>|_svc|get_db|get_current_user|<fastapi.security.http.HTTPBearer object at 0x0000012C233CCA70>,get_current_user|get_current_user,,,,
GET,/v1/notifications/templates/list,list_templates,app.engines.notification.router,app\engines\notification\router.py,70,Notification Engine,False,True,list_templates|get_current_user|<fastapi.security.http.HTTPBearer object at 0x0000012C233CCA70>|_svc|get_db|get_current_user|<fastapi.security.http.HTTPBearer object at 0x0000012C233CCA70>,get_current_user|get_current_user,,,,
POST,/v1/notifications/templates,create_template,app.engines.notification.router,app\engines\notification\router.py,77,Notification Engine,False,True,create_template|require_super_admin|get_current_user|<fastapi.security.http.HTTPBearer object at 0x0000012C233CCA70>|_svc|get_db|get_current_user|<fastapi.security.http.HTTPBearer object at 0x0000012C233CCA70>,require_super_admin|get_current_user|get_current_user,add|flush,,,
PUT,/v1/notifications/templates/{template_id},update_template,app.engines.notification.router,app\engines\notification\router.py,85,Notification Engine,False,True,update_template|require_super_admin|get_current_user|<fastapi.security.http.HTTPBearer object at 0x0000012C233CCA70>|_svc|get_db|get_current_user|<fastapi.security.http.HTTPBearer object at 0x0000012C233CCA70>,require_super_admin|get_current_user|get_current_user,,,,
DELETE,/v1/notifications/templates/{template_id},delete_template,app.engines.notification.router,app\engines\notification\router.py,91,Notification Engine,False,True,delete_template|require_super_admin|get_current_user|<fastapi.security.http.HTTPBearer object at 0x0000012C233CCA70>|_svc|get_db|get_current_user|<fastapi.security.http.HTTPBearer object at 0x0000012C233CCA70>,require_super_admin|get_current_user|get_current_user,,,,
GET,/v1/notifications/tenants/{tenant_id}/channels,list_channels,app.engines.notification.router,app\engines\notification\router.py,98,Notification Engine,False,True,list_channels|get_current_user|<fastapi.security.http.HTTPBearer object at 0x0000012C233CCA70>|_svc|get_db|get_current_user|<fastapi.security.http.HTTPBearer object at 0x0000012C233CCA70>,get_current_user|get_current_user,,,,
PUT,/v1/notifications/tenants/{tenant_id}/channels/{channel},set_channel,app.engines.notification.router,app\engines\notification\router.py,104,Notification Engine,False,True,set_channel|require_tenant_update|get_current_user|<fastapi.security.http.HTTPBearer object at 0x0000012C233CCA70>|_svc|get_db|get_current_user|<fastapi.security.http.HTTPBearer object at 0x0000012C233CCA70>,get_current_user|get_current_user,add,,,
POST,/v1/notifications/tenants/{tenant_id}/channels/{channel}/test,test_channel,app.engines.notification.router,app\engines\notification\router.py,112,Notification Engine,False,True,test_channel|require_tenant_update|get_current_user|<fastapi.security.http.HTTPBearer object at 0x0000012C233CCA70>|_svc|get_db|get_current_user|<fastapi.security.http.HTTPBearer object at 0x0000012C233CCA70>,get_current_user|get_current_user,,,,
GET,/v1/media/meta,engine_meta,app.engines.media.router,app\engines\media\router.py,22,Media Vault|Engine Registry,False,True,engine_meta,NONE,,,,
POST,/v1/media/upload/initiate,initiate_upload,app.engines.media.router,app\engines\media\router.py,29,Media Vault,False,True,initiate_upload|get_current_user|<fastapi.security.http.HTTPBearer object at 0x0000012C233CCA70>|_svc|get_db|get_current_user|<fastapi.security.http.HTTPBearer object at 0x0000012C233CCA70>,get_current_user|get_current_user,add|flush,,,
POST,/v1/media/upload/{session_id}/confirm,confirm_upload,app.engines.media.router,app\engines\media\router.py,39,Media Vault,False,True,confirm_upload|get_current_user|<fastapi.security.http.HTTPBearer object at 0x0000012C233CCA70>|_svc|get_db|get_current_user|<fastapi.security.http.HTTPBearer object at 0x0000012C233CCA70>,get_current_user|get_current_user,add|flush,,,
GET,/v1/media/tenants/{tenant_id}/files,list_files,app.engines.media.router,app\engines\media\router.py,46,Media Vault,False,True,list_files|get_current_user|<fastapi.security.http.HTTPBearer object at 0x0000012C233CCA70>|_svc|get_db|get_current_user|<fastapi.security.http.HTTPBearer object at 0x0000012C233CCA70>,get_current_user|get_current_user,,,,
GET,/v1/media/tenants/{tenant_id}/files/{file_id},get_file,app.engines.media.router,app\engines\media\router.py,56,Media Vault,False,True,get_file|get_current_user|<fastapi.security.http.HTTPBearer object at 0x0000012C233CCA70>|_svc|get_db|get_current_user|<fastapi.security.http.HTTPBearer object at 0x0000012C233CCA70>,get_current_user|get_current_user,,,,
DELETE,/v1/media/tenants/{tenant_id}/files/{file_id},delete_file,app.engines.media.router,app\engines\media\router.py,62,Media Vault,False,True,delete_file|require_tenant_update|get_current_user|<fastapi.security.http.HTTPBearer object at 0x0000012C233CCA70>|_svc|get_db|get_current_user|<fastapi.security.http.HTTPBearer object at 0x0000012C233CCA70>,get_current_user|get_current_user,,delete_file,,
GET,/v1/media/tenants/{tenant_id}/quota,storage_quota,app.engines.media.router,app\engines\media\router.py,68,Media Vault,False,True,storage_quota|get_current_user|<fastapi.security.http.HTTPBearer object at 0x0000012C233CCA70>|_svc|get_db|get_current_user|<fastapi.security.http.HTTPBearer object at 0x0000012C233CCA70>,get_current_user|get_current_user,,,,
GET,/v1/analytics/meta,engine_meta,app.engines.analytics.router,app\engines\analytics\router.py,24,Analytics Engine|Engine Registry,False,True,engine_meta,NONE,,,,
POST,/v1/analytics/events/ingest,ingest_event,app.engines.analytics.router,app\engines\analytics\router.py,31,Analytics Engine,False,True,ingest_event|get_current_user|<fastapi.security.http.HTTPBearer object at 0x0000012C233CCA70>|_svc|get_db|get_current_user|<fastapi.security.http.HTTPBearer object at 0x0000012C233CCA70>,get_current_user|get_current_user,add|flush,,,
GET,/v1/analytics/events/stream,event_stream,app.engines.analytics.router,app\engines\analytics\router.py,43,Analytics Engine,False,True,event_stream|get_current_user|<fastapi.security.http.HTTPBearer object at 0x0000012C233CCA70>|_svc|get_db|get_current_user|<fastapi.security.http.HTTPBearer object at 0x0000012C233CCA70>,get_current_user|get_current_user,,,,
GET,/v1/analytics/platform/summary,platform_summary,app.engines.analytics.router,app\engines\analytics\router.py,53,Analytics Engine,False,True,platform_summary|require_super_admin|get_current_user|<fastapi.security.http.HTTPBearer object at 0x0000012C233CCA70>|_svc|get_db|get_current_user|<fastapi.security.http.HTTPBearer object at 0x0000012C233CCA70>,require_super_admin|get_current_user|get_current_user,,,,
GET,/v1/analytics/tenants/{tenant_id}/metrics,tenant_metrics,app.engines.analytics.router,app\engines\analytics\router.py,59,Analytics Engine,False,True,tenant_metrics|get_current_user|<fastapi.security.http.HTTPBearer object at 0x0000012C233CCA70>|_svc|get_db|get_current_user|<fastapi.security.http.HTTPBearer object at 0x0000012C233CCA70>,get_current_user|get_current_user,,,,
GET,/v1/analytics/metrics/daily,daily_metrics,app.engines.analytics.router,app\engines\analytics\router.py,66,Analytics Engine,False,True,daily_metrics|get_current_user|<fastapi.security.http.HTTPBearer object at 0x0000012C233CCA70>|_svc|get_db|get_current_user|<fastapi.security.http.HTTPBearer object at 0x0000012C233CCA70>,get_current_user|get_current_user,,,,
POST,/v1/analytics/metrics/daily/upsert,upsert_daily,app.engines.analytics.router,app\engines\analytics\router.py,75,Analytics Engine,False,True,upsert_daily|require_super_admin|get_current_user|<fastapi.security.http.HTTPBearer object at 0x0000012C233CCA70>|_svc|get_db|get_current_user|<fastapi.security.http.HTTPBearer object at 0x0000012C233CCA70>,require_super_admin|get_current_user|get_current_user,add|raw_sql,,,
GET,/v1/ai/chat/meta,engine_meta,app.engines.ai_chat.router,app\engines\ai_chat\router.py,52,AI Chat Engine|Engine Registry,False,True,engine_meta,NONE,,,,
POST,/v1/ai/chat,ai_chat,app.engines.ai_chat.router,app\engines\ai_chat\router.py,74,AI Chat Engine,False,True,ai_chat|_svc|get_db|get_current_user|<fastapi.security.http.HTTPBearer object at 0x0000012C233CCA70>,get_current_user,,,,
POST,/v1/media/upload,upload_media,app.engines.media.new_router,app\engines\media\new_router.py,59,Media,False,True,upload_media|get_current_user|<fastapi.security.http.HTTPBearer object at 0x0000012C233CCA70>|_svc|get_db|get_current_user|<fastapi.security.http.HTTPBearer object at 0x0000012C233CCA70>,get_current_user|get_current_user,add|flush,upload,record_platform_audit,actor.tenant_id
GET,/v1/media,list_media,app.engines.media.new_router,app\engines\media\new_router.py,93,Media,False,True,list_media|get_current_user|<fastapi.security.http.HTTPBearer object at 0x0000012C233CCA70>|_svc|get_db|get_current_user|<fastapi.security.http.HTTPBearer object at 0x0000012C233CCA70>,get_current_user|get_current_user,,,,actor.tenant_id
GET,/v1/media/{media_id},get_media,app.engines.media.new_router,app\engines\media\new_router.py,118,Media,False,True,get_media|get_current_user|<fastapi.security.http.HTTPBearer object at 0x0000012C233CCA70>|_svc|get_db|get_current_user|<fastapi.security.http.HTTPBearer object at 0x0000012C233CCA70>,get_current_user|get_current_user,,,record_platform_audit,actor.tenant_id
GET,/v1/media/{media_id}/view,view_media,app.engines.media.new_router,app\engines\media\new_router.py,133,Media,False,True,view_media|get_current_user|<fastapi.security.http.HTTPBearer object at 0x0000012C233CCA70>|_svc|get_db|get_current_user|<fastapi.security.http.HTTPBearer object at 0x0000012C233CCA70>,get_current_user|get_current_user,,,record_platform_audit,actor.tenant_id
GET,/v1/media/{media_id}/download,download_media,app.engines.media.new_router,app\engines\media\new_router.py,165,Media,False,True,download_media|get_current_user|<fastapi.security.http.HTTPBearer object at 0x0000012C233CCA70>|_svc|get_db|get_current_user|<fastapi.security.http.HTTPBearer object at 0x0000012C233CCA70>,get_current_user|get_current_user,,,record_platform_audit,actor.tenant_id
POST,/v1/media/{media_id}/replace,replace_media,app.engines.media.new_router,app\engines\media\new_router.py,203,Media,False,True,replace_media|get_current_user|<fastapi.security.http.HTTPBearer object at 0x0000012C233CCA70>|_svc|get_db|get_current_user|<fastapi.security.http.HTTPBearer object at 0x0000012C233CCA70>,get_current_user|get_current_user,add|flush,,record_platform_audit,actor.tenant_id
DELETE,/v1/media/{media_id},delete_media,app.engines.media.new_router,app\engines\media\new_router.py,221,Media,False,True,delete_media|get_current_user|<fastapi.security.http.HTTPBearer object at 0x0000012C233CCA70>|_svc|get_db|get_current_user|<fastapi.security.http.HTTPBearer object at 0x0000012C233CCA70>,get_current_user|get_current_user,raw_sql,delete_file,record_platform_audit,
POST,/v1/me/profile-photo,upload_my_profile_photo,app.engines.media.new_router,app\engines\media\new_router.py,241,Profile Media,False,True,upload_my_profile_photo|get_current_user|<fastapi.security.http.HTTPBearer object at 0x0000012C233CCA70>|_svc|get_db|get_current_user|<fastapi.security.http.HTTPBearer object at 0x0000012C233CCA70>,get_current_user|get_current_user,add|flush|raw_sql,upload,record_platform_audit,actor.tenant_id
DELETE,/v1/me/profile-photo,remove_my_profile_photo,app.engines.media.new_router,app\engines\media\new_router.py,257,Profile Media,False,True,remove_my_profile_photo|get_current_user|<fastapi.security.http.HTTPBearer object at 0x0000012C233CCA70>|_svc|get_db|get_current_user|<fastapi.security.http.HTTPBearer object at 0x0000012C233CCA70>,get_current_user|get_current_user,,delete_file,record_platform_audit,
POST,/v1/customer/profile/photo,upload_customer_profile_photo,app.engines.media.new_router,app\engines\media\new_router.py,271,Profile Media,False,True,upload_customer_profile_photo|require_customer|get_current_user|<fastapi.security.http.HTTPBearer object at 0x0000012C233CCA70>|_svc|get_db|get_current_user|<fastapi.security.http.HTTPBearer object at 0x0000012C233CCA70>,require_customer|get_current_user|get_current_user,add|flush|raw_sql,upload,record_platform_audit,actor.tenant_id
DELETE,/v1/customer/profile/photo,remove_customer_profile_photo,app.engines.media.new_router,app\engines\media\new_router.py,287,Profile Media,False,True,remove_customer_profile_photo|require_customer|get_current_user|<fastapi.security.http.HTTPBearer object at 0x0000012C233CCA70>|_svc|get_db|get_current_user|<fastapi.security.http.HTTPBearer object at 0x0000012C233CCA70>,require_customer|get_current_user|get_current_user,,delete_file,record_platform_audit,
POST,/v1/provider/profile/logo,upload_provider_logo,app.engines.media.new_router,app\engines\media\new_router.py,301,Profile Media,False,True,upload_provider_logo|require_technician|get_current_user|<fastapi.security.http.HTTPBearer object at 0x0000012C233CCA70>|_svc|get_db|get_current_user|<fastapi.security.http.HTTPBearer object at 0x0000012C233CCA70>,require_technician|get_current_user|get_current_user,add|flush|raw_sql,upload,record_platform_audit,actor.tenant_id
DELETE,/v1/provider/profile/logo,remove_provider_logo,app.engines.media.new_router,app\engines\media\new_router.py,317,Profile Media,False,True,remove_provider_logo|require_technician|get_current_user|<fastapi.security.http.HTTPBearer object at 0x0000012C233CCA70>|_svc|get_db|get_current_user|<fastapi.security.http.HTTPBearer object at 0x0000012C233CCA70>,require_technician|get_current_user|get_current_user,,delete_file,record_platform_audit,actor.tenant_id
POST,/v1/provider/profile/shop-photo,upload_provider_shop_photo,app.engines.media.new_router,app\engines\media\new_router.py,332,Profile Media,False,True,upload_provider_shop_photo|require_technician|get_current_user|<fastapi.security.http.HTTPBearer object at 0x0000012C233CCA70>|_svc|get_db|get_current_user|<fastapi.security.http.HTTPBearer object at 0x0000012C233CCA70>,require_technician|get_current_user|get_current_user,add|flush,upload,record_platform_audit,actor.tenant_id
DELETE,/v1/provider/profile/shop-photo,remove_provider_shop_photo,app.engines.media.new_router,app\engines\media\new_router.py,348,Profile Media,False,True,remove_provider_shop_photo|require_technician|get_current_user|<fastapi.security.http.HTTPBearer object at 0x0000012C233CCA70>|_svc|get_db|get_current_user|<fastapi.security.http.HTTPBearer object at 0x0000012C233CCA70>,require_technician|get_current_user|get_current_user,,delete_file,record_platform_audit,actor.tenant_id
POST,/v1/staff/profile/photo,upload_staff_profile_photo,app.engines.media.new_router,app\engines\media\new_router.py,363,Profile Media,False,True,upload_staff_profile_photo|require_technician|get_current_user|<fastapi.security.http.HTTPBearer object at 0x0000012C233CCA70>|_svc|get_db|get_current_user|<fastapi.security.http.HTTPBearer object at 0x0000012C233CCA70>,require_technician|get_current_user|get_current_user,add|flush|raw_sql,upload,record_platform_audit,actor.tenant_id
DELETE,/v1/staff/profile/photo,remove_staff_profile_photo,app.engines.media.new_router,app\engines\media\new_router.py,379,Profile Media,False,True,remove_staff_profile_photo|require_technician|get_current_user|<fastapi.security.http.HTTPBearer object at 0x0000012C233CCA70>|_svc|get_db|get_current_user|<fastapi.security.http.HTTPBearer object at 0x0000012C233CCA70>,require_technician|get_current_user|get_current_user,,delete_file,record_platform_audit,
GET,/v1/admin/media/summary,get_media_summary,app.engines.media.admin_router,app\engines\media\admin_router.py,39,Admin — Media Library,False,True,get_media_summary|_svc|get_db|require_super_admin|get_current_user|<fastapi.security.http.HTTPBearer object at 0x0000012C233CCA70>|require_super_admin|get_current_user|<fastapi.security.http.HTTPBearer object at 0x0000012C233CCA70>,require_super_admin|get_current_user|require_super_admin|get_current_user,,,,
GET,/v1/admin/media/storage-summary,get_storage_summary,app.engines.media.admin_router,app\engines\media\admin_router.py,44,Admin — Media Library,False,True,get_storage_summary|_svc|get_db|require_super_admin|get_current_user|<fastapi.security.http.HTTPBearer object at 0x0000012C233CCA70>|require_super_admin|get_current_user|<fastapi.security.http.HTTPBearer object at 0x0000012C233CCA70>,require_super_admin|get_current_user|require_super_admin|get_current_user,,,,
GET,/v1/admin/media/filter-options,get_filter_options,app.engines.media.admin_router,app\engines\media\admin_router.py,49,Admin — Media Library,False,True,get_filter_options|_svc|get_db|require_super_admin|get_current_user|<fastapi.security.http.HTTPBearer object at 0x0000012C233CCA70>|require_super_admin|get_current_user|<fastapi.security.http.HTTPBearer object at 0x0000012C233CCA70>,require_super_admin|get_current_user|require_super_admin|get_current_user,,,,
GET,/v1/admin/media,list_media,app.engines.media.admin_router,app\engines\media\admin_router.py,56,Admin — Media Library,False,True,list_media|_svc|get_db|require_super_admin|get_current_user|<fastapi.security.http.HTTPBearer object at 0x0000012C233CCA70>|require_super_admin|get_current_user|<fastapi.security.http.HTTPBearer object at 0x0000012C233CCA70>,require_super_admin|get_current_user|require_super_admin|get_current_user,,,,
GET,/v1/admin/media/{media_id},get_media_detail,app.engines.media.admin_router,app\engines\media\admin_router.py,86,Admin — Media Library,False,True,get_media_detail|_svc|get_db|require_super_admin|get_current_user|<fastapi.security.http.HTTPBearer object at 0x0000012C233CCA70>|require_super_admin|get_current_user|<fastapi.security.http.HTTPBearer object at 0x0000012C233CCA70>,require_super_admin|get_current_user|require_super_admin|get_current_user,raw_sql,,,
GET,/v1/admin/media/{media_id}/linked-records,get_linked_records,app.engines.media.admin_router,app\engines\media\admin_router.py,96,Admin — Media Library,False,True,get_linked_records|_svc|get_db|require_super_admin|get_current_user|<fastapi.security.http.HTTPBearer object at 0x0000012C233CCA70>|require_super_admin|get_current_user|<fastapi.security.http.HTTPBearer object at 0x0000012C233CCA70>,require_super_admin|get_current_user|require_super_admin|get_current_user,,,,
GET,/v1/admin/media/{media_id}/audit-logs,get_audit_logs,app.engines.media.admin_router,app\engines\media\admin_router.py,106,Admin — Media Library,False,True,get_audit_logs|_svc|get_db|require_super_admin|get_current_user|<fastapi.security.http.HTTPBearer object at 0x0000012C233CCA70>|require_super_admin|get_current_user|<fastapi.security.http.HTTPBearer object at 0x0000012C233CCA70>,require_super_admin|get_current_user|require_super_admin|get_current_user,,,,
POST,/v1/admin/media/{media_id}/signed-preview-url,create_signed_preview_url,app.engines.media.admin_router,app\engines\media\admin_router.py,119,Admin — Media Library,False,True,create_signed_preview_url|_svc|get_db|require_super_admin|get_current_user|<fastapi.security.http.HTTPBearer object at 0x0000012C233CCA70>|require_super_admin|get_current_user|<fastapi.security.http.HTTPBearer object at 0x0000012C233CCA70>,require_super_admin|get_current_user|require_super_admin|get_current_user,raw_sql,,,
POST,/v1/admin/media/{media_id}/signed-download-url,create_signed_download_url,app.engines.media.admin_router,app\engines\media\admin_router.py,129,Admin — Media Library,False,True,create_signed_download_url|_svc|get_db|require_super_admin|get_current_user|<fastapi.security.http.HTTPBearer object at 0x0000012C233CCA70>|require_super_admin|get_current_user|<fastapi.security.http.HTTPBearer object at 0x0000012C233CCA70>,require_super_admin|get_current_user|require_super_admin|get_current_user,raw_sql,,,
POST,/v1/admin/media/{media_id}/archive,archive_media,app.engines.media.admin_router,app\engines\media\admin_router.py,141,Admin — Media Library,False,True,archive_media|_svc|get_db|require_super_admin|get_current_user|<fastapi.security.http.HTTPBearer object at 0x0000012C233CCA70>|require_super_admin|get_current_user|<fastapi.security.http.HTTPBearer object at 0x0000012C233CCA70>,require_super_admin|get_current_user|require_super_admin|get_current_user,raw_sql,,,
POST,/v1/admin/media/{media_id}/restore,restore_media,app.engines.media.admin_router,app\engines\media\admin_router.py,152,Admin — Media Library,False,True,restore_media|_svc|get_db|require_super_admin|get_current_user|<fastapi.security.http.HTTPBearer object at 0x0000012C233CCA70>|require_super_admin|get_current_user|<fastapi.security.http.HTTPBearer object at 0x0000012C233CCA70>,require_super_admin|get_current_user|require_super_admin|get_current_user,raw_sql,,,
DELETE,/v1/admin/media/{media_id},delete_media,app.engines.media.admin_router,app\engines\media\admin_router.py,162,Admin — Media Library,False,True,delete_media|_svc|get_db|require_super_admin|get_current_user|<fastapi.security.http.HTTPBearer object at 0x0000012C233CCA70>|require_super_admin|get_current_user|<fastapi.security.http.HTTPBearer object at 0x0000012C233CCA70>,require_super_admin|get_current_user|require_super_admin|get_current_user,raw_sql,delete_file,record_platform_audit,
POST,/v1/admin/media/{media_id}/change-visibility,change_visibility,app.engines.media.admin_router,app\engines\media\admin_router.py,173,Admin — Media Library,False,True,change_visibility|_svc|get_db|require_super_admin|get_current_user|<fastapi.security.http.HTTPBearer object at 0x0000012C233CCA70>|require_super_admin|get_current_user|<fastapi.security.http.HTTPBearer object at 0x0000012C233CCA70>,require_super_admin|get_current_user|require_super_admin|get_current_user,raw_sql,,,
POST,/v1/admin/media/{media_id}/flag,flag_media,app.engines.media.admin_router,app\engines\media\admin_router.py,187,Admin — Media Library,False,True,flag_media|_svc|get_db|require_super_admin|get_current_user|<fastapi.security.http.HTTPBearer object at 0x0000012C233CCA70>|require_super_admin|get_current_user|<fastapi.security.http.HTTPBearer object at 0x0000012C233CCA70>,require_super_admin|get_current_user|require_super_admin|get_current_user,raw_sql,,,
POST,/v1/admin/media/{media_id}/mark-clean,mark_clean,app.engines.media.admin_router,app\engines\media\admin_router.py,199,Admin — Media Library,False,True,mark_clean|_svc|get_db|require_super_admin|get_current_user|<fastapi.security.http.HTTPBearer object at 0x0000012C233CCA70>|require_super_admin|get_current_user|<fastapi.security.http.HTTPBearer object at 0x0000012C233CCA70>,require_super_admin|get_current_user|require_super_admin|get_current_user,raw_sql,,,
POST,/v1/admin/media/{media_id}/quarantine,quarantine_media,app.engines.media.admin_router,app\engines\media\admin_router.py,209,Admin — Media Library,False,True,quarantine_media|_svc|get_db|require_super_admin|get_current_user|<fastapi.security.http.HTTPBearer object at 0x0000012C233CCA70>|require_super_admin|get_current_user|<fastapi.security.http.HTTPBearer object at 0x0000012C233CCA70>,require_super_admin|get_current_user|require_super_admin|get_current_user,raw_sql,,,
POST,/v1/admin/media/bulk/archive,bulk_archive,app.engines.media.admin_router,app\engines\media\admin_router.py,223,Admin — Media Library,False,True,bulk_archive|_svc|get_db|require_super_admin|get_current_user|<fastapi.security.http.HTTPBearer object at 0x0000012C233CCA70>|require_super_admin|get_current_user|<fastapi.security.http.HTTPBearer object at 0x0000012C233CCA70>,require_super_admin|get_current_user|require_super_admin|get_current_user,raw_sql,,,
POST,/v1/admin/media/bulk/delete,bulk_delete,app.engines.media.admin_router,app\engines\media\admin_router.py,234,Admin — Media Library,False,True,bulk_delete|_svc|get_db|require_super_admin|get_current_user|<fastapi.security.http.HTTPBearer object at 0x0000012C233CCA70>|require_super_admin|get_current_user|<fastapi.security.http.HTTPBearer object at 0x0000012C233CCA70>,require_super_admin|get_current_user|require_super_admin|get_current_user,,delete_file,record_platform_audit,
POST,/v1/admin/media/bulk/change-visibility,bulk_change_visibility,app.engines.media.admin_router,app\engines\media\admin_router.py,246,Admin — Media Library,False,True,bulk_change_visibility|_svc|get_db|require_super_admin|get_current_user|<fastapi.security.http.HTTPBearer object at 0x0000012C233CCA70>|require_super_admin|get_current_user|<fastapi.security.http.HTTPBearer object at 0x0000012C233CCA70>,require_super_admin|get_current_user|require_super_admin|get_current_user,raw_sql,,,
GET,/v1/admin/media/export/csv,export_csv,app.engines.media.admin_router,app\engines\media\admin_router.py,268,Admin — Media Library,False,True,export_csv|_svc|get_db|require_super_admin|get_current_user|<fastapi.security.http.HTTPBearer object at 0x0000012C233CCA70>|require_super_admin|get_current_user|<fastapi.security.http.HTTPBearer object at 0x0000012C233CCA70>,require_super_admin|get_current_user|require_super_admin|get_current_user,,,,
GET,/v1/media/signed/{token},resolve_signed_media,app.engines.media.admin_router,app\engines\media\admin_router.py,287,Media — Signed Access,False,True,resolve_signed_media|get_db|get_current_user|<fastapi.security.http.HTTPBearer object at 0x0000012C233CCA70>,get_current_user,raw_sql,,,
GET,/v1/me/profile,get_my_profile,app.engines.profile.router,app\engines\profile\router.py,57,My Profile,False,True,get_my_profile|get_current_user|<fastapi.security.http.HTTPBearer object at 0x0000012C233CCA70>|_svc|get_db|get_current_user|<fastapi.security.http.HTTPBearer object at 0x0000012C233CCA70>,get_current_user|get_current_user,,,,user.tenant_id
PUT,/v1/me/profile,update_my_profile,app.engines.profile.router,app\engines\profile\router.py,75,My Profile,False,True,update_my_profile|get_current_user|<fastapi.security.http.HTTPBearer object at 0x0000012C233CCA70>|_svc|get_db|get_current_user|<fastapi.security.http.HTTPBearer object at 0x0000012C233CCA70>,get_current_user|get_current_user,raw_sql,,record_platform_audit,actor.tenant_id|user.tenant_id
GET,/v1/provider/business-profile,get_business_profile,app.engines.profile.router,app\engines\profile\router.py,99,My Profile|Provider Business Profile,False,True,get_business_profile|require_technician|get_current_user|<fastapi.security.http.HTTPBearer object at 0x0000012C233CCA70>|_svc_technician|get_db|require_technician|get_current_user|<fastapi.security.http.HTTPBearer object at 0x0000012C233CCA70>,require_technician|get_current_user|require_technician|get_current_user,,,,actor.tenant_id
PUT,/v1/provider/business-profile,update_business_profile,app.engines.profile.router,app\engines\profile\router.py,114,My Profile|Provider Business Profile,False,True,update_business_profile|require_technician|get_current_user|<fastapi.security.http.HTTPBearer object at 0x0000012C233CCA70>|_svc_technician|get_db|require_technician|get_current_user|<fastapi.security.http.HTTPBearer object at 0x0000012C233CCA70>,require_technician|get_current_user|require_technician|get_current_user,raw_sql,,record_platform_audit,actor.tenant_id
POST,/v1/provider/business-profile/submit-review,submit_business_profile_for_review,app.engines.profile.router,app\engines\profile\router.py,136,My Profile|Provider Business Profile,False,True,submit_business_profile_for_review|require_technician|get_current_user|<fastapi.security.http.HTTPBearer object at 0x0000012C233CCA70>|_svc_technician|get_db|require_technician|get_current_user|<fastapi.security.http.HTTPBearer object at 0x0000012C233CCA70>,require_technician|get_current_user|require_technician|get_current_user,,,record_platform_audit,actor.tenant_id
GET,/v1/staff/profile,get_staff_profile,app.engines.profile.router,app\engines\profile\router.py,159,My Profile|Staff Profile,False,True,get_staff_profile|require_technician|get_current_user|<fastapi.security.http.HTTPBearer object at 0x0000012C233CCA70>|_svc_technician|get_db|require_technician|get_current_user|<fastapi.security.http.HTTPBearer object at 0x0000012C233CCA70>,require_technician|get_current_user|require_technician|get_current_user,,,,user.tenant_id
PUT,/v1/staff/profile,update_staff_profile,app.engines.profile.router,app\engines\profile\router.py,174,My Profile|Staff Profile,False,True,update_staff_profile|require_technician|get_current_user|<fastapi.security.http.HTTPBearer object at 0x0000012C233CCA70>|_svc_technician|get_db|require_technician|get_current_user|<fastapi.security.http.HTTPBearer object at 0x0000012C233CCA70>,require_technician|get_current_user|require_technician|get_current_user,raw_sql,,record_platform_audit,actor.tenant_id|user.tenant_id
GET,/v1/customer/profile,get_customer_profile,app.engines.profile.router,app\engines\profile\router.py,193,My Profile|Customer Profile,False,True,get_customer_profile|require_customer|get_current_user|<fastapi.security.http.HTTPBearer object at 0x0000012C233CCA70>|_svc_customer|get_db|require_customer|get_current_user|<fastapi.security.http.HTTPBearer object at 0x0000012C233CCA70>,require_customer|get_current_user|require_customer|get_current_user,,,,user.tenant_id
PUT,/v1/customer/profile,update_customer_profile,app.engines.profile.router,app\engines\profile\router.py,208,My Profile|Customer Profile,False,True,update_customer_profile|require_customer|get_current_user|<fastapi.security.http.HTTPBearer object at 0x0000012C233CCA70>|_svc_customer|get_db|require_customer|get_current_user|<fastapi.security.http.HTTPBearer object at 0x0000012C233CCA70>,require_customer|get_current_user|require_customer|get_current_user,raw_sql,,record_platform_audit,actor.tenant_id|user.tenant_id
GET,/v1/pricing/meta,engine_meta,app.engines.pricing.router,app\engines\pricing\router.py,38,Pricing Engine|Engine Registry,False,True,engine_meta,NONE,,,,
GET,/v1/pricing/city-tiers,list_city_tiers,app.engines.pricing.router,app\engines\pricing\router.py,49,Pricing Engine,False,True,list_city_tiers|get_current_user|<fastapi.security.http.HTTPBearer object at 0x0000012C233CCA70>|_svc|get_db|get_current_user|<fastapi.security.http.HTTPBearer object at 0x0000012C233CCA70>,get_current_user|get_current_user,,,,
GET,/v1/pricing/city-tiers/{config_id},get_city_tier,app.engines.pricing.router,app\engines\pricing\router.py,60,Pricing Engine,False,True,get_city_tier|get_current_user|<fastapi.security.http.HTTPBearer object at 0x0000012C233CCA70>|_svc|get_db|get_current_user|<fastapi.security.http.HTTPBearer object at 0x0000012C233CCA70>,get_current_user|get_current_user,,,,
POST,/v1/pricing/city-tiers,create_city_tier,app.engines.pricing.router,app\engines\pricing\router.py,67,Pricing Engine,False,True,create_city_tier|require_super_admin|get_current_user|<fastapi.security.http.HTTPBearer object at 0x0000012C233CCA70>|_svc|get_db|get_current_user|<fastapi.security.http.HTTPBearer object at 0x0000012C233CCA70>,require_super_admin|get_current_user|get_current_user,add|flush,,,
PUT,/v1/pricing/city-tiers/{config_id},update_city_tier,app.engines.pricing.router,app\engines\pricing\router.py,75,Pricing Engine,False,True,update_city_tier|require_super_admin|get_current_user|<fastapi.security.http.HTTPBearer object at 0x0000012C233CCA70>|_svc|get_db|get_current_user|<fastapi.security.http.HTTPBearer object at 0x0000012C233CCA70>,require_super_admin|get_current_user|get_current_user,raw_sql,,,
DELETE,/v1/pricing/city-tiers/{config_id},delete_city_tier,app.engines.pricing.router,app\engines\pricing\router.py,83,Pricing Engine,False,True,delete_city_tier|require_super_admin|get_current_user|<fastapi.security.http.HTTPBearer object at 0x0000012C233CCA70>|_svc|get_db|get_current_user|<fastapi.security.http.HTTPBearer object at 0x0000012C233CCA70>,require_super_admin|get_current_user|get_current_user,,,,
GET,/v1/pricing/tenants/{tenant_id}/prices,list_tenant_prices,app.engines.pricing.router,app\engines\pricing\router.py,92,Pricing Engine,False,True,list_tenant_prices|get_current_user|<fastapi.security.http.HTTPBearer object at 0x0000012C233CCA70>|_svc|get_db|get_current_user|<fastapi.security.http.HTTPBearer object at 0x0000012C233CCA70>,get_current_user|get_current_user,,,,
GET,/v1/pricing/tenants/{tenant_id}/prices/{service_type_id},get_tenant_price,app.engines.pricing.router,app\engines\pricing\router.py,104,Pricing Engine,False,True,get_tenant_price|get_current_user|<fastapi.security.http.HTTPBearer object at 0x0000012C233CCA70>|_svc|get_db|get_current_user|<fastapi.security.http.HTTPBearer object at 0x0000012C233CCA70>,get_current_user|get_current_user,,,,
POST,/v1/pricing/tenants/{tenant_id}/prices/set,set_tenant_price,app.engines.pricing.router,app\engines\pricing\router.py,112,Pricing Engine,False,True,set_tenant_price|require_tenant_update|get_current_user|<fastapi.security.http.HTTPBearer object at 0x0000012C233CCA70>|_svc|get_db|get_current_user|<fastapi.security.http.HTTPBearer object at 0x0000012C233CCA70>,get_current_user|get_current_user,add|flush,,,
GET,/v1/pricing/tenants/{tenant_id}/prices/{service_type_id}/history,get_price_history,app.engines.pricing.router,app\engines\pricing\router.py,121,Pricing Engine,False,True,get_price_history|get_current_user|<fastapi.security.http.HTTPBearer object at 0x0000012C233CCA70>|_svc|get_db|get_current_user|<fastapi.security.http.HTTPBearer object at 0x0000012C233CCA70>,get_current_user|get_current_user,,,,
GET,/v1/pricing/tenants/{tenant_id}/brand-adjustment,get_brand_adj,app.engines.pricing.router,app\engines\pricing\router.py,133,Pricing Engine,False,True,get_brand_adj|get_current_user|<fastapi.security.http.HTTPBearer object at 0x0000012C233CCA70>|_svc|get_db|get_current_user|<fastapi.security.http.HTTPBearer object at 0x0000012C233CCA70>,get_current_user|get_current_user,,,,
PUT,/v1/pricing/tenants/{tenant_id}/brand-adjustment,set_brand_adj,app.engines.pricing.router,app\engines\pricing\router.py,142,Pricing Engine,False,True,set_brand_adj|require_tenant_update|get_current_user|<fastapi.security.http.HTTPBearer object at 0x0000012C233CCA70>|_svc|get_db|get_current_user|<fastapi.security.http.HTTPBearer object at 0x0000012C233CCA70>,get_current_user|get_current_user,add|flush,,,
GET,/v1/pricing/tenants/{tenant_id}/zones,list_zones,app.engines.pricing.router,app\engines\pricing\router.py,152,Pricing Engine,False,True,list_zones|get_current_user|<fastapi.security.http.HTTPBearer object at 0x0000012C233CCA70>|_svc|get_db|get_current_user|<fastapi.security.http.HTTPBearer object at 0x0000012C233CCA70>,get_current_user|get_current_user,,,,
POST,/v1/pricing/tenants/{tenant_id}/zones,create_zone,app.engines.pricing.router,app\engines\pricing\router.py,160,Pricing Engine,False,True,create_zone|require_tenant_update|get_current_user|<fastapi.security.http.HTTPBearer object at 0x0000012C233CCA70>|_svc|get_db|get_current_user|<fastapi.security.http.HTTPBearer object at 0x0000012C233CCA70>,get_current_user|get_current_user,add|flush,,,
GET,/v1/pricing/tenants/{tenant_id}/zones/{zone_id},get_zone,app.engines.pricing.router,app\engines\pricing\router.py,168,Pricing Engine,False,True,get_zone|get_current_user|<fastapi.security.http.HTTPBearer object at 0x0000012C233CCA70>|_svc|get_db|get_current_user|<fastapi.security.http.HTTPBearer object at 0x0000012C233CCA70>,get_current_user|get_current_user,,,,
PUT,/v1/pricing/tenants/{tenant_id}/zones/{zone_id},update_zone,app.engines.pricing.router,app\engines\pricing\router.py,176,Pricing Engine,False,True,update_zone|require_tenant_update|get_current_user|<fastapi.security.http.HTTPBearer object at 0x0000012C233CCA70>|_svc|get_db|get_current_user|<fastapi.security.http.HTTPBearer object at 0x0000012C233CCA70>,get_current_user|get_current_user,raw_sql,,,
DELETE,/v1/pricing/tenants/{tenant_id}/zones/{zone_id},delete_zone,app.engines.pricing.router,app\engines\pricing\router.py,185,Pricing Engine,False,True,delete_zone|require_tenant_update|get_current_user|<fastapi.security.http.HTTPBearer object at 0x0000012C233CCA70>|_svc|get_db|get_current_user|<fastapi.security.http.HTTPBearer object at 0x0000012C233CCA70>,get_current_user|get_current_user,delete,,,
GET,/v1/pricing/tenants/{tenant_id}/rules,list_rules,app.engines.pricing.router,app\engines\pricing\router.py,194,Pricing Engine,False,True,list_rules|get_current_user|<fastapi.security.http.HTTPBearer object at 0x0000012C233CCA70>|_svc|get_db|get_current_user|<fastapi.security.http.HTTPBearer object at 0x0000012C233CCA70>,get_current_user|get_current_user,,,,
POST,/v1/pricing/tenants/{tenant_id}/rules,create_rule,app.engines.pricing.router,app\engines\pricing\router.py,203,Pricing Engine,False,True,create_rule|require_tenant_update|get_current_user|<fastapi.security.http.HTTPBearer object at 0x0000012C233CCA70>|_svc|get_db|get_current_user|<fastapi.security.http.HTTPBearer object at 0x0000012C233CCA70>,get_current_user|get_current_user,add|flush,,,
GET,/v1/pricing/tenants/{tenant_id}/rules/{rule_id},get_rule,app.engines.pricing.router,app\engines\pricing\router.py,213,Pricing Engine,False,True,get_rule|get_current_user|<fastapi.security.http.HTTPBearer object at 0x0000012C233CCA70>|_svc|get_db|get_current_user|<fastapi.security.http.HTTPBearer object at 0x0000012C233CCA70>,get_current_user|get_current_user,,,,
PUT,/v1/pricing/tenants/{tenant_id}/rules/{rule_id},update_rule,app.engines.pricing.router,app\engines\pricing\router.py,221,Pricing Engine,False,True,update_rule|require_tenant_update|get_current_user|<fastapi.security.http.HTTPBearer object at 0x0000012C233CCA70>|_svc|get_db|get_current_user|<fastapi.security.http.HTTPBearer object at 0x0000012C233CCA70>,get_current_user|get_current_user,raw_sql,,,
POST,/v1/pricing/tenants/{tenant_id}/rules/{rule_id}/activate,activate_rule,app.engines.pricing.router,app\engines\pricing\router.py,230,Pricing Engine,False,True,activate_rule|require_tenant_update|get_current_user|<fastapi.security.http.HTTPBearer object at 0x0000012C233CCA70>|_svc|get_db|get_current_user|<fastapi.security.http.HTTPBearer object at 0x0000012C233CCA70>,get_current_user|get_current_user,,,,
POST,/v1/pricing/tenants/{tenant_id}/rules/{rule_id}/deactivate,deactivate_rule,app.engines.pricing.router,app\engines\pricing\router.py,238,Pricing Engine,False,True,deactivate_rule|require_tenant_update|get_current_user|<fastapi.security.http.HTTPBearer object at 0x0000012C233CCA70>|_svc|get_db|get_current_user|<fastapi.security.http.HTTPBearer object at 0x0000012C233CCA70>,get_current_user|get_current_user,,,,
DELETE,/v1/pricing/tenants/{tenant_id}/rules/{rule_id},delete_rule,app.engines.pricing.router,app\engines\pricing\router.py,246,Pricing Engine,False,True,delete_rule|require_tenant_update|get_current_user|<fastapi.security.http.HTTPBearer object at 0x0000012C233CCA70>|_svc|get_db|get_current_user|<fastapi.security.http.HTTPBearer object at 0x0000012C233CCA70>,get_current_user|get_current_user,delete,,,
POST,/v1/pricing/compute,compute_price,app.engines.pricing.router,app\engines\pricing\router.py,255,Pricing Engine,False,True,compute_price|get_current_user|<fastapi.security.http.HTTPBearer object at 0x0000012C233CCA70>|_svc|get_db|get_current_user|<fastapi.security.http.HTTPBearer object at 0x0000012C233CCA70>,get_current_user|get_current_user,add|flush|sqlalchemy.update(),,,
POST,/v1/pricing/tenants/{tenant_id}/price-preview,preview_price,app.engines.pricing.router,app\engines\pricing\router.py,269,Pricing Engine,False,True,preview_price|get_current_user|<fastapi.security.http.HTTPBearer object at 0x0000012C233CCA70>|_svc|get_db|get_current_user|<fastapi.security.http.HTTPBearer object at 0x0000012C233CCA70>,get_current_user|get_current_user,,,,
GET,/v1/pricing/snapshots/{snapshot_id},get_snapshot,app.engines.pricing.router,app\engines\pricing\router.py,280,Pricing Engine,False,True,get_snapshot|get_current_user|<fastapi.security.http.HTTPBearer object at 0x0000012C233CCA70>|_svc|get_db|get_current_user|<fastapi.security.http.HTTPBearer object at 0x0000012C233CCA70>,get_current_user|get_current_user,,,,
POST,/v1/pricing/snapshots/{snapshot_id}/replay,replay_snapshot,app.engines.pricing.router,app\engines\pricing\router.py,288,Pricing Engine,False,True,replay_snapshot|get_current_user|<fastapi.security.http.HTTPBearer object at 0x0000012C233CCA70>|_svc|get_db|get_current_user|<fastapi.security.http.HTTPBearer object at 0x0000012C233CCA70>,get_current_user|get_current_user,,,,
GET,/v1/pricing/tenants/{tenant_id}/snapshots,list_snapshots,app.engines.pricing.router,app\engines\pricing\router.py,297,Pricing Engine,False,True,list_snapshots|get_current_user|<fastapi.security.http.HTTPBearer object at 0x0000012C233CCA70>|_svc|get_db|get_current_user|<fastapi.security.http.HTTPBearer object at 0x0000012C233CCA70>,get_current_user|get_current_user,,,,
POST,/v1/pricing/tenants/{tenant_id}/cache/invalidate,invalidate_cache,app.engines.pricing.router,app\engines\pricing\router.py,309,Pricing Engine,False,True,invalidate_cache|require_super_admin|get_current_user|<fastapi.security.http.HTTPBearer object at 0x0000012C233CCA70>|_svc|get_db|get_current_user|<fastapi.security.http.HTTPBearer object at 0x0000012C233CCA70>,require_super_admin|get_current_user|get_current_user,,,,
GET,/v1/pricing/tenants/{tenant_id}/cache/status,cache_status,app.engines.pricing.router,app\engines\pricing\router.py,318,Pricing Engine,False,True,cache_status|require_super_admin|get_current_user|<fastapi.security.http.HTTPBearer object at 0x0000012C233CCA70>|_svc|get_db|get_current_user|<fastapi.security.http.HTTPBearer object at 0x0000012C233CCA70>,require_super_admin|get_current_user|get_current_user,,,,
GET,/v1/commerce/meta,engine_meta,app.engines.platform_commerce.router,app\engines\platform_commerce\router.py,44,Platform Commerce|Engine Registry,False,True,engine_meta,NONE,,,,
GET,/v1/commerce/tenants/{tenant_id}/deposit,get_deposit,app.engines.platform_commerce.router,app\engines\platform_commerce\router.py,52,Platform Commerce,False,True,get_deposit|require_tenant_billing_read|get_current_user|<fastapi.security.http.HTTPBearer object at 0x0000012C233CCA70>|_svc|get_db|get_current_user|<fastapi.security.http.HTTPBearer object at 0x0000012C233CCA70>,get_current_user|get_current_user,add|flush,,,self.actor_tenant_id
POST,/v1/commerce/tenants/{tenant_id}/deposit/initiate,initiate_deposit,app.engines.platform_commerce.router,app\engines\platform_commerce\router.py,61,Platform Commerce,False,True,initiate_deposit|require_tenant_billing_manage|get_current_user|<fastapi.security.http.HTTPBearer object at 0x0000012C233CCA70>|_svc|get_db|get_current_user|<fastapi.security.http.HTTPBearer object at 0x0000012C233CCA70>,get_current_user|get_current_user,add|flush,create_order,,self.actor_tenant_id
POST,/v1/commerce/tenants/{tenant_id}/deposit/confirm,confirm_deposit,app.engines.platform_commerce.router,app\engines\platform_commerce\router.py,69,Platform Commerce,False,True,confirm_deposit|_svc_open|get_db,NONE,add|flush,,,
GET,/v1/commerce/tenants/{tenant_id}/deposit/transactions,get_deposit_transactions,app.engines.platform_commerce.router,app\engines\platform_commerce\router.py,76,Platform Commerce,False,True,get_deposit_transactions|require_tenant_billing_read|get_current_user|<fastapi.security.http.HTTPBearer object at 0x0000012C233CCA70>|_svc|get_db|get_current_user|<fastapi.security.http.HTTPBearer object at 0x0000012C233CCA70>,get_current_user|get_current_user,add|flush,,,self.actor_tenant_id
POST,/v1/commerce/tenants/{tenant_id}/deposit/admin-adjust,admin_adjust_deposit,app.engines.platform_commerce.router,app\engines\platform_commerce\router.py,84,Platform Commerce,False,True,admin_adjust_deposit|require_finance_deposits_update|get_current_user|<fastapi.security.http.HTTPBearer object at 0x0000012C233CCA70>|_svc|get_db|get_current_user|<fastapi.security.http.HTTPBearer object at 0x0000012C233CCA70>,get_current_user|get_current_user,add|flush,,,
GET,/v1/commerce/packages,list_packages,app.engines.platform_commerce.router,app\engines\platform_commerce\router.py,104,Platform Commerce,False,True,list_packages|get_current_user|<fastapi.security.http.HTTPBearer object at 0x0000012C233CCA70>|_svc|get_db|get_current_user|<fastapi.security.http.HTTPBearer object at 0x0000012C233CCA70>,get_current_user|get_current_user,,,,u.tenant_id
GET,/v1/commerce/packages/{package_id},get_package,app.engines.platform_commerce.router,app\engines\platform_commerce\router.py,111,Platform Commerce,False,True,get_package|get_current_user|<fastapi.security.http.HTTPBearer object at 0x0000012C233CCA70>|_svc|get_db|get_current_user|<fastapi.security.http.HTTPBearer object at 0x0000012C233CCA70>,get_current_user|get_current_user,,,,
POST,/v1/commerce/packages,create_package,app.engines.platform_commerce.router,app\engines\platform_commerce\router.py,118,Platform Commerce,False,True,create_package|require_super_admin|get_current_user|<fastapi.security.http.HTTPBearer object at 0x0000012C233CCA70>|_svc|get_db|get_current_user|<fastapi.security.http.HTTPBearer object at 0x0000012C233CCA70>,require_super_admin|get_current_user|get_current_user,add|flush,,,
PUT,/v1/commerce/packages/{package_id},update_package,app.engines.platform_commerce.router,app\engines\platform_commerce\router.py,125,Platform Commerce,False,True,update_package|require_super_admin|get_current_user|<fastapi.security.http.HTTPBearer object at 0x0000012C233CCA70>|_svc|get_db|get_current_user|<fastapi.security.http.HTTPBearer object at 0x0000012C233CCA70>,require_super_admin|get_current_user|get_current_user,raw_sql,,,
DELETE,/v1/commerce/packages/{package_id},archive_package,app.engines.platform_commerce.router,app\engines\platform_commerce\router.py,132,Platform Commerce,False,True,archive_package|require_super_admin|get_current_user|<fastapi.security.http.HTTPBearer object at 0x0000012C233CCA70>|_svc|get_db|get_current_user|<fastapi.security.http.HTTPBearer object at 0x0000012C233CCA70>,require_super_admin|get_current_user|get_current_user,,,,
GET,/v1/commerce/tenants/{tenant_id}/wallet,get_wallet,app.engines.platform_commerce.router,app\engines\platform_commerce\router.py,140,Platform Commerce,False,True,get_wallet|require_tenant_billing_read|get_current_user|<fastapi.security.http.HTTPBearer object at 0x0000012C233CCA70>|_svc|get_db|get_current_user|<fastapi.security.http.HTTPBearer object at 0x0000012C233CCA70>,get_current_user|get_current_user,,,,
POST,/v1/commerce/tenants/{tenant_id}/wallet/purchase/initiate,initiate_purchase,app.engines.platform_commerce.router,app\engines\platform_commerce\router.py,149,Platform Commerce,False,True,initiate_purchase|require_tenant_billing_manage|get_current_user|<fastapi.security.http.HTTPBearer object at 0x0000012C233CCA70>|_svc|get_db|get_current_user|<fastapi.security.http.HTTPBearer object at 0x0000012C233CCA70>,get_current_user|get_current_user,add|flush,create_order,,
POST,/v1/commerce/tenants/{tenant_id}/wallet/purchase/confirm,confirm_purchase,app.engines.platform_commerce.router,app\engines\platform_commerce\router.py,157,Platform Commerce,False,True,confirm_purchase|_svc_open|get_db,NONE,add|flush,,,
GET,/v1/commerce/tenants/{tenant_id}/wallet/transactions,get_wallet_transactions,app.engines.platform_commerce.router,app\engines\platform_commerce\router.py,164,Platform Commerce,False,True,get_wallet_transactions|require_tenant_billing_read|get_current_user|<fastapi.security.http.HTTPBearer object at 0x0000012C233CCA70>|_svc|get_db|get_current_user|<fastapi.security.http.HTTPBearer object at 0x0000012C233CCA70>,get_current_user|get_current_user,,,,
GET,/v1/commerce/tenants/{tenant_id}/wallet/balance,get_wallet_balance,app.engines.platform_commerce.router,app\engines\platform_commerce\router.py,174,Platform Commerce,False,True,get_wallet_balance|get_current_user|<fastapi.security.http.HTTPBearer object at 0x0000012C233CCA70>|_svc|get_db|get_current_user|<fastapi.security.http.HTTPBearer object at 0x0000012C233CCA70>,get_current_user|get_current_user,,,,
POST,/v1/commerce/tenants/{tenant_id}/wallet/deduct,engine_deduct,app.engines.platform_commerce.router,app\engines\platform_commerce\router.py,181,Platform Commerce,False,True,engine_deduct|require_super_admin|get_current_user|<fastapi.security.http.HTTPBearer object at 0x0000012C233CCA70>|_svc|get_db|get_current_user|<fastapi.security.http.HTTPBearer object at 0x0000012C233CCA70>,require_super_admin|get_current_user|get_current_user,,,,
POST,/v1/commerce/tenants/{tenant_id}/wallet/credit,admin_credit,app.engines.platform_commerce.router,app\engines\platform_commerce\router.py,200,Platform Commerce,False,True,admin_credit|require_super_admin|get_current_user|<fastapi.security.http.HTTPBearer object at 0x0000012C233CCA70>|_svc|get_db|get_current_user|<fastapi.security.http.HTTPBearer object at 0x0000012C233CCA70>,require_super_admin|get_current_user|get_current_user,,credit_wallet,record_platform_audit,
GET,/v1/commerce/tenants/{tenant_id}/wallet/projection,get_projection,app.engines.platform_commerce.router,app\engines\platform_commerce\router.py,207,Platform Commerce,False,True,get_projection|require_tenant_billing_read|get_current_user|<fastapi.security.http.HTTPBearer object at 0x0000012C233CCA70>|_svc|get_db|get_current_user|<fastapi.security.http.HTTPBearer object at 0x0000012C233CCA70>,get_current_user|get_current_user,,,,
GET,/v1/commerce/tenants/{tenant_id}/commission/rate,get_rate,app.engines.platform_commerce.router,app\engines\platform_commerce\router.py,215,Platform Commerce,False,True,get_rate|get_current_user|<fastapi.security.http.HTTPBearer object at 0x0000012C233CCA70>|_svc|get_db|get_current_user|<fastapi.security.http.HTTPBearer object at 0x0000012C233CCA70>,get_current_user|get_current_user,,,,
POST,/v1/commerce/jobs/{job_id}/commission/deduct,deduct_commission,app.engines.platform_commerce.router,app\engines\platform_commerce\router.py,222,Platform Commerce,False,True,deduct_commission|require_super_admin|get_current_user|<fastapi.security.http.HTTPBearer object at 0x0000012C233CCA70>|_svc|get_db|get_current_user|<fastapi.security.http.HTTPBearer object at 0x0000012C233CCA70>,require_super_admin|get_current_user|get_current_user,add|flush,debit_wallet,,
GET,/v1/commerce/tenants/{tenant_id}/commission/history,get_commission_history,app.engines.platform_commerce.router,app\engines\platform_commerce\router.py,229,Platform Commerce,False,True,get_commission_history|require_tenant_billing_read|get_current_user|<fastapi.security.http.HTTPBearer object at 0x0000012C233CCA70>|_svc|get_db|get_current_user|<fastapi.security.http.HTTPBearer object at 0x0000012C233CCA70>,get_current_user|get_current_user,,,,
GET,/v1/commerce/tenants/{tenant_id}/commission/projection,get_commission_projection,app.engines.platform_commerce.router,app\engines\platform_commerce\router.py,238,Platform Commerce,False,True,get_commission_projection|require_tenant_billing_read|get_current_user|<fastapi.security.http.HTTPBearer object at 0x0000012C233CCA70>|_svc|get_db|get_current_user|<fastapi.security.http.HTTPBearer object at 0x0000012C233CCA70>,get_current_user|get_current_user,,,,
GET,/v1/commerce/platform/commission/summary,platform_commission,app.engines.platform_commerce.router,app\engines\platform_commerce\router.py,245,Platform Commerce,False,True,platform_commission|require_super_admin|get_current_user|<fastapi.security.http.HTTPBearer object at 0x0000012C233CCA70>|_svc|get_db|get_current_user|<fastapi.security.http.HTTPBearer object at 0x0000012C233CCA70>,require_super_admin|get_current_user|get_current_user,,,,
GET,/v1/commerce/customers/{customer_id}/health,get_customer_health,app.engines.platform_commerce.router,app\engines\platform_commerce\router.py,252,Platform Commerce,False,True,get_customer_health|get_current_user|<fastapi.security.http.HTTPBearer object at 0x0000012C233CCA70>|_svc|get_db|get_current_user|<fastapi.security.http.HTTPBearer object at 0x0000012C233CCA70>,get_current_user|get_current_user,add|flush,,,
GET,/v1/commerce/customers/{customer_id}/health/history,get_customer_health_history,app.engines.platform_commerce.router,app\engines\platform_commerce\router.py,260,Platform Commerce,False,True,get_customer_health_history|get_current_user|<fastapi.security.http.HTTPBearer object at 0x0000012C233CCA70>|_svc|get_db|get_current_user|<fastapi.security.http.HTTPBearer object at 0x0000012C233CCA70>,get_current_user|get_current_user,,,,
POST,/v1/commerce/customers/{customer_id}/health/signals,update_health_signal,app.engines.platform_commerce.router,app\engines\platform_commerce\router.py,268,Platform Commerce,False,True,update_health_signal|require_super_admin|get_current_user|<fastapi.security.http.HTTPBearer object at 0x0000012C233CCA70>|_svc|get_db|get_current_user|<fastapi.security.http.HTTPBearer object at 0x0000012C233CCA70>,require_super_admin|get_current_user|get_current_user,add|raw_sql,,,
POST,/v1/commerce/customers/{customer_id}/health/recompute,recompute_health,app.engines.platform_commerce.router,app\engines\platform_commerce\router.py,277,Platform Commerce,False,True,recompute_health|require_customers_manage|get_current_user|<fastapi.security.http.HTTPBearer object at 0x0000012C233CCA70>|_svc|get_db|get_current_user|<fastapi.security.http.HTTPBearer object at 0x0000012C233CCA70>,get_current_user|get_current_user,add|flush,,,
GET,/v1/commerce/tenants/{tenant_id}/customers,list_customers,app.engines.platform_commerce.router,app\engines\platform_commerce\router.py,285,Platform Commerce,False,True,list_customers|require_customers_read|get_current_user|<fastapi.security.http.HTTPBearer object at 0x0000012C233CCA70>|get_db,get_current_user,,,,
GET,/v1/commerce/tenants/{tenant_id}/customers/at-risk,at_risk_customers,app.engines.platform_commerce.router,app\engines\platform_commerce\router.py,347,Platform Commerce,False,True,at_risk_customers|require_customers_read|get_current_user|<fastapi.security.http.HTTPBearer object at 0x0000012C233CCA70>|_svc|get_db|get_current_user|<fastapi.security.http.HTTPBearer object at 0x0000012C233CCA70>,get_current_user|get_current_user,,,,
POST,/v1/commerce/customers/{customer_id}/health/override,override_health,app.engines.platform_commerce.router,app\engines\platform_commerce\router.py,354,Platform Commerce,False,True,override_health|require_super_admin|get_current_user|<fastapi.security.http.HTTPBearer object at 0x0000012C233CCA70>|_svc|get_db|get_current_user|<fastapi.security.http.HTTPBearer object at 0x0000012C233CCA70>,require_super_admin|get_current_user|get_current_user,add,,,
POST,/v1/commerce/bookings/{booking_id}/reservation/create,create_reservation,app.engines.platform_commerce.router,app\engines\platform_commerce\router.py,364,Platform Commerce,False,True,create_reservation|require_super_admin|get_current_user|<fastapi.security.http.HTTPBearer object at 0x0000012C233CCA70>|_svc|get_db|get_current_user|<fastapi.security.http.HTTPBearer object at 0x0000012C233CCA70>,require_super_admin|get_current_user|get_current_user,add|flush,,,
POST,/v1/commerce/bookings/{booking_id}/reservation/confirm,confirm_reservation,app.engines.platform_commerce.router,app\engines\platform_commerce\router.py,372,Platform Commerce,False,True,confirm_reservation|require_super_admin|get_current_user|<fastapi.security.http.HTTPBearer object at 0x0000012C233CCA70>|_svc|get_db|get_current_user|<fastapi.security.http.HTTPBearer object at 0x0000012C233CCA70>,require_super_admin|get_current_user|get_current_user,,,,
POST,/v1/commerce/bookings/{booking_id}/reservation/release,release_reservation,app.engines.platform_commerce.router,app\engines\platform_commerce\router.py,380,Platform Commerce,False,True,release_reservation|require_super_admin|get_current_user|<fastapi.security.http.HTTPBearer object at 0x0000012C233CCA70>|_svc|get_db|get_current_user|<fastapi.security.http.HTTPBearer object at 0x0000012C233CCA70>,require_super_admin|get_current_user|get_current_user,add,,,
POST,/v1/commerce/bookings/{booking_id}/reservation/forfeit,forfeit_reservation,app.engines.platform_commerce.router,app\engines\platform_commerce\router.py,388,Platform Commerce,False,True,forfeit_reservation|require_super_admin|get_current_user|<fastapi.security.http.HTTPBearer object at 0x0000012C233CCA70>|_svc|get_db|get_current_user|<fastapi.security.http.HTTPBearer object at 0x0000012C233CCA70>,require_super_admin|get_current_user|get_current_user,add,,,
POST,/v1/commerce/warranty/claims,submit_claim,app.engines.platform_commerce.router,app\engines\platform_commerce\router.py,397,Platform Commerce,False,True,submit_claim|get_current_user|<fastapi.security.http.HTTPBearer object at 0x0000012C233CCA70>|_svc|get_db|get_current_user|<fastapi.security.http.HTTPBearer object at 0x0000012C233CCA70>,get_current_user|get_current_user,add|flush,,,
GET,/v1/commerce/warranty/claims/{claim_id},get_claim,app.engines.platform_commerce.router,app\engines\platform_commerce\router.py,406,Platform Commerce,False,True,get_claim|get_current_user|<fastapi.security.http.HTTPBearer object at 0x0000012C233CCA70>|_svc|get_db|get_current_user|<fastapi.security.http.HTTPBearer object at 0x0000012C233CCA70>,get_current_user|get_current_user,,,,
GET,/v1/commerce/tenants/{tenant_id}/warranty/claims,list_tenant_claims,app.engines.platform_commerce.router,app\engines\platform_commerce\router.py,413,Platform Commerce,False,True,list_tenant_claims|get_current_user|<fastapi.security.http.HTTPBearer object at 0x0000012C233CCA70>|_svc|get_db|get_current_user|<fastapi.security.http.HTTPBearer object at 0x0000012C233CCA70>,get_current_user|get_current_user,,,,
GET,/v1/commerce/warranty/claims,list_all_claims,app.engines.platform_commerce.router,app\engines\platform_commerce\router.py,423,Platform Commerce,False,True,list_all_claims|require_super_admin|get_current_user|<fastapi.security.http.HTTPBearer object at 0x0000012C233CCA70>|_svc|get_db|get_current_user|<fastapi.security.http.HTTPBearer object at 0x0000012C233CCA70>,require_super_admin|get_current_user|get_current_user,,,,
POST,/v1/commerce/warranty/claims/{claim_id}/approve,approve_claim,app.engines.platform_commerce.router,app\engines\platform_commerce\router.py,433,Platform Commerce,False,True,approve_claim|require_super_admin|get_current_user|<fastapi.security.http.HTTPBearer object at 0x0000012C233CCA70>|_svc|get_db|get_current_user|<fastapi.security.http.HTTPBearer object at 0x0000012C233CCA70>,require_super_admin|get_current_user|get_current_user,add|flush,,,
POST,/v1/commerce/warranty/claims/{claim_id}/reject,reject_claim,app.engines.platform_commerce.router,app\engines\platform_commerce\router.py,440,Platform Commerce,False,True,reject_claim|require_super_admin|get_current_user|<fastapi.security.http.HTTPBearer object at 0x0000012C233CCA70>|_svc|get_db|get_current_user|<fastapi.security.http.HTTPBearer object at 0x0000012C233CCA70>,require_super_admin|get_current_user|get_current_user,,,,
GET,/v1/commerce/tenants/{tenant_id}/badges,get_badges,app.engines.platform_commerce.router,app\engines\platform_commerce\router.py,448,Platform Commerce,False,True,get_badges|get_current_user|<fastapi.security.http.HTTPBearer object at 0x0000012C233CCA70>|_svc|get_db|get_current_user|<fastapi.security.http.HTTPBearer object at 0x0000012C233CCA70>,get_current_user|get_current_user,,,,
POST,/v1/commerce/tenants/{tenant_id}/badges/recalculate,recalculate_badges,app.engines.platform_commerce.router,app\engines\platform_commerce\router.py,455,Platform Commerce,False,True,recalculate_badges|require_tenant_health_read|get_current_user|<fastapi.security.http.HTTPBearer object at 0x0000012C233CCA70>|_svc|get_db|get_current_user|<fastapi.security.http.HTTPBearer object at 0x0000012C233CCA70>,get_current_user|get_current_user,add,,,
GET,/v1/commerce/platform/badges/summary,badges_summary,app.engines.platform_commerce.router,app\engines\platform_commerce\router.py,462,Platform Commerce,False,True,badges_summary|require_super_admin|get_current_user|<fastapi.security.http.HTTPBearer object at 0x0000012C233CCA70>|_svc|get_db|get_current_user|<fastapi.security.http.HTTPBearer object at 0x0000012C233CCA70>,require_super_admin|get_current_user|get_current_user,,,,
POST,/v1/commerce/bookings/preflight,run_preflight,app.engines.platform_commerce.router,app\engines\platform_commerce\router.py,469,Platform Commerce,False,True,run_preflight|get_current_user|<fastapi.security.http.HTTPBearer object at 0x0000012C233CCA70>|_svc|get_db|get_current_user|<fastapi.security.http.HTTPBearer object at 0x0000012C233CCA70>,get_current_user|get_current_user,,,,
GET,/v1/commerce/bookings/preflight/rules,preflight_rules,app.engines.platform_commerce.router,app\engines\platform_commerce\router.py,477,Platform Commerce,False,True,preflight_rules|get_current_user|<fastapi.security.http.HTTPBearer object at 0x0000012C233CCA70>|_svc|get_db|get_current_user|<fastapi.security.http.HTTPBearer object at 0x0000012C233CCA70>,get_current_user|get_current_user,,,,
GET,/v1/commerce/platform/summary,platform_summary,app.engines.platform_commerce.router,app\engines\platform_commerce\router.py,485,Platform Commerce,False,True,platform_summary|require_super_admin|get_current_user|<fastapi.security.http.HTTPBearer object at 0x0000012C233CCA70>|_svc|get_db|get_current_user|<fastapi.security.http.HTTPBearer object at 0x0000012C233CCA70>,require_super_admin|get_current_user|get_current_user,,,,
GET,/v1/commerce/platform/tenants/at-risk,at_risk_tenants,app.engines.platform_commerce.router,app\engines\platform_commerce\router.py,491,Platform Commerce,False,True,at_risk_tenants|require_super_admin|get_current_user|<fastapi.security.http.HTTPBearer object at 0x0000012C233CCA70>|_svc|get_db|get_current_user|<fastapi.security.http.HTTPBearer object at 0x0000012C233CCA70>,require_super_admin|get_current_user|get_current_user,,,,
GET,/v1/commerce/platform/commission/daily,daily_commission,app.engines.platform_commerce.router,app\engines\platform_commerce\router.py,497,Platform Commerce,False,True,daily_commission|require_super_admin|get_current_user|<fastapi.security.http.HTTPBearer object at 0x0000012C233CCA70>|_svc|get_db|get_current_user|<fastapi.security.http.HTTPBearer object at 0x0000012C233CCA70>,require_super_admin|get_current_user|get_current_user,,,,
GET,/v1/admin/usage-credits/{tenant_id}/balance,get_balance,app.engines.usage_credits.router,app\engines\usage_credits\router.py,49,Usage Credits,False,True,get_balance|get_db|require_finance.usage_credits.read|get_current_user|<fastapi.security.http.HTTPBearer object at 0x0000012C233CCA70>,get_current_user,,,,
GET,/v1/admin/usage-credits/{tenant_id}/ledger,get_ledger,app.engines.usage_credits.router,app\engines\usage_credits\router.py,59,Usage Credits,False,True,get_ledger|get_db|require_finance.usage_credits.ledger.read|get_current_user|<fastapi.security.http.HTTPBearer object at 0x0000012C233CCA70>,get_current_user,,,,
GET,/v1/admin/usage-credits/{tenant_id}/threshold,get_threshold,app.engines.usage_credits.router,app\engines\usage_credits\router.py,70,Usage Credits,False,True,get_threshold|get_db|require_finance.usage_credits.read|get_current_user|<fastapi.security.http.HTTPBearer object at 0x0000012C233CCA70>,get_current_user,,,,
GET,/v1/admin/usage-credits/reason-codes,get_reason_codes,app.engines.usage_credits.router,app\engines\usage_credits\router.py,80,Usage Credits,False,True,get_reason_codes|require_finance.usage_credits.read|get_current_user|<fastapi.security.http.HTTPBearer object at 0x0000012C233CCA70>,get_current_user,,,,
POST,/v1/admin/usage-credits/{tenant_id}/adjustments,create_adjustment,app.engines.usage_credits.router,app\engines\usage_credits\router.py,87,Usage Credits,False,True,create_adjustment|get_db|require_finance.usage_credits.adjust|get_current_user|<fastapi.security.http.HTTPBearer object at 0x0000012C233CCA70>,get_current_user,add|commit|flush,,record_platform_audit,
GET,/v1/customer/categories,list_customer_categories,app.engines.customer_flow.router,app\engines\customer_flow\router.py,30,Customer Categories|Customer Categories,False,True,list_customer_categories|_svc|get_db,NONE,,,,
GET,/v1/customer/categories/{category_slug},get_customer_category,app.engines.customer_flow.router,app\engines\customer_flow\router.py,54,Customer Categories|Customer Categories,False,True,get_customer_category|_svc|get_db,NONE,,,,
GET,/v1/customer/categories/{category_slug}/runtime,get_customer_category_runtime,app.engines.customer_flow.router,app\engines\customer_flow\router.py,73,Customer Categories|Customer Categories,False,True,get_customer_category_runtime|_svc|get_db,NONE,,,,
GET,/v1/customer/categories/{category_slug}/offerings,list_customer_offerings,app.engines.customer_flow.router,app\engines\customer_flow\router.py,96,Customer Categories|Customer Offerings,False,True,list_customer_offerings|_svc|get_db,NONE,,,,
GET,/v1/customer/categories/{category_slug}/offerings/{offering_slug},get_customer_offering,app.engines.customer_flow.router,app\engines\customer_flow\router.py,120,Customer Categories|Customer Offerings,False,True,get_customer_offering|_svc|get_db,NONE,,,,
POST,/v1/customer/flow/resolve,resolve_customer_flow,app.engines.customer_flow.router,app\engines\customer_flow\router.py,143,Customer Categories|Customer Flow Routing,False,True,resolve_customer_flow|_svc|get_db,NONE,,,,
GET,/v1/customer/search,customer_search,app.engines.customer_flow.router,app\engines\customer_flow\router.py,185,Customer Categories|Customer Search,False,True,customer_search|_svc|get_db,NONE,,,,
GET,/v1/admin/categories/{category_id}/customer-flow,get_customer_flow_config,app.engines.customer_flow.admin_router,app\engines\customer_flow\admin_router.py,27,Admin Customer Flow Config|Admin Customer Flow Config,False,True,get_customer_flow_config|require_super_admin|get_current_user|<fastapi.security.http.HTTPBearer object at 0x0000012C233CCA70>|_svc|get_db|get_current_user|<fastapi.security.http.HTTPBearer object at 0x0000012C233CCA70>,require_super_admin|get_current_user|get_current_user,,,,
PUT,/v1/admin/categories/{category_id}/customer-flow,upsert_customer_flow_config,app.engines.customer_flow.admin_router,app\engines\customer_flow\admin_router.py,44,Admin Customer Flow Config|Admin Customer Flow Config,False,True,upsert_customer_flow_config|require_super_admin|get_current_user|<fastapi.security.http.HTTPBearer object at 0x0000012C233CCA70>|_svc|get_db|get_current_user|<fastapi.security.http.HTTPBearer object at 0x0000012C233CCA70>,require_super_admin|get_current_user|get_current_user,add|flush|raw_sql,,,
POST,/v1/admin/categories/{category_id}/customer-flow/activate,activate_customer_flow_config,app.engines.customer_flow.admin_router,app\engines\customer_flow\admin_router.py,74,Admin Customer Flow Config|Admin Customer Flow Config,False,True,activate_customer_flow_config|require_super_admin|get_current_user|<fastapi.security.http.HTTPBearer object at 0x0000012C233CCA70>|_svc|get_db|get_current_user|<fastapi.security.http.HTTPBearer object at 0x0000012C233CCA70>,require_super_admin|get_current_user|get_current_user,flush,,,
POST,/v1/admin/categories/{category_id}/customer-flow/deactivate,deactivate_customer_flow_config,app.engines.customer_flow.admin_router,app\engines\customer_flow\admin_router.py,91,Admin Customer Flow Config|Admin Customer Flow Config,False,True,deactivate_customer_flow_config|require_super_admin|get_current_user|<fastapi.security.http.HTTPBearer object at 0x0000012C233CCA70>|_svc|get_db|get_current_user|<fastapi.security.http.HTTPBearer object at 0x0000012C233CCA70>,require_super_admin|get_current_user|get_current_user,flush,,,
GET,/v1/admin/categories/summary,get_categories_summary,app.engines.admin_catalog.category_runtime_router,app\engines\admin_catalog\category_runtime_router.py,176,Category Runtime,False,True,get_categories_summary|require_super_admin|get_current_user|<fastapi.security.http.HTTPBearer object at 0x0000012C233CCA70>|get_db,require_super_admin|get_current_user,,,,
GET,/v1/admin/categories,list_categories,app.engines.admin_catalog.category_runtime_router,app\engines\admin_catalog\category_runtime_router.py,240,Category Runtime,False,True,list_categories|require_super_admin|get_current_user|<fastapi.security.http.HTTPBearer object at 0x0000012C233CCA70>|_svc|get_db|get_current_user|<fastapi.security.http.HTTPBearer object at 0x0000012C233CCA70>|get_db,require_super_admin|get_current_user|get_current_user,,,,
GET,/v1/admin/categories/export,export_categories,app.engines.admin_catalog.category_runtime_router,app\engines\admin_catalog\category_runtime_router.py,350,Category Runtime,False,True,export_categories|require_super_admin|get_current_user|<fastapi.security.http.HTTPBearer object at 0x0000012C233CCA70>|_svc|get_db|get_current_user|<fastapi.security.http.HTTPBearer object at 0x0000012C233CCA70>|get_db,require_super_admin|get_current_user|get_current_user,,,,
GET,/v1/admin/categories/{category_id},get_category,app.engines.admin_catalog.category_runtime_router,app\engines\admin_catalog\category_runtime_router.py,405,Category Runtime,False,True,get_category|require_super_admin|get_current_user|<fastapi.security.http.HTTPBearer object at 0x0000012C233CCA70>|_svc|get_db|get_current_user|<fastapi.security.http.HTTPBearer object at 0x0000012C233CCA70>|get_db,require_super_admin|get_current_user|get_current_user,,,,
PUT,/v1/admin/categories/{category_id},update_category,app.engines.admin_catalog.category_runtime_router,app\engines\admin_catalog\category_runtime_router.py,423,Category Runtime,False,True,update_category|require_super_admin|get_current_user|<fastapi.security.http.HTTPBearer object at 0x0000012C233CCA70>|_svc|get_db|get_current_user|<fastapi.security.http.HTTPBearer object at 0x0000012C233CCA70>,require_super_admin|get_current_user|get_current_user,flush|raw_sql,,,
GET,/v1/admin/categories/{category_id}/runtime,get_category_runtime,app.engines.admin_catalog.category_runtime_router,app\engines\admin_catalog\category_runtime_router.py,435,Category Runtime,False,True,get_category_runtime|require_super_admin|get_current_user|<fastapi.security.http.HTTPBearer object at 0x0000012C233CCA70>|_svc|get_db|get_current_user|<fastapi.security.http.HTTPBearer object at 0x0000012C233CCA70>|get_db,require_super_admin|get_current_user|get_current_user,,,,
PUT,/v1/admin/categories/{category_id}/runtime,update_category_runtime,app.engines.admin_catalog.category_runtime_router,app\engines\admin_catalog\category_runtime_router.py,453,Category Runtime,False,True,update_category_runtime|require_super_admin|get_current_user|<fastapi.security.http.HTTPBearer object at 0x0000012C233CCA70>|_svc|get_db|get_current_user|<fastapi.security.http.HTTPBearer object at 0x0000012C233CCA70>,require_super_admin|get_current_user|get_current_user,flush|raw_sql,,,
GET,/v1/admin/categories/{category_id}/readiness,get_category_readiness,app.engines.admin_catalog.category_runtime_router,app\engines\admin_catalog\category_runtime_router.py,467,Category Runtime,False,True,get_category_readiness|require_super_admin|get_current_user|<fastapi.security.http.HTTPBearer object at 0x0000012C233CCA70>|_svc|get_db|get_current_user|<fastapi.security.http.HTTPBearer object at 0x0000012C233CCA70>|get_db,require_super_admin|get_current_user|get_current_user,,,,
POST,/v1/admin/categories/{category_id}/activate,activate_category,app.engines.admin_catalog.category_runtime_router,app\engines\admin_catalog\category_runtime_router.py,494,Category Runtime,False,True,activate_category|require_super_admin|get_current_user|<fastapi.security.http.HTTPBearer object at 0x0000012C233CCA70>|_svc|get_db|get_current_user|<fastapi.security.http.HTTPBearer object at 0x0000012C233CCA70>,require_super_admin|get_current_user|get_current_user,flush,,,
POST,/v1/admin/categories/{category_id}/deactivate,deactivate_category,app.engines.admin_catalog.category_runtime_router,app\engines\admin_catalog\category_runtime_router.py,505,Category Runtime,False,True,deactivate_category|require_super_admin|get_current_user|<fastapi.security.http.HTTPBearer object at 0x0000012C233CCA70>|_svc|get_db|get_current_user|<fastapi.security.http.HTTPBearer object at 0x0000012C233CCA70>,require_super_admin|get_current_user|get_current_user,flush,,,
GET,/v1/admin/categories/{category_id}/engines,list_category_engines,app.engines.admin_catalog.category_runtime_router,app\engines\admin_catalog\category_runtime_router.py,518,Category Runtime,False,True,list_category_engines|require_super_admin|get_current_user|<fastapi.security.http.HTTPBearer object at 0x0000012C233CCA70>|_svc|get_db|get_current_user|<fastapi.security.http.HTTPBearer object at 0x0000012C233CCA70>,require_super_admin|get_current_user|get_current_user,,,,
POST,/v1/admin/categories/{category_id}/engines/{engine_id}/enable,enable_category_engine,app.engines.admin_catalog.category_runtime_router,app\engines\admin_catalog\category_runtime_router.py,546,Category Runtime,False,True,enable_category_engine|require_super_admin|get_current_user|<fastapi.security.http.HTTPBearer object at 0x0000012C233CCA70>|_svc|get_db|get_current_user|<fastapi.security.http.HTTPBearer object at 0x0000012C233CCA70>,require_super_admin|get_current_user|get_current_user,flush,,,
POST,/v1/admin/categories/{category_id}/engines/{engine_id}/disable,disable_category_engine,app.engines.admin_catalog.category_runtime_router,app\engines\admin_catalog\category_runtime_router.py,557,Category Runtime,False,True,disable_category_engine|require_super_admin|get_current_user|<fastapi.security.http.HTTPBearer object at 0x0000012C233CCA70>|_svc|get_db|get_current_user|<fastapi.security.http.HTTPBearer object at 0x0000012C233CCA70>,require_super_admin|get_current_user|get_current_user,,,,
POST,/v1/admin/categories/{category_id}/engines/{engine_id}/set-primary,set_primary_engine,app.engines.admin_catalog.category_runtime_router,app\engines\admin_catalog\category_runtime_router.py,567,Category Runtime,False,True,set_primary_engine|require_super_admin|get_current_user|<fastapi.security.http.HTTPBearer object at 0x0000012C233CCA70>|_svc|get_db|get_current_user|<fastapi.security.http.HTTPBearer object at 0x0000012C233CCA70>,require_super_admin|get_current_user|get_current_user,flush,,,
GET,/v1/admin/categories/{category_id}/dashboard-modules,list_dashboard_modules,app.engines.admin_catalog.category_runtime_router,app\engines\admin_catalog\category_runtime_router.py,580,Category Runtime,False,True,list_dashboard_modules|require_super_admin|get_current_user|<fastapi.security.http.HTTPBearer object at 0x0000012C233CCA70>|_svc|get_db|get_current_user|<fastapi.security.http.HTTPBearer object at 0x0000012C233CCA70>,require_super_admin|get_current_user|get_current_user,,,,
POST,/v1/admin/categories/{category_id}/dashboard-modules,create_dashboard_module,app.engines.admin_catalog.category_runtime_router,app\engines\admin_catalog\category_runtime_router.py,599,Category Runtime,False,True,create_dashboard_module|require_super_admin|get_current_user|<fastapi.security.http.HTTPBearer object at 0x0000012C233CCA70>|_svc|get_db|get_current_user|<fastapi.security.http.HTTPBearer object at 0x0000012C233CCA70>,require_super_admin|get_current_user|get_current_user,,,,
PUT,/v1/admin/categories/{category_id}/dashboard-modules/{module_id},update_dashboard_module,app.engines.admin_catalog.category_runtime_router,app\engines\admin_catalog\category_runtime_router.py,617,Category Runtime,False,True,update_dashboard_module|require_super_admin|get_current_user|<fastapi.security.http.HTTPBearer object at 0x0000012C233CCA70>|_svc|get_db|get_current_user|<fastapi.security.http.HTTPBearer object at 0x0000012C233CCA70>,require_super_admin|get_current_user|get_current_user,raw_sql,,,
POST,/v1/admin/categories/{category_id}/dashboard-modules/{module_id}/enable,enable_module,app.engines.admin_catalog.category_runtime_router,app\engines\admin_catalog\category_runtime_router.py,628,Category Runtime,False,True,enable_module|require_super_admin|get_current_user|<fastapi.security.http.HTTPBearer object at 0x0000012C233CCA70>,require_super_admin|get_current_user,,,,
POST,/v1/admin/categories/{category_id}/dashboard-modules/{module_id}/disable,disable_module,app.engines.admin_catalog.category_runtime_router,app\engines\admin_catalog\category_runtime_router.py,637,Category Runtime,False,True,disable_module|require_super_admin|get_current_user|<fastapi.security.http.HTTPBearer object at 0x0000012C233CCA70>,require_super_admin|get_current_user,,,,
POST,/v1/admin/categories/{category_id}/dashboard-modules/reorder,reorder_modules,app.engines.admin_catalog.category_runtime_router,app\engines\admin_catalog\category_runtime_router.py,646,Category Runtime,False,True,reorder_modules|require_super_admin|get_current_user|<fastapi.security.http.HTTPBearer object at 0x0000012C233CCA70>,require_super_admin|get_current_user,,,,
POST,/v1/customer/ai-chat/sessions,create_session,app.engines.ai_conversation.customer_router,app\engines\ai_conversation\customer_router.py,26,Customer AI Chat,False,True,create_session|_svc|get_db|get_current_user_optional|<fastapi.security.http.HTTPBearer object at 0x0000012C233CCA70>,NONE,add|commit|flush,,_audit,
GET,/v1/customer/ai-chat/sessions,list_my_sessions,app.engines.ai_conversation.customer_router,app\engines\ai_conversation\customer_router.py,63,Customer AI Chat,False,True,list_my_sessions|_svc|get_db|get_current_user_optional|<fastapi.security.http.HTTPBearer object at 0x0000012C233CCA70>,NONE,,,,
GET,/v1/customer/ai-chat/sessions/{session_id},get_session,app.engines.ai_conversation.customer_router,app\engines\ai_conversation\customer_router.py,85,Customer AI Chat,False,True,get_session|_svc|get_db,NONE,,,,
POST,/v1/customer/ai-chat/sessions/{session_id}/close,close_session,app.engines.ai_conversation.customer_router,app\engines\ai_conversation\customer_router.py,100,Customer AI Chat,False,True,close_session|_svc|get_db,NONE,add|commit|flush,,_audit,
POST,/v1/customer/ai-chat/sessions/{session_id}/messages,send_message,app.engines.ai_conversation.customer_router,app\engines\ai_conversation\customer_router.py,119,Customer AI Chat,False,True,send_message|_svc|get_db|get_current_user_optional|<fastapi.security.http.HTTPBearer object at 0x0000012C233CCA70>,NONE,add|commit|flush,,_audit,
GET,/v1/customer/ai-chat/sessions/{session_id}/messages,get_messages,app.engines.ai_conversation.customer_router,app\engines\ai_conversation\customer_router.py,153,Customer AI Chat,False,True,get_messages|_svc|get_db,NONE,,,,
GET,/v1/admin/ai-chat/sessions,admin_list_sessions,app.engines.ai_conversation.admin_router,app\engines\ai_conversation\admin_router.py,26,Admin AI Chat,False,True,admin_list_sessions|_svc|get_db|require_super_admin|get_current_user|<fastapi.security.http.HTTPBearer object at 0x0000012C233CCA70>,require_super_admin|get_current_user,,,,
GET,/v1/admin/ai-chat/sessions/{session_id},admin_get_session,app.engines.ai_conversation.admin_router,app\engines\ai_conversation\admin_router.py,46,Admin AI Chat,False,True,admin_get_session|_svc|get_db|require_super_admin|get_current_user|<fastapi.security.http.HTTPBearer object at 0x0000012C233CCA70>,require_super_admin|get_current_user,,,,
GET,/v1/admin/ai-chat/sessions/{session_id}/messages,admin_get_session_messages,app.engines.ai_conversation.admin_router,app\engines\ai_conversation\admin_router.py,62,Admin AI Chat,False,True,admin_get_session_messages|_svc|get_db|require_super_admin|get_current_user|<fastapi.security.http.HTTPBearer object at 0x0000012C233CCA70>,require_super_admin|get_current_user,,,,
GET,/v1/admin/ai-chat/logs,admin_list_logs,app.engines.ai_conversation.admin_router,app\engines\ai_conversation\admin_router.py,84,Admin AI Chat,False,True,admin_list_logs|_svc|get_db|require_super_admin|get_current_user|<fastapi.security.http.HTTPBearer object at 0x0000012C233CCA70>,require_super_admin|get_current_user,,,,
GET,/v1/admin/ai-chat/logs/{log_id},admin_get_log,app.engines.ai_conversation.admin_router,app\engines\ai_conversation\admin_router.py,108,Admin AI Chat,False,True,admin_get_log|_svc|get_db|require_super_admin|get_current_user|<fastapi.security.http.HTTPBearer object at 0x0000012C233CCA70>,require_super_admin|get_current_user,,,,
GET,/v1/admin/ai-chat/prompt-templates,list_prompt_templates,app.engines.ai_conversation.admin_router,app\engines\ai_conversation\admin_router.py,128,Admin AI Chat,False,True,list_prompt_templates|_svc|get_db|require_super_admin|get_current_user|<fastapi.security.http.HTTPBearer object at 0x0000012C233CCA70>,require_super_admin|get_current_user,,,,
POST,/v1/admin/ai-chat/prompt-templates,create_prompt_template,app.engines.ai_conversation.admin_router,app\engines\ai_conversation\admin_router.py,145,Admin AI Chat,False,True,create_prompt_template|_svc|get_db|require_super_admin|get_current_user|<fastapi.security.http.HTTPBearer object at 0x0000012C233CCA70>,require_super_admin|get_current_user,add|commit|flush,,,
GET,/v1/admin/ai-chat/prompt-templates/{template_key},get_prompt_template,app.engines.ai_conversation.admin_router,app\engines\ai_conversation\admin_router.py,173,Admin AI Chat,False,True,get_prompt_template|_svc|get_db|require_super_admin|get_current_user|<fastapi.security.http.HTTPBearer object at 0x0000012C233CCA70>,require_super_admin|get_current_user,,,,
PUT,/v1/admin/ai-chat/prompt-templates/{template_key},update_prompt_template,app.engines.ai_conversation.admin_router,app\engines\ai_conversation\admin_router.py,189,Admin AI Chat,False,True,update_prompt_template|_svc|get_db|require_super_admin|get_current_user|<fastapi.security.http.HTTPBearer object at 0x0000012C233CCA70>,require_super_admin|get_current_user,commit|flush|raw_sql,,,
POST,/v1/admin/ai-chat/test-console,admin_test_console,app.engines.ai_conversation.admin_router,app\engines\ai_conversation\admin_router.py,212,Admin AI Chat,False,True,admin_test_console|_svc|get_db|require_super_admin|get_current_user|<fastapi.security.http.HTTPBearer object at 0x0000012C233CCA70>,require_super_admin|get_current_user,,,,
POST,/v1/customer/home-services/booking-drafts,start_booking_draft,app.engines.home_service_booking.customer_router,app\engines\home_service_booking\customer_router.py,36,Customer Home Service Booking Drafts,False,True,start_booking_draft|_svc|get_db|get_current_user|<fastapi.security.http.HTTPBearer object at 0x0000012C233CCA70>,get_current_user,add|commit|flush,,,
GET,/v1/customer/home-services/booking-drafts/{draft_id},get_booking_draft,app.engines.home_service_booking.customer_router,app\engines\home_service_booking\customer_router.py,68,Customer Home Service Booking Drafts,False,True,get_booking_draft|_svc|get_db|get_current_user|<fastapi.security.http.HTTPBearer object at 0x0000012C233CCA70>,get_current_user,,,,
PUT,/v1/customer/home-services/booking-drafts/{draft_id},update_draft_fields,app.engines.home_service_booking.customer_router,app\engines\home_service_booking\customer_router.py,90,Customer Home Service Booking Drafts,False,True,update_draft_fields|_svc|get_db|get_current_user|<fastapi.security.http.HTTPBearer object at 0x0000012C233CCA70>,get_current_user,add|commit|flush|raw_sql,,,
POST,/v1/customer/home-services/booking-drafts/{draft_id}/serviceability-check,check_serviceability,app.engines.home_service_booking.customer_router,app\engines\home_service_booking\customer_router.py,114,Customer Home Service Booking Drafts,False,True,check_serviceability|_svc|get_db|get_current_user|<fastapi.security.http.HTTPBearer object at 0x0000012C233CCA70>,get_current_user,add|commit|flush|raw_sql,,,
POST,/v1/customer/home-services/booking-drafts/{draft_id}/price-estimate,resolve_price_estimate,app.engines.home_service_booking.customer_router,app\engines\home_service_booking\customer_router.py,132,Customer Home Service Booking Drafts,False,True,resolve_price_estimate|_svc|get_db|get_current_user|<fastapi.security.http.HTTPBearer object at 0x0000012C233CCA70>,get_current_user,add|commit|flush,,,
POST,/v1/customer/home-services/booking-drafts/{draft_id}/match-and-price,match_and_price,app.engines.home_service_booking.customer_router,app\engines\home_service_booking\customer_router.py,153,Customer Home Service Booking Drafts,False,True,match_and_price|_svc|get_db|get_current_user|<fastapi.security.http.HTTPBearer object at 0x0000012C233CCA70>,get_current_user,add|commit|flush,,,
POST,/v1/customer/home-services/booking-drafts/{draft_id}/confirm-price-choice,confirm_price_choice,app.engines.home_service_booking.customer_router,app\engines\home_service_booking\customer_router.py,189,Customer Home Service Booking Drafts,False,True,confirm_price_choice|_svc|get_db|get_current_user|<fastapi.security.http.HTTPBearer object at 0x0000012C233CCA70>,get_current_user,add|commit|flush,,,
POST,/v1/customer/home-services/booking-drafts/{draft_id}/match-providers,find_bookable_providers,app.engines.home_service_booking.customer_router,app\engines\home_service_booking\customer_router.py,218,Customer Home Service Booking Drafts,False,True,find_bookable_providers|_svc|get_db|get_current_user|<fastapi.security.http.HTTPBearer object at 0x0000012C233CCA70>,get_current_user,add|commit|flush,,,
POST,/v1/customer/home-services/booking-drafts/{draft_id}/select-provider,select_provider,app.engines.home_service_booking.customer_router,app\engines\home_service_booking\customer_router.py,244,Customer Home Service Booking Drafts,False,True,select_provider|_svc|get_db|get_current_user|<fastapi.security.http.HTTPBearer object at 0x0000012C233CCA70>,get_current_user,add|commit|flush,,,
POST,/v1/customer/home-services/booking-drafts/{draft_id}/summary,build_booking_summary,app.engines.home_service_booking.customer_router,app\engines\home_service_booking\customer_router.py,265,Customer Home Service Booking Drafts,False,True,build_booking_summary|_svc|get_db|get_current_user|<fastapi.security.http.HTTPBearer object at 0x0000012C233CCA70>,get_current_user,add|commit|flush,,,
POST,/v1/customer/home-services/booking-drafts/{draft_id}/confirm,confirm_draft,app.engines.home_service_booking.customer_router,app\engines\home_service_booking\customer_router.py,283,Customer Home Service Booking Drafts,False,True,confirm_draft|get_db|_svc|get_db|get_current_user|<fastapi.security.http.HTTPBearer object at 0x0000012C233CCA70>,get_current_user,commit,,,
POST,/v1/customer/home-services/booking-drafts/{draft_id}/cancel,cancel_draft,app.engines.home_service_booking.customer_router,app\engines\home_service_booking\customer_router.py,330,Customer Home Service Booking Drafts,False,True,cancel_draft|_svc|get_db|get_current_user|<fastapi.security.http.HTTPBearer object at 0x0000012C233CCA70>,get_current_user,add|commit|flush,,,
POST,/v1/customer/home-services/booking-drafts/{draft_id}/photos,add_photo,app.engines.home_service_booking.customer_router,app\engines\home_service_booking\customer_router.py,350,Customer Home Service Booking Drafts,False,True,add_photo|_svc|get_db|get_current_user|<fastapi.security.http.HTTPBearer object at 0x0000012C233CCA70>,get_current_user,add|commit|flush,,,
GET,/v1/admin/home-services/booking-drafts,admin_list_drafts,app.engines.home_service_booking.admin_router,app\engines\home_service_booking\admin_router.py,36,Admin Home Service Booking Drafts,False,True,admin_list_drafts|_svc|get_db|require_super_admin|get_current_user|<fastapi.security.http.HTTPBearer object at 0x0000012C233CCA70>,require_super_admin|get_current_user,,,,
GET,/v1/admin/home-services/booking-drafts/{draft_id},admin_get_draft,app.engines.home_service_booking.admin_router,app\engines\home_service_booking\admin_router.py,60,Admin Home Service Booking Drafts,False,True,admin_get_draft|_svc|get_db|require_super_admin|get_current_user|<fastapi.security.http.HTTPBearer object at 0x0000012C233CCA70>,require_super_admin|get_current_user,,,,
GET,/v1/admin/home-services/booking-drafts/{draft_id}/events,admin_get_draft_events,app.engines.home_service_booking.admin_router,app\engines\home_service_booking\admin_router.py,80,Admin Home Service Booking Drafts,False,True,admin_get_draft_events|_svc|get_db|require_super_admin|get_current_user|<fastapi.security.http.HTTPBearer object at 0x0000012C233CCA70>,require_super_admin|get_current_user,,,,
POST,/v1/customer/coaching/appointment-drafts,start_appointment_draft,app.engines.coaching_appointment.customer_router,app\engines\coaching_appointment\customer_router.py,24,Customer Coaching Appointment Drafts,False,True,start_appointment_draft|get_current_user|<fastapi.security.http.HTTPBearer object at 0x0000012C233CCA70>|get_db,get_current_user,add|flush,,,
GET,/v1/customer/coaching/appointment-drafts/{draft_id},get_appointment_draft,app.engines.coaching_appointment.customer_router,app\engines\coaching_appointment\customer_router.py,44,Customer Coaching Appointment Drafts,False,True,get_appointment_draft|get_current_user|<fastapi.security.http.HTTPBearer object at 0x0000012C233CCA70>|get_db,get_current_user,,,,
PUT,/v1/customer/coaching/appointment-drafts/{draft_id},update_draft_fields,app.engines.coaching_appointment.customer_router,app\engines\coaching_appointment\customer_router.py,58,Customer Coaching Appointment Drafts,False,True,update_draft_fields|get_current_user|<fastapi.security.http.HTTPBearer object at 0x0000012C233CCA70>|get_db,get_current_user,add|flush,,,
POST,/v1/customer/coaching/appointment-drafts/{draft_id}/find-centers,find_bookable_centers,app.engines.coaching_appointment.customer_router,app\engines\coaching_appointment\customer_router.py,73,Customer Coaching Appointment Drafts,False,True,find_bookable_centers|get_current_user|<fastapi.security.http.HTTPBearer object at 0x0000012C233CCA70>|get_db,get_current_user,add|flush,,,
POST,/v1/customer/coaching/appointment-drafts/{draft_id}/available-slots,get_available_slots,app.engines.coaching_appointment.customer_router,app\engines\coaching_appointment\customer_router.py,87,Customer Coaching Appointment Drafts,False,True,get_available_slots|get_current_user|<fastapi.security.http.HTTPBearer object at 0x0000012C233CCA70>|get_db,get_current_user,add|flush,,,
POST,/v1/customer/coaching/appointment-drafts/{draft_id}/next-available-slots,find_next_available_slots,app.engines.coaching_appointment.customer_router,app\engines\coaching_appointment\customer_router.py,108,Customer Coaching Appointment Drafts,False,True,find_next_available_slots|get_current_user|<fastapi.security.http.HTTPBearer object at 0x0000012C233CCA70>|get_db,get_current_user,add|flush,,,
POST,/v1/customer/coaching/appointment-drafts/{draft_id}/select-slot,select_slot,app.engines.coaching_appointment.customer_router,app\engines\coaching_appointment\customer_router.py,128,Customer Coaching Appointment Drafts,False,True,select_slot|get_current_user|<fastapi.security.http.HTTPBearer object at 0x0000012C233CCA70>|get_db,get_current_user,add|flush,,,
POST,/v1/customer/coaching/appointment-drafts/{draft_id}/fee-estimate,get_fee_estimate,app.engines.coaching_appointment.customer_router,app\engines\coaching_appointment\customer_router.py,152,Customer Coaching Appointment Drafts,False,True,get_fee_estimate|get_current_user|<fastapi.security.http.HTTPBearer object at 0x0000012C233CCA70>|get_db,get_current_user,add|flush,,,
POST,/v1/customer/coaching/appointment-drafts/{draft_id}/summary,get_appointment_summary,app.engines.coaching_appointment.customer_router,app\engines\coaching_appointment\customer_router.py,166,Customer Coaching Appointment Drafts,False,True,get_appointment_summary|get_current_user|<fastapi.security.http.HTTPBearer object at 0x0000012C233CCA70>|get_db,get_current_user,add|flush,,,
POST,/v1/customer/coaching/appointment-drafts/{draft_id}/confirm,confirm_draft,app.engines.coaching_appointment.customer_router,app\engines\coaching_appointment\customer_router.py,180,Customer Coaching Appointment Drafts,False,True,confirm_draft|get_current_user|<fastapi.security.http.HTTPBearer object at 0x0000012C233CCA70>|get_db,get_current_user,commit,,,
POST,/v1/customer/coaching/appointment-drafts/{draft_id}/cancel,cancel_draft,app.engines.coaching_appointment.customer_router,app\engines\coaching_appointment\customer_router.py,204,Customer Coaching Appointment Drafts,False,True,cancel_draft|get_current_user|<fastapi.security.http.HTTPBearer object at 0x0000012C233CCA70>|get_db,get_current_user,add|flush,,,
GET,/v1/admin/coaching/appointment-drafts,admin_list_drafts,app.engines.coaching_appointment.admin_router,app\engines\coaching_appointment\admin_router.py,23,Admin Coaching Appointment Drafts,False,True,admin_list_drafts|require_super_admin|get_current_user|<fastapi.security.http.HTTPBearer object at 0x0000012C233CCA70>|get_db,require_super_admin|get_current_user,,,,
GET,/v1/admin/coaching/appointment-drafts/{draft_id},admin_get_draft,app.engines.coaching_appointment.admin_router,app\engines\coaching_appointment\admin_router.py,38,Admin Coaching Appointment Drafts,False,True,admin_get_draft|require_super_admin|get_current_user|<fastapi.security.http.HTTPBearer object at 0x0000012C233CCA70>|get_db,require_super_admin|get_current_user,,,,
GET,/v1/admin/coaching/appointment-drafts/{draft_id}/events,admin_get_draft_events,app.engines.coaching_appointment.admin_router,app\engines\coaching_appointment\admin_router.py,50,Admin Coaching Appointment Drafts,False,True,admin_get_draft_events|require_super_admin|get_current_user|<fastapi.security.http.HTTPBearer object at 0x0000012C233CCA70>|get_db,require_super_admin|get_current_user,,,,
GET,/v1/admin/coaching/appointment-slot-holds,admin_list_slot_holds,app.engines.coaching_appointment.admin_router,app\engines\coaching_appointment\admin_router.py,62,Admin Coaching Appointment Drafts,False,True,admin_list_slot_holds|require_super_admin|get_current_user|<fastapi.security.http.HTTPBearer object at 0x0000012C233CCA70>|get_db,require_super_admin|get_current_user,,,,
POST,/v1/customer/real-estate/lead-drafts,start_lead_draft,app.engines.real_estate_lead.customer_router,app\engines\real_estate_lead\customer_router.py,21,Customer Real Estate Lead Drafts,False,True,start_lead_draft,NONE,add|commit|flush,,_log_event,
GET,/v1/customer/real-estate/lead-drafts/{draft_id},get_lead_draft,app.engines.real_estate_lead.customer_router,app\engines\real_estate_lead\customer_router.py,55,Customer Real Estate Lead Drafts,False,True,get_lead_draft,NONE,,,,
PUT,/v1/customer/real-estate/lead-drafts/{draft_id},update_lead_draft,app.engines.real_estate_lead.customer_router,app\engines\real_estate_lead\customer_router.py,74,Customer Real Estate Lead Drafts,False,True,update_lead_draft,NONE,add|commit|flush|raw_sql,,_log_event,
POST,/v1/customer/real-estate/lead-drafts/{draft_id}/check-location,check_location,app.engines.real_estate_lead.customer_router,app\engines\real_estate_lead\customer_router.py,100,Customer Real Estate Lead Drafts,False,True,check_location,NONE,add|commit|flush,,_log_event,
POST,/v1/customer/real-estate/lead-drafts/{draft_id}/find-providers,find_providers,app.engines.real_estate_lead.customer_router,app\engines\real_estate_lead\customer_router.py,121,Customer Real Estate Lead Drafts,False,True,find_providers,NONE,add|commit|flush,,_log_event,
POST,/v1/customer/real-estate/lead-drafts/{draft_id}/fallback-options,get_fallback_options,app.engines.real_estate_lead.customer_router,app\engines\real_estate_lead\customer_router.py,142,Customer Real Estate Lead Drafts,False,True,get_fallback_options,NONE,add|commit|flush,,_log_event,
POST,/v1/customer/real-estate/lead-drafts/{draft_id}/score,calculate_score,app.engines.real_estate_lead.customer_router,app\engines\real_estate_lead\customer_router.py,163,Customer Real Estate Lead Drafts,False,True,calculate_score,NONE,add|commit|flush,,_log_event,
POST,/v1/customer/real-estate/lead-drafts/{draft_id}/summary,build_summary,app.engines.real_estate_lead.customer_router,app\engines\real_estate_lead\customer_router.py,184,Customer Real Estate Lead Drafts,False,True,build_summary,NONE,add|commit|flush,,_log_event,
POST,/v1/customer/real-estate/lead-drafts/{draft_id}/confirm,confirm_draft,app.engines.real_estate_lead.customer_router,app\engines\real_estate_lead\customer_router.py,205,Customer Real Estate Lead Drafts,False,True,confirm_draft,NONE,commit,,,
POST,/v1/customer/real-estate/lead-drafts/{draft_id}/cancel,cancel_draft,app.engines.real_estate_lead.customer_router,app\engines\real_estate_lead\customer_router.py,234,Customer Real Estate Lead Drafts,False,True,cancel_draft,NONE,add|commit|flush,,_log_event,
GET,/v1/admin/real-estate/lead-drafts,admin_list_drafts,app.engines.real_estate_lead.admin_router,app\engines\real_estate_lead\admin_router.py,21,Admin Real Estate Lead Drafts,False,True,admin_list_drafts|require_super_admin|get_current_user|<fastapi.security.http.HTTPBearer object at 0x0000012C233CCA70>,require_super_admin|get_current_user,,,,
GET,/v1/admin/real-estate/lead-drafts/{draft_id},admin_get_draft,app.engines.real_estate_lead.admin_router,app\engines\real_estate_lead\admin_router.py,49,Admin Real Estate Lead Drafts,False,True,admin_get_draft|require_super_admin|get_current_user|<fastapi.security.http.HTTPBearer object at 0x0000012C233CCA70>,require_super_admin|get_current_user,,,,
GET,/v1/admin/real-estate/lead-drafts/{draft_id}/events,admin_get_draft_events,app.engines.real_estate_lead.admin_router,app\engines\real_estate_lead\admin_router.py,68,Admin Real Estate Lead Drafts,False,True,admin_get_draft_events|require_super_admin|get_current_user|<fastapi.security.http.HTTPBearer object at 0x0000012C233CCA70>,require_super_admin|get_current_user,,,,
GET,/v1/admin/real-estate/lead-routing-rules,admin_list_routing_rules,app.engines.real_estate_lead.admin_router,app\engines\real_estate_lead\admin_router.py,87,Admin Real Estate Lead Drafts,False,True,admin_list_routing_rules|require_super_admin|get_current_user|<fastapi.security.http.HTTPBearer object at 0x0000012C233CCA70>,require_super_admin|get_current_user,,,,
POST,/v1/admin/real-estate/lead-routing-rules,admin_create_routing_rule,app.engines.real_estate_lead.admin_router,app\engines\real_estate_lead\admin_router.py,111,Admin Real Estate Lead Drafts,False,True,admin_create_routing_rule|require_super_admin|get_current_user|<fastapi.security.http.HTTPBearer object at 0x0000012C233CCA70>,require_super_admin|get_current_user,add|commit|flush,,,
PUT,/v1/admin/real-estate/lead-routing-rules/{rule_id},admin_update_routing_rule,app.engines.real_estate_lead.admin_router,app\engines\real_estate_lead\admin_router.py,136,Admin Real Estate Lead Drafts,False,True,admin_update_routing_rule|require_super_admin|get_current_user|<fastapi.security.http.HTTPBearer object at 0x0000012C233CCA70>,require_super_admin|get_current_user,commit|flush|raw_sql,,,
POST,/v1/admin/real-estate/lead-routing-rules/{rule_id}/activate,admin_activate_rule,app.engines.real_estate_lead.admin_router,app\engines\real_estate_lead\admin_router.py,158,Admin Real Estate Lead Drafts,False,True,admin_activate_rule|require_super_admin|get_current_user|<fastapi.security.http.HTTPBearer object at 0x0000012C233CCA70>,require_super_admin|get_current_user,commit|flush,,,
POST,/v1/admin/real-estate/lead-routing-rules/{rule_id}/deactivate,admin_deactivate_rule,app.engines.real_estate_lead.admin_router,app\engines\real_estate_lead\admin_router.py,179,Admin Real Estate Lead Drafts,False,True,admin_deactivate_rule|require_super_admin|get_current_user|<fastapi.security.http.HTTPBearer object at 0x0000012C233CCA70>,require_super_admin|get_current_user,commit|flush,,,
POST,/v1/admin/real-estate/seed,admin_seed_real_estate,app.engines.real_estate_lead.admin_router,app\engines\real_estate_lead\admin_router.py,200,Admin Real Estate Lead Drafts,False,True,admin_seed_real_estate|require_super_admin|get_current_user|<fastapi.security.http.HTTPBearer object at 0x0000012C233CCA70>,require_super_admin|get_current_user,commit,,,
POST,/v1/admin/real-estate/expire-drafts,admin_expire_drafts,app.engines.real_estate_lead.admin_router,app\engines\real_estate_lead\admin_router.py,222,Admin Real Estate Lead Drafts,False,True,admin_expire_drafts|require_super_admin|get_current_user|<fastapi.security.http.HTTPBearer object at 0x0000012C233CCA70>,require_super_admin|get_current_user,commit,,,
POST,/v1/customer/confirm/home-service-booking/{draft_id},confirm_home_service_booking,app.engines.final_records.confirm_router,app\engines\final_records\confirm_router.py,49,Customer Final Confirmation,False,True,confirm_home_service_booking|get_current_user|<fastapi.security.http.HTTPBearer object at 0x0000012C233CCA70>|get_db,get_current_user,add|commit|flush,,_audit,
POST,/v1/customer/confirm/coaching-appointment/{draft_id},confirm_coaching_appointment,app.engines.final_records.confirm_router,app\engines\final_records\confirm_router.py,93,Customer Final Confirmation,False,True,confirm_coaching_appointment|get_current_user|<fastapi.security.http.HTTPBearer object at 0x0000012C233CCA70>|get_db,get_current_user,add|commit|flush,,_audit,
POST,/v1/customer/confirm/real-estate-lead/{draft_id},confirm_real_estate_lead,app.engines.final_records.confirm_router,app\engines\final_records\confirm_router.py,135,Customer Final Confirmation,False,True,confirm_real_estate_lead|get_current_user|<fastapi.security.http.HTTPBearer object at 0x0000012C233CCA70>|get_db,get_current_user,add|commit|flush,,_audit,
GET,/v1/customer/my-activity,get_activity_summary,app.engines.final_records.customer_router,app\engines\final_records\customer_router.py,38,Customer My Activity,False,True,get_activity_summary|get_current_user|<fastapi.security.http.HTTPBearer object at 0x0000012C233CCA70>|get_db,get_current_user,,,,
GET,/v1/customer/my-activity/bookings,list_my_bookings,app.engines.final_records.customer_router,app\engines\final_records\customer_router.py,65,Customer My Activity,False,True,list_my_bookings|get_current_user|<fastapi.security.http.HTTPBearer object at 0x0000012C233CCA70>|get_db,get_current_user,,,,
GET,/v1/customer/my-activity/bookings/{booking_id},get_my_booking,app.engines.final_records.customer_router,app\engines\final_records\customer_router.py,97,Customer My Activity,False,True,get_my_booking|get_current_user|<fastapi.security.http.HTTPBearer object at 0x0000012C233CCA70>|get_db,get_current_user,,,,
GET,/v1/customer/my-activity/jobs/{job_id},get_my_job,app.engines.final_records.customer_router,app\engines\final_records\customer_router.py,127,Customer My Activity,False,True,get_my_job|get_current_user|<fastapi.security.http.HTTPBearer object at 0x0000012C233CCA70>|get_db,get_current_user,,,,
GET,/v1/customer/my-activity/appointments,list_my_appointments,app.engines.final_records.customer_router,app\engines\final_records\customer_router.py,146,Customer My Activity,False,True,list_my_appointments|get_current_user|<fastapi.security.http.HTTPBearer object at 0x0000012C233CCA70>|get_db,get_current_user,,,,
GET,/v1/customer/my-activity/appointments/{appointment_id},get_my_appointment,app.engines.final_records.customer_router,app\engines\final_records\customer_router.py,178,Customer My Activity,False,True,get_my_appointment|get_current_user|<fastapi.security.http.HTTPBearer object at 0x0000012C233CCA70>|get_db,get_current_user,,,,
GET,/v1/customer/my-activity/leads,list_my_leads,app.engines.final_records.customer_router,app\engines\final_records\customer_router.py,200,Customer My Activity,False,True,list_my_leads|get_current_user|<fastapi.security.http.HTTPBearer object at 0x0000012C233CCA70>|get_db,get_current_user,,,,
GET,/v1/customer/my-activity/leads/{lead_id},get_my_lead,app.engines.final_records.customer_router,app\engines\final_records\customer_router.py,232,Customer My Activity,False,True,get_my_lead|get_current_user|<fastapi.security.http.HTTPBearer object at 0x0000012C233CCA70>|get_db,get_current_user,,,,
GET,/v1/provider/my-records,get_provider_records_summary,app.engines.final_records.provider_router,app\engines\final_records\provider_router.py,46,Provider Records,False,True,get_provider_records_summary|get_current_user|<fastapi.security.http.HTTPBearer object at 0x0000012C233CCA70>|get_db,get_current_user,,,,
GET,/v1/provider/my-records/bookings,list_provider_bookings,app.engines.final_records.provider_router,app\engines\final_records\provider_router.py,70,Provider Records,False,True,list_provider_bookings|get_current_user|<fastapi.security.http.HTTPBearer object at 0x0000012C233CCA70>|get_db,get_current_user,,,,
GET,/v1/provider/my-records/bookings/{booking_id},get_provider_booking,app.engines.final_records.provider_router,app\engines\final_records\provider_router.py,98,Provider Records,False,True,get_provider_booking|get_current_user|<fastapi.security.http.HTTPBearer object at 0x0000012C233CCA70>|get_db,get_current_user,,,,
GET,/v1/provider/my-records/jobs,list_provider_jobs,app.engines.final_records.provider_router,app\engines\final_records\provider_router.py,115,Provider Records,False,True,list_provider_jobs|get_current_user|<fastapi.security.http.HTTPBearer object at 0x0000012C233CCA70>|get_db,get_current_user,,,,
GET,/v1/provider/my-records/jobs/{job_id},get_provider_job,app.engines.final_records.provider_router,app\engines\final_records\provider_router.py,143,Provider Records,False,True,get_provider_job|get_current_user|<fastapi.security.http.HTTPBearer object at 0x0000012C233CCA70>|get_db,get_current_user,,,,
GET,/v1/provider/my-records/appointments,list_provider_appointments,app.engines.final_records.provider_router,app\engines\final_records\provider_router.py,160,Provider Records,False,True,list_provider_appointments|get_current_user|<fastapi.security.http.HTTPBearer object at 0x0000012C233CCA70>|get_db,get_current_user,,,,
GET,/v1/provider/my-records/appointments/{appointment_id},get_provider_appointment,app.engines.final_records.provider_router,app\engines\final_records\provider_router.py,188,Provider Records,False,True,get_provider_appointment|get_current_user|<fastapi.security.http.HTTPBearer object at 0x0000012C233CCA70>|get_db,get_current_user,,,,
GET,/v1/provider/my-records/leads,list_provider_leads,app.engines.final_records.provider_router,app\engines\final_records\provider_router.py,208,Provider Records,False,True,list_provider_leads|get_current_user|<fastapi.security.http.HTTPBearer object at 0x0000012C233CCA70>|get_db,get_current_user,,,,
GET,/v1/provider/my-records/leads/{lead_id},get_provider_lead,app.engines.final_records.provider_router,app\engines\final_records\provider_router.py,236,Provider Records,False,True,get_provider_lead|get_current_user|<fastapi.security.http.HTTPBearer object at 0x0000012C233CCA70>|get_db,get_current_user,,,,
GET,/v1/admin/final-records/bookings,admin_list_bookings,app.engines.final_records.admin_router,app\engines\final_records\admin_router.py,55,Admin Final Records,False,True,admin_list_bookings|require_super_admin|get_current_user|<fastapi.security.http.HTTPBearer object at 0x0000012C233CCA70>,require_super_admin|get_current_user,,,,
GET,/v1/admin/final-records/bookings/{booking_id},admin_get_booking,app.engines.final_records.admin_router,app\engines\final_records\admin_router.py,84,Admin Final Records,False,True,admin_get_booking|require_super_admin|get_current_user|<fastapi.security.http.HTTPBearer object at 0x0000012C233CCA70>,require_super_admin|get_current_user,,,,
GET,/v1/admin/final-records/jobs/summary,admin_jobs_summary,app.engines.final_records.admin_router,app\engines\final_records\admin_router.py,102,Admin Final Records,False,True,admin_jobs_summary|require_super_admin|get_current_user|<fastapi.security.http.HTTPBearer object at 0x0000012C233CCA70>,require_super_admin|get_current_user,,,,
GET,/v1/admin/final-records/jobs,admin_list_jobs,app.engines.final_records.admin_router,app\engines\final_records\admin_router.py,116,Admin Final Records,False,True,admin_list_jobs|require_super_admin|get_current_user|<fastapi.security.http.HTTPBearer object at 0x0000012C233CCA70>,require_super_admin|get_current_user,,,,
GET,/v1/admin/final-records/jobs/{job_id},admin_get_job,app.engines.final_records.admin_router,app\engines\final_records\admin_router.py,170,Admin Final Records,False,True,admin_get_job|require_super_admin|get_current_user|<fastapi.security.http.HTTPBearer object at 0x0000012C233CCA70>,require_super_admin|get_current_user,,,,
GET,/v1/admin/final-records/appointments,admin_list_appointments,app.engines.final_records.admin_router,app\engines\final_records\admin_router.py,211,Admin Final Records,False,True,admin_list_appointments|require_super_admin|get_current_user|<fastapi.security.http.HTTPBearer object at 0x0000012C233CCA70>,require_super_admin|get_current_user,,,,
GET,/v1/admin/final-records/appointments/{appointment_id},admin_get_appointment,app.engines.final_records.admin_router,app\engines\final_records\admin_router.py,239,Admin Final Records,False,True,admin_get_appointment|require_super_admin|get_current_user|<fastapi.security.http.HTTPBearer object at 0x0000012C233CCA70>,require_super_admin|get_current_user,,,,
GET,/v1/admin/final-records/leads,admin_list_leads,app.engines.final_records.admin_router,app\engines\final_records\admin_router.py,255,Admin Final Records,False,True,admin_list_leads|require_super_admin|get_current_user|<fastapi.security.http.HTTPBearer object at 0x0000012C233CCA70>,require_super_admin|get_current_user,,,,
GET,/v1/admin/final-records/leads/{lead_id},admin_get_lead,app.engines.final_records.admin_router,app\engines\final_records\admin_router.py,286,Admin Final Records,False,True,admin_get_lead|require_super_admin|get_current_user|<fastapi.security.http.HTTPBearer object at 0x0000012C233CCA70>,require_super_admin|get_current_user,,,,
GET,/v1/admin/final-records/audit-logs,admin_list_audit_logs,app.engines.final_records.admin_router,app\engines\final_records\admin_router.py,300,Admin Final Records,False,True,admin_list_audit_logs|require_super_admin|get_current_user|<fastapi.security.http.HTTPBearer object at 0x0000012C233CCA70>,require_super_admin|get_current_user,,,,
GET,/v1/admin/final-records/confirmations,admin_list_confirmations,app.engines.final_records.admin_router,app\engines\final_records\admin_router.py,323,Admin Final Records,False,True,admin_list_confirmations|require_super_admin|get_current_user|<fastapi.security.http.HTTPBearer object at 0x0000012C233CCA70>,require_super_admin|get_current_user,,,,
GET,/v1/provider/service-jobs/assignable,list_assignable_jobs,app.engines.home_service_assignment.provider_router,app\engines\home_service_assignment\provider_router.py,73,Provider Service Job Assignment,False,True,list_assignable_jobs|get_current_user|<fastapi.security.http.HTTPBearer object at 0x0000012C233CCA70>|get_db,get_current_user,,,,self.tenant_id|user.tenant_id
GET,/v1/provider/service-jobs/{job_id}/assignment-context,get_assignment_context,app.engines.home_service_assignment.provider_router,app\engines\home_service_assignment\provider_router.py,89,Provider Service Job Assignment,False,True,get_assignment_context|get_current_user|<fastapi.security.http.HTTPBearer object at 0x0000012C233CCA70>|get_db,get_current_user,,,,self.tenant_id|user.tenant_id
GET,/v1/provider/service-jobs/{job_id}/eligible-staff,list_eligible_staff,app.engines.home_service_assignment.provider_router,app\engines\home_service_assignment\provider_router.py,107,Provider Service Job Assignment,False,True,list_eligible_staff|get_current_user|<fastapi.security.http.HTTPBearer object at 0x0000012C233CCA70>|get_db,get_current_user,,,,user.tenant_id
POST,/v1/provider/service-jobs/{job_id}/assign,assign_job,app.engines.home_service_assignment.provider_router,app\engines\home_service_assignment\provider_router.py,125,Provider Service Job Assignment,False,True,assign_job|require_tenant_owner_mutation|require_tenant_owner|get_current_user|<fastapi.security.http.HTTPBearer object at 0x0000012C233CCA70>|get_db,require_tenant_owner_mutation|require_tenant_owner|get_current_user,add|commit|flush,,,user.tenant_id
POST,/v1/provider/service-jobs/{job_id}/reassign,reassign_job,app.engines.home_service_assignment.provider_router,app\engines\home_service_assignment\provider_router.py,151,Provider Service Job Assignment,False,True,reassign_job|require_tenant_owner_mutation|require_tenant_owner|get_current_user|<fastapi.security.http.HTTPBearer object at 0x0000012C233CCA70>|get_db,require_tenant_owner_mutation|require_tenant_owner|get_current_user,add|commit|flush,,,user.tenant_id
POST,/v1/provider/service-jobs/{job_id}/cancel-assignment,cancel_assignment,app.engines.home_service_assignment.provider_router,app\engines\home_service_assignment\provider_router.py,175,Provider Service Job Assignment,False,True,cancel_assignment|require_tenant_owner_mutation|require_tenant_owner|get_current_user|<fastapi.security.http.HTTPBearer object at 0x0000012C233CCA70>|get_db,require_tenant_owner_mutation|require_tenant_owner|get_current_user,add|commit|flush,,,user.tenant_id
POST,/v1/provider/service-jobs/{job_id}/schedule,schedule_job,app.engines.home_service_assignment.provider_router,app\engines\home_service_assignment\provider_router.py,198,Provider Service Job Assignment,False,True,schedule_job|require_tenant_owner_mutation|require_tenant_owner|get_current_user|<fastapi.security.http.HTTPBearer object at 0x0000012C233CCA70>|get_db,require_tenant_owner_mutation|require_tenant_owner|get_current_user,add|commit|flush,,,user.tenant_id
GET,/v1/provider/service-jobs/{job_id}/assignment-timeline,get_assignment_timeline,app.engines.home_service_assignment.provider_router,app\engines\home_service_assignment\provider_router.py,223,Provider Service Job Assignment,False,True,get_assignment_timeline|get_current_user|<fastapi.security.http.HTTPBearer object at 0x0000012C233CCA70>|get_db,get_current_user,,,,self.tenant_id|user.tenant_id
GET,/v1/staff/service-jobs,list_my_jobs,app.engines.home_service_assignment.staff_router,app\engines\home_service_assignment\staff_router.py,76,Staff Service Jobs,False,True,list_my_jobs|get_current_user|<fastapi.security.http.HTTPBearer object at 0x0000012C233CCA70>|get_db,get_current_user,,,,self.tenant_id
GET,/v1/staff/service-jobs/{job_id},get_my_job,app.engines.home_service_assignment.staff_router,app\engines\home_service_assignment\staff_router.py,92,Staff Service Jobs,False,True,get_my_job|get_current_user|<fastapi.security.http.HTTPBearer object at 0x0000012C233CCA70>|get_db,get_current_user,,,,self.tenant_id
POST,/v1/staff/service-jobs/{job_id}/accept,accept_job,app.engines.home_service_assignment.staff_router,app\engines\home_service_assignment\staff_router.py,110,Staff Service Jobs,False,True,accept_job|require_staff_or_above_mutation|require_staff_or_above|get_current_user|<fastapi.security.http.HTTPBearer object at 0x0000012C233CCA70>|get_db,get_current_user,add|commit|flush,,,user.tenant_id
POST,/v1/staff/service-jobs/{job_id}/reject,reject_job,app.engines.home_service_assignment.staff_router,app\engines\home_service_assignment\staff_router.py,129,Staff Service Jobs,False,True,reject_job|require_staff_or_above_mutation|require_staff_or_above|get_current_user|<fastapi.security.http.HTTPBearer object at 0x0000012C233CCA70>|get_db,get_current_user,add|commit|flush,,,user.tenant_id
GET,/v1/staff/service-jobs/{job_id}/assignment-timeline,get_my_job_timeline,app.engines.home_service_assignment.staff_router,app\engines\home_service_assignment\staff_router.py,149,Staff Service Jobs,False,True,get_my_job_timeline|get_current_user|<fastapi.security.http.HTTPBearer object at 0x0000012C233CCA70>|get_db,get_current_user,,,,self.tenant_id
GET,/v1/customer/bookings,list_bookings,app.engines.home_service_assignment.customer_router,app\engines\home_service_assignment\customer_router.py,43,Customer Booking Tracking,False,True,list_bookings|get_current_user|<fastapi.security.http.HTTPBearer object at 0x0000012C233CCA70>|get_db,get_current_user,,,,
GET,/v1/customer/bookings/{booking_id},get_booking,app.engines.home_service_assignment.customer_router,app\engines\home_service_assignment\customer_router.py,80,Customer Booking Tracking,False,True,get_booking|get_current_user|<fastapi.security.http.HTTPBearer object at 0x0000012C233CCA70>|get_db,get_current_user,,,,
GET,/v1/customer/bookings/{booking_id}/tracking,get_booking_tracking,app.engines.home_service_assignment.customer_router,app\engines\home_service_assignment\customer_router.py,131,Customer Booking Tracking,False,True,get_booking_tracking|get_current_user|<fastapi.security.http.HTTPBearer object at 0x0000012C233CCA70>|get_db,get_current_user,,,,
POST,/v1/customer/bookings/{booking_id}/rating,submit_booking_rating,app.engines.home_service_assignment.customer_router,app\engines\home_service_assignment\customer_router.py,197,Customer Booking Tracking,False,True,submit_booking_rating|get_current_user|<fastapi.security.http.HTTPBearer object at 0x0000012C233CCA70>|get_db,get_current_user,,,,self.tenant_id
GET,/v1/customer/bookings/{booking_id}/rating,get_booking_rating,app.engines.home_service_assignment.customer_router,app\engines\home_service_assignment\customer_router.py,251,Customer Booking Tracking,False,True,get_booking_rating|get_current_user|<fastapi.security.http.HTTPBearer object at 0x0000012C233CCA70>|get_db,get_current_user,,,,
POST,/v1/customer/bookings/{booking_id}/cancel,cancel_booking,app.engines.home_service_assignment.customer_router,app\engines\home_service_assignment\customer_router.py,301,Customer Booking Tracking,False,True,cancel_booking|get_current_user|<fastapi.security.http.HTTPBearer object at 0x0000012C233CCA70>|get_db,get_current_user,add|commit|flush,,,
POST,/v1/customer/bookings/{booking_id}/reschedule,reschedule_booking,app.engines.home_service_assignment.customer_router,app\engines\home_service_assignment\customer_router.py,321,Customer Booking Tracking,False,True,reschedule_booking|get_current_user|<fastapi.security.http.HTTPBearer object at 0x0000012C233CCA70>|get_db,get_current_user,add|commit|flush,,,
GET,/v1/admin/service-job-assignments,list_assignments,app.engines.home_service_assignment.admin_router,app\engines\home_service_assignment\admin_router.py,41,Admin Service Job Assignments,False,True,list_assignments|require_super_admin|get_current_user|<fastapi.security.http.HTTPBearer object at 0x0000012C233CCA70>|get_db,require_super_admin|get_current_user,,,,self.tenant_id
GET,/v1/admin/service-job-assignments/unassigned,list_unassigned_jobs,app.engines.home_service_assignment.admin_router,app\engines\home_service_assignment\admin_router.py,66,Admin Service Job Assignments,False,True,list_unassigned_jobs|require_super_admin|get_current_user|<fastapi.security.http.HTTPBearer object at 0x0000012C233CCA70>|get_db,require_super_admin|get_current_user,,,,self.tenant_id
GET,/v1/admin/service-job-assignments/assigned,list_assigned_jobs,app.engines.home_service_assignment.admin_router,app\engines\home_service_assignment\admin_router.py,86,Admin Service Job Assignments,False,True,list_assigned_jobs|require_super_admin|get_current_user|<fastapi.security.http.HTTPBearer object at 0x0000012C233CCA70>|get_db,require_super_admin|get_current_user,,,,self.tenant_id
GET,/v1/admin/service-job-assignments/{assignment_id},get_assignment,app.engines.home_service_assignment.admin_router,app\engines\home_service_assignment\admin_router.py,108,Admin Service Job Assignments,False,True,get_assignment|require_super_admin|get_current_user|<fastapi.security.http.HTTPBearer object at 0x0000012C233CCA70>|get_db,require_super_admin|get_current_user,,,,self.tenant_id
GET,/v1/admin/service-jobs/{job_id}/assignment-timeline,admin_get_timeline,app.engines.home_service_assignment.admin_router,app\engines\home_service_assignment\admin_router.py,134,Admin Service Job Assignments,False,True,admin_get_timeline|require_super_admin|get_current_user|<fastapi.security.http.HTTPBearer object at 0x0000012C233CCA70>|get_db,require_super_admin|get_current_user,,,,self.tenant_id
GET,/v1/admin/service-jobs/{job_id}/eligible-technicians,admin_list_eligible_technicians,app.engines.home_service_assignment.admin_router,app\engines\home_service_assignment\admin_router.py,173,Admin Service Job Assignments,False,True,admin_list_eligible_technicians|require_admin_jobs_read|get_current_user|<fastapi.security.http.HTTPBearer object at 0x0000012C233CCA70>|get_db,get_current_user,,,,
POST,/v1/admin/service-jobs/{job_id}/reassign,admin_reassign_job,app.engines.home_service_assignment.admin_router,app\engines\home_service_assignment\admin_router.py,202,Admin Service Job Assignments,False,True,admin_reassign_job|require_admin_jobs_reassign|get_current_user|<fastapi.security.http.HTTPBearer object at 0x0000012C233CCA70>|get_db,get_current_user,add|commit|flush,,record_platform_audit,
POST,/v1/staff/service-jobs/{job_id}/on-the-way,staff_on_the_way,app.engines.execution.home_service_router,app\engines\execution\home_service_router.py,137,Sprint21-Staff-HomeService,False,True,staff_on_the_way|require_staff_or_above_mutation|require_staff_or_above|get_current_user|<fastapi.security.http.HTTPBearer object at 0x0000012C233CCA70>|get_db,get_current_user,add|commit|flush,,_log_event,user.tenant_id
POST,/v1/staff/service-jobs/{job_id}/reached-site,staff_reached_site,app.engines.execution.home_service_router,app\engines\execution\home_service_router.py,145,Sprint21-Staff-HomeService,False,True,staff_reached_site|require_staff_or_above_mutation|require_staff_or_above|get_current_user|<fastapi.security.http.HTTPBearer object at 0x0000012C233CCA70>|get_db,get_current_user,add|commit|flush,,_log_event,user.tenant_id
POST,/v1/staff/service-jobs/{job_id}/start-inspection,staff_start_inspection,app.engines.execution.home_service_router,app\engines\execution\home_service_router.py,153,Sprint21-Staff-HomeService,False,True,staff_start_inspection|require_staff_or_above_mutation|require_staff_or_above|get_current_user|<fastapi.security.http.HTTPBearer object at 0x0000012C233CCA70>|get_db,get_current_user,add|commit|flush,,_log_event,user.tenant_id
POST,/v1/staff/service-jobs/{job_id}/complete-inspection,staff_complete_inspection,app.engines.execution.home_service_router,app\engines\execution\home_service_router.py,161,Sprint21-Staff-HomeService,False,True,staff_complete_inspection|require_staff_or_above_mutation|require_staff_or_above|get_current_user|<fastapi.security.http.HTTPBearer object at 0x0000012C233CCA70>|get_db,get_current_user,add|commit|flush,,_log_event,user.tenant_id
POST,/v1/staff/service-jobs/{job_id}/start-service,staff_start_service,app.engines.execution.home_service_router,app\engines\execution\home_service_router.py,169,Sprint21-Staff-HomeService,False,True,staff_start_service|require_staff_or_above_mutation|require_staff_or_above|get_current_user|<fastapi.security.http.HTTPBearer object at 0x0000012C233CCA70>|get_db,get_current_user,add|commit|flush,,_log_event,user.tenant_id
POST,/v1/staff/service-jobs/{job_id}/work-done,staff_work_done,app.engines.execution.home_service_router,app\engines\execution\home_service_router.py,177,Sprint21-Staff-HomeService,False,True,staff_work_done|require_staff_or_above_mutation|require_staff_or_above|get_current_user|<fastapi.security.http.HTTPBearer object at 0x0000012C233CCA70>|get_db,get_current_user,add|commit|flush,,_log_event,user.tenant_id
POST,/v1/staff/service-jobs/{job_id}/customer-not-available,staff_customer_not_available,app.engines.execution.home_service_router,app\engines\execution\home_service_router.py,185,Sprint21-Staff-HomeService,False,True,staff_customer_not_available|require_staff_or_above_mutation|require_staff_or_above|get_current_user|<fastapi.security.http.HTTPBearer object at 0x0000012C233CCA70>|get_db,get_current_user,add|commit|flush,,_log_event,user.tenant_id
POST,/v1/staff/service-jobs/{job_id}/quote-required,staff_quote_required,app.engines.execution.home_service_router,app\engines\execution\home_service_router.py,193,Sprint21-Staff-HomeService,False,True,staff_quote_required|require_staff_or_above_mutation|require_staff_or_above|get_current_user|<fastapi.security.http.HTTPBearer object at 0x0000012C233CCA70>|get_db,get_current_user,add|commit|flush,,_log_event,user.tenant_id
POST,/v1/staff/service-jobs/{job_id}/parts-required,staff_parts_required,app.engines.execution.home_service_router,app\engines\execution\home_service_router.py,201,Sprint21-Staff-HomeService,False,True,staff_parts_required|require_staff_or_above_mutation|require_staff_or_above|get_current_user|<fastapi.security.http.HTTPBearer object at 0x0000012C233CCA70>|get_db,get_current_user,add|commit|flush,,_log_event,user.tenant_id
POST,/v1/staff/service-jobs/{job_id}/notes,staff_add_note,app.engines.execution.home_service_router,app\engines\execution\home_service_router.py,209,Sprint21-Staff-HomeService,False,True,staff_add_note|require_staff_or_above_mutation|require_staff_or_above|get_current_user|<fastapi.security.http.HTTPBearer object at 0x0000012C233CCA70>|get_db,get_current_user,add|commit|flush,,_log_event,user.tenant_id
POST,/v1/staff/service-jobs/{job_id}/diagnosis-notes,staff_add_diagnosis_note,app.engines.execution.home_service_router,app\engines\execution\home_service_router.py,218,Sprint21-Staff-HomeService,False,True,staff_add_diagnosis_note|require_staff_or_above_mutation|require_staff_or_above|get_current_user|<fastapi.security.http.HTTPBearer object at 0x0000012C233CCA70>|get_db,get_current_user,add|commit|flush,,_log_event,user.tenant_id
POST,/v1/staff/service-jobs/{job_id}/media,staff_upload_media,app.engines.execution.home_service_router,app\engines\execution\home_service_router.py,226,Sprint21-Staff-HomeService,False,True,staff_upload_media|require_staff_or_above_mutation|require_staff_or_above|get_current_user|<fastapi.security.http.HTTPBearer object at 0x0000012C233CCA70>|get_db,get_current_user,add|commit|flush,,_log_event,user.tenant_id
GET,/v1/staff/service-jobs/{job_id}/timeline,staff_get_timeline,app.engines.execution.home_service_router,app\engines\execution\home_service_router.py,240,Sprint21-Staff-HomeService,False,True,staff_get_timeline|get_current_user|<fastapi.security.http.HTTPBearer object at 0x0000012C233CCA70>|get_db,get_current_user,,,,user.tenant_id
POST,/v1/staff/service-jobs/{job_id}/parts-requests,staff_create_parts_request,app.engines.execution.home_service_router,app\engines\execution\home_service_router.py,248,Sprint21-Staff-HomeService,False,True,staff_create_parts_request|require_staff_or_above_mutation|require_staff_or_above|get_current_user|<fastapi.security.http.HTTPBearer object at 0x0000012C233CCA70>|get_db,get_current_user,add|commit|flush,,_log_event,user.tenant_id
GET,/v1/staff/service-jobs/{job_id}/parts-requests,staff_list_parts_requests,app.engines.execution.home_service_router,app\engines\execution\home_service_router.py,262,Sprint21-Staff-HomeService,False,True,staff_list_parts_requests|get_current_user|<fastapi.security.http.HTTPBearer object at 0x0000012C233CCA70>|get_db,get_current_user,,,,user.tenant_id
POST,/v1/staff/service-jobs/{job_id}/complete,staff_complete_job,app.engines.execution.home_service_router,app\engines\execution\home_service_router.py,270,Sprint21-Staff-HomeService,False,True,staff_complete_job|require_staff_or_above_mutation|require_staff_or_above|get_current_user|<fastapi.security.http.HTTPBearer object at 0x0000012C233CCA70>|get_db,get_current_user,add|commit|flush,,_log_event,user.tenant_id
POST,/v1/provider/service-jobs/{job_id}/cancel,provider_cancel_job,app.engines.execution.home_service_router,app\engines\execution\home_service_router.py,290,Sprint21-Provider-HomeService,False,True,provider_cancel_job|require_staff_or_above_mutation|require_staff_or_above|get_current_user|<fastapi.security.http.HTTPBearer object at 0x0000012C233CCA70>|get_db,get_current_user,add|commit|flush,,_log_event,user.tenant_id
GET,/v1/provider/service-jobs/{job_id}/execution-timeline,provider_get_timeline,app.engines.execution.home_service_router,app\engines\execution\home_service_router.py,298,Sprint21-Provider-HomeService,False,True,provider_get_timeline|get_current_user|<fastapi.security.http.HTTPBearer object at 0x0000012C233CCA70>|get_db,get_current_user,,,,user.tenant_id
GET,/v1/provider/service-jobs/{job_id}/notes,provider_get_notes,app.engines.execution.home_service_router,app\engines\execution\home_service_router.py,305,Sprint21-Provider-HomeService,False,True,provider_get_notes|get_current_user|<fastapi.security.http.HTTPBearer object at 0x0000012C233CCA70>|get_db,get_current_user,,,,user.tenant_id
GET,/v1/provider/service-jobs/{job_id}/media,provider_get_media,app.engines.execution.home_service_router,app\engines\execution\home_service_router.py,312,Sprint21-Provider-HomeService,False,True,provider_get_media|get_current_user|<fastapi.security.http.HTTPBearer object at 0x0000012C233CCA70>|get_db,get_current_user,,,,user.tenant_id
GET,/v1/provider/service-jobs/{job_id}/parts-requests,provider_list_parts_requests,app.engines.execution.home_service_router,app\engines\execution\home_service_router.py,320,Sprint21-Provider-HomeService,False,True,provider_list_parts_requests|get_current_user|<fastapi.security.http.HTTPBearer object at 0x0000012C233CCA70>|get_db,get_current_user,,,,user.tenant_id
POST,/v1/provider/service-jobs/{job_id}/parts-requests/{parts_request_id}/approve,provider_approve_parts_request,app.engines.execution.home_service_router,app\engines\execution\home_service_router.py,327,Sprint21-Provider-HomeService,False,True,provider_approve_parts_request|require_staff_or_above_mutation|require_staff_or_above|get_current_user|<fastapi.security.http.HTTPBearer object at 0x0000012C233CCA70>|get_db,get_current_user,add|commit|flush,,,user.tenant_id
POST,/v1/provider/service-jobs/{job_id}/parts-requests/{parts_request_id}/reject,provider_reject_parts_request,app.engines.execution.home_service_router,app\engines\execution\home_service_router.py,335,Sprint21-Provider-HomeService,False,True,provider_reject_parts_request|require_staff_or_above_mutation|require_staff_or_above|get_current_user|<fastapi.security.http.HTTPBearer object at 0x0000012C233CCA70>|get_db,get_current_user,add|commit|flush,,,user.tenant_id
POST,/v1/provider/service-jobs/{job_id}/parts-requests/{parts_request_id}/install,provider_install_parts_request,app.engines.execution.home_service_router,app\engines\execution\home_service_router.py,343,Sprint21-Provider-HomeService,False,True,provider_install_parts_request|require_staff_or_above_mutation|require_staff_or_above|get_current_user|<fastapi.security.http.HTTPBearer object at 0x0000012C233CCA70>|get_db,get_current_user,add|commit|flush,,,user.tenant_id
GET,/v1/customer/service-jobs/{job_id}/tracking,customer_job_tracking,app.engines.execution.home_service_router,app\engines\execution\home_service_router.py,355,Sprint21-Customer-HomeService,False,True,customer_job_tracking|get_current_user|<fastapi.security.http.HTTPBearer object at 0x0000012C233CCA70>|get_db,get_current_user,,,,
GET,/v1/admin/service-jobs/{job_id}/execution-timeline,admin_get_timeline,app.engines.execution.home_service_router,app\engines\execution\home_service_router.py,375,Sprint21-Admin-HomeService,False,True,admin_get_timeline|require_super_admin|get_current_user|<fastapi.security.http.HTTPBearer object at 0x0000012C233CCA70>|get_db,require_super_admin|get_current_user,,,,
GET,/v1/admin/service-jobs/{job_id}/notes,admin_get_notes,app.engines.execution.home_service_router,app\engines\execution\home_service_router.py,389,Sprint21-Admin-HomeService,False,True,admin_get_notes|require_super_admin|get_current_user|<fastapi.security.http.HTTPBearer object at 0x0000012C233CCA70>|get_db,require_super_admin|get_current_user,,,,
GET,/v1/admin/service-jobs/{job_id}/allowed-override-targets,admin_get_allowed_override_targets,app.engines.execution.home_service_router,app\engines\execution\home_service_router.py,425,Sprint21-Admin-HomeService,False,True,admin_get_allowed_override_targets|require_admin_jobs_read|get_current_user|<fastapi.security.http.HTTPBearer object at 0x0000012C233CCA70>|get_db,get_current_user,,,,
POST,/v1/admin/service-jobs/{job_id}/status-override,admin_override_status,app.engines.execution.home_service_router,app\engines\execution\home_service_router.py,440,Sprint21-Admin-HomeService,False,True,admin_override_status|require_admin_jobs_status_override|get_current_user|<fastapi.security.http.HTTPBearer object at 0x0000012C233CCA70>|get_db,get_current_user,,,,
POST,/v1/admin/service-jobs/{job_id}/force-close,admin_force_close,app.engines.execution.home_service_router,app\engines\execution\home_service_router.py,456,Sprint21-Admin-HomeService,False,True,admin_force_close|require_admin_jobs_force_close|get_current_user|<fastapi.security.http.HTTPBearer object at 0x0000012C233CCA70>|get_db,get_current_user,,,,
POST,/v1/admin/service-jobs/{job_id}/void,admin_void,app.engines.execution.home_service_router,app\engines\execution\home_service_router.py,472,Sprint21-Admin-HomeService,False,True,admin_void|require_admin_jobs_void|get_current_user|<fastapi.security.http.HTTPBearer object at 0x0000012C233CCA70>|get_db,get_current_user,,,,
POST,/v1/staff/coaching-appointments/{appointment_id}/accept,staff_accept,app.engines.execution.coaching_router,app\engines\execution\coaching_router.py,56,Sprint21-Staff-Coaching,False,True,staff_accept|require_owner_or_office_staff_mutation|get_current_user|<fastapi.security.http.HTTPBearer object at 0x0000012C233CCA70>|get_db,get_current_user,add|commit|flush,,_log_event,user.tenant_id
POST,/v1/staff/coaching-appointments/{appointment_id}/reject,staff_reject,app.engines.execution.coaching_router,app\engines\execution\coaching_router.py,64,Sprint21-Staff-Coaching,False,True,staff_reject|require_owner_or_office_staff_mutation|get_current_user|<fastapi.security.http.HTTPBearer object at 0x0000012C233CCA70>|get_db,get_current_user,add|commit|flush,,_log_event,user.tenant_id
POST,/v1/staff/coaching-appointments/{appointment_id}/start,staff_start,app.engines.execution.coaching_router,app\engines\execution\coaching_router.py,72,Sprint21-Staff-Coaching,False,True,staff_start|require_owner_or_office_staff_mutation|get_current_user|<fastapi.security.http.HTTPBearer object at 0x0000012C233CCA70>|get_db,get_current_user,add|commit|flush,,_log_event,user.tenant_id
POST,/v1/staff/coaching-appointments/{appointment_id}/complete,staff_complete,app.engines.execution.coaching_router,app\engines\execution\coaching_router.py,80,Sprint21-Staff-Coaching,False,True,staff_complete|require_owner_or_office_staff_mutation|get_current_user|<fastapi.security.http.HTTPBearer object at 0x0000012C233CCA70>|get_db,get_current_user,add|commit|flush,,_log_event,user.tenant_id
POST,/v1/staff/coaching-appointments/{appointment_id}/no-show,staff_no_show,app.engines.execution.coaching_router,app\engines\execution\coaching_router.py,88,Sprint21-Staff-Coaching,False,True,staff_no_show|require_owner_or_office_staff_mutation|get_current_user|<fastapi.security.http.HTTPBearer object at 0x0000012C233CCA70>|get_db,get_current_user,add|commit|flush,,_log_event,user.tenant_id
POST,/v1/staff/coaching-appointments/{appointment_id}/request-reschedule,staff_reschedule,app.engines.execution.coaching_router,app\engines\execution\coaching_router.py,96,Sprint21-Staff-Coaching,False,True,staff_reschedule|require_owner_or_office_staff_mutation|get_current_user|<fastapi.security.http.HTTPBearer object at 0x0000012C233CCA70>|get_db,get_current_user,add|commit|flush,,_log_event,user.tenant_id
POST,/v1/staff/coaching-appointments/{appointment_id}/notes,staff_add_note,app.engines.execution.coaching_router,app\engines\execution\coaching_router.py,104,Sprint21-Staff-Coaching,False,True,staff_add_note|require_owner_or_office_staff_mutation|get_current_user|<fastapi.security.http.HTTPBearer object at 0x0000012C233CCA70>|get_db,get_current_user,add|commit|flush,,,user.tenant_id
GET,/v1/staff/coaching-appointments/{appointment_id}/timeline,staff_timeline,app.engines.execution.coaching_router,app\engines\execution\coaching_router.py,112,Sprint21-Staff-Coaching,False,True,staff_timeline|require_owner_or_office_staff_read|get_current_user|<fastapi.security.http.HTTPBearer object at 0x0000012C233CCA70>|get_db,get_current_user,,,,user.tenant_id
POST,/v1/provider/coaching-appointments/{appointment_id}/cancel,provider_cancel,app.engines.execution.coaching_router,app\engines\execution\coaching_router.py,123,Sprint21-Provider-Coaching,False,True,provider_cancel|require_owner_or_office_staff_mutation|get_current_user|<fastapi.security.http.HTTPBearer object at 0x0000012C233CCA70>|get_db,get_current_user,add|commit|flush,,_log_event,user.tenant_id
GET,/v1/provider/coaching-appointments/{appointment_id}/timeline,provider_timeline,app.engines.execution.coaching_router,app\engines\execution\coaching_router.py,131,Sprint21-Provider-Coaching,False,True,provider_timeline|require_owner_or_office_staff_read|get_current_user|<fastapi.security.http.HTTPBearer object at 0x0000012C233CCA70>|get_db,get_current_user,,,,user.tenant_id
GET,/v1/customer/coaching-appointments/{appointment_id}/tracking,customer_tracking,app.engines.execution.coaching_router,app\engines\execution\coaching_router.py,142,Sprint21-Customer-Coaching,False,True,customer_tracking|require_customer|get_current_user|<fastapi.security.http.HTTPBearer object at 0x0000012C233CCA70>|get_db,require_customer|get_current_user,,,,
GET,/v1/admin/coaching-appointments/{appointment_id}/execution-timeline,admin_timeline,app.engines.execution.coaching_router,app\engines\execution\coaching_router.py,163,Sprint21-Admin-Coaching,False,True,admin_timeline|require_super_admin|get_current_user|<fastapi.security.http.HTTPBearer object at 0x0000012C233CCA70>|get_db,require_super_admin|get_current_user,,,,
POST,/v1/staff/real-estate-leads/{lead_id}/accept,agent_accept,app.engines.execution.real_estate_router,app\engines\execution\real_estate_router.py,60,Sprint21-Agent-RealEstate,False,True,agent_accept|require_owner_or_office_staff_mutation|get_current_user|<fastapi.security.http.HTTPBearer object at 0x0000012C233CCA70>|get_db,get_current_user,add|commit|flush,,_log_event,user.tenant_id
POST,/v1/staff/real-estate-leads/{lead_id}/reject,agent_reject,app.engines.execution.real_estate_router,app\engines\execution\real_estate_router.py,68,Sprint21-Agent-RealEstate,False,True,agent_reject|require_owner_or_office_staff_mutation|get_current_user|<fastapi.security.http.HTTPBearer object at 0x0000012C233CCA70>|get_db,get_current_user,add|commit|flush,,_log_event,user.tenant_id
POST,/v1/staff/real-estate-leads/{lead_id}/mark-contacted,agent_mark_contacted,app.engines.execution.real_estate_router,app\engines\execution\real_estate_router.py,76,Sprint21-Agent-RealEstate,False,True,agent_mark_contacted|require_owner_or_office_staff_mutation|get_current_user|<fastapi.security.http.HTTPBearer object at 0x0000012C233CCA70>|get_db,get_current_user,add|commit|flush,,_log_event,user.tenant_id
POST,/v1/staff/real-estate-leads/{lead_id}/schedule-follow-up,agent_follow_up,app.engines.execution.real_estate_router,app\engines\execution\real_estate_router.py,84,Sprint21-Agent-RealEstate,False,True,agent_follow_up|require_owner_or_office_staff_mutation|get_current_user|<fastapi.security.http.HTTPBearer object at 0x0000012C233CCA70>|get_db,get_current_user,add|commit|flush,,_log_event,user.tenant_id
POST,/v1/staff/real-estate-leads/{lead_id}/plan-site-visit,agent_plan_site_visit,app.engines.execution.real_estate_router,app\engines\execution\real_estate_router.py,92,Sprint21-Agent-RealEstate,False,True,agent_plan_site_visit|require_owner_or_office_staff_mutation|get_current_user|<fastapi.security.http.HTTPBearer object at 0x0000012C233CCA70>|get_db,get_current_user,add|commit|flush,,_log_event,user.tenant_id
POST,/v1/staff/real-estate-leads/{lead_id}/complete-site-visit,agent_complete_site_visit,app.engines.execution.real_estate_router,app\engines\execution\real_estate_router.py,100,Sprint21-Agent-RealEstate,False,True,agent_complete_site_visit|require_owner_or_office_staff_mutation|get_current_user|<fastapi.security.http.HTTPBearer object at 0x0000012C233CCA70>|get_db,get_current_user,add|commit|flush,,_log_event,user.tenant_id
POST,/v1/staff/real-estate-leads/{lead_id}/qualify,agent_qualify,app.engines.execution.real_estate_router,app\engines\execution\real_estate_router.py,108,Sprint21-Agent-RealEstate,False,True,agent_qualify|require_owner_or_office_staff_mutation|get_current_user|<fastapi.security.http.HTTPBearer object at 0x0000012C233CCA70>|get_db,get_current_user,add|commit|flush,,_log_event,user.tenant_id
POST,/v1/staff/real-estate-leads/{lead_id}/disqualify,agent_disqualify,app.engines.execution.real_estate_router,app\engines\execution\real_estate_router.py,116,Sprint21-Agent-RealEstate,False,True,agent_disqualify|require_owner_or_office_staff_mutation|get_current_user|<fastapi.security.http.HTTPBearer object at 0x0000012C233CCA70>|get_db,get_current_user,add|commit|flush,,_log_event,user.tenant_id
POST,/v1/staff/real-estate-leads/{lead_id}/convert,agent_convert,app.engines.execution.real_estate_router,app\engines\execution\real_estate_router.py,124,Sprint21-Agent-RealEstate,False,True,agent_convert|require_owner_or_office_staff_mutation|get_current_user|<fastapi.security.http.HTTPBearer object at 0x0000012C233CCA70>|get_db,get_current_user,add|commit|flush,,_log_event,user.tenant_id
POST,/v1/staff/real-estate-leads/{lead_id}/close-lost,agent_close_lost,app.engines.execution.real_estate_router,app\engines\execution\real_estate_router.py,132,Sprint21-Agent-RealEstate,False,True,agent_close_lost|require_owner_or_office_staff_mutation|get_current_user|<fastapi.security.http.HTTPBearer object at 0x0000012C233CCA70>|get_db,get_current_user,add|commit|flush,,_log_event,user.tenant_id
POST,/v1/staff/real-estate-leads/{lead_id}/notes,agent_add_note,app.engines.execution.real_estate_router,app\engines\execution\real_estate_router.py,140,Sprint21-Agent-RealEstate,False,True,agent_add_note|require_owner_or_office_staff_mutation|get_current_user|<fastapi.security.http.HTTPBearer object at 0x0000012C233CCA70>|get_db,get_current_user,add|commit|flush,,,user.tenant_id
GET,/v1/staff/real-estate-leads/{lead_id}/timeline,agent_timeline,app.engines.execution.real_estate_router,app\engines\execution\real_estate_router.py,148,Sprint21-Agent-RealEstate,False,True,agent_timeline|require_owner_or_office_staff_read|get_current_user|<fastapi.security.http.HTTPBearer object at 0x0000012C233CCA70>|get_db,get_current_user,,,,user.tenant_id
GET,/v1/provider/real-estate-leads/{lead_id}/timeline,provider_timeline,app.engines.execution.real_estate_router,app\engines\execution\real_estate_router.py,159,Sprint21-Provider-RealEstate,False,True,provider_timeline|require_owner_or_office_staff_read|get_current_user|<fastapi.security.http.HTTPBearer object at 0x0000012C233CCA70>|get_db,get_current_user,,,,user.tenant_id
GET,/v1/provider/real-estate-leads/{lead_id}/notes,provider_notes,app.engines.execution.real_estate_router,app\engines\execution\real_estate_router.py,166,Sprint21-Provider-RealEstate,False,True,provider_notes|require_owner_or_office_staff_read|get_current_user|<fastapi.security.http.HTTPBearer object at 0x0000012C233CCA70>|get_db,get_current_user,,,,user.tenant_id
GET,/v1/customer/real-estate-leads/{lead_id}/tracking,customer_tracking,app.engines.execution.real_estate_router,app\engines\execution\real_estate_router.py,177,Sprint21-Customer-RealEstate,False,True,customer_tracking|require_customer|get_current_user|<fastapi.security.http.HTTPBearer object at 0x0000012C233CCA70>|get_db,require_customer|get_current_user,,,,
GET,/v1/admin/real-estate-leads/{lead_id}/execution-timeline,admin_timeline,app.engines.execution.real_estate_router,app\engines\execution\real_estate_router.py,198,Sprint21-Admin-RealEstate,False,True,admin_timeline|require_super_admin|get_current_user|<fastapi.security.http.HTTPBearer object at 0x0000012C233CCA70>|get_db,require_super_admin|get_current_user,,,,
GET,/v1/admin/real-estate-leads/{lead_id}/notes,admin_notes,app.engines.execution.real_estate_router,app\engines\execution\real_estate_router.py,205,Sprint21-Admin-RealEstate,False,True,admin_notes|require_super_admin|get_current_user|<fastapi.security.http.HTTPBearer object at 0x0000012C233CCA70>|get_db,require_super_admin|get_current_user,,,,
GET,/v1/staff/my-work,get_my_work,app.engines.execution.my_work_router,app\engines\execution\my_work_router.py,49,Phase2A-MyWork-Staff,False,True,get_my_work|get_current_user|<fastapi.security.http.HTTPBearer object at 0x0000012C233CCA70>|get_db,get_current_user,,,,user.tenant_id
GET,/provider/quotes/jobs/{job_id},provider_list_job_quotes,app.engines.quote_checklist.provider_router,app\engines\quote_checklist\provider_router.py,34,provider-quotes,False,True,provider_list_job_quotes|get_current_user|<fastapi.security.http.HTTPBearer object at 0x0000012C233CCA70>|get_db,get_current_user,,,,user.tenant_id
GET,/provider/quotes/{quote_id},provider_get_quote,app.engines.quote_checklist.provider_router,app\engines\quote_checklist\provider_router.py,43,provider-quotes,False,True,provider_get_quote|get_current_user|<fastapi.security.http.HTTPBearer object at 0x0000012C233CCA70>|get_db,get_current_user,,,,user.tenant_id
GET,/provider/quotes/{quote_id}/events,provider_quote_events,app.engines.quote_checklist.provider_router,app\engines\quote_checklist\provider_router.py,52,provider-quotes,False,True,provider_quote_events|get_current_user|<fastapi.security.http.HTTPBearer object at 0x0000012C233CCA70>|get_db,get_current_user,,,,user.tenant_id
POST,/provider/quotes/{quote_id}/cancel,provider_cancel_quote,app.engines.quote_checklist.provider_router,app\engines\quote_checklist\provider_router.py,61,provider-quotes,False,True,provider_cancel_quote|require_owner_or_office_staff_mutation|get_current_user|<fastapi.security.http.HTTPBearer object at 0x0000012C233CCA70>|get_db,get_current_user,add|commit|sqlalchemy.update(),,_log_event,user.tenant_id
POST,/staff/quotes,staff_create_quote,app.engines.quote_checklist.provider_router,app\engines\quote_checklist\provider_router.py,75,staff-quotes,False,True,staff_create_quote|require_owner_or_office_staff_mutation|get_current_user|<fastapi.security.http.HTTPBearer object at 0x0000012C233CCA70>|get_db,get_current_user,add|commit|flush,,_log_event,user.tenant_id
GET,/staff/quotes/jobs/{job_id},staff_list_job_quotes,app.engines.quote_checklist.provider_router,app\engines\quote_checklist\provider_router.py,95,staff-quotes,False,True,staff_list_job_quotes|get_current_user|<fastapi.security.http.HTTPBearer object at 0x0000012C233CCA70>|get_db,get_current_user,,,,user.tenant_id
GET,/staff/quotes/{quote_id},staff_get_quote,app.engines.quote_checklist.provider_router,app\engines\quote_checklist\provider_router.py,104,staff-quotes,False,True,staff_get_quote|get_current_user|<fastapi.security.http.HTTPBearer object at 0x0000012C233CCA70>|get_db,get_current_user,,,,user.tenant_id
POST,/staff/quotes/{quote_id}/items,staff_add_item,app.engines.quote_checklist.provider_router,app\engines\quote_checklist\provider_router.py,113,staff-quotes,False,True,staff_add_item|require_owner_or_office_staff_mutation|get_current_user|<fastapi.security.http.HTTPBearer object at 0x0000012C233CCA70>|get_db,get_current_user,add|commit|flush|sqlalchemy.update(),,_log_event,user.tenant_id
PUT,/staff/quotes/{quote_id}/items/{item_id},staff_update_item,app.engines.quote_checklist.provider_router,app\engines\quote_checklist\provider_router.py,133,staff-quotes,False,True,staff_update_item|require_owner_or_office_staff_mutation|get_current_user|<fastapi.security.http.HTTPBearer object at 0x0000012C233CCA70>|get_db,get_current_user,add|commit|flush|sqlalchemy.update(),,_log_event,user.tenant_id
DELETE,/staff/quotes/{quote_id}/items/{item_id},staff_remove_item,app.engines.quote_checklist.provider_router,app\engines\quote_checklist\provider_router.py,151,staff-quotes,False,True,staff_remove_item|require_owner_or_office_staff_mutation|get_current_user|<fastapi.security.http.HTTPBearer object at 0x0000012C233CCA70>|get_db,get_current_user,add|commit|delete|flush|sqlalchemy.update(),,_log_event,user.tenant_id
POST,/staff/quotes/{quote_id}/send-to-customer,staff_send_to_customer,app.engines.quote_checklist.provider_router,app\engines\quote_checklist\provider_router.py,163,staff-quotes,False,True,staff_send_to_customer|require_owner_or_office_staff_mutation|get_current_user|<fastapi.security.http.HTTPBearer object at 0x0000012C233CCA70>|get_db,get_current_user,add|commit|sqlalchemy.update(),,_log_event,user.tenant_id
POST,/staff/quotes/{quote_id}/mark-revised,staff_mark_revised,app.engines.quote_checklist.provider_router,app\engines\quote_checklist\provider_router.py,177,staff-quotes,False,True,staff_mark_revised|require_owner_or_office_staff_mutation|get_current_user|<fastapi.security.http.HTTPBearer object at 0x0000012C233CCA70>|get_db,get_current_user,add|commit|sqlalchemy.update(),,_log_event,user.tenant_id
GET,/staff/quotes/{quote_id}/events,staff_quote_events,app.engines.quote_checklist.provider_router,app\engines\quote_checklist\provider_router.py,189,staff-quotes,False,True,staff_quote_events|get_current_user|<fastapi.security.http.HTTPBearer object at 0x0000012C233CCA70>|get_db,get_current_user,,,,user.tenant_id
POST,/staff/quotes/{quote_id}/cancel,staff_cancel_quote,app.engines.quote_checklist.provider_router,app\engines\quote_checklist\provider_router.py,198,staff-quotes,False,True,staff_cancel_quote|require_owner_or_office_staff_mutation|get_current_user|<fastapi.security.http.HTTPBearer object at 0x0000012C233CCA70>|get_db,get_current_user,add|commit|sqlalchemy.update(),,_log_event,user.tenant_id
POST,/staff/checklists,staff_create_checklist,app.engines.quote_checklist.provider_router,app\engines\quote_checklist\provider_router.py,213,staff-checklists,False,True,staff_create_checklist|require_owner_or_office_staff_mutation|get_current_user|<fastapi.security.http.HTTPBearer object at 0x0000012C233CCA70>|get_db,get_current_user,add|commit|flush,,,user.tenant_id
GET,/staff/checklists/jobs/{job_id},staff_list_job_checklists,app.engines.quote_checklist.provider_router,app\engines\quote_checklist\provider_router.py,231,staff-checklists,False,True,staff_list_job_checklists|get_current_user|<fastapi.security.http.HTTPBearer object at 0x0000012C233CCA70>|get_db,get_current_user,,,,user.tenant_id
GET,/staff/checklists/{checklist_id},staff_get_checklist,app.engines.quote_checklist.provider_router,app\engines\quote_checklist\provider_router.py,240,staff-checklists,False,True,staff_get_checklist|get_current_user|<fastapi.security.http.HTTPBearer object at 0x0000012C233CCA70>|get_db,get_current_user,,,,user.tenant_id
PUT,/staff/checklists/{checklist_id}/items/{item_id},staff_update_checklist_item,app.engines.quote_checklist.provider_router,app\engines\quote_checklist\provider_router.py,249,staff-checklists,False,True,staff_update_checklist_item|require_owner_or_office_staff_mutation|get_current_user|<fastapi.security.http.HTTPBearer object at 0x0000012C233CCA70>|get_db,get_current_user,commit|sqlalchemy.update(),,,user.tenant_id
POST,/staff/checklists/{checklist_id}/complete,staff_complete_checklist,app.engines.quote_checklist.provider_router,app\engines\quote_checklist\provider_router.py,266,staff-checklists,False,True,staff_complete_checklist|require_owner_or_office_staff_mutation|get_current_user|<fastapi.security.http.HTTPBearer object at 0x0000012C233CCA70>|get_db,get_current_user,commit|sqlalchemy.update(),,,user.tenant_id
GET,/customer/quotes/jobs/{job_id},customer_list_quotes,app.engines.quote_checklist.customer_router,app\engines\quote_checklist\customer_router.py,27,customer-quotes,False,True,customer_list_quotes|require_customer|get_current_user|<fastapi.security.http.HTTPBearer object at 0x0000012C233CCA70>|get_db,require_customer|get_current_user,,,,
GET,/customer/quotes/{quote_id},customer_get_quote,app.engines.quote_checklist.customer_router,app\engines\quote_checklist\customer_router.py,36,customer-quotes,False,True,customer_get_quote|require_customer|get_current_user|<fastapi.security.http.HTTPBearer object at 0x0000012C233CCA70>|get_db,require_customer|get_current_user,,,,
POST,/customer/quotes/{quote_id}/approve,customer_approve_quote,app.engines.quote_checklist.customer_router,app\engines\quote_checklist\customer_router.py,45,customer-quotes,False,True,customer_approve_quote|require_customer|get_current_user|<fastapi.security.http.HTTPBearer object at 0x0000012C233CCA70>|get_db,require_customer|get_current_user,add|commit|sqlalchemy.update(),,_log_event,
POST,/customer/quotes/{quote_id}/reject,customer_reject_quote,app.engines.quote_checklist.customer_router,app\engines\quote_checklist\customer_router.py,59,customer-quotes,False,True,customer_reject_quote|require_customer|get_current_user|<fastapi.security.http.HTTPBearer object at 0x0000012C233CCA70>|get_db,require_customer|get_current_user,add|commit|sqlalchemy.update(),,_log_event,
POST,/customer/quotes/{quote_id}/request-revision,customer_request_revision,app.engines.quote_checklist.customer_router,app\engines\quote_checklist\customer_router.py,72,customer-quotes,False,True,customer_request_revision|require_customer|get_current_user|<fastapi.security.http.HTTPBearer object at 0x0000012C233CCA70>|get_db,require_customer|get_current_user,add|commit|sqlalchemy.update(),,_log_event,
GET,/customer/quotes/{quote_id}/events,customer_quote_events,app.engines.quote_checklist.customer_router,app\engines\quote_checklist\customer_router.py,85,customer-quotes,False,True,customer_quote_events|require_customer|get_current_user|<fastapi.security.http.HTTPBearer object at 0x0000012C233CCA70>|get_db,require_customer|get_current_user,,,,
POST,/admin/checklist-templates,admin_create_template,app.engines.quote_checklist.admin_router,app\engines\quote_checklist\admin_router.py,23,admin-checklist-templates,False,True,admin_create_template|require_super_admin|get_current_user|<fastapi.security.http.HTTPBearer object at 0x0000012C233CCA70>|get_db,require_super_admin|get_current_user,add|commit,,,
GET,/admin/checklist-templates,admin_list_templates,app.engines.quote_checklist.admin_router,app\engines\quote_checklist\admin_router.py,41,admin-checklist-templates,False,True,admin_list_templates|require_super_admin|get_current_user|<fastapi.security.http.HTTPBearer object at 0x0000012C233CCA70>|get_db,require_super_admin|get_current_user,,,,
GET,/admin/checklist-templates/{template_id},admin_get_template,app.engines.quote_checklist.admin_router,app\engines\quote_checklist\admin_router.py,50,admin-checklist-templates,False,True,admin_get_template|require_super_admin|get_current_user|<fastapi.security.http.HTTPBearer object at 0x0000012C233CCA70>|get_db,require_super_admin|get_current_user,,,,
POST,/admin/checklist-templates/{template_id}/items,admin_add_template_item,app.engines.quote_checklist.admin_router,app\engines\quote_checklist\admin_router.py,59,admin-checklist-templates,False,True,admin_add_template_item|require_super_admin|get_current_user|<fastapi.security.http.HTTPBearer object at 0x0000012C233CCA70>|get_db,require_super_admin|get_current_user,add|commit,,,
GET,/admin/checklist-templates/jobs/{job_id},admin_job_checklists,app.engines.quote_checklist.admin_router,app\engines\quote_checklist\admin_router.py,78,admin-checklist-templates,False,True,admin_job_checklists|require_super_admin|get_current_user|<fastapi.security.http.HTTPBearer object at 0x0000012C233CCA70>|get_db,require_super_admin|get_current_user,,,,
GET,/admin/quotes/jobs/{job_id},admin_list_job_quotes,app.engines.quote_checklist.admin_router,app\engines\quote_checklist\admin_router.py,99,admin-quotes,False,True,admin_list_job_quotes|require_super_admin|get_current_user|<fastapi.security.http.HTTPBearer object at 0x0000012C233CCA70>|get_db,require_super_admin|get_current_user,,,,
GET,/admin/quotes/{quote_id},admin_get_quote,app.engines.quote_checklist.admin_router,app\engines\quote_checklist\admin_router.py,116,admin-quotes,False,True,admin_get_quote|require_super_admin|get_current_user|<fastapi.security.http.HTTPBearer object at 0x0000012C233CCA70>|get_db,require_super_admin|get_current_user,,,,
GET,/admin/quotes/{quote_id}/events,admin_quote_events,app.engines.quote_checklist.admin_router,app\engines\quote_checklist\admin_router.py,125,admin-quotes,False,True,admin_quote_events|require_super_admin|get_current_user|<fastapi.security.http.HTTPBearer object at 0x0000012C233CCA70>|get_db,require_super_admin|get_current_user,,,,
GET,/v1/provider/service-invoices,provider_list_invoices,app.engines.invoice_payment.provider_router,app\engines\invoice_payment\provider_router.py,45,provider-service-invoices,False,True,provider_list_invoices|get_current_user|<fastapi.security.http.HTTPBearer object at 0x0000012C233CCA70>|get_db,get_current_user,,,,user.tenant_id
GET,/v1/provider/service-invoices/{invoice_id},provider_get_invoice,app.engines.invoice_payment.provider_router,app\engines\invoice_payment\provider_router.py,54,provider-service-invoices,False,True,provider_get_invoice|get_current_user|<fastapi.security.http.HTTPBearer object at 0x0000012C233CCA70>|get_db,get_current_user,,,,user.tenant_id
POST,/v1/provider/service-invoices/{invoice_id}/issue,provider_issue_invoice,app.engines.invoice_payment.provider_router,app\engines\invoice_payment\provider_router.py,63,provider-service-invoices,False,True,provider_issue_invoice|require_tenant_mutation_field_ops_invoice_generate|get_current_user|<fastapi.security.http.HTTPBearer object at 0x0000012C233CCA70>|get_db,get_current_user,add|commit|sqlalchemy.update(),,_log_event,user.tenant_id
POST,/v1/provider/service-invoices/{invoice_id}/record-payment,provider_record_payment,app.engines.invoice_payment.provider_router,app\engines\invoice_payment\provider_router.py,84,provider-service-invoices,False,True,provider_record_payment|require_owner_or_office_staff_mutation|get_current_user|<fastapi.security.http.HTTPBearer object at 0x0000012C233CCA70>|get_db,get_current_user,add|commit|flush|sqlalchemy.update(),,_log_event,user.tenant_id
GET,/v1/provider/service-invoices/{invoice_id}/financial-timeline,provider_financial_timeline,app.engines.invoice_payment.provider_router,app\engines\invoice_payment\provider_router.py,129,provider-service-invoices,False,True,provider_financial_timeline|get_current_user|<fastapi.security.http.HTTPBearer object at 0x0000012C233CCA70>|get_db,get_current_user,,,,user.tenant_id
GET,/v1/provider/service-invoices/{invoice_id}/commission-status,provider_commission_status,app.engines.invoice_payment.provider_router,app\engines\invoice_payment\provider_router.py,138,provider-service-invoices,False,True,provider_commission_status|get_current_user|<fastapi.security.http.HTTPBearer object at 0x0000012C233CCA70>|get_db,get_current_user,,,,
GET,/v1/provider/wallet,provider_get_wallet,app.engines.invoice_payment.provider_router,app\engines\invoice_payment\provider_router.py,213,provider-wallet,False,True,provider_get_wallet|get_current_user|<fastapi.security.http.HTTPBearer object at 0x0000012C233CCA70>|get_db,get_current_user,,,,user.tenant_id
GET,/v1/provider/wallet/ledger,provider_wallet_ledger,app.engines.invoice_payment.provider_router,app\engines\invoice_payment\provider_router.py,231,provider-wallet,False,True,provider_wallet_ledger|get_current_user|<fastapi.security.http.HTTPBearer object at 0x0000012C233CCA70>|get_db,get_current_user,,,,user.tenant_id
GET,/v1/provider/wallet/commission-records,provider_commission_records,app.engines.invoice_payment.provider_router,app\engines\invoice_payment\provider_router.py,240,provider-wallet,False,True,provider_commission_records|get_current_user|<fastapi.security.http.HTTPBearer object at 0x0000012C233CCA70>|get_db,get_current_user,,,,user.tenant_id
GET,/v1/provider/subscription-status,provider_subscription_status,app.engines.invoice_payment.provider_router,app\engines\invoice_payment\provider_router.py,251,provider-subscription,False,True,provider_subscription_status|get_current_user|<fastapi.security.http.HTTPBearer object at 0x0000012C233CCA70>|get_db,get_current_user,,,,user.tenant_id
POST,/v1/staff/service-invoices,staff_create_invoice,app.engines.invoice_payment.provider_router,app\engines\invoice_payment\provider_router.py,149,staff-service-invoices,False,True,staff_create_invoice|require_owner_or_office_staff_mutation|get_current_user|<fastapi.security.http.HTTPBearer object at 0x0000012C233CCA70>|get_db,get_current_user,add|commit|flush|sqlalchemy.update(),,_log_event,user.tenant_id
POST,/v1/staff/service-invoices/{invoice_id}/items,staff_add_invoice_item,app.engines.invoice_payment.provider_router,app\engines\invoice_payment\provider_router.py,176,staff-service-invoices,False,True,staff_add_invoice_item|require_owner_or_office_staff_mutation|get_current_user|<fastapi.security.http.HTTPBearer object at 0x0000012C233CCA70>|get_db,get_current_user,add|commit|flush|sqlalchemy.update(),,,user.tenant_id
GET,/v1/staff/service-invoices/jobs/{job_id},staff_job_invoice,app.engines.invoice_payment.provider_router,app\engines\invoice_payment\provider_router.py,202,staff-service-invoices,False,True,staff_job_invoice|get_current_user|<fastapi.security.http.HTTPBearer object at 0x0000012C233CCA70>|get_db,get_current_user,,,,user.tenant_id
GET,/v1/customer/service-invoices,customer_list_invoices,app.engines.invoice_payment.customer_router,app\engines\invoice_payment\customer_router.py,32,customer-invoices,False,True,customer_list_invoices|get_current_user|<fastapi.security.http.HTTPBearer object at 0x0000012C233CCA70>|get_db,get_current_user,,,,
GET,/v1/customer/service-invoices/{invoice_id},customer_get_invoice,app.engines.invoice_payment.customer_router,app\engines\invoice_payment\customer_router.py,46,customer-invoices,False,True,customer_get_invoice|get_current_user|<fastapi.security.http.HTTPBearer object at 0x0000012C233CCA70>|get_db,get_current_user,,,,
GET,/v1/customer/service-invoices/{invoice_id}/payment-status,customer_payment_status,app.engines.invoice_payment.customer_router,app\engines\invoice_payment\customer_router.py,58,customer-invoices,False,True,customer_payment_status|get_current_user|<fastapi.security.http.HTTPBearer object at 0x0000012C233CCA70>|get_db,get_current_user,,,,
POST,/v1/customer/service-invoices/{invoice_id}/apply-credit,customer_apply_credit,app.engines.invoice_payment.customer_router,app\engines\invoice_payment\customer_router.py,85,customer-invoices,False,True,customer_apply_credit|get_current_user|<fastapi.security.http.HTTPBearer object at 0x0000012C233CCA70>|get_db,get_current_user,,,,
POST,/v1/customer/service-invoices/{invoice_id}/confirm-payment,customer_confirm_payment,app.engines.invoice_payment.customer_router,app\engines\invoice_payment\customer_router.py,112,customer-invoices,False,True,customer_confirm_payment|get_current_user|<fastapi.security.http.HTTPBearer object at 0x0000012C233CCA70>|get_db,get_current_user,add|commit|sqlalchemy.update(),,_log_event,
GET,/v1/customer/service-invoices/{invoice_id}/receipt,customer_get_receipt,app.engines.invoice_payment.customer_router,app\engines\invoice_payment\customer_router.py,126,customer-invoices,False,True,customer_get_receipt|get_current_user|<fastapi.security.http.HTTPBearer object at 0x0000012C233CCA70>|get_db,get_current_user,,,,
GET,/v1/admin/service-invoices,admin_list_invoices,app.engines.invoice_payment.admin_router,app\engines\invoice_payment\admin_router.py,47,admin-invoices,False,True,admin_list_invoices|require_super_admin|get_current_user|<fastapi.security.http.HTTPBearer object at 0x0000012C233CCA70>|get_db,require_super_admin|get_current_user,,,,
GET,/v1/admin/service-invoices/{invoice_id},admin_get_invoice,app.engines.invoice_payment.admin_router,app\engines\invoice_payment\admin_router.py,57,admin-invoices,False,True,admin_get_invoice|require_super_admin|get_current_user|<fastapi.security.http.HTTPBearer object at 0x0000012C233CCA70>|get_db,require_super_admin|get_current_user,,,,
GET,/v1/admin/payments,admin_list_payments,app.engines.invoice_payment.admin_router,app\engines\invoice_payment\admin_router.py,68,admin-payments,False,True,admin_list_payments|require_super_admin|get_current_user|<fastapi.security.http.HTTPBearer object at 0x0000012C233CCA70>|get_db,require_super_admin|get_current_user,,,,
POST,/v1/admin/payments/{payment_id}/verify,admin_verify_payment,app.engines.invoice_payment.admin_router,app\engines\invoice_payment\admin_router.py,77,admin-payments,False,True,admin_verify_payment|require_super_admin|get_current_user|<fastapi.security.http.HTTPBearer object at 0x0000012C233CCA70>|get_db,require_super_admin|get_current_user,add|commit|sqlalchemy.update(),,_log_event,
GET,/v1/admin/commission-records,admin_list_commissions,app.engines.invoice_payment.admin_router,app\engines\invoice_payment\admin_router.py,88,admin-commission,False,True,admin_list_commissions|require_super_admin|get_current_user|<fastapi.security.http.HTTPBearer object at 0x0000012C233CCA70>|get_db,require_super_admin|get_current_user,,,,
GET,/v1/admin/commission-records/{commission_id},admin_get_commission,app.engines.invoice_payment.admin_router,app\engines\invoice_payment\admin_router.py,98,admin-commission,False,True,admin_get_commission|require_super_admin|get_current_user|<fastapi.security.http.HTTPBearer object at 0x0000012C233CCA70>|get_db,require_super_admin|get_current_user,,,,
POST,/v1/admin/commission-records/{commission_id}/retry,admin_retry_commission,app.engines.invoice_payment.admin_router,app\engines\invoice_payment\admin_router.py,114,admin-commission,False,True,admin_retry_commission|require_super_admin|get_current_user|<fastapi.security.http.HTTPBearer object at 0x0000012C233CCA70>|get_db,require_super_admin|get_current_user,add|commit|sqlalchemy.update(),debit_wallet,_log_event,
POST,/v1/admin/commission-records/{commission_id}/reverse,admin_reverse_commission,app.engines.invoice_payment.admin_router,app\engines\invoice_payment\admin_router.py,125,admin-commission,False,True,admin_reverse_commission|require_super_admin|get_current_user|<fastapi.security.http.HTTPBearer object at 0x0000012C233CCA70>|get_db,require_super_admin|get_current_user,add|commit|sqlalchemy.update(),credit_wallet,_log_event,
GET,/v1/admin/provider-wallets,admin_list_wallets,app.engines.invoice_payment.admin_router,app\engines\invoice_payment\admin_router.py,140,admin-wallets,False,True,admin_list_wallets|require_super_admin|get_current_user|<fastapi.security.http.HTTPBearer object at 0x0000012C233CCA70>|get_db,require_super_admin|get_current_user,,,,
GET,/v1/admin/provider-wallets/{tenant_id},admin_get_wallet,app.engines.invoice_payment.admin_router,app\engines\invoice_payment\admin_router.py,149,admin-wallets,False,True,admin_get_wallet|require_super_admin|get_current_user|<fastapi.security.http.HTTPBearer object at 0x0000012C233CCA70>|get_db,require_super_admin|get_current_user,,,,
GET,/v1/admin/provider-wallets/{tenant_id}/ledger,admin_wallet_ledger,app.engines.invoice_payment.admin_router,app\engines\invoice_payment\admin_router.py,168,admin-wallets,False,True,admin_wallet_ledger|require_super_admin|get_current_user|<fastapi.security.http.HTTPBearer object at 0x0000012C233CCA70>|get_db,require_super_admin|get_current_user,,,,
POST,/v1/admin/provider-wallets/{tenant_id}/credit,admin_credit_wallet,app.engines.invoice_payment.admin_router,app\engines\invoice_payment\admin_router.py,177,admin-wallets,False,True,admin_credit_wallet|require_super_admin|get_current_user|<fastapi.security.http.HTTPBearer object at 0x0000012C233CCA70>|get_db,require_super_admin|get_current_user,commit,credit_wallet,,
GET,/v1/admin/subscription-status,admin_subscription_status,app.engines.invoice_payment.admin_router,app\engines\invoice_payment\admin_router.py,193,admin-subscription,False,True,admin_subscription_status|require_super_admin|get_current_user|<fastapi.security.http.HTTPBearer object at 0x0000012C233CCA70>|get_db,require_super_admin|get_current_user,,,,
GET,/v1/admin/financial-events,admin_financial_events,app.engines.invoice_payment.admin_router,app\engines\invoice_payment\admin_router.py,204,admin-financial-events,False,True,admin_financial_events|require_super_admin|get_current_user|<fastapi.security.http.HTTPBearer object at 0x0000012C233CCA70>|get_db,require_super_admin|get_current_user,,,,
GET,/v1/customer/reviews/eligibility,check_eligibility,app.engines.customer_reviews.customer_router,app\engines\customer_reviews\customer_router.py,36,customer-reviews,False,True,check_eligibility|get_current_user|<fastapi.security.http.HTTPBearer object at 0x0000012C233CCA70>|get_db,get_current_user,,,,
POST,/v1/customer/reviews,submit_review,app.engines.customer_reviews.customer_router,app\engines\customer_reviews\customer_router.py,50,customer-reviews,False,True,submit_review|get_current_user|<fastapi.security.http.HTTPBearer object at 0x0000012C233CCA70>|get_db,get_current_user,add|commit|flush,,_log_event,
GET,/v1/customer/reviews,list_my_reviews,app.engines.customer_reviews.customer_router,app\engines\customer_reviews\customer_router.py,89,customer-reviews,False,True,list_my_reviews|get_current_user|<fastapi.security.http.HTTPBearer object at 0x0000012C233CCA70>|get_db,get_current_user,,,,
GET,/v1/customer/reviews/{review_id},get_my_review,app.engines.customer_reviews.customer_router,app\engines\customer_reviews\customer_router.py,100,customer-reviews,False,True,get_my_review|get_current_user|<fastapi.security.http.HTTPBearer object at 0x0000012C233CCA70>|get_db,get_current_user,,,,_get_review_scoped()
PATCH,/v1/customer/reviews/{review_id},edit_review,app.engines.customer_reviews.customer_router,app\engines\customer_reviews\customer_router.py,117,customer-reviews,False,True,edit_review|get_current_user|<fastapi.security.http.HTTPBearer object at 0x0000012C233CCA70>|get_db,get_current_user,add|commit|flush,,_log_event,
POST,/v1/customer/reviews/{review_id}/flag,flag_review,app.engines.customer_reviews.customer_router,app\engines\customer_reviews\customer_router.py,131,customer-reviews,False,True,flag_review|require_customer|get_current_user|<fastapi.security.http.HTTPBearer object at 0x0000012C233CCA70>|get_db,require_customer|get_current_user,add|commit|flush,,_log_event,_get_review_scoped()
GET,/v1/provider/reviews,list_my_reviews,app.engines.customer_reviews.provider_router,app\engines\customer_reviews\provider_router.py,46,provider-reviews,False,True,list_my_reviews|get_current_user|<fastapi.security.http.HTTPBearer object at 0x0000012C233CCA70>|get_db,get_current_user,,,,user.tenant_id
GET,/v1/provider/reviews/summary,get_tenant_rating_summary,app.engines.customer_reviews.provider_router,app\engines\customer_reviews\provider_router.py,58,provider-reviews,False,True,get_tenant_rating_summary|get_current_user|<fastapi.security.http.HTTPBearer object at 0x0000012C233CCA70>|get_db,get_current_user,,,,user.tenant_id
GET,/v1/provider/reviews/staff-summary,get_staff_rating_summary,app.engines.customer_reviews.provider_router,app\engines\customer_reviews\provider_router.py,74,provider-reviews,False,True,get_staff_rating_summary|get_current_user|<fastapi.security.http.HTTPBearer object at 0x0000012C233CCA70>|get_db,get_current_user,,,,user.tenant_id
GET,/v1/provider/reviews/{review_id},get_review,app.engines.customer_reviews.provider_router,app\engines\customer_reviews\provider_router.py,90,provider-reviews,False,True,get_review|get_current_user|<fastapi.security.http.HTTPBearer object at 0x0000012C233CCA70>|get_db,get_current_user,,,,_get_review_scoped()|user.tenant_id
POST,/v1/provider/reviews/{review_id}/reply,submit_reply,app.engines.customer_reviews.provider_router,app\engines\customer_reviews\provider_router.py,108,provider-reviews,False,True,submit_reply|require_tenant_owner_mutation|require_tenant_owner|get_current_user|<fastapi.security.http.HTTPBearer object at 0x0000012C233CCA70>|get_db,require_tenant_owner_mutation|require_tenant_owner|get_current_user,add|commit|flush,,_log_event,_get_review_scoped()|user.tenant_id
POST,/v1/provider/reviews/{review_id}/flag,flag_review,app.engines.customer_reviews.provider_router,app\engines\customer_reviews\provider_router.py,135,provider-reviews,False,True,flag_review|require_tenant_owner_mutation|require_tenant_owner|get_current_user|<fastapi.security.http.HTTPBearer object at 0x0000012C233CCA70>|get_db,require_tenant_owner_mutation|require_tenant_owner|get_current_user,add|commit|flush,,_log_event,_get_review_scoped()|user.tenant_id
GET,/v1/public/reviews/tenant/{tenant_id},list_tenant_reviews,app.engines.customer_reviews.public_router,app\engines\customer_reviews\public_router.py,16,public-reviews,False,True,list_tenant_reviews|get_db,NONE,,,,
GET,/v1/public/reviews/tenant/{tenant_id}/summary,get_tenant_rating_summary,app.engines.customer_reviews.public_router,app\engines\customer_reviews\public_router.py,34,public-reviews,False,True,get_tenant_rating_summary|get_db,NONE,,,,
GET,/v1/public/reviews/{review_id},get_review,app.engines.customer_reviews.public_router,app\engines\customer_reviews\public_router.py,49,public-reviews,False,True,get_review|get_db,NONE,,,,
GET,/v1/public/reviews/{review_id}/reply,get_reply,app.engines.customer_reviews.public_router,app\engines\customer_reviews\public_router.py,70,public-reviews,False,True,get_reply|get_db,NONE,,,,
GET,/v1/admin/reviews/summary,reviews_summary,app.engines.customer_reviews.admin_router,app\engines\customer_reviews\admin_router.py,36,admin-reviews,False,True,reviews_summary|require_super_admin|get_current_user|<fastapi.security.http.HTTPBearer object at 0x0000012C233CCA70>|get_db,require_super_admin|get_current_user,,,,
GET,/v1/admin/reviews,list_reviews,app.engines.customer_reviews.admin_router,app\engines\customer_reviews\admin_router.py,94,admin-reviews,False,True,list_reviews|require_super_admin|get_current_user|<fastapi.security.http.HTTPBearer object at 0x0000012C233CCA70>|get_db,require_super_admin|get_current_user,,,,
GET,/v1/admin/reviews/{review_id},get_review,app.engines.customer_reviews.admin_router,app\engines\customer_reviews\admin_router.py,211,admin-reviews,False,True,get_review|require_super_admin|get_current_user|<fastapi.security.http.HTTPBearer object at 0x0000012C233CCA70>|get_db,require_super_admin|get_current_user,,,,
POST,/v1/admin/reviews/{review_id}/approve,approve_review,app.engines.customer_reviews.admin_router,app\engines\customer_reviews\admin_router.py,234,admin-reviews,False,True,approve_review|require_super_admin|get_current_user|<fastapi.security.http.HTTPBearer object at 0x0000012C233CCA70>|get_db,require_super_admin|get_current_user,add|commit|flush,,_log_event,
POST,/v1/admin/reviews/{review_id}/reject,reject_review,app.engines.customer_reviews.admin_router,app\engines\customer_reviews\admin_router.py,245,admin-reviews,False,True,reject_review|require_super_admin|get_current_user|<fastapi.security.http.HTTPBearer object at 0x0000012C233CCA70>|get_db,require_super_admin|get_current_user,add|commit|flush,,_log_event,
POST,/v1/admin/reviews/{review_id}/hide,hide_review,app.engines.customer_reviews.admin_router,app\engines\customer_reviews\admin_router.py,261,admin-reviews,False,True,hide_review|require_super_admin|get_current_user|<fastapi.security.http.HTTPBearer object at 0x0000012C233CCA70>|get_db,require_super_admin|get_current_user,add|commit|flush,,_log_event,
DELETE,/v1/admin/reviews/{review_id},delete_review,app.engines.customer_reviews.admin_router,app\engines\customer_reviews\admin_router.py,277,admin-reviews,False,True,delete_review|require_super_admin|get_current_user|<fastapi.security.http.HTTPBearer object at 0x0000012C233CCA70>|get_db,require_super_admin|get_current_user,add|commit|flush,,_log_event,
GET,/v1/admin/reviews/{review_id}/events,get_review_events,app.engines.customer_reviews.admin_router,app\engines\customer_reviews\admin_router.py,288,admin-reviews,False,True,get_review_events|require_super_admin|get_current_user|<fastapi.security.http.HTTPBearer object at 0x0000012C233CCA70>|get_db,require_super_admin|get_current_user,,,,
GET,/v1/admin/review-flags,list_flags,app.engines.customer_reviews.admin_router,app\engines\customer_reviews\admin_router.py,300,admin-reviews,False,True,list_flags|require_super_admin|get_current_user|<fastapi.security.http.HTTPBearer object at 0x0000012C233CCA70>|get_db,require_super_admin|get_current_user,,,,
POST,/v1/admin/review-flags/{flag_id}/resolve,resolve_flag,app.engines.customer_reviews.admin_router,app\engines\customer_reviews\admin_router.py,311,admin-reviews,False,True,resolve_flag|require_super_admin|get_current_user|<fastapi.security.http.HTTPBearer object at 0x0000012C233CCA70>|get_db,require_super_admin|get_current_user,add|commit|flush,,_log_event,
GET,/v1/admin/review-replies,list_replies,app.engines.customer_reviews.admin_router,app\engines\customer_reviews\admin_router.py,323,admin-reviews,False,True,list_replies|require_super_admin|get_current_user|<fastapi.security.http.HTTPBearer object at 0x0000012C233CCA70>|get_db,require_super_admin|get_current_user,,,,
POST,/v1/admin/review-replies/{review_id}/approve,approve_reply,app.engines.customer_reviews.admin_router,app\engines\customer_reviews\admin_router.py,339,admin-reviews,False,True,approve_reply|require_super_admin|get_current_user|<fastapi.security.http.HTTPBearer object at 0x0000012C233CCA70>|get_db,require_super_admin|get_current_user,add|commit|flush,,_log_event,
POST,/v1/admin/review-replies/{review_id}/reject,reject_reply,app.engines.customer_reviews.admin_router,app\engines\customer_reviews\admin_router.py,350,admin-reviews,False,True,reject_reply|require_super_admin|get_current_user|<fastapi.security.http.HTTPBearer object at 0x0000012C233CCA70>|get_db,require_super_admin|get_current_user,add|commit|flush,,_log_event,
GET,/v1/admin/review-policies,list_policies,app.engines.customer_reviews.admin_router,app\engines\customer_reviews\admin_router.py,367,admin-reviews,False,True,list_policies|require_super_admin|get_current_user|<fastapi.security.http.HTTPBearer object at 0x0000012C233CCA70>|get_db,require_super_admin|get_current_user,,,,
GET,/v1/admin/review-policies/{policy_id},get_policy,app.engines.customer_reviews.admin_router,app\engines\customer_reviews\admin_router.py,377,admin-reviews,False,True,get_policy|require_super_admin|get_current_user|<fastapi.security.http.HTTPBearer object at 0x0000012C233CCA70>|get_db,require_super_admin|get_current_user,,,,
PATCH,/v1/admin/review-policies/{policy_id},update_policy,app.engines.customer_reviews.admin_router,app\engines\customer_reviews\admin_router.py,388,admin-reviews,False,True,update_policy|require_super_admin|get_current_user|<fastapi.security.http.HTTPBearer object at 0x0000012C233CCA70>|get_db,require_super_admin|get_current_user,commit,,,
GET,/v1/admin/rating-summaries,list_tenant_summaries,app.engines.customer_reviews.admin_router,app\engines\customer_reviews\admin_router.py,401,admin-reviews,False,True,list_tenant_summaries|require_super_admin|get_current_user|<fastapi.security.http.HTTPBearer object at 0x0000012C233CCA70>|get_db,require_super_admin|get_current_user,,,,
GET,/v1/admin/rating-summaries/staff,list_staff_summaries,app.engines.customer_reviews.admin_router,app\engines\customer_reviews\admin_router.py,412,admin-reviews,False,True,list_staff_summaries|require_super_admin|get_current_user|<fastapi.security.http.HTTPBearer object at 0x0000012C233CCA70>|get_db,require_super_admin|get_current_user,,,,
POST,/v1/admin/rating-summaries/tenant/{tenant_id}/recompute,recompute_tenant_summary,app.engines.customer_reviews.admin_router,app\engines\customer_reviews\admin_router.py,428,admin-reviews,False,True,recompute_tenant_summary|require_super_admin|get_current_user|<fastapi.security.http.HTTPBearer object at 0x0000012C233CCA70>|get_db,require_super_admin|get_current_user,add|commit|flush,,,
GET,/enterprise/registry,list_resources,app.engines.enterprise_grid.router,app\engines\enterprise_grid\router.py,159,Enterprise Grid|Enterprise Grid,False,True,list_resources|get_current_user|<fastapi.security.http.HTTPBearer object at 0x0000012C233CCA70>|get_db,get_current_user,,,,
GET,/enterprise/registry/{resource_key},get_resource_config,app.engines.enterprise_grid.router,app\engines\enterprise_grid\router.py,178,Enterprise Grid|Enterprise Grid,False,True,get_resource_config|get_current_user|<fastapi.security.http.HTTPBearer object at 0x0000012C233CCA70>|get_db,get_current_user,,,,
GET,/enterprise/saved-views,list_saved_views,app.engines.enterprise_grid.router,app\engines\enterprise_grid\router.py,199,Enterprise Grid|Enterprise Saved Views,False,True,list_saved_views|get_current_user|<fastapi.security.http.HTTPBearer object at 0x0000012C233CCA70>|get_db,get_current_user,,,,u.tenant_id
POST,/enterprise/saved-views,create_saved_view,app.engines.enterprise_grid.router,app\engines\enterprise_grid\router.py,220,Enterprise Grid|Enterprise Saved Views,False,True,create_saved_view|get_current_user|<fastapi.security.http.HTTPBearer object at 0x0000012C233CCA70>|get_db,get_current_user,add|commit,,,u.tenant_id
GET,/enterprise/saved-views/{view_id},get_saved_view,app.engines.enterprise_grid.router,app\engines\enterprise_grid\router.py,251,Enterprise Grid|Enterprise Saved Views,False,True,get_saved_view|get_current_user|<fastapi.security.http.HTTPBearer object at 0x0000012C233CCA70>|get_db,get_current_user,,,,u.tenant_id
PUT,/enterprise/saved-views/{view_id},update_saved_view,app.engines.enterprise_grid.router,app\engines\enterprise_grid\router.py,267,Enterprise Grid|Enterprise Saved Views,False,True,update_saved_view|get_current_user|<fastapi.security.http.HTTPBearer object at 0x0000012C233CCA70>|get_db,get_current_user,commit|raw_sql,,,u.tenant_id
DELETE,/enterprise/saved-views/{view_id},delete_saved_view,app.engines.enterprise_grid.router,app\engines\enterprise_grid\router.py,285,Enterprise Grid|Enterprise Saved Views,False,True,delete_saved_view|get_current_user|<fastapi.security.http.HTTPBearer object at 0x0000012C233CCA70>|get_db,get_current_user,commit|delete,,,u.tenant_id
POST,/enterprise/saved-views/{view_id}/set-default,set_default_view,app.engines.enterprise_grid.router,app\engines\enterprise_grid\router.py,301,Enterprise Grid|Enterprise Saved Views,False,True,set_default_view|get_current_user|<fastapi.security.http.HTTPBearer object at 0x0000012C233CCA70>|get_db,get_current_user,commit,,,u.tenant_id
GET,/enterprise/column-preferences,get_column_preferences,app.engines.enterprise_grid.router,app\engines\enterprise_grid\router.py,322,Enterprise Grid|Enterprise Column Preferences,False,True,get_column_preferences|get_current_user|<fastapi.security.http.HTTPBearer object at 0x0000012C233CCA70>|get_db,get_current_user,,,,
PUT,/enterprise/column-preferences,save_column_preferences,app.engines.enterprise_grid.router,app\engines\enterprise_grid\router.py,342,Enterprise Grid|Enterprise Column Preferences,False,True,save_column_preferences|get_current_user|<fastapi.security.http.HTTPBearer object at 0x0000012C233CCA70>|get_db,get_current_user,add|commit,,,u.tenant_id
POST,/enterprise/column-preferences/reset,reset_column_preferences,app.engines.enterprise_grid.router,app\engines\enterprise_grid\router.py,364,Enterprise Grid|Enterprise Column Preferences,False,True,reset_column_preferences|get_current_user|<fastapi.security.http.HTTPBearer object at 0x0000012C233CCA70>|get_db,get_current_user,commit|delete,,,
POST,/enterprise/exports,create_export,app.engines.enterprise_grid.router,app\engines\enterprise_grid\router.py,424,Enterprise Grid|Enterprise Exports,False,True,create_export|get_current_user|<fastapi.security.http.HTTPBearer object at 0x0000012C233CCA70>|get_db,get_current_user,add|commit,,,u.tenant_id
GET,/enterprise/exports,list_exports,app.engines.enterprise_grid.router,app\engines\enterprise_grid\router.py,522,Enterprise Grid|Enterprise Exports,False,True,list_exports|get_current_user|<fastapi.security.http.HTTPBearer object at 0x0000012C233CCA70>|get_db,get_current_user,,,,
GET,/enterprise/exports/{export_id},get_export,app.engines.enterprise_grid.router,app\engines\enterprise_grid\router.py,537,Enterprise Grid|Enterprise Exports,False,True,get_export|get_current_user|<fastapi.security.http.HTTPBearer object at 0x0000012C233CCA70>|get_db,get_current_user,,,,
POST,/enterprise/exports/{export_id}/retry,retry_export,app.engines.enterprise_grid.router,app\engines\enterprise_grid\router.py,560,Enterprise Grid|Enterprise Exports,False,True,retry_export|get_current_user|<fastapi.security.http.HTTPBearer object at 0x0000012C233CCA70>|get_db,get_current_user,commit,,,
POST,/enterprise/exports/{export_id}/cancel,cancel_export,app.engines.enterprise_grid.router,app\engines\enterprise_grid\router.py,599,Enterprise Grid|Enterprise Exports,False,True,cancel_export|get_current_user|<fastapi.security.http.HTTPBearer object at 0x0000012C233CCA70>|get_db,get_current_user,commit,,,
GET,/enterprise/exports/{export_id}/download,download_export,app.engines.enterprise_grid.router,app\engines\enterprise_grid\router.py,633,Enterprise Grid|Enterprise Exports,False,True,download_export|get_current_user|<fastapi.security.http.HTTPBearer object at 0x0000012C233CCA70>|get_db,get_current_user,commit,,record_platform_audit,
GET,/v1/customer/complaints/check-eligible,check_eligible,app.engines.complaints.customer_router,app\engines\complaints\customer_router.py,61,customer-complaints,False,True,check_eligible|require_customer|get_current_user|<fastapi.security.http.HTTPBearer object at 0x0000012C233CCA70>|get_db,require_customer|get_current_user,,,,
POST,/v1/customer/complaints,create_complaint,app.engines.complaints.customer_router,app\engines\complaints\customer_router.py,80,customer-complaints,False,True,create_complaint|require_customer|get_current_user|<fastapi.security.http.HTTPBearer object at 0x0000012C233CCA70>|get_db,require_customer|get_current_user,add|commit|flush,,_log_event,
GET,/v1/customer/complaints,list_complaints,app.engines.complaints.customer_router,app\engines\complaints\customer_router.py,104,customer-complaints,False,True,list_complaints|require_customer|get_current_user|<fastapi.security.http.HTTPBearer object at 0x0000012C233CCA70>|get_db,require_customer|get_current_user,,,,
GET,/v1/customer/complaints/{complaint_id},get_complaint,app.engines.complaints.customer_router,app\engines\complaints\customer_router.py,117,customer-complaints,False,True,get_complaint|require_customer|get_current_user|<fastapi.security.http.HTTPBearer object at 0x0000012C233CCA70>|get_db,require_customer|get_current_user,,,,
POST,/v1/customer/complaints/{complaint_id}/messages,add_message,app.engines.complaints.customer_router,app\engines\complaints\customer_router.py,130,customer-complaints,False,True,add_message|require_customer|get_current_user|<fastapi.security.http.HTTPBearer object at 0x0000012C233CCA70>|get_db,require_customer|get_current_user,add|commit|flush,,_log_event,
GET,/v1/customer/complaints/{complaint_id}/messages,list_messages,app.engines.complaints.customer_router,app\engines\complaints\customer_router.py,146,customer-complaints,False,True,list_messages|require_customer|get_current_user|<fastapi.security.http.HTTPBearer object at 0x0000012C233CCA70>|get_db,require_customer|get_current_user,,,,
GET,/v1/customer/complaints/{complaint_id}/resolutions,list_resolutions,app.engines.complaints.customer_router,app\engines\complaints\customer_router.py,161,customer-complaints,False,True,list_resolutions|require_customer|get_current_user|<fastapi.security.http.HTTPBearer object at 0x0000012C233CCA70>|get_db,require_customer|get_current_user,,,,
GET,/v1/customer/complaints/{complaint_id}/ai-session,get_ai_session,app.engines.complaints.customer_router,app\engines\complaints\customer_router.py,189,customer-complaints,False,True,get_ai_session|require_customer|get_current_user|<fastapi.security.http.HTTPBearer object at 0x0000012C233CCA70>|get_db,require_customer|get_current_user,,,,
POST,/v1/customer/complaints/{complaint_id}/ai-session/answers,submit_ai_answers,app.engines.complaints.customer_router,app\engines\complaints\customer_router.py,213,customer-complaints,False,True,submit_ai_answers|require_customer|get_current_user|<fastapi.security.http.HTTPBearer object at 0x0000012C233CCA70>|get_db,require_customer|get_current_user,add|commit|flush,,,
POST,/v1/customer/complaints/{complaint_id}/cancel,cancel_complaint,app.engines.complaints.customer_router,app\engines\complaints\customer_router.py,235,customer-complaints,False,True,cancel_complaint|require_customer|get_current_user|<fastapi.security.http.HTTPBearer object at 0x0000012C233CCA70>|get_db,require_customer|get_current_user,commit|flush,,_log_event,
POST,/v1/customer/complaints/{complaint_id}/resolutions/{resolution_id}/accept,accept_resolution,app.engines.complaints.customer_router,app\engines\complaints\customer_router.py,249,customer-complaints,False,True,accept_resolution|require_customer|get_current_user|<fastapi.security.http.HTTPBearer object at 0x0000012C233CCA70>|get_db,require_customer|get_current_user,add|commit|flush,,_log_event,
POST,/v1/customer/complaints/{complaint_id}/resolutions/{resolution_id}/reject,reject_resolution,app.engines.complaints.customer_router,app\engines\complaints\customer_router.py,263,customer-complaints,False,True,reject_resolution|require_customer|get_current_user|<fastapi.security.http.HTTPBearer object at 0x0000012C233CCA70>|get_db,require_customer|get_current_user,add|commit|flush,,_log_event,
POST,/v1/customer/complaints/{complaint_id}/refund,request_refund,app.engines.complaints.customer_router,app\engines\complaints\customer_router.py,280,customer-complaints,False,True,request_refund|require_customer|get_current_user|<fastapi.security.http.HTTPBearer object at 0x0000012C233CCA70>|get_db,require_customer|get_current_user,add|commit|flush,,_log_event,
GET,/v1/customer/complaints/{complaint_id}/settlement-proposals,list_settlement_proposals,app.engines.complaints.customer_router,app\engines\complaints\customer_router.py,306,customer-complaints,False,True,list_settlement_proposals|require_customer|get_current_user|<fastapi.security.http.HTTPBearer object at 0x0000012C233CCA70>|get_db,require_customer|get_current_user,,,,
POST,/v1/customer/complaints/{complaint_id}/settlement-proposals/{proposal_id}/respond,respond_to_settlement,app.engines.complaints.customer_router,app\engines\complaints\customer_router.py,319,customer-complaints,False,True,respond_to_settlement|require_customer|get_current_user|<fastapi.security.http.HTTPBearer object at 0x0000012C233CCA70>|get_db,require_customer|get_current_user,add|commit|flush,,_log_event,
GET,/v1/provider/complaints,list_complaints,app.engines.complaints.provider_router,app\engines\complaints\provider_router.py,65,provider-complaints,False,True,list_complaints|get_current_user|<fastapi.security.http.HTTPBearer object at 0x0000012C233CCA70>|get_db,get_current_user,,,,u.tenant_id
GET,/v1/provider/complaints/{complaint_id},get_complaint,app.engines.complaints.provider_router,app\engines\complaints\provider_router.py,76,provider-complaints,False,True,get_complaint|get_current_user|<fastapi.security.http.HTTPBearer object at 0x0000012C233CCA70>|get_db,get_current_user,,,,u.tenant_id
POST,/v1/provider/complaints/{complaint_id}/respond,respond_to_complaint,app.engines.complaints.provider_router,app\engines\complaints\provider_router.py,87,provider-complaints,False,True,respond_to_complaint|require_tenant_owner_mutation|require_tenant_owner|get_current_user|<fastapi.security.http.HTTPBearer object at 0x0000012C233CCA70>|get_db,require_tenant_owner_mutation|require_tenant_owner|get_current_user,add|commit|flush,,_log_event,u.tenant_id
GET,/v1/provider/complaints/{complaint_id}/messages,list_messages,app.engines.complaints.provider_router,app\engines\complaints\provider_router.py,106,provider-complaints,False,True,list_messages|get_current_user|<fastapi.security.http.HTTPBearer object at 0x0000012C233CCA70>|get_db,get_current_user,,,,u.tenant_id
POST,/v1/provider/complaints/{complaint_id}/offer-resolution,offer_resolution,app.engines.complaints.provider_router,app\engines\complaints\provider_router.py,120,provider-complaints,False,True,offer_resolution|require_tenant_owner_mutation|require_tenant_owner|get_current_user|<fastapi.security.http.HTTPBearer object at 0x0000012C233CCA70>|get_db,require_tenant_owner_mutation|require_tenant_owner|get_current_user,add|commit|flush,,_log_event,u.tenant_id
GET,/v1/provider/complaints/{complaint_id}/resolutions,list_resolutions,app.engines.complaints.provider_router,app\engines\complaints\provider_router.py,138,provider-complaints,False,True,list_resolutions|get_current_user|<fastapi.security.http.HTTPBearer object at 0x0000012C233CCA70>|get_db,get_current_user,,,,u.tenant_id
GET,/v1/provider/complaints/{complaint_id}/ai-session,get_ai_session,app.engines.complaints.provider_router,app\engines\complaints\provider_router.py,261,provider-complaints,False,True,get_ai_session|get_current_user|<fastapi.security.http.HTTPBearer object at 0x0000012C233CCA70>|get_db,get_current_user,,,,u.tenant_id
POST,/v1/provider/complaints/{complaint_id}/ai-session/answers,submit_ai_answers,app.engines.complaints.provider_router,app\engines\complaints\provider_router.py,283,provider-complaints,False,True,submit_ai_answers|require_tenant_owner_mutation|require_tenant_owner|get_current_user|<fastapi.security.http.HTTPBearer object at 0x0000012C233CCA70>|get_db,require_tenant_owner_mutation|require_tenant_owner|get_current_user,add|commit|flush,,,u.tenant_id
GET,/v1/provider/complaints/{complaint_id}/settlement-proposals,list_settlement_proposals,app.engines.complaints.provider_router,app\engines\complaints\provider_router.py,305,provider-complaints,False,True,list_settlement_proposals|get_current_user|<fastapi.security.http.HTTPBearer object at 0x0000012C233CCA70>|get_db,get_current_user,,,,u.tenant_id
POST,/v1/provider/complaints/{complaint_id}/settlement-proposals,create_settlement_proposal,app.engines.complaints.provider_router,app\engines\complaints\provider_router.py,317,provider-complaints,False,True,create_settlement_proposal|require_tenant_owner_mutation|require_tenant_owner|get_current_user|<fastapi.security.http.HTTPBearer object at 0x0000012C233CCA70>|get_db,require_tenant_owner_mutation|require_tenant_owner|get_current_user,add|commit|flush,,_log_event,u.tenant_id
POST,/v1/provider/complaints/{complaint_id}/settlement-proposals/{proposal_id}/respond,respond_to_settlement,app.engines.complaints.provider_router,app\engines\complaints\provider_router.py,340,provider-complaints,False,True,respond_to_settlement|require_tenant_owner_mutation|require_tenant_owner|get_current_user|<fastapi.security.http.HTTPBearer object at 0x0000012C233CCA70>|get_db,require_tenant_owner_mutation|require_tenant_owner|get_current_user,add|commit|flush,,_log_event,u.tenant_id
GET,/v1/provider/rework-requests,list_rework_requests,app.engines.complaints.provider_router,app\engines\complaints\provider_router.py,153,provider-rework,False,True,list_rework_requests|get_current_user|<fastapi.security.http.HTTPBearer object at 0x0000012C233CCA70>|get_db,get_current_user,,,,u.tenant_id
GET,/v1/provider/rework-requests/{rework_id},get_rework,app.engines.complaints.provider_router,app\engines\complaints\provider_router.py,166,provider-rework,False,True,get_rework|get_current_user|<fastapi.security.http.HTTPBearer object at 0x0000012C233CCA70>|get_db,get_current_user,,,,
POST,/v1/provider/rework-requests/{rework_id}/schedule,schedule_rework,app.engines.complaints.provider_router,app\engines\complaints\provider_router.py,181,provider-rework,False,True,schedule_rework|require_tenant_owner_mutation|require_tenant_owner|get_current_user|<fastapi.security.http.HTTPBearer object at 0x0000012C233CCA70>|get_db,require_tenant_owner_mutation|require_tenant_owner|get_current_user,commit,,,u.tenant_id
POST,/v1/provider/rework-requests/{rework_id}/start,start_rework,app.engines.complaints.provider_router,app\engines\complaints\provider_router.py,196,provider-rework,False,True,start_rework|require_tenant_owner_mutation|require_tenant_owner|get_current_user|<fastapi.security.http.HTTPBearer object at 0x0000012C233CCA70>|get_db,require_tenant_owner_mutation|require_tenant_owner|get_current_user,commit,,,u.tenant_id
POST,/v1/provider/rework-requests/{rework_id}/complete,complete_rework,app.engines.complaints.provider_router,app\engines\complaints\provider_router.py,207,provider-rework,False,True,complete_rework|require_tenant_owner_mutation|require_tenant_owner|get_current_user|<fastapi.security.http.HTTPBearer object at 0x0000012C233CCA70>|get_db,require_tenant_owner_mutation|require_tenant_owner|get_current_user,commit,,,u.tenant_id
GET,/v1/provider/refund-requests,list_refund_requests,app.engines.complaints.provider_router,app\engines\complaints\provider_router.py,220,provider-refunds,False,True,list_refund_requests|get_current_user|<fastapi.security.http.HTTPBearer object at 0x0000012C233CCA70>|get_db,get_current_user,,,,u.tenant_id
POST,/v1/provider/refund-requests/{refund_id}/review,review_refund,app.engines.complaints.provider_router,app\engines\complaints\provider_router.py,233,provider-refunds,False,True,review_refund|require_tenant_owner_mutation|require_tenant_owner|get_current_user|<fastapi.security.http.HTTPBearer object at 0x0000012C233CCA70>|get_db,require_tenant_owner_mutation|require_tenant_owner|get_current_user,commit,,,u.tenant_id
GET,/v1/admin/complaints/summary,complaints_summary,app.engines.complaints.admin_router,app\engines\complaints\admin_router.py,154,admin-complaints,False,True,complaints_summary|require_super_admin|get_current_user|<fastapi.security.http.HTTPBearer object at 0x0000012C233CCA70>|get_db,require_super_admin|get_current_user,,,,
GET,/v1/admin/complaints/list,list_complaints_enterprise,app.engines.complaints.admin_router,app\engines\complaints\admin_router.py,200,admin-complaints,False,True,list_complaints_enterprise|require_super_admin|get_current_user|<fastapi.security.http.HTTPBearer object at 0x0000012C233CCA70>|get_db,require_super_admin|get_current_user,,,,
GET,/v1/admin/complaints,list_complaints,app.engines.complaints.admin_router,app\engines\complaints\admin_router.py,338,admin-complaints,False,True,list_complaints|require_super_admin|get_current_user|<fastapi.security.http.HTTPBearer object at 0x0000012C233CCA70>|get_db,require_super_admin|get_current_user,,,,
GET,/v1/admin/complaints/{complaint_id},get_complaint,app.engines.complaints.admin_router,app\engines\complaints\admin_router.py,357,admin-complaints,False,True,get_complaint|require_super_admin|get_current_user|<fastapi.security.http.HTTPBearer object at 0x0000012C233CCA70>|get_db,require_super_admin|get_current_user,,,,
POST,/v1/admin/complaints/{complaint_id}/assign,assign_complaint,app.engines.complaints.admin_router,app\engines\complaints\admin_router.py,368,admin-complaints,False,True,assign_complaint|require_super_admin|get_current_user|<fastapi.security.http.HTTPBearer object at 0x0000012C233CCA70>|get_db,require_super_admin|get_current_user,add|commit|flush,,_log_event,
POST,/v1/admin/complaints/{complaint_id}/priority,change_priority,app.engines.complaints.admin_router,app\engines\complaints\admin_router.py,380,admin-complaints,False,True,change_priority|require_super_admin|get_current_user|<fastapi.security.http.HTTPBearer object at 0x0000012C233CCA70>|get_db,require_super_admin|get_current_user,add|commit|flush,,_log_event,
POST,/v1/admin/complaints/{complaint_id}/request-provider-response,request_provider_response,app.engines.complaints.admin_router,app\engines\complaints\admin_router.py,392,admin-complaints,False,True,request_provider_response|require_super_admin|get_current_user|<fastapi.security.http.HTTPBearer object at 0x0000012C233CCA70>|get_db,require_super_admin|get_current_user,add|commit|flush,,_log_event,
POST,/v1/admin/complaints/{complaint_id}/messages,admin_add_message,app.engines.complaints.admin_router,app\engines\complaints\admin_router.py,403,admin-complaints,False,True,admin_add_message|require_super_admin|get_current_user|<fastapi.security.http.HTTPBearer object at 0x0000012C233CCA70>|get_db,require_super_admin|get_current_user,add|commit|flush,,_log_event,
GET,/v1/admin/complaints/{complaint_id}/messages,list_messages,app.engines.complaints.admin_router,app\engines\complaints\admin_router.py,417,admin-complaints,False,True,list_messages|require_super_admin|get_current_user|<fastapi.security.http.HTTPBearer object at 0x0000012C233CCA70>|get_db,require_super_admin|get_current_user,,,,
POST,/v1/admin/complaints/{complaint_id}/propose-resolution,propose_resolution,app.engines.complaints.admin_router,app\engines\complaints\admin_router.py,430,admin-complaints,False,True,propose_resolution|require_super_admin|get_current_user|<fastapi.security.http.HTTPBearer object at 0x0000012C233CCA70>|get_db,require_super_admin|get_current_user,add|commit|flush,,_log_event,
GET,/v1/admin/complaints/{complaint_id}/resolutions,list_resolutions,app.engines.complaints.admin_router,app\engines\complaints\admin_router.py,448,admin-complaints,False,True,list_resolutions|require_super_admin|get_current_user|<fastapi.security.http.HTTPBearer object at 0x0000012C233CCA70>|get_db,require_super_admin|get_current_user,,,,
POST,/v1/admin/complaints/{complaint_id}/reject,reject_complaint,app.engines.complaints.admin_router,app\engines\complaints\admin_router.py,462,admin-complaints,False,True,reject_complaint|require_super_admin|get_current_user|<fastapi.security.http.HTTPBearer object at 0x0000012C233CCA70>|get_db,require_super_admin|get_current_user,add|commit|flush,,_log_event,
POST,/v1/admin/complaints/{complaint_id}/resolve,resolve_complaint,app.engines.complaints.admin_router,app\engines\complaints\admin_router.py,474,admin-complaints,False,True,resolve_complaint|require_super_admin|get_current_user|<fastapi.security.http.HTTPBearer object at 0x0000012C233CCA70>|get_db,require_super_admin|get_current_user,add|commit|flush,,_log_event,
POST,/v1/admin/complaints/{complaint_id}/close,close_complaint,app.engines.complaints.admin_router,app\engines\complaints\admin_router.py,486,admin-complaints,False,True,close_complaint|require_super_admin|get_current_user|<fastapi.security.http.HTTPBearer object at 0x0000012C233CCA70>|get_db,require_super_admin|get_current_user,add|commit|flush,,_log_event,
GET,/v1/admin/complaints/{complaint_id}/events,list_events,app.engines.complaints.admin_router,app\engines\complaints\admin_router.py,500,admin-complaints,False,True,list_events|require_super_admin|get_current_user|<fastapi.security.http.HTTPBearer object at 0x0000012C233CCA70>|get_db,require_super_admin|get_current_user,,,,
POST,/v1/admin/complaints/{complaint_id}/start-ai-settlement,start_ai_settlement,app.engines.complaints.admin_router,app\engines\complaints\admin_router.py,675,admin-complaints,False,True,start_ai_settlement|require_super_admin|get_current_user|<fastapi.security.http.HTTPBearer object at 0x0000012C233CCA70>|get_db,require_super_admin|get_current_user,add|commit|flush,,_log_event,
POST,/v1/admin/complaints/{complaint_id}/finalize-settlement,finalize_settlement,app.engines.complaints.admin_router,app\engines\complaints\admin_router.py,688,admin-complaints,False,True,finalize_settlement|require_super_admin|get_current_user|<fastapi.security.http.HTTPBearer object at 0x0000012C233CCA70>|get_db,require_super_admin|get_current_user,add|commit|flush,,_log_event,
POST,/v1/admin/complaints/{complaint_id}/settlement-proposals,create_admin_settlement_proposal,app.engines.complaints.admin_router,app\engines\complaints\admin_router.py,703,admin-complaints,False,True,create_admin_settlement_proposal|require_super_admin|get_current_user|<fastapi.security.http.HTTPBearer object at 0x0000012C233CCA70>|get_db,require_super_admin|get_current_user,add|commit|flush,,_log_event,
GET,/v1/admin/complaints/{complaint_id}/settlement-proposals,list_settlement_proposals,app.engines.complaints.admin_router,app\engines\complaints\admin_router.py,725,admin-complaints,False,True,list_settlement_proposals|require_super_admin|get_current_user|<fastapi.security.http.HTTPBearer object at 0x0000012C233CCA70>|get_db,require_super_admin|get_current_user,,,,
GET,/v1/admin/complaints/{complaint_id}/ai-session,get_ai_session,app.engines.complaints.admin_router,app\engines\complaints\admin_router.py,736,admin-complaints,False,True,get_ai_session|require_super_admin|get_current_user|<fastapi.security.http.HTTPBearer object at 0x0000012C233CCA70>|get_db,require_super_admin|get_current_user,,,,
GET,/v1/admin/complaints/{complaint_id}/timeline,get_complaint_timeline,app.engines.complaints.admin_router,app\engines\complaints\admin_router.py,747,admin-complaints,False,True,get_complaint_timeline|require_super_admin|get_current_user|<fastapi.security.http.HTTPBearer object at 0x0000012C233CCA70>|get_db,require_super_admin|get_current_user,,,,
GET,/v1/admin/rework-requests,list_rework_requests,app.engines.complaints.admin_router,app\engines\complaints\admin_router.py,515,admin-rework,False,True,list_rework_requests|require_super_admin|get_current_user|<fastapi.security.http.HTTPBearer object at 0x0000012C233CCA70>|get_db,require_super_admin|get_current_user,,,,
POST,/v1/admin/rework-requests/{rework_id}/approve,approve_rework,app.engines.complaints.admin_router,app\engines\complaints\admin_router.py,530,admin-rework,False,True,approve_rework|require_super_admin|get_current_user|<fastapi.security.http.HTTPBearer object at 0x0000012C233CCA70>|get_db,require_super_admin|get_current_user,add|commit|flush,,_log_event,
POST,/v1/admin/rework-requests/{rework_id}/reject,reject_rework,app.engines.complaints.admin_router,app\engines\complaints\admin_router.py,542,admin-rework,False,True,reject_rework|require_super_admin|get_current_user|<fastapi.security.http.HTTPBearer object at 0x0000012C233CCA70>|get_db,require_super_admin|get_current_user,commit,,,
POST,/v1/admin/rework-requests/{rework_id}/assign,assign_rework,app.engines.complaints.admin_router,app\engines\complaints\admin_router.py,554,admin-rework,False,True,assign_rework|require_super_admin|get_current_user|<fastapi.security.http.HTTPBearer object at 0x0000012C233CCA70>|get_db,require_super_admin|get_current_user,commit,,,
GET,/v1/admin/refund-requests,list_refund_requests,app.engines.complaints.admin_router,app\engines\complaints\admin_router.py,567,admin-refunds,False,True,list_refund_requests|require_super_admin|get_current_user|<fastapi.security.http.HTTPBearer object at 0x0000012C233CCA70>|get_db,require_super_admin|get_current_user,,,,
POST,/v1/admin/refund-requests/{refund_id}/approve,approve_refund,app.engines.complaints.admin_router,app\engines\complaints\admin_router.py,584,admin-refunds,False,True,approve_refund|require_super_admin|get_current_user|<fastapi.security.http.HTTPBearer object at 0x0000012C233CCA70>|get_db,require_super_admin|get_current_user,add|commit|flush,,_log_event,
POST,/v1/admin/refund-requests/{refund_id}/reject,reject_refund,app.engines.complaints.admin_router,app\engines\complaints\admin_router.py,599,admin-refunds,False,True,reject_refund|require_super_admin|get_current_user|<fastapi.security.http.HTTPBearer object at 0x0000012C233CCA70>|get_db,require_super_admin|get_current_user,commit,,,
POST,/v1/admin/refund-requests/{refund_id}/record,record_refund,app.engines.complaints.admin_router,app\engines\complaints\admin_router.py,611,admin-refunds,False,True,record_refund|require_super_admin|get_current_user|<fastapi.security.http.HTTPBearer object at 0x0000012C233CCA70>|get_db,require_super_admin|get_current_user,add|commit|flush,,_log_event,
POST,/v1/admin/refund-requests/{refund_id}/verify,verify_refund,app.engines.complaints.admin_router,app\engines\complaints\admin_router.py,628,admin-refunds,False,True,verify_refund|require_super_admin|get_current_user|<fastapi.security.http.HTTPBearer object at 0x0000012C233CCA70>|get_db,require_super_admin|get_current_user,commit,,,
GET,/v1/admin/complaint-policies,list_policies,app.engines.complaints.admin_router,app\engines\complaints\admin_router.py,641,admin-complaint-policies,False,True,list_policies|require_super_admin|get_current_user|<fastapi.security.http.HTTPBearer object at 0x0000012C233CCA70>|get_db,require_super_admin|get_current_user,,,,
POST,/v1/admin/complaint-policies,create_policy,app.engines.complaints.admin_router,app\engines\complaints\admin_router.py,651,admin-complaint-policies,False,True,create_policy|require_super_admin|get_current_user|<fastapi.security.http.HTTPBearer object at 0x0000012C233CCA70>|get_db,require_super_admin|get_current_user,add|commit,,,
PUT,/v1/admin/complaint-policies/{policy_id},update_policy,app.engines.complaints.admin_router,app\engines\complaints\admin_router.py,662,admin-complaint-policies,False,True,update_policy|require_super_admin|get_current_user|<fastapi.security.http.HTTPBearer object at 0x0000012C233CCA70>|get_db,require_super_admin|get_current_user,commit,,,
GET,/v1/customer/notifications,list_notifications,app.engines.platform_notifications.customer_router,app\engines\platform_notifications\customer_router.py,37,Customer Notifications,False,True,list_notifications|require_customer|get_current_user|<fastapi.security.http.HTTPBearer object at 0x0000012C233CCA70>|get_db,require_customer|get_current_user,,,,
GET,/v1/customer/notifications/unread-count,unread_count,app.engines.platform_notifications.customer_router,app\engines\platform_notifications\customer_router.py,56,Customer Notifications,False,True,unread_count|require_customer|get_current_user|<fastapi.security.http.HTTPBearer object at 0x0000012C233CCA70>|get_db,require_customer|get_current_user,,,,
POST,/v1/customer/notifications/{notification_id}/read,mark_read,app.engines.platform_notifications.customer_router,app\engines\platform_notifications\customer_router.py,69,Customer Notifications,False,True,mark_read|require_customer|get_current_user|<fastapi.security.http.HTTPBearer object at 0x0000012C233CCA70>|get_db,require_customer|get_current_user,commit,,,
POST,/v1/customer/notifications/mark-all-read,mark_all_read,app.engines.platform_notifications.customer_router,app\engines\platform_notifications\customer_router.py,83,Customer Notifications,False,True,mark_all_read|require_customer|get_current_user|<fastapi.security.http.HTTPBearer object at 0x0000012C233CCA70>|get_db,require_customer|get_current_user,commit,,,
GET,/v1/customer/notifications/preferences,get_preferences,app.engines.platform_notifications.customer_router,app\engines\platform_notifications\customer_router.py,96,Customer Notifications,False,True,get_preferences|require_customer|get_current_user|<fastapi.security.http.HTTPBearer object at 0x0000012C233CCA70>|get_db,require_customer|get_current_user,,,,
PUT,/v1/customer/notifications/preferences,update_preference,app.engines.platform_notifications.customer_router,app\engines\platform_notifications\customer_router.py,115,Customer Notifications,False,True,update_preference|require_customer|get_current_user|<fastapi.security.http.HTTPBearer object at 0x0000012C233CCA70>|get_db,require_customer|get_current_user,add|commit|raw_sql,,,u.tenant_id
GET,/v1/customer/chat/threads,list_threads,app.engines.platform_notifications.customer_router,app\engines\platform_notifications\customer_router.py,135,Customer Chat,False,True,list_threads|require_customer|get_current_user|<fastapi.security.http.HTTPBearer object at 0x0000012C233CCA70>|get_db,require_customer|get_current_user,,,,
POST,/v1/customer/chat/threads,create_thread,app.engines.platform_notifications.customer_router,app\engines\platform_notifications\customer_router.py,159,Customer Chat,False,True,create_thread|require_customer|get_current_user|<fastapi.security.http.HTTPBearer object at 0x0000012C233CCA70>|get_db,require_customer|get_current_user,add|commit|flush,,,
GET,/v1/customer/chat/threads/{thread_id},get_thread,app.engines.platform_notifications.customer_router,app\engines\platform_notifications\customer_router.py,178,Customer Chat,False,True,get_thread|require_customer|get_current_user|<fastapi.security.http.HTTPBearer object at 0x0000012C233CCA70>|get_db,require_customer|get_current_user,,,,
GET,/v1/customer/chat/threads/{thread_id}/messages,list_messages,app.engines.platform_notifications.customer_router,app\engines\platform_notifications\customer_router.py,194,Customer Chat,False,True,list_messages|require_customer|get_current_user|<fastapi.security.http.HTTPBearer object at 0x0000012C233CCA70>|get_db,require_customer|get_current_user,,,,
POST,/v1/customer/chat/threads/{thread_id}/messages,send_message,app.engines.platform_notifications.customer_router,app\engines\platform_notifications\customer_router.py,219,Customer Chat,False,True,send_message|require_customer|get_current_user|<fastapi.security.http.HTTPBearer object at 0x0000012C233CCA70>|get_db,require_customer|get_current_user,add|commit,,,
POST,/v1/customer/chat/threads/{thread_id}/read,mark_thread_read,app.engines.platform_notifications.customer_router,app\engines\platform_notifications\customer_router.py,241,Customer Chat,False,True,mark_thread_read|require_customer|get_current_user|<fastapi.security.http.HTTPBearer object at 0x0000012C233CCA70>|get_db,require_customer|get_current_user,add|commit,,,
GET,/v1/provider/notifications,provider_list_notifications,app.engines.platform_notifications.provider_router,app\engines\platform_notifications\provider_router.py,79,Provider Notifications,False,True,provider_list_notifications|require_owner_or_office_staff_mutation|get_current_user|<fastapi.security.http.HTTPBearer object at 0x0000012C233CCA70>|get_db,get_current_user,,,,
GET,/v1/provider/notifications/unread-count,provider_unread_count,app.engines.platform_notifications.provider_router,app\engines\platform_notifications\provider_router.py,94,Provider Notifications,False,True,provider_unread_count|require_owner_or_office_staff_mutation|get_current_user|<fastapi.security.http.HTTPBearer object at 0x0000012C233CCA70>|get_db,get_current_user,,,,
POST,/v1/provider/notifications/{notification_id}/read,provider_mark_read,app.engines.platform_notifications.provider_router,app\engines\platform_notifications\provider_router.py,104,Provider Notifications,False,True,provider_mark_read|require_owner_or_office_staff_mutation|get_current_user|<fastapi.security.http.HTTPBearer object at 0x0000012C233CCA70>|get_db,get_current_user,commit,,,
POST,/v1/provider/notifications/mark-all-read,provider_mark_all_read,app.engines.platform_notifications.provider_router,app\engines\platform_notifications\provider_router.py,115,Provider Notifications,False,True,provider_mark_all_read|require_owner_or_office_staff_mutation|get_current_user|<fastapi.security.http.HTTPBearer object at 0x0000012C233CCA70>|get_db,get_current_user,commit,,,
GET,/v1/provider/notifications/preferences,provider_get_prefs,app.engines.platform_notifications.provider_router,app\engines\platform_notifications\provider_router.py,125,Provider Notifications,False,True,provider_get_prefs|require_owner_or_office_staff_mutation|get_current_user|<fastapi.security.http.HTTPBearer object at 0x0000012C233CCA70>|get_db,get_current_user,,,,
PUT,/v1/provider/notifications/preferences,provider_update_pref,app.engines.platform_notifications.provider_router,app\engines\platform_notifications\provider_router.py,141,Provider Notifications,False,True,provider_update_pref|require_owner_or_office_staff_mutation|get_current_user|<fastapi.security.http.HTTPBearer object at 0x0000012C233CCA70>|get_db,get_current_user,add|commit|raw_sql,,,_tid()
GET,/v1/provider/chat/threads,provider_list_threads,app.engines.platform_notifications.provider_router,app\engines\platform_notifications\provider_router.py,158,Provider Chat,False,True,provider_list_threads|require_owner_or_office_staff_mutation|get_current_user|<fastapi.security.http.HTTPBearer object at 0x0000012C233CCA70>|get_db,get_current_user,,,,_tid()
POST,/v1/provider/chat/threads,provider_create_thread,app.engines.platform_notifications.provider_router,app\engines\platform_notifications\provider_router.py,179,Provider Chat,False,True,provider_create_thread|require_owner_or_office_staff_mutation|get_current_user|<fastapi.security.http.HTTPBearer object at 0x0000012C233CCA70>|get_db,get_current_user,add|commit|flush,,,_tid()
GET,/v1/provider/chat/threads/{thread_id},provider_get_thread,app.engines.platform_notifications.provider_router,app\engines\platform_notifications\provider_router.py,194,Provider Chat,False,True,provider_get_thread|require_owner_or_office_staff_mutation|get_current_user|<fastapi.security.http.HTTPBearer object at 0x0000012C233CCA70>|get_db,get_current_user,,,,_tid()
GET,/v1/provider/chat/threads/{thread_id}/messages,provider_list_messages,app.engines.platform_notifications.provider_router,app\engines\platform_notifications\provider_router.py,207,Provider Chat,False,True,provider_list_messages|require_owner_or_office_staff_mutation|get_current_user|<fastapi.security.http.HTTPBearer object at 0x0000012C233CCA70>|get_db,get_current_user,,,,_tid()
POST,/v1/provider/chat/threads/{thread_id}/messages,provider_send_message,app.engines.platform_notifications.provider_router,app\engines\platform_notifications\provider_router.py,230,Provider Chat,False,True,provider_send_message|require_owner_or_office_staff_mutation|get_current_user|<fastapi.security.http.HTTPBearer object at 0x0000012C233CCA70>|get_db,get_current_user,add|commit,,,_tid()
POST,/v1/provider/chat/threads/{thread_id}/read,provider_mark_thread_read,app.engines.platform_notifications.provider_router,app\engines\platform_notifications\provider_router.py,249,Provider Chat,False,True,provider_mark_thread_read|require_owner_or_office_staff_mutation|get_current_user|<fastapi.security.http.HTTPBearer object at 0x0000012C233CCA70>|get_db,get_current_user,add|commit,,,_tid()
GET,/v1/provider/audit-logs,provider_list_audit,app.engines.platform_notifications.provider_router,app\engines\platform_notifications\provider_router.py,266,Provider Audit Logs,False,True,provider_list_audit|require_owner_or_office_staff_mutation|get_current_user|<fastapi.security.http.HTTPBearer object at 0x0000012C233CCA70>|get_db,get_current_user,,,,_tid()
GET,/v1/provider/audit-logs/record-timeline,provider_record_timeline,app.engines.platform_notifications.provider_router,app\engines\platform_notifications\provider_router.py,284,Provider Audit Logs,False,True,provider_record_timeline|require_owner_or_office_staff_mutation|get_current_user|<fastapi.security.http.HTTPBearer object at 0x0000012C233CCA70>|get_db,get_current_user,,,,_tid()
GET,/v1/staff/notifications,staff_list_notifications,app.engines.platform_notifications.provider_router,app\engines\platform_notifications\provider_router.py,302,Staff Notifications,False,True,staff_list_notifications|require_staff_or_technician_only|get_current_user|<fastapi.security.http.HTTPBearer object at 0x0000012C233CCA70>|get_db,require_staff_or_technician_only|get_current_user,,,,
GET,/v1/staff/notifications/unread-count,staff_unread_count,app.engines.platform_notifications.provider_router,app\engines\platform_notifications\provider_router.py,317,Staff Notifications,False,True,staff_unread_count|require_staff_or_technician_only|get_current_user|<fastapi.security.http.HTTPBearer object at 0x0000012C233CCA70>|get_db,require_staff_or_technician_only|get_current_user,,,,
POST,/v1/staff/notifications/{notification_id}/read,staff_mark_read,app.engines.platform_notifications.provider_router,app\engines\platform_notifications\provider_router.py,327,Staff Notifications,False,True,staff_mark_read|require_staff_or_technician_only|get_current_user|<fastapi.security.http.HTTPBearer object at 0x0000012C233CCA70>|get_db,require_staff_or_technician_only|get_current_user,commit,,,
POST,/v1/staff/notifications/mark-all-read,staff_mark_all_read,app.engines.platform_notifications.provider_router,app\engines\platform_notifications\provider_router.py,338,Staff Notifications,False,True,staff_mark_all_read|require_staff_or_technician_only|get_current_user|<fastapi.security.http.HTTPBearer object at 0x0000012C233CCA70>|get_db,require_staff_or_technician_only|get_current_user,commit,,,
GET,/v1/staff/chat/threads,staff_list_threads,app.engines.platform_notifications.provider_router,app\engines\platform_notifications\provider_router.py,352,Staff Chat,False,True,staff_list_threads|require_staff_or_technician_only|get_current_user|<fastapi.security.http.HTTPBearer object at 0x0000012C233CCA70>|get_db,require_staff_or_technician_only|get_current_user,,,,_tid()
GET,/v1/staff/chat/threads/{thread_id},staff_get_thread,app.engines.platform_notifications.provider_router,app\engines\platform_notifications\provider_router.py,368,Staff Chat,False,True,staff_get_thread|require_staff_or_technician_only|get_current_user|<fastapi.security.http.HTTPBearer object at 0x0000012C233CCA70>|get_db,require_staff_or_technician_only|get_current_user,,,,_tid()
GET,/v1/staff/chat/threads/{thread_id}/messages,staff_list_messages,app.engines.platform_notifications.provider_router,app\engines\platform_notifications\provider_router.py,381,Staff Chat,False,True,staff_list_messages|require_staff_or_technician_only|get_current_user|<fastapi.security.http.HTTPBearer object at 0x0000012C233CCA70>|get_db,require_staff_or_technician_only|get_current_user,,,,_tid()
POST,/v1/staff/chat/threads/{thread_id}/messages,staff_send_message,app.engines.platform_notifications.provider_router,app\engines\platform_notifications\provider_router.py,397,Staff Chat,False,True,staff_send_message|require_staff_or_technician_only|get_current_user|<fastapi.security.http.HTTPBearer object at 0x0000012C233CCA70>|get_db,require_staff_or_technician_only|get_current_user,add|commit,,,_tid()
POST,/v1/staff/chat/threads/{thread_id}/read,staff_mark_thread_read,app.engines.platform_notifications.provider_router,app\engines\platform_notifications\provider_router.py,422,Staff Chat,False,True,staff_mark_thread_read|require_staff_or_technician_only|get_current_user|<fastapi.security.http.HTTPBearer object at 0x0000012C233CCA70>|get_db,require_staff_or_technician_only|get_current_user,add|commit,,,_tid()
GET,/v1/admin/notifications,admin_list_notifications,app.engines.platform_notifications.admin_router,app\engines\platform_notifications\admin_router.py,59,Admin Notifications,False,True,admin_list_notifications|require_platform_staff|get_current_user|<fastapi.security.http.HTTPBearer object at 0x0000012C233CCA70>|get_db,get_current_user,,,,
GET,/v1/admin/notifications/unread-count,admin_unread_count,app.engines.platform_notifications.admin_router,app\engines\platform_notifications\admin_router.py,74,Admin Notifications,False,True,admin_unread_count|require_platform_staff|get_current_user|<fastapi.security.http.HTTPBearer object at 0x0000012C233CCA70>|get_db,get_current_user,,,,
POST,/v1/admin/notifications/{notification_id}/read,admin_mark_read,app.engines.platform_notifications.admin_router,app\engines\platform_notifications\admin_router.py,84,Admin Notifications,False,True,admin_mark_read|require_platform_staff|get_current_user|<fastapi.security.http.HTTPBearer object at 0x0000012C233CCA70>|get_db,get_current_user,commit,,,
POST,/v1/admin/notifications/mark-all-read,admin_mark_all_read,app.engines.platform_notifications.admin_router,app\engines\platform_notifications\admin_router.py,95,Admin Notifications,False,True,admin_mark_all_read|require_platform_staff|get_current_user|<fastapi.security.http.HTTPBearer object at 0x0000012C233CCA70>|get_db,get_current_user,commit,,,
GET,/v1/admin/notifications/preferences,admin_get_prefs,app.engines.platform_notifications.admin_router,app\engines\platform_notifications\admin_router.py,109,Admin Notifications,False,True,admin_get_prefs|require_platform_staff|get_current_user|<fastapi.security.http.HTTPBearer object at 0x0000012C233CCA70>|get_db,get_current_user,,,,
PUT,/v1/admin/notifications/preferences,admin_update_pref,app.engines.platform_notifications.admin_router,app\engines\platform_notifications\admin_router.py,125,Admin Notifications,False,True,admin_update_pref|require_platform_staff|get_current_user|<fastapi.security.http.HTTPBearer object at 0x0000012C233CCA70>|get_db,get_current_user,add|commit|raw_sql,,,u.tenant_id
GET,/v1/admin/notification-outbox,admin_list_outbox,app.engines.platform_notifications.admin_router,app\engines\platform_notifications\admin_router.py,174,Admin Notification Outbox,False,True,admin_list_outbox|require_super_admin|get_current_user|<fastapi.security.http.HTTPBearer object at 0x0000012C233CCA70>|get_db,require_super_admin|get_current_user,,,,
GET,/v1/admin/notification-outbox/{outbox_id},admin_get_outbox,app.engines.platform_notifications.admin_router,app\engines\platform_notifications\admin_router.py,194,Admin Notification Outbox,False,True,admin_get_outbox|require_super_admin|get_current_user|<fastapi.security.http.HTTPBearer object at 0x0000012C233CCA70>|get_db,require_super_admin|get_current_user,,,,
POST,/v1/admin/notification-outbox/{outbox_id}/retry,admin_retry_outbox,app.engines.platform_notifications.admin_router,app\engines\platform_notifications\admin_router.py,205,Admin Notification Outbox,False,True,admin_retry_outbox|require_super_admin|get_current_user|<fastapi.security.http.HTTPBearer object at 0x0000012C233CCA70>|get_db,require_super_admin|get_current_user,commit,,,
GET,/v1/admin/notification-events,admin_list_events,app.engines.platform_notifications.admin_router,app\engines\platform_notifications\admin_router.py,144,Admin Notification Events,False,True,admin_list_events|require_super_admin|get_current_user|<fastapi.security.http.HTTPBearer object at 0x0000012C233CCA70>|get_db,require_super_admin|get_current_user,,,,
GET,/v1/admin/notification-templates,admin_list_templates,app.engines.platform_notifications.admin_router,app\engines\platform_notifications\admin_router.py,220,Notification Templates,False,True,admin_list_templates|require_super_admin|get_current_user|<fastapi.security.http.HTTPBearer object at 0x0000012C233CCA70>|get_db,require_super_admin|get_current_user,,,,
POST,/v1/admin/notification-templates,admin_create_template,app.engines.platform_notifications.admin_router,app\engines\platform_notifications\admin_router.py,242,Notification Templates,False,True,admin_create_template|require_super_admin|get_current_user|<fastapi.security.http.HTTPBearer object at 0x0000012C233CCA70>|get_db,require_super_admin|get_current_user,add|commit,,,
PUT,/v1/admin/notification-templates/{template_id},admin_update_template,app.engines.platform_notifications.admin_router,app\engines\platform_notifications\admin_router.py,261,Notification Templates,False,True,admin_update_template|require_super_admin|get_current_user|<fastapi.security.http.HTTPBearer object at 0x0000012C233CCA70>|get_db,require_super_admin|get_current_user,commit|raw_sql,,,
POST,/v1/admin/notification-templates/{template_id}/activate,admin_activate_template,app.engines.platform_notifications.admin_router,app\engines\platform_notifications\admin_router.py,273,Notification Templates,False,True,admin_activate_template|require_super_admin|get_current_user|<fastapi.security.http.HTTPBearer object at 0x0000012C233CCA70>|get_db,require_super_admin|get_current_user,commit,,,
POST,/v1/admin/notification-templates/{template_id}/deactivate,admin_deactivate_template,app.engines.platform_notifications.admin_router,app\engines\platform_notifications\admin_router.py,284,Notification Templates,False,True,admin_deactivate_template|require_super_admin|get_current_user|<fastapi.security.http.HTTPBearer object at 0x0000012C233CCA70>|get_db,require_super_admin|get_current_user,commit,,,
GET,/v1/admin/chat/threads,admin_list_threads,app.engines.platform_notifications.admin_router,app\engines\platform_notifications\admin_router.py,299,Admin Chat,False,True,admin_list_threads|require_super_admin|get_current_user|<fastapi.security.http.HTTPBearer object at 0x0000012C233CCA70>|get_db,require_super_admin|get_current_user,,,,
GET,/v1/admin/chat/threads/{thread_id},admin_get_thread,app.engines.platform_notifications.admin_router,app\engines\platform_notifications\admin_router.py,323,Admin Chat,False,True,admin_get_thread|require_super_admin|get_current_user|<fastapi.security.http.HTTPBearer object at 0x0000012C233CCA70>|get_db,require_super_admin|get_current_user,,,,
GET,/v1/admin/chat/threads/{thread_id}/messages,admin_list_messages,app.engines.platform_notifications.admin_router,app\engines\platform_notifications\admin_router.py,338,Admin Chat,False,True,admin_list_messages|require_super_admin|get_current_user|<fastapi.security.http.HTTPBearer object at 0x0000012C233CCA70>|get_db,require_super_admin|get_current_user,,,,
POST,/v1/admin/chat/threads/{thread_id}/messages,admin_send_message,app.engines.platform_notifications.admin_router,app\engines\platform_notifications\admin_router.py,360,Admin Chat,False,True,admin_send_message|require_super_admin|get_current_user|<fastapi.security.http.HTTPBearer object at 0x0000012C233CCA70>|get_db,require_super_admin|get_current_user,add|commit,,,
POST,/v1/admin/chat/threads/{thread_id}/close,admin_close_thread,app.engines.platform_notifications.admin_router,app\engines\platform_notifications\admin_router.py,377,Admin Chat,False,True,admin_close_thread|require_super_admin|get_current_user|<fastapi.security.http.HTTPBearer object at 0x0000012C233CCA70>|get_db,require_super_admin|get_current_user,commit,,,
POST,/v1/admin/chat/messages/{message_id}/hide,admin_hide_message,app.engines.platform_notifications.admin_router,app\engines\platform_notifications\admin_router.py,394,Admin Chat,False,True,admin_hide_message|require_super_admin|get_current_user|<fastapi.security.http.HTTPBearer object at 0x0000012C233CCA70>|get_db,require_super_admin|get_current_user,commit,,,
GET,/v1/admin/audit-logs,admin_list_audit,app.engines.platform_notifications.admin_router,app\engines\platform_notifications\admin_router.py,410,Admin Audit Logs,False,True,admin_list_audit|require_super_admin|get_current_user|<fastapi.security.http.HTTPBearer object at 0x0000012C233CCA70>|get_db,require_super_admin|get_current_user,,,,
GET,/v1/admin/audit-logs/login-events,admin_list_login_events,app.engines.platform_notifications.admin_router,app\engines\platform_notifications\admin_router.py,433,Admin Audit Logs,False,True,admin_list_login_events|require_super_admin|get_current_user|<fastapi.security.http.HTTPBearer object at 0x0000012C233CCA70>|get_db,require_super_admin|get_current_user,,,,
GET,/v1/admin/audit-logs/record-timeline,admin_record_timeline,app.engines.platform_notifications.admin_router,app\engines\platform_notifications\admin_router.py,475,Admin Audit Logs,False,True,admin_record_timeline|require_super_admin|get_current_user|<fastapi.security.http.HTTPBearer object at 0x0000012C233CCA70>|get_db,require_super_admin|get_current_user,,,,
GET,/v1/admin/analytics/summary,admin_analytics_summary,app.engines.analytics.admin_router,app\engines\analytics\admin_router.py,36,Admin Analytics,False,True,admin_analytics_summary|require_super_admin|get_current_user|<fastapi.security.http.HTTPBearer object at 0x0000012C233CCA70>|get_db,require_super_admin|get_current_user,,,,
GET,/v1/admin/analytics/category-performance,admin_category_performance,app.engines.analytics.admin_router,app\engines\analytics\admin_router.py,55,Admin Analytics,False,True,admin_category_performance|require_super_admin|get_current_user|<fastapi.security.http.HTTPBearer object at 0x0000012C233CCA70>|get_db,require_super_admin|get_current_user,,,,
GET,/v1/admin/analytics/categories/{category_id},admin_category_detail,app.engines.analytics.admin_router,app\engines\analytics\admin_router.py,72,Admin Analytics,False,True,admin_category_detail|require_super_admin|get_current_user|<fastapi.security.http.HTTPBearer object at 0x0000012C233CCA70>|get_db,require_super_admin|get_current_user,,,,
GET,/v1/admin/analytics/provider-performance,admin_provider_performance,app.engines.analytics.admin_router,app\engines\analytics\admin_router.py,89,Admin Analytics,False,True,admin_provider_performance|require_super_admin|get_current_user|<fastapi.security.http.HTTPBearer object at 0x0000012C233CCA70>|get_db,require_super_admin|get_current_user,,,,
GET,/v1/admin/analytics/providers/{tenant_id},admin_provider_detail,app.engines.analytics.admin_router,app\engines\analytics\admin_router.py,108,Admin Analytics,False,True,admin_provider_detail|require_super_admin|get_current_user|<fastapi.security.http.HTTPBearer object at 0x0000012C233CCA70>|get_db,require_super_admin|get_current_user,,,,
GET,/v1/admin/analytics/financial-summary,admin_financial_summary,app.engines.analytics.admin_router,app\engines\analytics\admin_router.py,125,Admin Analytics|Financial Analytics,False,True,admin_financial_summary|require_super_admin|get_current_user|<fastapi.security.http.HTTPBearer object at 0x0000012C233CCA70>|get_db,require_super_admin|get_current_user,,,,
GET,/v1/admin/analytics/quality-summary,admin_quality_summary,app.engines.analytics.admin_router,app\engines\analytics\admin_router.py,143,Admin Analytics|Quality Analytics,False,True,admin_quality_summary|require_super_admin|get_current_user|<fastapi.security.http.HTTPBearer object at 0x0000012C233CCA70>|get_db,require_super_admin|get_current_user,,,,
GET,/v1/admin/analytics/complaint-summary,admin_complaint_summary,app.engines.analytics.admin_router,app\engines\analytics\admin_router.py,161,Admin Analytics|Complaint Analytics,False,True,admin_complaint_summary|require_super_admin|get_current_user|<fastapi.security.http.HTTPBearer object at 0x0000012C233CCA70>|get_db,require_super_admin|get_current_user,,,,
GET,/v1/admin/analytics/staff-performance,admin_staff_performance,app.engines.analytics.admin_router,app\engines\analytics\admin_router.py,179,Admin Analytics,False,True,admin_staff_performance|require_super_admin|get_current_user|<fastapi.security.http.HTTPBearer object at 0x0000012C233CCA70>|get_db,require_super_admin|get_current_user,,,,
GET,/v1/admin/analytics/operational-alerts,admin_operational_alerts,app.engines.analytics.admin_router,app\engines\analytics\admin_router.py,196,Admin Analytics|Operational Alerts,False,True,admin_operational_alerts|require_super_admin|get_current_user|<fastapi.security.http.HTTPBearer object at 0x0000012C233CCA70>|get_db,require_super_admin|get_current_user,,,,
GET,/v1/admin/reports,admin_list_reports,app.engines.analytics.admin_router,app\engines\analytics\admin_router.py,217,Reports,False,True,admin_list_reports|require_super_admin|get_current_user|<fastapi.security.http.HTTPBearer object at 0x0000012C233CCA70>|get_current_user|<fastapi.security.http.HTTPBearer object at 0x0000012C233CCA70>|get_db,require_super_admin|get_current_user|get_current_user,,,,
POST,/v1/admin/reports/run,admin_run_report,app.engines.analytics.admin_router,app\engines\analytics\admin_router.py,235,Reports,False,True,admin_run_report|require_super_admin|get_current_user|<fastapi.security.http.HTTPBearer object at 0x0000012C233CCA70>|get_current_user|<fastapi.security.http.HTTPBearer object at 0x0000012C233CCA70>|get_db,require_super_admin|get_current_user|get_current_user,add|commit|flush,,,
GET,/v1/admin/reports/{report_run_id},admin_get_report_run,app.engines.analytics.admin_router,app\engines\analytics\admin_router.py,257,Reports,False,True,admin_get_report_run|require_super_admin|get_current_user|<fastapi.security.http.HTTPBearer object at 0x0000012C233CCA70>|get_db,require_super_admin|get_current_user,,,,
GET,/v1/provider/analytics/summary,provider_analytics_summary,app.engines.analytics.provider_router,app\engines\analytics\provider_router.py,44,Provider Analytics,False,True,provider_analytics_summary|get_current_user|<fastapi.security.http.HTTPBearer object at 0x0000012C233CCA70>|get_db,get_current_user,,,,_tid()
GET,/v1/provider/analytics/operational-summary,provider_operational_summary,app.engines.analytics.provider_router,app\engines\analytics\provider_router.py,62,Provider Analytics,False,True,provider_operational_summary|get_current_user|<fastapi.security.http.HTTPBearer object at 0x0000012C233CCA70>|get_db,get_current_user,,,,_tid()
GET,/v1/provider/analytics/financial-summary,provider_financial_summary,app.engines.analytics.provider_router,app\engines\analytics\provider_router.py,80,Provider Analytics|Financial Analytics,False,True,provider_financial_summary|get_current_user|<fastapi.security.http.HTTPBearer object at 0x0000012C233CCA70>|get_db,get_current_user,,,,_tid()
GET,/v1/provider/analytics/staff-performance,provider_staff_performance,app.engines.analytics.provider_router,app\engines\analytics\provider_router.py,99,Provider Analytics,False,True,provider_staff_performance|get_current_user|<fastapi.security.http.HTTPBearer object at 0x0000012C233CCA70>|get_db,get_current_user,,,,_tid()
GET,/v1/provider/analytics/quality-summary,provider_quality_summary,app.engines.analytics.provider_router,app\engines\analytics\provider_router.py,119,Provider Analytics|Quality Analytics,False,True,provider_quality_summary|get_current_user|<fastapi.security.http.HTTPBearer object at 0x0000012C233CCA70>|get_db,get_current_user,,,,_tid()
GET,/v1/provider/analytics/complaint-summary,provider_complaint_summary,app.engines.analytics.provider_router,app\engines\analytics\provider_router.py,138,Provider Analytics|Complaint Analytics,False,True,provider_complaint_summary|get_current_user|<fastapi.security.http.HTTPBearer object at 0x0000012C233CCA70>|get_db,get_current_user,,,,_tid()
GET,/v1/provider/analytics/operational-alerts,provider_operational_alerts,app.engines.analytics.provider_router,app\engines\analytics\provider_router.py,157,Provider Analytics|Operational Alerts,False,True,provider_operational_alerts|get_current_user|<fastapi.security.http.HTTPBearer object at 0x0000012C233CCA70>|get_db,get_current_user,,,,_tid()
GET,/v1/provider/reports,provider_list_reports,app.engines.analytics.provider_router,app\engines\analytics\provider_router.py,179,Reports,False,True,provider_list_reports|get_current_user|<fastapi.security.http.HTTPBearer object at 0x0000012C233CCA70>|get_db,get_current_user,,,,_tid()
POST,/v1/provider/reports/run,provider_run_report,app.engines.analytics.provider_router,app\engines\analytics\provider_router.py,198,Reports,False,True,provider_run_report|get_current_user|<fastapi.security.http.HTTPBearer object at 0x0000012C233CCA70>|get_db,get_current_user,add|commit|flush,,,_tid()
GET,/v1/provider/reports/{report_run_id},provider_get_report_run,app.engines.analytics.provider_router,app\engines\analytics\provider_router.py,221,Reports,False,True,provider_get_report_run|get_current_user|<fastapi.security.http.HTTPBearer object at 0x0000012C233CCA70>|get_db,get_current_user,,,,_tid()
GET,/v1/admin/analytics/platform/summary,get_platform_summary,app.engines.analytics.platform_router,app\engines\analytics\platform_router.py,31,Platform Analytics,False,True,get_platform_summary|require_super_admin|get_current_user|<fastapi.security.http.HTTPBearer object at 0x0000012C233CCA70>|get_db,require_super_admin|get_current_user,,,,
GET,/v1/admin/analytics/platform/trends,get_platform_trends,app.engines.analytics.platform_router,app\engines\analytics\platform_router.py,50,Platform Analytics,False,True,get_platform_trends|require_super_admin|get_current_user|<fastapi.security.http.HTTPBearer object at 0x0000012C233CCA70>|get_db,require_super_admin|get_current_user,,,,
POST,/v1/admin/analytics/operational-alerts/{alert_id}/resolve,resolve_alert,app.engines.analytics.platform_router,app\engines\analytics\platform_router.py,78,Platform Analytics,False,True,resolve_alert|require_super_admin|get_current_user|<fastapi.security.http.HTTPBearer object at 0x0000012C233CCA70>|get_db,require_super_admin|get_current_user,,,,
POST,/v1/admin/analytics/operational-alerts/{alert_id}/ignore,ignore_alert,app.engines.analytics.platform_router,app\engines\analytics\platform_router.py,88,Platform Analytics,False,True,ignore_alert|require_super_admin|get_current_user|<fastapi.security.http.HTTPBearer object at 0x0000012C233CCA70>|get_db,require_super_admin|get_current_user,,,,
GET,/v1/admin/analytics/categories/performance,get_category_performance,app.engines.analytics.platform_router,app\engines\analytics\platform_router.py,100,Platform Analytics,False,True,get_category_performance|require_super_admin|get_current_user|<fastapi.security.http.HTTPBearer object at 0x0000012C233CCA70>|get_db,require_super_admin|get_current_user,,,,
GET,/v1/admin/analytics/providers/performance,get_provider_performance,app.engines.analytics.platform_router,app\engines\analytics\platform_router.py,116,Platform Analytics,False,True,get_provider_performance|require_super_admin|get_current_user|<fastapi.security.http.HTTPBearer object at 0x0000012C233CCA70>|get_db,require_super_admin|get_current_user,,,,
GET,/v1/admin/analytics/finance/summary,get_finance_summary,app.engines.analytics.platform_router,app\engines\analytics\platform_router.py,139,Platform Analytics,False,True,get_finance_summary|require_super_admin|get_current_user|<fastapi.security.http.HTTPBearer object at 0x0000012C233CCA70>|get_db,require_super_admin|get_current_user,,,,
GET,/v1/admin/analytics/finance/by-vertical,get_finance_by_vertical,app.engines.analytics.platform_router,app\engines\analytics\platform_router.py,153,Platform Analytics,False,True,get_finance_by_vertical|require_super_admin|get_current_user|<fastapi.security.http.HTTPBearer object at 0x0000012C233CCA70>|get_db,require_super_admin|get_current_user,,,,
GET,/v1/admin/analytics/quality/summary,get_quality_summary,app.engines.analytics.platform_router,app\engines\analytics\platform_router.py,166,Platform Analytics,False,True,get_quality_summary|require_super_admin|get_current_user|<fastapi.security.http.HTTPBearer object at 0x0000012C233CCA70>|get_db,require_super_admin|get_current_user,,,,
GET,/v1/admin/analytics/complaints/summary,get_complaints_summary,app.engines.analytics.platform_router,app\engines\analytics\platform_router.py,182,Platform Analytics,False,True,get_complaints_summary|require_super_admin|get_current_user|<fastapi.security.http.HTTPBearer object at 0x0000012C233CCA70>|get_db,require_super_admin|get_current_user,,,,
GET,/v1/admin/analytics/complaints/breakdown,get_complaints_breakdown,app.engines.analytics.platform_router,app\engines\analytics\platform_router.py,196,Platform Analytics,False,True,get_complaints_breakdown|require_super_admin|get_current_user|<fastapi.security.http.HTTPBearer object at 0x0000012C233CCA70>|get_db,require_super_admin|get_current_user,,,,
GET,/v1/admin/analytics/geography/summary,get_geography_summary,app.engines.analytics.platform_router,app\engines\analytics\platform_router.py,209,Platform Analytics,False,True,get_geography_summary|require_super_admin|get_current_user|<fastapi.security.http.HTTPBearer object at 0x0000012C233CCA70>|get_db,require_super_admin|get_current_user,,,,
GET,/v1/admin/analytics/customers/summary,get_customer_summary,app.engines.analytics.platform_router,app\engines\analytics\platform_router.py,227,Platform Analytics,False,True,get_customer_summary|require_super_admin|get_current_user|<fastapi.security.http.HTTPBearer object at 0x0000012C233CCA70>|get_db,require_super_admin|get_current_user,,,,
POST,/v1/admin/analytics/reports/export,export_report,app.engines.analytics.platform_router,app\engines\analytics\platform_router.py,240,Platform Analytics,False,True,export_report|require_super_admin|get_current_user|<fastapi.security.http.HTTPBearer object at 0x0000012C233CCA70>|get_db,require_super_admin|get_current_user,,,,
GET,/v1/admin/ai/sessions,admin_list_ai_sessions,app.engines.ai_conversation.sprint29_admin_router,app\engines\ai_conversation\sprint29_admin_router.py,40,Admin AI Monitoring,False,True,admin_list_ai_sessions|require_super_admin|get_current_user|<fastapi.security.http.HTTPBearer object at 0x0000012C233CCA70>|get_db,require_super_admin|get_current_user,,,,
GET,/v1/admin/ai/sessions/{session_id},admin_get_ai_session,app.engines.ai_conversation.sprint29_admin_router,app\engines\ai_conversation\sprint29_admin_router.py,70,Admin AI Monitoring,False,True,admin_get_ai_session|require_super_admin|get_current_user|<fastapi.security.http.HTTPBearer object at 0x0000012C233CCA70>|get_db,require_super_admin|get_current_user,,,,
GET,/v1/admin/ai/action-logs,admin_list_action_logs,app.engines.ai_conversation.sprint29_admin_router,app\engines\ai_conversation\sprint29_admin_router.py,94,Admin AI Monitoring,False,True,admin_list_action_logs|require_super_admin|get_current_user|<fastapi.security.http.HTTPBearer object at 0x0000012C233CCA70>|get_db,require_super_admin|get_current_user,,,,
GET,/v1/admin/ai/failed-actions,admin_failed_actions,app.engines.ai_conversation.sprint29_admin_router,app\engines\ai_conversation\sprint29_admin_router.py,109,Admin AI Monitoring,False,True,admin_failed_actions|require_super_admin|get_current_user|<fastapi.security.http.HTTPBearer object at 0x0000012C233CCA70>|get_db,require_super_admin|get_current_user,,,,
GET,/v1/admin/ai/metrics,admin_ai_metrics,app.engines.ai_conversation.sprint29_admin_router,app\engines\ai_conversation\sprint29_admin_router.py,125,Admin AI Monitoring,False,True,admin_ai_metrics|require_super_admin|get_current_user|<fastapi.security.http.HTTPBearer object at 0x0000012C233CCA70>|get_db,require_super_admin|get_current_user,,,,
POST,/v1/admin/ai/sessions/{session_id}/handoff,admin_handoff_session,app.engines.ai_conversation.sprint29_admin_router,app\engines\ai_conversation\sprint29_admin_router.py,133,Admin AI Monitoring,False,True,admin_handoff_session|require_super_admin|get_current_user|<fastapi.security.http.HTTPBearer object at 0x0000012C233CCA70>|get_db,require_super_admin|get_current_user,commit,,,
POST,/v1/admin/ai/sessions/{session_id}/close,admin_close_session,app.engines.ai_conversation.sprint29_admin_router,app\engines\ai_conversation\sprint29_admin_router.py,151,Admin AI Monitoring,False,True,admin_close_session|require_super_admin|get_current_user|<fastapi.security.http.HTTPBearer object at 0x0000012C233CCA70>|get_db,require_super_admin|get_current_user,commit,,,
POST,/v1/customer/ai/sessions,create_ai_session,app.engines.ai_conversation.sprint29_customer_router,app\engines\ai_conversation\sprint29_customer_router.py,46,Customer AI Sessions,False,True,create_ai_session|get_current_user|<fastapi.security.http.HTTPBearer object at 0x0000012C233CCA70>|get_db,get_current_user,add|commit|flush,,_audit,
GET,/v1/customer/ai/sessions/{session_id},get_ai_session,app.engines.ai_conversation.sprint29_customer_router,app\engines\ai_conversation\sprint29_customer_router.py,68,Customer AI Sessions,False,True,get_ai_session|get_current_user|<fastapi.security.http.HTTPBearer object at 0x0000012C233CCA70>|get_db,get_current_user,,,,
POST,/v1/customer/ai/sessions/{session_id}/messages,send_ai_message,app.engines.ai_conversation.sprint29_customer_router,app\engines\ai_conversation\sprint29_customer_router.py,85,Customer AI Sessions,False,True,send_ai_message|get_current_user|<fastapi.security.http.HTTPBearer object at 0x0000012C233CCA70>|get_db,get_current_user,add|commit|flush,,_audit,
POST,/v1/customer/ai/sessions/{session_id}/reset,reset_ai_session,app.engines.ai_conversation.sprint29_customer_router,app\engines\ai_conversation\sprint29_customer_router.py,136,Customer AI Sessions,False,True,reset_ai_session|get_current_user|<fastapi.security.http.HTTPBearer object at 0x0000012C233CCA70>|get_db,get_current_user,commit,,,
POST,/v1/customer/ai/sessions/{session_id}/handoff,request_handoff,app.engines.ai_conversation.sprint29_customer_router,app\engines\ai_conversation\sprint29_customer_router.py,156,Customer AI Sessions,False,True,request_handoff|get_current_user|<fastapi.security.http.HTTPBearer object at 0x0000012C233CCA70>|get_db,get_current_user,commit,,,
GET,/v1/customer/ai/sessions/{session_id}/draft-status,get_draft_status,app.engines.ai_conversation.sprint29_customer_router,app\engines\ai_conversation\sprint29_customer_router.py,180,Customer AI Sessions,False,True,get_draft_status|get_current_user|<fastapi.security.http.HTTPBearer object at 0x0000012C233CCA70>|get_db,get_current_user,,,,
GET,/v1/admin/marketing/campaigns,list_campaigns,app.engines.marketing_automation.admin_router,app\engines\marketing_automation\admin_router.py,36,Admin Marketing Campaigns,False,True,list_campaigns|require_super_admin|get_current_user|<fastapi.security.http.HTTPBearer object at 0x0000012C233CCA70>|get_db,require_super_admin|get_current_user,,,,
POST,/v1/admin/marketing/campaigns,create_campaign,app.engines.marketing_automation.admin_router,app\engines\marketing_automation\admin_router.py,50,Admin Marketing Campaigns,False,True,create_campaign|require_super_admin|get_current_user|<fastapi.security.http.HTTPBearer object at 0x0000012C233CCA70>|get_current_user|<fastapi.security.http.HTTPBearer object at 0x0000012C233CCA70>|get_db,require_super_admin|get_current_user|get_current_user,add|commit|flush,,,
GET,/v1/admin/marketing/campaigns/{campaign_id},get_campaign,app.engines.marketing_automation.admin_router,app\engines\marketing_automation\admin_router.py,61,Admin Marketing Campaigns,False,True,get_campaign|require_super_admin|get_current_user|<fastapi.security.http.HTTPBearer object at 0x0000012C233CCA70>|get_db,require_super_admin|get_current_user,,,,
PUT,/v1/admin/marketing/campaigns/{campaign_id},update_campaign,app.engines.marketing_automation.admin_router,app\engines\marketing_automation\admin_router.py,71,Admin Marketing Campaigns,False,True,update_campaign|require_super_admin|get_current_user|<fastapi.security.http.HTTPBearer object at 0x0000012C233CCA70>|get_db,require_super_admin|get_current_user,commit|raw_sql,,,
POST,/v1/admin/marketing/campaigns/{campaign_id}/schedule,schedule_campaign,app.engines.marketing_automation.admin_router,app\engines\marketing_automation\admin_router.py,84,Admin Marketing Campaigns,False,True,schedule_campaign|require_super_admin|get_current_user|<fastapi.security.http.HTTPBearer object at 0x0000012C233CCA70>|get_db,require_super_admin|get_current_user,commit,,,
POST,/v1/admin/marketing/campaigns/{campaign_id}/pause,pause_campaign,app.engines.marketing_automation.admin_router,app\engines\marketing_automation\admin_router.py,92,Admin Marketing Campaigns,False,True,pause_campaign|require_super_admin|get_current_user|<fastapi.security.http.HTTPBearer object at 0x0000012C233CCA70>|get_db,require_super_admin|get_current_user,commit,,,
POST,/v1/admin/marketing/campaigns/{campaign_id}/resume,resume_campaign,app.engines.marketing_automation.admin_router,app\engines\marketing_automation\admin_router.py,100,Admin Marketing Campaigns,False,True,resume_campaign|require_super_admin|get_current_user|<fastapi.security.http.HTTPBearer object at 0x0000012C233CCA70>|get_db,require_super_admin|get_current_user,commit,,,
POST,/v1/admin/marketing/campaigns/{campaign_id}/cancel,cancel_campaign,app.engines.marketing_automation.admin_router,app\engines\marketing_automation\admin_router.py,108,Admin Marketing Campaigns,False,True,cancel_campaign|require_super_admin|get_current_user|<fastapi.security.http.HTTPBearer object at 0x0000012C233CCA70>|get_db,require_super_admin|get_current_user,commit,,,
POST,/v1/admin/marketing/campaigns/{campaign_id}/run-now,run_campaign_now,app.engines.marketing_automation.admin_router,app\engines\marketing_automation\admin_router.py,116,Admin Marketing Campaigns,False,True,run_campaign_now|require_super_admin|get_current_user|<fastapi.security.http.HTTPBearer object at 0x0000012C233CCA70>|get_db,require_super_admin|get_current_user,add|commit|flush,,,
GET,/v1/admin/marketing/campaigns/{campaign_id}/performance,campaign_performance,app.engines.marketing_automation.admin_router,app\engines\marketing_automation\admin_router.py,124,Admin Marketing Campaigns,False,True,campaign_performance|require_super_admin|get_current_user|<fastapi.security.http.HTTPBearer object at 0x0000012C233CCA70>|get_db,require_super_admin|get_current_user,,,,
POST,/v1/admin/marketing/segments/preview,preview_segment,app.engines.marketing_automation.admin_router,app\engines\marketing_automation\admin_router.py,134,Admin Marketing Campaigns,False,True,preview_segment|require_super_admin|get_current_user|<fastapi.security.http.HTTPBearer object at 0x0000012C233CCA70>|get_db,require_super_admin|get_current_user,,,,
GET,/v1/admin/marketing/events,list_campaign_events,app.engines.marketing_automation.admin_router,app\engines\marketing_automation\admin_router.py,148,Admin Marketing Campaigns,False,True,list_campaign_events|require_super_admin|get_current_user|<fastapi.security.http.HTTPBearer object at 0x0000012C233CCA70>|get_db,require_super_admin|get_current_user,,,,
GET,/v1/admin/marketing/automation-triggers,list_triggers,app.engines.marketing_automation.admin_router,app\engines\marketing_automation\admin_router.py,177,Admin Marketing Campaigns,False,True,list_triggers|require_super_admin|get_current_user|<fastapi.security.http.HTTPBearer object at 0x0000012C233CCA70>,require_super_admin|get_current_user,,,,
POST,/v1/admin/marketing/automation-triggers/{trigger_key}/run,run_trigger,app.engines.marketing_automation.admin_router,app\engines\marketing_automation\admin_router.py,183,Admin Marketing Campaigns,False,True,run_trigger|require_super_admin|get_current_user|<fastapi.security.http.HTTPBearer object at 0x0000012C233CCA70>|get_current_user|<fastapi.security.http.HTTPBearer object at 0x0000012C233CCA70>|get_db,require_super_admin|get_current_user|get_current_user,,,,
GET,/v1/provider/marketing/visibility-status,provider_visibility_status,app.engines.marketing_automation.provider_router,app\engines\marketing_automation\provider_router.py,35,Provider Marketing Visibility,False,True,provider_visibility_status|get_current_user|<fastapi.security.http.HTTPBearer object at 0x0000012C233CCA70>|get_db,get_current_user,,,,_tid()
GET,/v1/provider/marketing/campaign-impact,provider_campaign_impact,app.engines.marketing_automation.provider_router,app\engines\marketing_automation\provider_router.py,66,Provider Marketing Visibility,False,True,provider_campaign_impact|get_current_user|<fastapi.security.http.HTTPBearer object at 0x0000012C233CCA70>|get_db,get_current_user,,,,_tid()
GET,/v1/provider/marketing/leads-attributed,provider_leads_attributed,app.engines.marketing_automation.provider_router,app\engines\marketing_automation\provider_router.py,92,Provider Marketing Visibility,False,True,provider_leads_attributed|get_current_user|<fastapi.security.http.HTTPBearer object at 0x0000012C233CCA70>|get_db,get_current_user,,,,_tid()
GET,/v1/provider/marketing/status,provider_marketing_status,app.engines.marketing_automation.provider_router,app\engines\marketing_automation\provider_router.py,120,Provider Marketing Visibility,False,True,provider_marketing_status|get_current_user|<fastapi.security.http.HTTPBearer object at 0x0000012C233CCA70>|get_db,get_current_user,,,,_tid()
GET,/v1/provider/marketing/campaigns,list_provider_campaigns,app.engines.marketing_automation.provider_router,app\engines\marketing_automation\provider_router.py,159,Provider Marketing Visibility,False,True,list_provider_campaigns|get_current_user|<fastapi.security.http.HTTPBearer object at 0x0000012C233CCA70>|get_db,get_current_user,,,,_tid()
GET,/v1/provider/marketing/campaigns/{campaign_id},get_provider_campaign,app.engines.marketing_automation.provider_router,app\engines\marketing_automation\provider_router.py,194,Provider Marketing Visibility,False,True,get_provider_campaign|get_current_user|<fastapi.security.http.HTTPBearer object at 0x0000012C233CCA70>|get_db,get_current_user,,,,_tid()
POST,/v1/provider/marketing/campaigns/generate-launch,generate_launch_campaign,app.engines.marketing_automation.provider_router,app\engines\marketing_automation\provider_router.py,229,Provider Marketing Visibility,False,True,generate_launch_campaign|get_current_user|<fastapi.security.http.HTTPBearer object at 0x0000012C233CCA70>|get_db,get_current_user,commit|raw_sql,,,_tid()
POST,/v1/provider/marketing/campaigns/{campaign_id}/submit-review,submit_campaign_review,app.engines.marketing_automation.provider_router,app\engines\marketing_automation\provider_router.py,268,Provider Marketing Visibility,False,True,submit_campaign_review|get_current_user|<fastapi.security.http.HTTPBearer object at 0x0000012C233CCA70>|get_db,get_current_user,commit|raw_sql,,,_tid()
GET,/v1/provider/marketing/assets,list_provider_assets,app.engines.marketing_automation.provider_router,app\engines\marketing_automation\provider_router.py,286,Provider Marketing Visibility,False,True,list_provider_assets|get_current_user|<fastapi.security.http.HTTPBearer object at 0x0000012C233CCA70>|get_db,get_current_user,,,,_tid()
PUT,/v1/provider/marketing/assets/{asset_id}/provider-notes,update_asset_provider_notes,app.engines.marketing_automation.provider_router,app\engines\marketing_automation\provider_router.py,326,Provider Marketing Visibility,False,True,update_asset_provider_notes|get_current_user|<fastapi.security.http.HTTPBearer object at 0x0000012C233CCA70>|get_db,get_current_user,commit|raw_sql,,,_tid()
GET,/v1/provider/team-members,list_team_members,app.engines.provider_portal.router,app\engines\provider_portal\router.py,69,Provider Portal,False,True,list_team_members|get_db|get_current_user|<fastapi.security.http.HTTPBearer object at 0x0000012C233CCA70>,get_current_user,,,,_tid()
POST,/v1/provider/team-members,create_team_member,app.engines.provider_portal.router,app\engines\provider_portal\router.py,89,Provider Portal,False,True,create_team_member|get_db|require_tenant_owner_mutation|require_tenant_owner|get_current_user|<fastapi.security.http.HTTPBearer object at 0x0000012C233CCA70>,require_tenant_owner_mutation|require_tenant_owner|get_current_user,commit|raw_sql,,,_tid()
GET,/v1/provider/team-members/{member_id},get_team_member,app.engines.provider_portal.router,app\engines\provider_portal\router.py,128,Provider Portal,False,True,get_team_member|get_db|get_current_user|<fastapi.security.http.HTTPBearer object at 0x0000012C233CCA70>,get_current_user,,,,_tid()
PUT,/v1/provider/team-members/{member_id},update_team_member,app.engines.provider_portal.router,app\engines\provider_portal\router.py,147,Provider Portal,False,True,update_team_member|get_db|require_tenant_owner_mutation|require_tenant_owner|get_current_user|<fastapi.security.http.HTTPBearer object at 0x0000012C233CCA70>,require_tenant_owner_mutation|require_tenant_owner|get_current_user,commit|raw_sql,,,_tid()
DELETE,/v1/provider/team-members/{member_id},delete_team_member,app.engines.provider_portal.router,app\engines\provider_portal\router.py,176,Provider Portal,False,True,delete_team_member|get_db|require_tenant_owner_mutation|require_tenant_owner|get_current_user|<fastapi.security.http.HTTPBearer object at 0x0000012C233CCA70>,require_tenant_owner_mutation|require_tenant_owner|get_current_user,commit|raw_sql,,,_tid()
POST,/v1/provider/team-members/{member_id}/activate,activate_team_member,app.engines.provider_portal.router,app\engines\provider_portal\router.py,193,Provider Portal,False,True,activate_team_member|get_db|require_tenant_owner_mutation|require_tenant_owner|get_current_user|<fastapi.security.http.HTTPBearer object at 0x0000012C233CCA70>,require_tenant_owner_mutation|require_tenant_owner|get_current_user,commit|raw_sql,,,_tid()
POST,/v1/provider/team-members/{member_id}/deactivate,deactivate_team_member,app.engines.provider_portal.router,app\engines\provider_portal\router.py,211,Provider Portal,False,True,deactivate_team_member|get_db|require_tenant_owner_mutation|require_tenant_owner|get_current_user|<fastapi.security.http.HTTPBearer object at 0x0000012C233CCA70>,require_tenant_owner_mutation|require_tenant_owner|get_current_user,commit|raw_sql|sqlalchemy.update(),,,_tid()
POST,/v1/provider/team-members/{member_id}/create-login,create_member_login,app.engines.provider_portal.router,app\engines\provider_portal\router.py,262,Provider Portal,False,True,create_member_login|get_db|require_tenant_owner_mutation|require_tenant_owner|get_current_user|<fastapi.security.http.HTTPBearer object at 0x0000012C233CCA70>,require_tenant_owner_mutation|require_tenant_owner|get_current_user,,,,
GET,/v1/provider/availability,list_availability,app.engines.provider_portal.router,app\engines\provider_portal\router.py,274,Provider Portal,False,True,list_availability|get_db|get_current_user|<fastapi.security.http.HTTPBearer object at 0x0000012C233CCA70>,get_current_user,,,,_tid()
POST,/v1/provider/availability,create_availability,app.engines.provider_portal.router,app\engines\provider_portal\router.py,290,Provider Portal,False,True,create_availability|get_db|require_tenant_owner_mutation|require_tenant_owner|get_current_user|<fastapi.security.http.HTTPBearer object at 0x0000012C233CCA70>,require_tenant_owner_mutation|require_tenant_owner|get_current_user,commit|raw_sql,,,_tid()
GET,/v1/provider/availability/{rule_id},get_availability,app.engines.provider_portal.router,app\engines\provider_portal\router.py,333,Provider Portal,False,True,get_availability|get_db|get_current_user|<fastapi.security.http.HTTPBearer object at 0x0000012C233CCA70>,get_current_user,,,,_tid()
PUT,/v1/provider/availability/{rule_id},update_availability,app.engines.provider_portal.router,app\engines\provider_portal\router.py,348,Provider Portal,False,True,update_availability|get_db|require_tenant_owner_mutation|require_tenant_owner|get_current_user|<fastapi.security.http.HTTPBearer object at 0x0000012C233CCA70>,require_tenant_owner_mutation|require_tenant_owner|get_current_user,commit|raw_sql,,,_tid()
DELETE,/v1/provider/availability/{rule_id},delete_availability,app.engines.provider_portal.router,app\engines\provider_portal\router.py,388,Provider Portal,False,True,delete_availability|get_db|require_tenant_owner_mutation|require_tenant_owner|get_current_user|<fastapi.security.http.HTTPBearer object at 0x0000012C233CCA70>,require_tenant_owner_mutation|require_tenant_owner|get_current_user,commit|raw_sql,,,_tid()
GET,/v1/provider/availability/exceptions,list_availability_exceptions,app.engines.provider_portal.router,app\engines\provider_portal\router.py,403,Provider Portal,False,True,list_availability_exceptions|get_db|get_current_user|<fastapi.security.http.HTTPBearer object at 0x0000012C233CCA70>,get_current_user,,,,_tid()
POST,/v1/provider/availability/exceptions,create_availability_exception,app.engines.provider_portal.router,app\engines\provider_portal\router.py,443,Provider Portal,False,True,create_availability_exception|get_db|require_tenant_owner_mutation|require_tenant_owner|get_current_user|<fastapi.security.http.HTTPBearer object at 0x0000012C233CCA70>,require_tenant_owner_mutation|require_tenant_owner|get_current_user,commit|raw_sql,,,_tid()
PUT,/v1/provider/availability/exceptions/{exception_id},update_availability_exception,app.engines.provider_portal.router,app\engines\provider_portal\router.py,472,Provider Portal,False,True,update_availability_exception|get_db|require_tenant_owner_mutation|require_tenant_owner|get_current_user|<fastapi.security.http.HTTPBearer object at 0x0000012C233CCA70>,require_tenant_owner_mutation|require_tenant_owner|get_current_user,commit|raw_sql,,,_tid()
DELETE,/v1/provider/availability/exceptions/{exception_id},delete_availability_exception,app.engines.provider_portal.router,app\engines\provider_portal\router.py,505,Provider Portal,False,True,delete_availability_exception|get_db|require_tenant_owner_mutation|require_tenant_owner|get_current_user|<fastapi.security.http.HTTPBearer object at 0x0000012C233CCA70>,require_tenant_owner_mutation|require_tenant_owner|get_current_user,commit|raw_sql,,,_tid()
GET,/v1/provider/booking-window,get_booking_window,app.engines.provider_portal.router,app\engines\provider_portal\router.py,522,Provider Portal,False,True,get_booking_window|get_db|get_current_user|<fastapi.security.http.HTTPBearer object at 0x0000012C233CCA70>,get_current_user,,,,_tid()
PUT,/v1/provider/booking-window,update_booking_window,app.engines.provider_portal.router,app\engines\provider_portal\router.py,554,Provider Portal,False,True,update_booking_window|get_db|require_tenant_owner_mutation|require_tenant_owner|get_current_user|<fastapi.security.http.HTTPBearer object at 0x0000012C233CCA70>,require_tenant_owner_mutation|require_tenant_owner|get_current_user,commit|raw_sql,,,_tid()
GET,/v1/provider/service-areas/{area_id}/coverage,get_area_coverage,app.engines.provider_portal.router,app\engines\provider_portal\router.py,597,Provider Portal,False,True,get_area_coverage|get_db|get_current_user|<fastapi.security.http.HTTPBearer object at 0x0000012C233CCA70>,get_current_user,,,,_tid()
PUT,/v1/provider/service-areas/{area_id}/coverage,set_area_coverage,app.engines.provider_portal.router,app\engines\provider_portal\router.py,612,Provider Portal,False,True,set_area_coverage|get_db|require_tenant_mutation_tenant_service_area_service_update|get_current_user|<fastapi.security.http.HTTPBearer object at 0x0000012C233CCA70>,get_current_user,commit|raw_sql,,,_tid()
POST,/v1/provider/availability/preset/{preset_key},apply_availability_preset,app.engines.provider_portal.router,app\engines\provider_portal\router.py,691,Provider Portal,False,True,apply_availability_preset|get_db|require_tenant_owner_mutation|require_tenant_owner|get_current_user|<fastapi.security.http.HTTPBearer object at 0x0000012C233CCA70>,require_tenant_owner_mutation|require_tenant_owner|get_current_user,commit|raw_sql,,,_tid()
DELETE,/v1/provider/availability/preset/{preset_key},delete_availability_preset,app.engines.provider_portal.router,app\engines\provider_portal\router.py,739,Provider Portal,False,True,delete_availability_preset|get_db|require_tenant_owner_mutation|require_tenant_owner|get_current_user|<fastapi.security.http.HTTPBearer object at 0x0000012C233CCA70>,require_tenant_owner_mutation|require_tenant_owner|get_current_user,commit|raw_sql,,,_tid()
GET,/v1/provider/offerings/available,list_available_offerings,app.engines.provider_portal.router,app\engines\provider_portal\router.py,769,Provider Portal,False,True,list_available_offerings|get_db|get_current_user|<fastapi.security.http.HTTPBearer object at 0x0000012C233CCA70>,get_current_user,,,,_tid()
GET,/v1/provider/offerings/enabled,list_enabled_offerings,app.engines.provider_portal.router,app\engines\provider_portal\router.py,821,Provider Portal,False,True,list_enabled_offerings|get_db|get_current_user|<fastapi.security.http.HTTPBearer object at 0x0000012C233CCA70>,get_current_user,,,,_tid()
POST,/v1/provider/offerings/enabled,enable_offering,app.engines.provider_portal.router,app\engines\provider_portal\router.py,842,Provider Portal,False,True,enable_offering|get_db|require_tenant_owner_mutation|require_tenant_owner|get_current_user|<fastapi.security.http.HTTPBearer object at 0x0000012C233CCA70>,require_tenant_owner_mutation|require_tenant_owner|get_current_user,commit|raw_sql,,,_tid()
GET,/v1/provider/offerings/enabled/{offering_id},get_enabled_offering,app.engines.provider_portal.router,app\engines\provider_portal\router.py,868,Provider Portal,False,True,get_enabled_offering|get_db|get_current_user|<fastapi.security.http.HTTPBearer object at 0x0000012C233CCA70>,get_current_user,,,,_tid()
PUT,/v1/provider/offerings/enabled/{offering_id},update_enabled_offering,app.engines.provider_portal.router,app\engines\provider_portal\router.py,883,Provider Portal,False,True,update_enabled_offering|get_db|require_tenant_owner_mutation|require_tenant_owner|get_current_user|<fastapi.security.http.HTTPBearer object at 0x0000012C233CCA70>,require_tenant_owner_mutation|require_tenant_owner|get_current_user,commit|raw_sql,,,_tid()
POST,/v1/provider/offerings/enabled/{offering_id}/activate,activate_offering,app.engines.provider_portal.router,app\engines\provider_portal\router.py,907,Provider Portal,False,True,activate_offering|get_db|require_tenant_owner_mutation|require_tenant_owner|get_current_user|<fastapi.security.http.HTTPBearer object at 0x0000012C233CCA70>,require_tenant_owner_mutation|require_tenant_owner|get_current_user,commit|raw_sql,,,_tid()
POST,/v1/provider/offerings/enabled/{offering_id}/deactivate,deactivate_offering,app.engines.provider_portal.router,app\engines\provider_portal\router.py,924,Provider Portal,False,True,deactivate_offering|get_db|require_tenant_owner_mutation|require_tenant_owner|get_current_user|<fastapi.security.http.HTTPBearer object at 0x0000012C233CCA70>,require_tenant_owner_mutation|require_tenant_owner|get_current_user,commit|raw_sql,,,_tid()
POST,/v1/provider/offerings/enabled/{offering_id}/refresh-readiness,refresh_offering_readiness,app.engines.provider_portal.router,app\engines\provider_portal\router.py,941,Provider Portal,False,True,refresh_offering_readiness|get_db|require_tenant_owner_mutation|require_tenant_owner|get_current_user|<fastapi.security.http.HTTPBearer object at 0x0000012C233CCA70>,require_tenant_owner_mutation|require_tenant_owner|get_current_user,commit|raw_sql,,,_tid()
GET,/v1/provider/status,get_provider_status,app.engines.provider_portal.router,app\engines\provider_portal\router.py,960,Provider Portal,False,True,get_provider_status|get_db|get_current_user|<fastapi.security.http.HTTPBearer object at 0x0000012C233CCA70>,get_current_user,,,,_tid()
POST,/v1/provider/status/refresh,refresh_provider_status,app.engines.provider_portal.router,app\engines\provider_portal\router.py,1136,Provider Portal,False,True,refresh_provider_status|get_db|require_tenant_owner_mutation|require_tenant_owner|get_current_user|<fastapi.security.http.HTTPBearer object at 0x0000012C233CCA70>,require_tenant_owner_mutation|require_tenant_owner|get_current_user,commit|raw_sql,,,_tid()
POST,/v1/provider/home-services/matching-inputs/preview,preview_matching_inputs,app.engines.provider_portal.router,app\engines\provider_portal\router.py,1328,Provider Portal,False,True,preview_matching_inputs|get_db|get_current_user|<fastapi.security.http.HTTPBearer object at 0x0000012C233CCA70>,get_current_user,,,,_tid()
GET,/v1/provider/status/offerings,get_offering_statuses,app.engines.provider_portal.router,app\engines\provider_portal\router.py,1347,Provider Portal,False,True,get_offering_statuses|get_db|get_current_user|<fastapi.security.http.HTTPBearer object at 0x0000012C233CCA70>,get_current_user,,,,_tid()
GET,/v1/provider/onboarding/status,get_onboarding_status,app.engines.provider_portal.router,app\engines\provider_portal\router.py,1362,Provider Portal,False,True,get_onboarding_status|get_db|get_current_user|<fastapi.security.http.HTTPBearer object at 0x0000012C233CCA70>,get_current_user,,,,_tid()
GET,/v1/provider/onboarding/items,get_onboarding_items,app.engines.provider_portal.router,app\engines\provider_portal\router.py,1391,Provider Portal,False,True,get_onboarding_items|get_db|get_current_user|<fastapi.security.http.HTTPBearer object at 0x0000012C233CCA70>,get_current_user,,,,_tid()
POST,/v1/provider/onboarding/refresh,refresh_onboarding,app.engines.provider_portal.router,app\engines\provider_portal\router.py,1417,Provider Portal,False,True,refresh_onboarding|get_db|require_tenant_owner_mutation|require_tenant_owner|get_current_user|<fastapi.security.http.HTTPBearer object at 0x0000012C233CCA70>,require_tenant_owner_mutation|require_tenant_owner|get_current_user,,,,
GET,/v1/provider/packages/status,get_packages_status,app.engines.provider_portal.router,app\engines\provider_portal\router.py,1429,Provider Portal,False,True,get_packages_status|get_db|get_current_user|<fastapi.security.http.HTTPBearer object at 0x0000012C233CCA70>,get_current_user,,,,_tid()
GET,/v1/provider/usage-credits/balance,get_usage_credit_balance,app.engines.provider_portal.router,app\engines\provider_portal\router.py,1467,Provider Portal,False,True,get_usage_credit_balance|get_db|get_current_user|<fastapi.security.http.HTTPBearer object at 0x0000012C233CCA70>,get_current_user,,,,_tid()
GET,/v1/provider/usage-credits/ledger,get_usage_credit_ledger,app.engines.provider_portal.router,app\engines\provider_portal\router.py,1486,Provider Portal,False,True,get_usage_credit_ledger|get_db|get_current_user|<fastapi.security.http.HTTPBearer object at 0x0000012C233CCA70>,get_current_user,,,,_tid()
GET,/v1/admin/providers/summary,get_providers_summary,app.engines.provider_portal.admin_router,app\engines\provider_portal\admin_router.py,22,Admin — Provider Management|Admin — Providers,False,True,get_providers_summary|get_db|require_super_admin|get_current_user|<fastapi.security.http.HTTPBearer object at 0x0000012C233CCA70>,require_super_admin|get_current_user,,,,
GET,/v1/admin/providers/new-requests/summary,get_new_requests_summary,app.engines.provider_portal.admin_router,app\engines\provider_portal\admin_router.py,114,Admin — Provider Management|Admin — Providers,False,True,get_new_requests_summary|get_db|require_super_admin|get_current_user|<fastapi.security.http.HTTPBearer object at 0x0000012C233CCA70>,require_super_admin|get_current_user,,,,
GET,/v1/admin/providers/new-requests,list_new_requests,app.engines.provider_portal.admin_router,app\engines\provider_portal\admin_router.py,159,Admin — Provider Management|Admin — Providers,False,True,list_new_requests|get_db|require_super_admin|get_current_user|<fastapi.security.http.HTTPBearer object at 0x0000012C233CCA70>,require_super_admin|get_current_user,,,,
POST,/v1/admin/onboarding/providers/{tenant_id}/send-reminder,send_provider_reminder,app.engines.provider_portal.admin_router,app\engines\provider_portal\admin_router.py,225,Admin — Provider Management|Admin — Providers,False,True,send_provider_reminder|get_db|require_super_admin|get_current_user|<fastapi.security.http.HTTPBearer object at 0x0000012C233CCA70>,require_super_admin|get_current_user,,,,
GET,/v1/admin/engine-audit-logs,get_engine_audit_logs,app.engines.provider_portal.admin_router,app\engines\provider_portal\admin_router.py,272,Admin — Provider Management,False,True,get_engine_audit_logs|require_super_admin|get_current_user|<fastapi.security.http.HTTPBearer object at 0x0000012C233CCA70>,require_super_admin|get_current_user,,,,
GET,/v1/admin/onboarding/providers,list_provider_onboarding,app.engines.provider_portal.admin_router,app\engines\provider_portal\admin_router.py,375,Admin — Provider Management,False,True,list_provider_onboarding|get_db|require_tenants.onboarding.read|get_current_user|<fastapi.security.http.HTTPBearer object at 0x0000012C233CCA70>,get_current_user,,,,
GET,/v1/admin/onboarding/providers/{tenant_id},get_provider_onboarding,app.engines.provider_portal.admin_router,app\engines\provider_portal\admin_router.py,467,Admin — Provider Management,False,True,get_provider_onboarding|get_db|require_tenants.onboarding.read|get_current_user|<fastapi.security.http.HTTPBearer object at 0x0000012C233CCA70>,get_current_user,,,,
POST,/v1/admin/onboarding/providers/{tenant_id}/approve,approve_provider_onboarding,app.engines.provider_portal.admin_router,app\engines\provider_portal\admin_router.py,487,Admin — Provider Management,False,True,approve_provider_onboarding|get_db|require_tenants.approve|get_current_user|<fastapi.security.http.HTTPBearer object at 0x0000012C233CCA70>,get_current_user,commit,,,
POST,/v1/admin/onboarding/providers/{tenant_id}/reject,reject_provider_onboarding,app.engines.provider_portal.admin_router,app\engines\provider_portal\admin_router.py,514,Admin — Provider Management,False,True,reject_provider_onboarding|get_db|require_tenants.reject|get_current_user|<fastapi.security.http.HTTPBearer object at 0x0000012C233CCA70>,get_current_user,commit,,,
POST,/v1/admin/onboarding/providers/{tenant_id}/request-changes,request_changes_provider_onboarding,app.engines.provider_portal.admin_router,app\engines\provider_portal\admin_router.py,531,Admin — Provider Management,False,True,request_changes_provider_onboarding|get_db|require_tenants.request_more_info|get_current_user|<fastapi.security.http.HTTPBearer object at 0x0000012C233CCA70>,get_current_user,commit,,,
POST,/v1/admin/onboarding/providers/{tenant_id}/refresh,refresh_provider_onboarding,app.engines.provider_portal.admin_router,app\engines\provider_portal\admin_router.py,547,Admin — Provider Management,False,True,refresh_provider_onboarding|get_db|require_super_admin|get_current_user|<fastapi.security.http.HTTPBearer object at 0x0000012C233CCA70>,require_super_admin|get_current_user,,,,
PUT,/v1/admin/onboarding/providers/{tenant_id}/items/{checklist_key}/override,override_onboarding_item,app.engines.provider_portal.admin_router,app\engines\provider_portal\admin_router.py,559,Admin — Provider Management,False,True,override_onboarding_item|get_db|require_tenants.approve|get_current_user|<fastapi.security.http.HTTPBearer object at 0x0000012C233CCA70>,get_current_user,commit|raw_sql,,,
GET,/v1/admin/bookability/providers,list_bookability,app.engines.provider_portal.admin_router,app\engines\provider_portal\admin_router.py,580,Admin — Provider Management,False,True,list_bookability|get_db|require_super_admin|get_current_user|<fastapi.security.http.HTTPBearer object at 0x0000012C233CCA70>,require_super_admin|get_current_user,,,,
GET,/v1/admin/bookability/providers/{tenant_id},get_provider_bookability,app.engines.provider_portal.admin_router,app\engines\provider_portal\admin_router.py,609,Admin — Provider Management,False,True,get_provider_bookability|get_db|require_super_admin|get_current_user|<fastapi.security.http.HTTPBearer object at 0x0000012C233CCA70>,require_super_admin|get_current_user,,,,
GET,/v1/admin/bookability/providers/{tenant_id}/audit-logs,get_bookability_audit_logs,app.engines.provider_portal.admin_router,app\engines\provider_portal\admin_router.py,623,Admin — Provider Management,False,True,get_bookability_audit_logs|get_db|require_super_admin|get_current_user|<fastapi.security.http.HTTPBearer object at 0x0000012C233CCA70>,require_super_admin|get_current_user,,,,
POST,/v1/admin/bookability/providers/{tenant_id}/refresh,refresh_bookability,app.engines.provider_portal.admin_router,app\engines\provider_portal\admin_router.py,678,Admin — Provider Management,False,True,refresh_bookability|get_db|require_super_admin|get_current_user|<fastapi.security.http.HTTPBearer object at 0x0000012C233CCA70>,require_super_admin|get_current_user,commit|raw_sql,,,
POST,/v1/admin/bookability/providers/{tenant_id}/override-visibility,override_visibility,app.engines.provider_portal.admin_router,app\engines\provider_portal\admin_router.py,702,Admin — Provider Management,False,True,override_visibility|get_db|require_super_admin|get_current_user|<fastapi.security.http.HTTPBearer object at 0x0000012C233CCA70>,require_super_admin|get_current_user,commit|raw_sql,,,
DELETE,/v1/admin/bookability/providers/{tenant_id}/override-visibility,remove_visibility_override,app.engines.provider_portal.admin_router,app\engines\provider_portal\admin_router.py,733,Admin — Provider Management,False,True,remove_visibility_override|get_db|require_super_admin|get_current_user|<fastapi.security.http.HTTPBearer object at 0x0000012C233CCA70>,require_super_admin|get_current_user,commit|raw_sql,,,
POST,/v1/admin/bookability/providers/{tenant_id}/override-bookability,override_bookability,app.engines.provider_portal.admin_router,app\engines\provider_portal\admin_router.py,757,Admin — Provider Management,False,True,override_bookability|get_db|require_super_admin|get_current_user|<fastapi.security.http.HTTPBearer object at 0x0000012C233CCA70>,require_super_admin|get_current_user,commit|raw_sql,,,
DELETE,/v1/admin/bookability/providers/{tenant_id}/override-bookability,remove_bookability_override,app.engines.provider_portal.admin_router,app\engines\provider_portal\admin_router.py,787,Admin — Provider Management,False,True,remove_bookability_override|get_db|require_super_admin|get_current_user|<fastapi.security.http.HTTPBearer object at 0x0000012C233CCA70>,require_super_admin|get_current_user,commit|raw_sql,,,
GET,/v1/admin/bookability/rules,list_bookability_rules,app.engines.provider_portal.admin_router,app\engines\provider_portal\admin_router.py,811,Admin — Provider Management,False,True,list_bookability_rules|require_super_admin|get_current_user|<fastapi.security.http.HTTPBearer object at 0x0000012C233CCA70>,require_super_admin|get_current_user,,,,
GET,/v1/admin/bookability/summary,bookability_summary,app.engines.provider_portal.admin_router,app\engines\provider_portal\admin_router.py,820,Admin — Provider Management,False,True,bookability_summary|get_db|require_super_admin|get_current_user|<fastapi.security.http.HTTPBearer object at 0x0000012C233CCA70>,require_super_admin|get_current_user,,,,
GET,/v1/admin/monetization/configs,list_monetization_configs,app.engines.provider_portal.admin_router,app\engines\provider_portal\admin_router.py,834,Admin — Provider Management,False,True,list_monetization_configs|get_db|require_super_admin|get_current_user|<fastapi.security.http.HTTPBearer object at 0x0000012C233CCA70>,require_super_admin|get_current_user,,,,
GET,/v1/admin/monetization/providers,list_provider_monetization,app.engines.provider_portal.admin_router,app\engines\provider_portal\admin_router.py,855,Admin — Provider Management,False,True,list_provider_monetization|get_db|require_super_admin|get_current_user|<fastapi.security.http.HTTPBearer object at 0x0000012C233CCA70>,require_super_admin|get_current_user,,,,
GET,/v1/admin/monetization/providers/{tenant_id},get_provider_monetization,app.engines.provider_portal.admin_router,app\engines\provider_portal\admin_router.py,876,Admin — Provider Management,False,True,get_provider_monetization|get_db|require_super_admin|get_current_user|<fastapi.security.http.HTTPBearer object at 0x0000012C233CCA70>,require_super_admin|get_current_user,,,,
POST,/v1/admin/monetization/providers/{tenant_id}/sync,sync_monetization,app.engines.provider_portal.admin_router,app\engines\provider_portal\admin_router.py,898,Admin — Provider Management,False,True,sync_monetization|require_super_admin|get_current_user|<fastapi.security.http.HTTPBearer object at 0x0000012C233CCA70>,require_super_admin|get_current_user,,,,
GET,/v1/admin/monetization/audit-logs,monetization_audit_logs,app.engines.provider_portal.admin_router,app\engines\provider_portal\admin_router.py,907,Admin — Provider Management,False,True,monetization_audit_logs|require_super_admin|get_current_user|<fastapi.security.http.HTTPBearer object at 0x0000012C233CCA70>,require_super_admin|get_current_user,,,,
GET,/v1/admin/verticals,list_verticals,app.engines.vertical_catalog.admin_router,app\engines\vertical_catalog\admin_router.py,26,admin-verticals,False,True,list_verticals|get_db|require_verticals_read|get_current_user|<fastapi.security.http.HTTPBearer object at 0x0000012C233CCA70>,get_current_user,,,,
GET,/v1/admin/verticals/{vertical_key},get_vertical,app.engines.vertical_catalog.admin_router,app\engines\vertical_catalog\admin_router.py,36,admin-verticals,False,True,get_vertical|get_db|require_verticals_read|get_current_user|<fastapi.security.http.HTTPBearer object at 0x0000012C233CCA70>,get_current_user,,,,
POST,/v1/admin/verticals/{vertical_key}/enable,enable_vertical,app.engines.vertical_catalog.admin_router,app\engines\vertical_catalog\admin_router.py,48,admin-verticals,False,True,enable_vertical|get_db|require_verticals_enable|get_current_user|<fastapi.security.http.HTTPBearer object at 0x0000012C233CCA70>,get_current_user,commit,,,
POST,/v1/admin/verticals/{vertical_key}/disable,disable_vertical,app.engines.vertical_catalog.admin_router,app\engines\vertical_catalog\admin_router.py,61,admin-verticals,False,True,disable_vertical|get_db|require_verticals_disable|get_current_user|<fastapi.security.http.HTTPBearer object at 0x0000012C233CCA70>,get_current_user,commit,,,
PATCH,/v1/admin/verticals/{vertical_key},update_vertical,app.engines.vertical_catalog.admin_router,app\engines\vertical_catalog\admin_router.py,74,admin-verticals,False,True,update_vertical|get_db|require_verticals_update|get_current_user|<fastapi.security.http.HTTPBearer object at 0x0000012C233CCA70>,get_current_user,commit,,,
POST,/v1/admin/verticals/{vertical_key}/modules/{module_key}/enable,enable_vertical_module,app.engines.vertical_catalog.admin_router,app\engines\vertical_catalog\admin_router.py,88,admin-verticals,False,True,enable_vertical_module|get_db|require_verticals_update|get_current_user|<fastapi.security.http.HTTPBearer object at 0x0000012C233CCA70>,get_current_user,add|commit,,,
POST,/v1/admin/verticals/{vertical_key}/modules/{module_key}/disable,disable_vertical_module,app.engines.vertical_catalog.admin_router,app\engines\vertical_catalog\admin_router.py,102,admin-verticals,False,True,disable_vertical_module|get_db|require_verticals_update|get_current_user|<fastapi.security.http.HTTPBearer object at 0x0000012C233CCA70>,get_current_user,add|commit,,,
GET,/v1/admin/verticals/{vertical_key}/engine-mappings,list_engine_mappings,app.engines.vertical_catalog.admin_router,app\engines\vertical_catalog\admin_router.py,118,admin-verticals,False,True,list_engine_mappings|get_db|require_verticals_read|get_current_user|<fastapi.security.http.HTTPBearer object at 0x0000012C233CCA70>,get_current_user,,,,
PUT,/v1/admin/verticals/{vertical_key}/engine-mappings,set_engine_mappings,app.engines.vertical_catalog.admin_router,app\engines\vertical_catalog\admin_router.py,131,admin-verticals,False,True,set_engine_mappings|get_db|require_verticals_update|get_current_user|<fastapi.security.http.HTTPBearer object at 0x0000012C233CCA70>,get_current_user,add|commit|delete|flush,,,
GET,/v1/admin/catalog/modules,list_modules,app.engines.vertical_catalog.admin_router,app\engines\vertical_catalog\admin_router.py,147,admin-catalog-modules,False,True,list_modules|get_db|require_navigation_menu_read|get_current_user|<fastapi.security.http.HTTPBearer object at 0x0000012C233CCA70>,get_current_user,,,,
GET,/v1/admin/catalog/navigation/effective-menu,get_effective_menu,app.engines.vertical_catalog.admin_router,app\engines\vertical_catalog\admin_router.py,156,admin-catalog-modules,False,True,get_effective_menu|get_db|require_navigation_menu_read|get_current_user|<fastapi.security.http.HTTPBearer object at 0x0000012C233CCA70>,get_current_user,,,,
GET,/v1/admin/tenants/{tenant_id}/entitlements,get_tenant_entitlements,app.engines.entitlement.admin_router,app\engines\entitlement\admin_router.py,59,Tenant Entitlements — Admin,False,True,get_tenant_entitlements|require_super_admin|get_current_user|<fastapi.security.http.HTTPBearer object at 0x0000012C233CCA70>|get_db,require_super_admin|get_current_user,,,,
GET,/v1/admin/tenants/{tenant_id}/entitlements/history,get_tenant_entitlement_history,app.engines.entitlement.admin_router,app\engines\entitlement\admin_router.py,72,Tenant Entitlements — Admin,False,True,get_tenant_entitlement_history|require_super_admin|get_current_user|<fastapi.security.http.HTTPBearer object at 0x0000012C233CCA70>|get_db,require_super_admin|get_current_user,,,,
POST,/v1/admin/tenants/{tenant_id}/entitlements/modules,assign_module,app.engines.entitlement.admin_router,app\engines\entitlement\admin_router.py,82,Tenant Entitlements — Admin,False,True,assign_module|require_super_admin|get_current_user|<fastapi.security.http.HTTPBearer object at 0x0000012C233CCA70>|get_db,require_super_admin|get_current_user,add|commit|flush,,_audit,
POST,/v1/admin/tenants/{tenant_id}/entitlements/modules/{module_key}/disable,disable_module,app.engines.entitlement.admin_router,app\engines\entitlement\admin_router.py,99,Tenant Entitlements — Admin,False,True,disable_module|require_super_admin|get_current_user|<fastapi.security.http.HTTPBearer object at 0x0000012C233CCA70>|get_db,require_super_admin|get_current_user,add|commit|flush,,_audit,
POST,/v1/admin/tenants/{tenant_id}/entitlements/modules/{module_key}/reenable,reenable_module,app.engines.entitlement.admin_router,app\engines\entitlement\admin_router.py,116,Tenant Entitlements — Admin,False,True,reenable_module|require_super_admin|get_current_user|<fastapi.security.http.HTTPBearer object at 0x0000012C233CCA70>|get_db,require_super_admin|get_current_user,add|commit|flush,,_audit,
POST,/v1/admin/tenants/{tenant_id}/entitlements/categories,assign_category,app.engines.entitlement.admin_router,app\engines\entitlement\admin_router.py,132,Tenant Entitlements — Admin,False,True,assign_category|require_super_admin|get_current_user|<fastapi.security.http.HTTPBearer object at 0x0000012C233CCA70>|get_db,require_super_admin|get_current_user,add|commit|flush,,_audit,
POST,/v1/admin/tenants/{tenant_id}/entitlements/categories/{category_id}/disable,disable_category,app.engines.entitlement.admin_router,app\engines\entitlement\admin_router.py,151,Tenant Entitlements — Admin,False,True,disable_category|require_super_admin|get_current_user|<fastapi.security.http.HTTPBearer object at 0x0000012C233CCA70>|get_db,require_super_admin|get_current_user,add|commit|flush,,_audit,
POST,/v1/admin/tenants/{tenant_id}/entitlements/categories/{category_id}/reenable,reenable_category,app.engines.entitlement.admin_router,app\engines\entitlement\admin_router.py,168,Tenant Entitlements — Admin,False,True,reenable_category|require_super_admin|get_current_user|<fastapi.security.http.HTTPBearer object at 0x0000012C233CCA70>|get_db,require_super_admin|get_current_user,add|commit|flush,,_audit,
GET,/v1/tenant/me/modules,get_my_modules,app.engines.entitlement.tenant_router,app\engines\entitlement\tenant_router.py,36,Tenant Entitlements — Self Read,False,True,get_my_modules|require_staff_or_above|get_current_user|<fastapi.security.http.HTTPBearer object at 0x0000012C233CCA70>|get_db,get_current_user,,,,
GET,/v1/tenant/me/categories,get_my_categories,app.engines.entitlement.tenant_router,app\engines\entitlement\tenant_router.py,43,Tenant Entitlements — Self Read,False,True,get_my_categories|require_staff_or_above|get_current_user|<fastapi.security.http.HTTPBearer object at 0x0000012C233CCA70>|get_db,get_current_user,,,,
GET,/v1/tenant/me/entitlements,get_my_entitlements,app.engines.entitlement.tenant_router,app\engines\entitlement\tenant_router.py,50,Tenant Entitlements — Self Read,False,True,get_my_entitlements|require_staff_or_above|get_current_user|<fastapi.security.http.HTTPBearer object at 0x0000012C233CCA70>|get_db,get_current_user,,,,
GET,/v1/admin/service-setup/templates/summary,get_summary,app.engines.service_setup.templates_router,app\engines\service_setup\templates_router.py,26,admin-setup-templates,False,True,get_summary|get_db|require_setup_templates_read|get_current_user|<fastapi.security.http.HTTPBearer object at 0x0000012C233CCA70>,get_current_user,,,,
POST,/v1/admin/service-setup/templates/seed-defaults/preview,seed_defaults_preview,app.engines.service_setup.templates_router,app\engines\service_setup\templates_router.py,35,admin-setup-templates,False,True,seed_defaults_preview|get_db|require_setup_templates_write|get_current_user|<fastapi.security.http.HTTPBearer object at 0x0000012C233CCA70>,get_current_user,,,,
POST,/v1/admin/service-setup/templates/seed-defaults,seed_defaults,app.engines.service_setup.templates_router,app\engines\service_setup\templates_router.py,44,admin-setup-templates,False,True,seed_defaults|get_db|require_setup_templates_write|get_current_user|<fastapi.security.http.HTTPBearer object at 0x0000012C233CCA70>,get_current_user,add|commit|flush,,,
GET,/v1/admin/service-setup/templates,list_templates,app.engines.service_setup.templates_router,app\engines\service_setup\templates_router.py,55,admin-setup-templates,False,True,list_templates|get_db|require_setup_templates_read|get_current_user|<fastapi.security.http.HTTPBearer object at 0x0000012C233CCA70>,get_current_user,,,,
POST,/v1/admin/service-setup/templates,create_template,app.engines.service_setup.templates_router,app\engines\service_setup\templates_router.py,77,admin-setup-templates,False,True,create_template|get_db|require_setup_templates_write|get_current_user|<fastapi.security.http.HTTPBearer object at 0x0000012C233CCA70>,get_current_user,add|commit|flush,,,
GET,/v1/admin/service-setup/templates/{template_id},get_template,app.engines.service_setup.templates_router,app\engines\service_setup\templates_router.py,92,admin-setup-templates,False,True,get_template|get_db|require_setup_templates_read|get_current_user|<fastapi.security.http.HTTPBearer object at 0x0000012C233CCA70>,get_current_user,,,,
PUT,/v1/admin/service-setup/templates/{template_id},update_template,app.engines.service_setup.templates_router,app\engines\service_setup\templates_router.py,105,admin-setup-templates,False,True,update_template|get_db|require_setup_templates_write|get_current_user|<fastapi.security.http.HTTPBearer object at 0x0000012C233CCA70>,get_current_user,commit,,,
POST,/v1/admin/service-setup/templates/{template_id}/publish,publish_template,app.engines.service_setup.templates_router,app\engines\service_setup\templates_router.py,119,admin-setup-templates,False,True,publish_template|get_db|require_setup_templates_publish|get_current_user|<fastapi.security.http.HTTPBearer object at 0x0000012C233CCA70>,get_current_user,commit,,,
POST,/v1/admin/service-setup/templates/{template_id}/archive,archive_template,app.engines.service_setup.templates_router,app\engines\service_setup\templates_router.py,132,admin-setup-templates,False,True,archive_template|get_db|require_setup_templates_write|get_current_user|<fastapi.security.http.HTTPBearer object at 0x0000012C233CCA70>,get_current_user,commit,,,
POST,/v1/admin/service-setup/templates/{template_id}/clone,clone_template,app.engines.service_setup.templates_router,app\engines\service_setup\templates_router.py,145,admin-setup-templates,False,True,clone_template|get_db|require_setup_templates_write|get_current_user|<fastapi.security.http.HTTPBearer object at 0x0000012C233CCA70>,get_current_user,add|commit|flush,,,
DELETE,/v1/admin/service-setup/templates/{template_id},delete_template,app.engines.service_setup.templates_router,app\engines\service_setup\templates_router.py,158,admin-setup-templates,False,True,delete_template|get_db|require_setup_templates_write|get_current_user|<fastapi.security.http.HTTPBearer object at 0x0000012C233CCA70>,get_current_user,commit|delete,,,
POST,/v1/admin/service-setup/templates/{template_id}/validate,validate_template,app.engines.service_setup.templates_router,app\engines\service_setup\templates_router.py,171,admin-setup-templates,False,True,validate_template|get_db|require_setup_templates_read|get_current_user|<fastapi.security.http.HTTPBearer object at 0x0000012C233CCA70>,get_current_user,,,,
GET,/v1/admin/service-setup/templates/{template_id}/versions,get_versions,app.engines.service_setup.templates_router,app\engines\service_setup\templates_router.py,184,admin-setup-templates,False,True,get_versions|get_db|require_setup_templates_read|get_current_user|<fastapi.security.http.HTTPBearer object at 0x0000012C233CCA70>,get_current_user,,,,
GET,/v1/admin/service-setup/bulk-wizard/summary,get_summary,app.engines.service_setup.bulk_router,app\engines\service_setup\bulk_router.py,26,admin-bulk-wizard,False,True,get_summary|get_db|require_bulk_wizard_read|get_current_user|<fastapi.security.http.HTTPBearer object at 0x0000012C233CCA70>,get_current_user,,,,
GET,/v1/admin/service-setup/bulk-wizard,list_drafts,app.engines.service_setup.bulk_router,app\engines\service_setup\bulk_router.py,37,admin-bulk-wizard,False,True,list_drafts|get_db|require_bulk_wizard_read|get_current_user|<fastapi.security.http.HTTPBearer object at 0x0000012C233CCA70>,get_current_user,,,,
POST,/v1/admin/service-setup/bulk-wizard/drafts,create_draft,app.engines.service_setup.bulk_router,app\engines\service_setup\bulk_router.py,59,admin-bulk-wizard,False,True,create_draft|get_db|require_bulk_wizard_write|get_current_user|<fastapi.security.http.HTTPBearer object at 0x0000012C233CCA70>,get_current_user,add|commit,,,
GET,/v1/admin/service-setup/bulk-wizard/drafts/{draft_id},get_draft,app.engines.service_setup.bulk_router,app\engines\service_setup\bulk_router.py,74,admin-bulk-wizard,False,True,get_draft|get_db|require_bulk_wizard_read|get_current_user|<fastapi.security.http.HTTPBearer object at 0x0000012C233CCA70>,get_current_user,,,,
PUT,/v1/admin/service-setup/bulk-wizard/drafts/{draft_id},update_draft,app.engines.service_setup.bulk_router,app\engines\service_setup\bulk_router.py,87,admin-bulk-wizard,False,True,update_draft|get_db|require_bulk_wizard_write|get_current_user|<fastapi.security.http.HTTPBearer object at 0x0000012C233CCA70>,get_current_user,commit,,,
DELETE,/v1/admin/service-setup/bulk-wizard/drafts/{draft_id},delete_draft,app.engines.service_setup.bulk_router,app\engines\service_setup\bulk_router.py,101,admin-bulk-wizard,False,True,delete_draft|get_db|require_bulk_wizard_write|get_current_user|<fastapi.security.http.HTTPBearer object at 0x0000012C233CCA70>,get_current_user,commit|delete,,,
POST,/v1/admin/service-setup/bulk-wizard/drafts/{draft_id}/validate,validate_draft,app.engines.service_setup.bulk_router,app\engines\service_setup\bulk_router.py,116,admin-bulk-wizard,False,True,validate_draft|get_db|require_bulk_wizard_write|get_current_user|<fastapi.security.http.HTTPBearer object at 0x0000012C233CCA70>,get_current_user,add|commit|sqlalchemy.delete(),,,
POST,/v1/admin/service-setup/bulk-wizard/drafts/{draft_id}/preview,preview_draft,app.engines.service_setup.bulk_router,app\engines\service_setup\bulk_router.py,129,admin-bulk-wizard,False,True,preview_draft|get_db|require_bulk_wizard_read|get_current_user|<fastapi.security.http.HTTPBearer object at 0x0000012C233CCA70>,get_current_user,add|commit|sqlalchemy.delete(),,,
POST,/v1/admin/service-setup/bulk-wizard/drafts/{draft_id}/dry-run,dry_run,app.engines.service_setup.bulk_router,app\engines\service_setup\bulk_router.py,142,admin-bulk-wizard,False,True,dry_run|get_db|require_bulk_wizard_execute|get_current_user|<fastapi.security.http.HTTPBearer object at 0x0000012C233CCA70>,get_current_user,add|commit|flush|raw_sql,,,
POST,/v1/admin/service-setup/bulk-wizard/drafts/{draft_id}/execute,execute_draft,app.engines.service_setup.bulk_router,app\engines\service_setup\bulk_router.py,155,admin-bulk-wizard,False,True,execute_draft|get_db|require_bulk_wizard_execute|get_current_user|<fastapi.security.http.HTTPBearer object at 0x0000012C233CCA70>,get_current_user,add|commit|flush|raw_sql,,,
POST,/v1/admin/service-setup/bulk-wizard/drafts/{draft_id}/clone,clone_draft,app.engines.service_setup.bulk_router,app\engines\service_setup\bulk_router.py,170,admin-bulk-wizard,False,True,clone_draft|get_db|require_bulk_wizard_write|get_current_user|<fastapi.security.http.HTTPBearer object at 0x0000012C233CCA70>,get_current_user,add|commit,,,
GET,/v1/admin/service-setup/bulk-wizard/runs,list_runs,app.engines.service_setup.bulk_router,app\engines\service_setup\bulk_router.py,185,admin-bulk-wizard,False,True,list_runs|get_db|require_bulk_wizard_read|get_current_user|<fastapi.security.http.HTTPBearer object at 0x0000012C233CCA70>,get_current_user,,,,
GET,/v1/admin/service-setup/bulk-wizard/runs/{run_id},get_run,app.engines.service_setup.bulk_router,app\engines\service_setup\bulk_router.py,197,admin-bulk-wizard,False,True,get_run|get_db|require_bulk_wizard_read|get_current_user|<fastapi.security.http.HTTPBearer object at 0x0000012C233CCA70>,get_current_user,,,,
POST,/v1/admin/service-setup/bulk-wizard/runs/{run_id}/rollback,rollback_run,app.engines.service_setup.bulk_router,app\engines\service_setup\bulk_router.py,210,admin-bulk-wizard,False,True,rollback_run|get_db|require_bulk_wizard_execute|get_current_user|<fastapi.security.http.HTTPBearer object at 0x0000012C233CCA70>,get_current_user,commit,,,
GET,/v1/admin/service-setup/bulk-wizard/runs/{run_id}/logs,get_run_logs,app.engines.service_setup.bulk_router,app\engines\service_setup\bulk_router.py,225,admin-bulk-wizard,False,True,get_run_logs|get_db|require_bulk_wizard_read|get_current_user|<fastapi.security.http.HTTPBearer object at 0x0000012C233CCA70>,get_current_user,,,,
GET,/v1/admin/marketing/automation/summary,get_summary,app.engines.marketing_command_center.admin_router,app\engines\marketing_command_center\admin_router.py,36,Marketing Command Center,False,True,get_summary|_svc|get_db|require_marketing.automation.read|get_current_user|<fastapi.security.http.HTTPBearer object at 0x0000012C233CCA70>|require_super_admin|get_current_user|<fastapi.security.http.HTTPBearer object at 0x0000012C233CCA70>,get_current_user|require_super_admin|get_current_user,add|flush,,,
GET,/v1/admin/marketing/posts,list_posts,app.engines.marketing_command_center.admin_router,app\engines\marketing_command_center\admin_router.py,43,Marketing Command Center,False,True,list_posts|require_super_admin|get_current_user|<fastapi.security.http.HTTPBearer object at 0x0000012C233CCA70>|_svc|get_db|require_marketing.automation.read|get_current_user|<fastapi.security.http.HTTPBearer object at 0x0000012C233CCA70>,require_super_admin|get_current_user|get_current_user,,,,
GET,/v1/admin/marketing/posts/{post_id},get_post,app.engines.marketing_command_center.admin_router,app\engines\marketing_command_center\admin_router.py,51,Marketing Command Center,False,True,get_post|_svc|get_db|require_marketing.automation.read|get_current_user|<fastapi.security.http.HTTPBearer object at 0x0000012C233CCA70>|require_super_admin|get_current_user|<fastapi.security.http.HTTPBearer object at 0x0000012C233CCA70>,get_current_user|require_super_admin|get_current_user,,,,
POST,/v1/admin/marketing/posts,create_post,app.engines.marketing_command_center.admin_router,app\engines\marketing_command_center\admin_router.py,56,Marketing Command Center,False,True,create_post|get_db|require_marketing.posts.create|get_current_user|<fastapi.security.http.HTTPBearer object at 0x0000012C233CCA70>,get_current_user,add|flush,,_audit,
PUT,/v1/admin/marketing/posts/{post_id},update_post,app.engines.marketing_command_center.admin_router,app\engines\marketing_command_center\admin_router.py,64,Marketing Command Center,False,True,update_post|get_db|require_marketing.posts.update|get_current_user|<fastapi.security.http.HTTPBearer object at 0x0000012C233CCA70>,get_current_user,add|flush|raw_sql,,_audit,
POST,/v1/admin/marketing/posts/{post_id}/submit-approval,submit_approval,app.engines.marketing_command_center.admin_router,app\engines\marketing_command_center\admin_router.py,72,Marketing Command Center,False,True,submit_approval|get_db|require_marketing.posts.update|get_current_user|<fastapi.security.http.HTTPBearer object at 0x0000012C233CCA70>,get_current_user,add|flush,,_audit,
POST,/v1/admin/marketing/posts/{post_id}/approve,approve_post,app.engines.marketing_command_center.admin_router,app\engines\marketing_command_center\admin_router.py,79,Marketing Command Center,False,True,approve_post|get_db|require_marketing.posts.approve|get_current_user|<fastapi.security.http.HTTPBearer object at 0x0000012C233CCA70>,get_current_user,add|flush,,_audit,
POST,/v1/admin/marketing/posts/{post_id}/reject,reject_post,app.engines.marketing_command_center.admin_router,app\engines\marketing_command_center\admin_router.py,87,Marketing Command Center,False,True,reject_post|get_db|require_marketing.posts.approve|get_current_user|<fastapi.security.http.HTTPBearer object at 0x0000012C233CCA70>,get_current_user,add|flush,,_audit,
POST,/v1/admin/marketing/posts/{post_id}/schedule,schedule_post,app.engines.marketing_command_center.admin_router,app\engines\marketing_command_center\admin_router.py,95,Marketing Command Center,False,True,schedule_post|get_db|require_marketing.posts.schedule|get_current_user|<fastapi.security.http.HTTPBearer object at 0x0000012C233CCA70>,get_current_user,add|flush,,_audit,
POST,/v1/admin/marketing/posts/{post_id}/reschedule,reschedule_post,app.engines.marketing_command_center.admin_router,app\engines\marketing_command_center\admin_router.py,104,Marketing Command Center,False,True,reschedule_post|get_db|require_marketing.posts.schedule|get_current_user|<fastapi.security.http.HTTPBearer object at 0x0000012C233CCA70>,get_current_user,add|flush,,_audit,
POST,/v1/admin/marketing/posts/{post_id}/publish-now,publish_now,app.engines.marketing_command_center.admin_router,app\engines\marketing_command_center\admin_router.py,113,Marketing Command Center,False,True,publish_now|get_db|require_marketing.posts.publish|get_current_user|<fastapi.security.http.HTTPBearer object at 0x0000012C233CCA70>,get_current_user,add|flush,,_audit,
POST,/v1/admin/marketing/posts/{post_id}/retry,retry_post,app.engines.marketing_command_center.admin_router,app\engines\marketing_command_center\admin_router.py,120,Marketing Command Center,False,True,retry_post|get_db|require_marketing.posts.retry|get_current_user|<fastapi.security.http.HTTPBearer object at 0x0000012C233CCA70>,get_current_user,add|flush,,_audit,
POST,/v1/admin/marketing/posts/{post_id}/cancel,cancel_post,app.engines.marketing_command_center.admin_router,app\engines\marketing_command_center\admin_router.py,127,Marketing Command Center,False,True,cancel_post|get_db|require_marketing.posts.cancel|get_current_user|<fastapi.security.http.HTTPBearer object at 0x0000012C233CCA70>,get_current_user,add|flush,,_audit,
POST,/v1/admin/marketing/ai/generate-caption,generate_caption,app.engines.marketing_command_center.admin_router,app\engines\marketing_command_center\admin_router.py,137,Marketing Command Center,False,True,generate_caption|get_db|require_marketing.ai.generate_caption|get_current_user|<fastapi.security.http.HTTPBearer object at 0x0000012C233CCA70>,get_current_user,add|flush,,_audit,
POST,/v1/admin/marketing/ai/generate-image,generate_image,app.engines.marketing_command_center.admin_router,app\engines\marketing_command_center\admin_router.py,145,Marketing Command Center,False,True,generate_image|get_db|require_marketing.ai.generate_image|get_current_user|<fastapi.security.http.HTTPBearer object at 0x0000012C233CCA70>,get_current_user,add|flush,,_audit,
POST,/v1/admin/marketing/ai/generate-hashtags,generate_hashtags,app.engines.marketing_command_center.admin_router,app\engines\marketing_command_center\admin_router.py,153,Marketing Command Center,False,True,generate_hashtags|get_db|require_marketing.ai.generate_caption|get_current_user|<fastapi.security.http.HTTPBearer object at 0x0000012C233CCA70>,get_current_user,add|flush,,,
POST,/v1/admin/marketing/ai/generate-variations,generate_variations,app.engines.marketing_command_center.admin_router,app\engines\marketing_command_center\admin_router.py,161,Marketing Command Center,False,True,generate_variations|get_db|require_marketing.ai.generate_caption|get_current_user|<fastapi.security.http.HTTPBearer object at 0x0000012C233CCA70>,get_current_user,add|flush,,,
GET,/v1/admin/marketing/calendar,get_calendar,app.engines.marketing_command_center.admin_router,app\engines\marketing_command_center\admin_router.py,171,Marketing Command Center,False,True,get_calendar|require_super_admin|get_current_user|<fastapi.security.http.HTTPBearer object at 0x0000012C233CCA70>|_svc|get_db|require_marketing.automation.read|get_current_user|<fastapi.security.http.HTTPBearer object at 0x0000012C233CCA70>,require_super_admin|get_current_user|get_current_user,,,,
GET,/v1/admin/marketing/social-accounts,list_social_accounts,app.engines.marketing_command_center.admin_router,app\engines\marketing_command_center\admin_router.py,181,Marketing Command Center,False,True,list_social_accounts|_svc|get_db|require_marketing.automation.read|get_current_user|<fastapi.security.http.HTTPBearer object at 0x0000012C233CCA70>|require_super_admin|get_current_user|<fastapi.security.http.HTTPBearer object at 0x0000012C233CCA70>,get_current_user|require_super_admin|get_current_user,,,,
POST,/v1/admin/marketing/social-accounts/connect,connect_social_account,app.engines.marketing_command_center.admin_router,app\engines\marketing_command_center\admin_router.py,186,Marketing Command Center,False,True,connect_social_account|get_db|require_marketing.social_accounts.connect|get_current_user|<fastapi.security.http.HTTPBearer object at 0x0000012C233CCA70>,get_current_user,add|flush,,_audit,
POST,/v1/admin/marketing/social-accounts/{account_id}/test,test_social_account,app.engines.marketing_command_center.admin_router,app\engines\marketing_command_center\admin_router.py,194,Marketing Command Center,False,True,test_social_account|_svc|get_db|require_marketing.automation.read|get_current_user|<fastapi.security.http.HTTPBearer object at 0x0000012C233CCA70>|require_super_admin|get_current_user|<fastapi.security.http.HTTPBearer object at 0x0000012C233CCA70>,get_current_user|require_super_admin|get_current_user,,,,
POST,/v1/admin/marketing/social-accounts/{account_id}/sync,sync_social_account,app.engines.marketing_command_center.admin_router,app\engines\marketing_command_center\admin_router.py,199,Marketing Command Center,False,True,sync_social_account|get_db|require_marketing.social_accounts.read|get_current_user|<fastapi.security.http.HTTPBearer object at 0x0000012C233CCA70>,get_current_user,flush,,,
POST,/v1/admin/marketing/social-accounts/{account_id}/disconnect,disconnect_social_account,app.engines.marketing_command_center.admin_router,app\engines\marketing_command_center\admin_router.py,206,Marketing Command Center,False,True,disconnect_social_account|get_db|require_marketing.social_accounts.disconnect|get_current_user|<fastapi.security.http.HTTPBearer object at 0x0000012C233CCA70>,get_current_user,add|flush,,_audit,
GET,/v1/admin/marketing/content-templates,list_templates,app.engines.marketing_command_center.admin_router,app\engines\marketing_command_center\admin_router.py,215,Marketing Command Center,False,True,list_templates|_svc|get_db|require_marketing.automation.read|get_current_user|<fastapi.security.http.HTTPBearer object at 0x0000012C233CCA70>|require_super_admin|get_current_user|<fastapi.security.http.HTTPBearer object at 0x0000012C233CCA70>,get_current_user|require_super_admin|get_current_user,,,,
POST,/v1/admin/marketing/content-templates,create_template,app.engines.marketing_command_center.admin_router,app\engines\marketing_command_center\admin_router.py,220,Marketing Command Center,False,True,create_template|get_db|require_marketing.templates.create|get_current_user|<fastapi.security.http.HTTPBearer object at 0x0000012C233CCA70>,get_current_user,add|flush,,_audit,
PUT,/v1/admin/marketing/content-templates/{template_id},update_template,app.engines.marketing_command_center.admin_router,app\engines\marketing_command_center\admin_router.py,228,Marketing Command Center,False,True,update_template|get_db|require_marketing.templates.update|get_current_user|<fastapi.security.http.HTTPBearer object at 0x0000012C233CCA70>,get_current_user,add|flush|raw_sql,,_audit,
GET,/v1/admin/marketing/ai-budget,get_ai_budget,app.engines.marketing_command_center.admin_router,app\engines\marketing_command_center\admin_router.py,238,Marketing Command Center,False,True,get_ai_budget|_svc|get_db|require_marketing.automation.read|get_current_user|<fastapi.security.http.HTTPBearer object at 0x0000012C233CCA70>|require_super_admin|get_current_user|<fastapi.security.http.HTTPBearer object at 0x0000012C233CCA70>,get_current_user|require_super_admin|get_current_user,add|flush,,,
PUT,/v1/admin/marketing/ai-budget,update_ai_budget,app.engines.marketing_command_center.admin_router,app\engines\marketing_command_center\admin_router.py,243,Marketing Command Center,False,True,update_ai_budget|get_db|require_marketing.ai.manage_budget|get_current_user|<fastapi.security.http.HTTPBearer object at 0x0000012C233CCA70>,get_current_user,add|flush|raw_sql,,_audit,
GET,/v1/admin/marketing/ai-budget/ledger,get_ai_budget_ledger,app.engines.marketing_command_center.admin_router,app\engines\marketing_command_center\admin_router.py,251,Marketing Command Center,False,True,get_ai_budget_ledger|require_super_admin|get_current_user|<fastapi.security.http.HTTPBearer object at 0x0000012C233CCA70>|_svc|get_db|require_marketing.automation.read|get_current_user|<fastapi.security.http.HTTPBearer object at 0x0000012C233CCA70>,require_super_admin|get_current_user|get_current_user,,,,
GET,/v1/admin/marketing/publish-failures,list_publish_failures,app.engines.marketing_command_center.admin_router,app\engines\marketing_command_center\admin_router.py,260,Marketing Command Center,False,True,list_publish_failures|require_super_admin|get_current_user|<fastapi.security.http.HTTPBearer object at 0x0000012C233CCA70>|_svc|get_db|require_marketing.automation.read|get_current_user|<fastapi.security.http.HTTPBearer object at 0x0000012C233CCA70>,require_super_admin|get_current_user|get_current_user,,,,
GET,/v1/admin/marketing/analytics/summary,analytics_summary,app.engines.marketing_command_center.admin_router,app\engines\marketing_command_center\admin_router.py,269,Marketing Command Center,False,True,analytics_summary|_svc|get_db|require_marketing.automation.read|get_current_user|<fastapi.security.http.HTTPBearer object at 0x0000012C233CCA70>|require_super_admin|get_current_user|<fastapi.security.http.HTTPBearer object at 0x0000012C233CCA70>,get_current_user|require_super_admin|get_current_user,,,,
GET,/v1/admin/marketing/analytics/posts,analytics_posts,app.engines.marketing_command_center.admin_router,app\engines\marketing_command_center\admin_router.py,274,Marketing Command Center,False,True,analytics_posts|_svc|get_db|require_marketing.automation.read|get_current_user|<fastapi.security.http.HTTPBearer object at 0x0000012C233CCA70>|require_super_admin|get_current_user|<fastapi.security.http.HTTPBearer object at 0x0000012C233CCA70>,get_current_user|require_super_admin|get_current_user,,,,
GET,/v1/admin/marketing/analytics/campaigns,analytics_campaigns,app.engines.marketing_command_center.admin_router,app\engines\marketing_command_center\admin_router.py,279,Marketing Command Center,False,True,analytics_campaigns|_svc|get_db|require_marketing.automation.read|get_current_user|<fastapi.security.http.HTTPBearer object at 0x0000012C233CCA70>|require_super_admin|get_current_user|<fastapi.security.http.HTTPBearer object at 0x0000012C233CCA70>,get_current_user|require_super_admin|get_current_user,,,,
GET,/v1/admin/marketing/analytics/channels,analytics_channels,app.engines.marketing_command_center.admin_router,app\engines\marketing_command_center\admin_router.py,284,Marketing Command Center,False,True,analytics_channels|_svc|get_db|require_marketing.automation.read|get_current_user|<fastapi.security.http.HTTPBearer object at 0x0000012C233CCA70>|require_super_admin|get_current_user|<fastapi.security.http.HTTPBearer object at 0x0000012C233CCA70>,get_current_user|require_super_admin|get_current_user,,,,
GET,/v1/admin/marketing/audit-logs,audit_logs,app.engines.marketing_command_center.admin_router,app\engines\marketing_command_center\admin_router.py,291,Marketing Command Center,False,True,audit_logs|require_marketing.audit.read|get_current_user|<fastapi.security.http.HTTPBearer object at 0x0000012C233CCA70>|get_db,get_current_user,,,,
GET,/v1/admin/intelligence/knowledge-bases/summary,get_kb_summary,app.engines.analytics.kb_router,app\engines\analytics\kb_router.py,29,Knowledge Base Enterprise,False,True,get_kb_summary|require_super_admin|get_current_user|<fastapi.security.http.HTTPBearer object at 0x0000012C233CCA70>|get_db,require_super_admin|get_current_user,,,,
POST,/v1/admin/intelligence/knowledge-bases/seed-defaults/preview,seed_defaults_preview,app.engines.analytics.kb_router,app\engines\analytics\kb_router.py,35,Knowledge Base Enterprise,False,True,seed_defaults_preview|require_super_admin|get_current_user|<fastapi.security.http.HTTPBearer object at 0x0000012C233CCA70>|get_db,require_super_admin|get_current_user,,,,
POST,/v1/admin/intelligence/knowledge-bases/seed-defaults,seed_defaults,app.engines.analytics.kb_router,app\engines\analytics\kb_router.py,41,Knowledge Base Enterprise,False,True,seed_defaults|require_super_admin|get_current_user|<fastapi.security.http.HTTPBearer object at 0x0000012C233CCA70>|get_db,require_super_admin|get_current_user,add|commit,,,
GET,/v1/admin/intelligence/knowledge-bases,list_kbs,app.engines.analytics.kb_router,app\engines\analytics\kb_router.py,47,Knowledge Base Enterprise,False,True,list_kbs|require_super_admin|get_current_user|<fastapi.security.http.HTTPBearer object at 0x0000012C233CCA70>|get_db,require_super_admin|get_current_user,,,,
POST,/v1/admin/intelligence/knowledge-bases,create_kb,app.engines.analytics.kb_router,app\engines\analytics\kb_router.py,72,Knowledge Base Enterprise,False,True,create_kb|require_super_admin|get_current_user|<fastapi.security.http.HTTPBearer object at 0x0000012C233CCA70>|get_db,require_super_admin|get_current_user,add|commit|flush,,,
GET,/v1/admin/intelligence/knowledge-bases/{kb_id},get_kb,app.engines.analytics.kb_router,app\engines\analytics\kb_router.py,80,Knowledge Base Enterprise,False,True,get_kb|require_super_admin|get_current_user|<fastapi.security.http.HTTPBearer object at 0x0000012C233CCA70>|get_db,require_super_admin|get_current_user,,,,
PUT,/v1/admin/intelligence/knowledge-bases/{kb_id},update_kb,app.engines.analytics.kb_router,app\engines\analytics\kb_router.py,86,Knowledge Base Enterprise,False,True,update_kb|require_super_admin|get_current_user|<fastapi.security.http.HTTPBearer object at 0x0000012C233CCA70>|get_db,require_super_admin|get_current_user,add|commit|flush,,,
POST,/v1/admin/intelligence/knowledge-bases/{kb_id}/activate,activate_kb,app.engines.analytics.kb_router,app\engines\analytics\kb_router.py,92,Knowledge Base Enterprise,False,True,activate_kb|require_super_admin|get_current_user|<fastapi.security.http.HTTPBearer object at 0x0000012C233CCA70>|get_db,require_super_admin|get_current_user,commit|flush,,,
POST,/v1/admin/intelligence/knowledge-bases/{kb_id}/disable,disable_kb,app.engines.analytics.kb_router,app\engines\analytics\kb_router.py,98,Knowledge Base Enterprise,False,True,disable_kb|require_super_admin|get_current_user|<fastapi.security.http.HTTPBearer object at 0x0000012C233CCA70>|get_db,require_super_admin|get_current_user,commit|flush,,,
POST,/v1/admin/intelligence/knowledge-bases/{kb_id}/archive,archive_kb,app.engines.analytics.kb_router,app\engines\analytics\kb_router.py,104,Knowledge Base Enterprise,False,True,archive_kb|require_super_admin|get_current_user|<fastapi.security.http.HTTPBearer object at 0x0000012C233CCA70>|get_db,require_super_admin|get_current_user,commit|flush,,,
DELETE,/v1/admin/intelligence/knowledge-bases/{kb_id},delete_kb,app.engines.analytics.kb_router,app\engines\analytics\kb_router.py,110,Knowledge Base Enterprise,False,True,delete_kb|require_super_admin|get_current_user|<fastapi.security.http.HTTPBearer object at 0x0000012C233CCA70>|get_db,require_super_admin|get_current_user,commit|delete,,,
POST,/v1/admin/intelligence/knowledge-bases/{kb_id}/documents/upload,upload_document,app.engines.analytics.kb_router,app\engines\analytics\kb_router.py,118,Knowledge Base Enterprise,False,True,upload_document|require_super_admin|get_current_user|<fastapi.security.http.HTTPBearer object at 0x0000012C233CCA70>|get_db,require_super_admin|get_current_user,add|commit,,,
POST,/v1/admin/intelligence/knowledge-bases/{kb_id}/documents/link-media,link_media,app.engines.analytics.kb_router,app\engines\analytics\kb_router.py,131,Knowledge Base Enterprise,False,True,link_media|require_super_admin|get_current_user|<fastapi.security.http.HTTPBearer object at 0x0000012C233CCA70>|get_db,require_super_admin|get_current_user,add|commit,,,
POST,/v1/admin/intelligence/knowledge-bases/{kb_id}/sources/url,add_url_source,app.engines.analytics.kb_router,app\engines\analytics\kb_router.py,144,Knowledge Base Enterprise,False,True,add_url_source|require_super_admin|get_current_user|<fastapi.security.http.HTTPBearer object at 0x0000012C233CCA70>|get_db,require_super_admin|get_current_user,add|commit,,,
GET,/v1/admin/intelligence/knowledge-bases/{kb_id}/documents,list_documents,app.engines.analytics.kb_router,app\engines\analytics\kb_router.py,157,Knowledge Base Enterprise,False,True,list_documents|require_super_admin|get_current_user|<fastapi.security.http.HTTPBearer object at 0x0000012C233CCA70>|get_db,require_super_admin|get_current_user,,,,
DELETE,/v1/admin/intelligence/knowledge-bases/{kb_id}/documents/{document_id},delete_document,app.engines.analytics.kb_router,app\engines\analytics\kb_router.py,163,Knowledge Base Enterprise,False,True,delete_document|require_super_admin|get_current_user|<fastapi.security.http.HTTPBearer object at 0x0000012C233CCA70>|get_db,require_super_admin|get_current_user,commit|delete,,,
POST,/v1/admin/intelligence/knowledge-bases/{kb_id}/articles,create_article,app.engines.analytics.kb_router,app\engines\analytics\kb_router.py,171,Knowledge Base Enterprise,False,True,create_article|require_super_admin|get_current_user|<fastapi.security.http.HTTPBearer object at 0x0000012C233CCA70>|get_db,require_super_admin|get_current_user,add|commit,,,
GET,/v1/admin/intelligence/knowledge-bases/{kb_id}/articles,list_articles,app.engines.analytics.kb_router,app\engines\analytics\kb_router.py,177,Knowledge Base Enterprise,False,True,list_articles|require_super_admin|get_current_user|<fastapi.security.http.HTTPBearer object at 0x0000012C233CCA70>|get_db,require_super_admin|get_current_user,,,,
PUT,/v1/admin/intelligence/knowledge-bases/{kb_id}/articles/{article_id},update_article,app.engines.analytics.kb_router,app\engines\analytics\kb_router.py,183,Knowledge Base Enterprise,False,True,update_article|require_super_admin|get_current_user|<fastapi.security.http.HTTPBearer object at 0x0000012C233CCA70>|get_db,require_super_admin|get_current_user,commit,,,
POST,/v1/admin/intelligence/knowledge-bases/{kb_id}/articles/{article_id}/publish,publish_article,app.engines.analytics.kb_router,app\engines\analytics\kb_router.py,189,Knowledge Base Enterprise,False,True,publish_article|require_super_admin|get_current_user|<fastapi.security.http.HTTPBearer object at 0x0000012C233CCA70>|get_db,require_super_admin|get_current_user,commit,,,
POST,/v1/admin/intelligence/knowledge-bases/{kb_id}/index,trigger_index,app.engines.analytics.kb_router,app\engines\analytics\kb_router.py,197,Knowledge Base Enterprise,False,True,trigger_index|require_super_admin|get_current_user|<fastapi.security.http.HTTPBearer object at 0x0000012C233CCA70>|get_db,require_super_admin|get_current_user,add|commit,,,
POST,/v1/admin/intelligence/knowledge-bases/{kb_id}/reindex,trigger_reindex,app.engines.analytics.kb_router,app\engines\analytics\kb_router.py,203,Knowledge Base Enterprise,False,True,trigger_reindex|require_super_admin|get_current_user|<fastapi.security.http.HTTPBearer object at 0x0000012C233CCA70>|get_db,require_super_admin|get_current_user,add|commit,,,
GET,/v1/admin/intelligence/knowledge-bases/{kb_id}/indexing-jobs,list_indexing_jobs,app.engines.analytics.kb_router,app\engines\analytics\kb_router.py,209,Knowledge Base Enterprise,False,True,list_indexing_jobs|require_super_admin|get_current_user|<fastapi.security.http.HTTPBearer object at 0x0000012C233CCA70>|get_db,require_super_admin|get_current_user,,,,
GET,/v1/admin/intelligence/knowledge-bases/{kb_id}/chunks,list_chunks,app.engines.analytics.kb_router,app\engines\analytics\kb_router.py,215,Knowledge Base Enterprise,False,True,list_chunks|require_super_admin|get_current_user|<fastapi.security.http.HTTPBearer object at 0x0000012C233CCA70>|get_db,require_super_admin|get_current_user,,,,
POST,/v1/admin/intelligence/knowledge-bases/{kb_id}/test-query,test_query,app.engines.analytics.kb_router,app\engines\analytics\kb_router.py,226,Knowledge Base Enterprise,False,True,test_query|require_super_admin|get_current_user|<fastapi.security.http.HTTPBearer object at 0x0000012C233CCA70>|get_db,require_super_admin|get_current_user,add|commit,,,
GET,/v1/admin/intelligence/knowledge-bases/{kb_id}/query-logs,list_query_logs,app.engines.analytics.kb_router,app\engines\analytics\kb_router.py,237,Knowledge Base Enterprise,False,True,list_query_logs|require_super_admin|get_current_user|<fastapi.security.http.HTTPBearer object at 0x0000012C233CCA70>|get_db,require_super_admin|get_current_user,,,,
GET,/v1/admin/intelligence/knowledge-bases/{kb_id}/retrieval-quality,get_retrieval_quality,app.engines.analytics.kb_router,app\engines\analytics\kb_router.py,246,Knowledge Base Enterprise,False,True,get_retrieval_quality|require_super_admin|get_current_user|<fastapi.security.http.HTTPBearer object at 0x0000012C233CCA70>|get_db,require_super_admin|get_current_user,,,,
POST,/v1/admin/intelligence/knowledge-bases/{kb_id}/access-preview,preview_access,app.engines.analytics.kb_router,app\engines\analytics\kb_router.py,254,Knowledge Base Enterprise,False,True,preview_access|require_super_admin|get_current_user|<fastapi.security.http.HTTPBearer object at 0x0000012C233CCA70>|get_db,require_super_admin|get_current_user,,,,
GET,/v1/admin/intelligence/knowledge-bases/{kb_id}/audit-logs,get_audit_logs,app.engines.analytics.kb_router,app\engines\analytics\kb_router.py,262,Knowledge Base Enterprise,False,True,get_audit_logs|require_super_admin|get_current_user|<fastapi.security.http.HTTPBearer object at 0x0000012C233CCA70>|get_db,require_super_admin|get_current_user,,,,
GET,/v1/admin/intelligence/knowledge-bases/{kb_id}/versions,get_versions,app.engines.analytics.kb_router,app\engines\analytics\kb_router.py,268,Knowledge Base Enterprise,False,True,get_versions|require_super_admin|get_current_user|<fastapi.security.http.HTTPBearer object at 0x0000012C233CCA70>|get_db,require_super_admin|get_current_user,,,,
GET,/v1/admin/intelligence/summary,get_summary,app.engines.analytics.intelligence_router,app\engines\analytics\intelligence_router.py,29,Intelligence Command Center,False,True,get_summary|require_super_admin|get_current_user|<fastapi.security.http.HTTPBearer object at 0x0000012C233CCA70>|get_db,require_super_admin|get_current_user,,,,
GET,/v1/admin/intelligence/rag/summary,get_rag_summary,app.engines.analytics.intelligence_router,app\engines\analytics\intelligence_router.py,37,Intelligence Command Center,False,True,get_rag_summary|require_super_admin|get_current_user|<fastapi.security.http.HTTPBearer object at 0x0000012C233CCA70>|get_db,require_super_admin|get_current_user,,,,
GET,/v1/admin/intelligence/rag/query-logs,list_query_logs,app.engines.analytics.intelligence_router,app\engines\analytics\intelligence_router.py,43,Intelligence Command Center,False,True,list_query_logs|require_super_admin|get_current_user|<fastapi.security.http.HTTPBearer object at 0x0000012C233CCA70>|get_db,require_super_admin|get_current_user,,,,
GET,/v1/admin/intelligence/rag/retrieval-quality,get_retrieval_quality,app.engines.analytics.intelligence_router,app\engines\analytics\intelligence_router.py,53,Intelligence Command Center,False,True,get_retrieval_quality|require_super_admin|get_current_user|<fastapi.security.http.HTTPBearer object at 0x0000012C233CCA70>|get_db,require_super_admin|get_current_user,,,,
GET,/v1/admin/intelligence/events/summary,get_event_summary,app.engines.analytics.intelligence_router,app\engines\analytics\intelligence_router.py,65,Intelligence Command Center,False,True,get_event_summary|require_super_admin|get_current_user|<fastapi.security.http.HTTPBearer object at 0x0000012C233CCA70>|get_db,require_super_admin|get_current_user,,,,
GET,/v1/admin/intelligence/events/sources,get_event_sources,app.engines.analytics.intelligence_router,app\engines\analytics\intelligence_router.py,71,Intelligence Command Center,False,True,get_event_sources|require_super_admin|get_current_user|<fastapi.security.http.HTTPBearer object at 0x0000012C233CCA70>|get_db,require_super_admin|get_current_user,,,,
GET,/v1/admin/intelligence/events/failures,get_event_failures,app.engines.analytics.intelligence_router,app\engines\analytics\intelligence_router.py,77,Intelligence Command Center,False,True,get_event_failures|require_super_admin|get_current_user|<fastapi.security.http.HTTPBearer object at 0x0000012C233CCA70>|get_db,require_super_admin|get_current_user,,,,
GET,/v1/admin/intelligence/risk/summary,get_risk_summary,app.engines.analytics.intelligence_router,app\engines\analytics\intelligence_router.py,85,Intelligence Command Center,False,True,get_risk_summary|require_super_admin|get_current_user|<fastapi.security.http.HTTPBearer object at 0x0000012C233CCA70>|get_db,require_super_admin|get_current_user,,,,
GET,/v1/admin/intelligence/risk/entities,list_risk_entities,app.engines.analytics.intelligence_router,app\engines\analytics\intelligence_router.py,91,Intelligence Command Center,False,True,list_risk_entities|require_super_admin|get_current_user|<fastapi.security.http.HTTPBearer object at 0x0000012C233CCA70>|get_db,require_super_admin|get_current_user,,,,
GET,/v1/admin/intelligence/risk/{entity_type}/{entity_id},get_risk_entity,app.engines.analytics.intelligence_router,app\engines\analytics\intelligence_router.py,102,Intelligence Command Center,False,True,get_risk_entity|require_super_admin|get_current_user|<fastapi.security.http.HTTPBearer object at 0x0000012C233CCA70>|get_db,require_super_admin|get_current_user,,,,
POST,/v1/admin/intelligence/risk/{entity_type}/{entity_id}/recompute,recompute_risk,app.engines.analytics.intelligence_router,app\engines\analytics\intelligence_router.py,111,Intelligence Command Center,False,True,recompute_risk|require_super_admin|get_current_user|<fastapi.security.http.HTTPBearer object at 0x0000012C233CCA70>|get_db,require_super_admin|get_current_user,add|commit,,,
GET,/v1/admin/intelligence/anomalies,list_anomalies,app.engines.analytics.intelligence_router,app\engines\analytics\intelligence_router.py,119,Intelligence Command Center,False,True,list_anomalies|require_super_admin|get_current_user|<fastapi.security.http.HTTPBearer object at 0x0000012C233CCA70>|get_db,require_super_admin|get_current_user,,,,
POST,/v1/admin/intelligence/anomalies/run-scan,run_anomaly_scan,app.engines.analytics.intelligence_router,app\engines\analytics\intelligence_router.py,130,Intelligence Command Center,False,True,run_anomaly_scan|require_super_admin|get_current_user|<fastapi.security.http.HTTPBearer object at 0x0000012C233CCA70>|get_db,require_super_admin|get_current_user,add|commit,,,
GET,/v1/admin/intelligence/anomalies/{anomaly_id},get_anomaly,app.engines.analytics.intelligence_router,app\engines\analytics\intelligence_router.py,136,Intelligence Command Center,False,True,get_anomaly|require_super_admin|get_current_user|<fastapi.security.http.HTTPBearer object at 0x0000012C233CCA70>|get_db,require_super_admin|get_current_user,,,,
POST,/v1/admin/intelligence/anomalies/{anomaly_id}/investigate,investigate_anomaly,app.engines.analytics.intelligence_router,app\engines\analytics\intelligence_router.py,145,Intelligence Command Center,False,True,investigate_anomaly|require_super_admin|get_current_user|<fastapi.security.http.HTTPBearer object at 0x0000012C233CCA70>|get_db,require_super_admin|get_current_user,commit,,,
POST,/v1/admin/intelligence/anomalies/{anomaly_id}/resolve,resolve_anomaly,app.engines.analytics.intelligence_router,app\engines\analytics\intelligence_router.py,151,Intelligence Command Center,False,True,resolve_anomaly|require_super_admin|get_current_user|<fastapi.security.http.HTTPBearer object at 0x0000012C233CCA70>|get_db,require_super_admin|get_current_user,commit,,,
POST,/v1/admin/intelligence/anomalies/{anomaly_id}/false-positive,mark_false_positive,app.engines.analytics.intelligence_router,app\engines\analytics\intelligence_router.py,157,Intelligence Command Center,False,True,mark_false_positive|require_super_admin|get_current_user|<fastapi.security.http.HTTPBearer object at 0x0000012C233CCA70>|get_db,require_super_admin|get_current_user,commit,,,
GET,/v1/admin/intelligence/models,list_models,app.engines.analytics.intelligence_router,app\engines\analytics\intelligence_router.py,165,Intelligence Command Center,False,True,list_models|require_super_admin|get_current_user|<fastapi.security.http.HTTPBearer object at 0x0000012C233CCA70>|get_db,require_super_admin|get_current_user,,,,
GET,/v1/admin/intelligence/models/{model_id},get_model,app.engines.analytics.intelligence_router,app\engines\analytics\intelligence_router.py,171,Intelligence Command Center,False,True,get_model|require_super_admin|get_current_user|<fastapi.security.http.HTTPBearer object at 0x0000012C233CCA70>|get_db,require_super_admin|get_current_user,,,,
POST,/v1/admin/intelligence/models/{model_id}/activate,activate_model,app.engines.analytics.intelligence_router,app\engines\analytics\intelligence_router.py,180,Intelligence Command Center,False,True,activate_model|require_super_admin|get_current_user|<fastapi.security.http.HTTPBearer object at 0x0000012C233CCA70>|get_db,require_super_admin|get_current_user,commit,,,
POST,/v1/admin/intelligence/models/{model_id}/deactivate,deactivate_model,app.engines.analytics.intelligence_router,app\engines\analytics\intelligence_router.py,186,Intelligence Command Center,False,True,deactivate_model|require_super_admin|get_current_user|<fastapi.security.http.HTTPBearer object at 0x0000012C233CCA70>|get_db,require_super_admin|get_current_user,commit,,,
POST,/v1/admin/intelligence/models/{model_id}/evaluate,evaluate_model,app.engines.analytics.intelligence_router,app\engines\analytics\intelligence_router.py,192,Intelligence Command Center,False,True,evaluate_model|require_super_admin|get_current_user|<fastapi.security.http.HTTPBearer object at 0x0000012C233CCA70>|get_db,require_super_admin|get_current_user,,,,
GET,/v1/admin/intelligence/prediction-jobs,list_prediction_jobs,app.engines.analytics.intelligence_router,app\engines\analytics\intelligence_router.py,200,Intelligence Command Center,False,True,list_prediction_jobs|require_super_admin|get_current_user|<fastapi.security.http.HTTPBearer object at 0x0000012C233CCA70>|get_db,require_super_admin|get_current_user,,,,
POST,/v1/admin/intelligence/prediction-jobs,create_prediction_job,app.engines.analytics.intelligence_router,app\engines\analytics\intelligence_router.py,209,Intelligence Command Center,False,True,create_prediction_job|require_super_admin|get_current_user|<fastapi.security.http.HTTPBearer object at 0x0000012C233CCA70>|get_db,require_super_admin|get_current_user,add|commit|flush,,,
GET,/v1/admin/intelligence/prediction-jobs/{job_id},get_prediction_job,app.engines.analytics.intelligence_router,app\engines\analytics\intelligence_router.py,215,Intelligence Command Center,False,True,get_prediction_job|require_super_admin|get_current_user|<fastapi.security.http.HTTPBearer object at 0x0000012C233CCA70>|get_db,require_super_admin|get_current_user,,,,
POST,/v1/admin/intelligence/prediction-jobs/{job_id}/cancel,cancel_prediction_job,app.engines.analytics.intelligence_router,app\engines\analytics\intelligence_router.py,224,Intelligence Command Center,False,True,cancel_prediction_job|require_super_admin|get_current_user|<fastapi.security.http.HTTPBearer object at 0x0000012C233CCA70>|get_db,require_super_admin|get_current_user,commit,,,
POST,/v1/admin/intelligence/prediction-jobs/{job_id}/retry,retry_prediction_job,app.engines.analytics.intelligence_router,app\engines\analytics\intelligence_router.py,230,Intelligence Command Center,False,True,retry_prediction_job|require_super_admin|get_current_user|<fastapi.security.http.HTTPBearer object at 0x0000012C233CCA70>|get_db,require_super_admin|get_current_user,add|commit,,,
GET,/v1/admin/intelligence/data-quality/summary,get_data_quality_summary,app.engines.analytics.intelligence_router,app\engines\analytics\intelligence_router.py,238,Intelligence Command Center,False,True,get_data_quality_summary|require_super_admin|get_current_user|<fastapi.security.http.HTTPBearer object at 0x0000012C233CCA70>|get_db,require_super_admin|get_current_user,add|commit,,,
GET,/v1/admin/intelligence/data-quality/checks,list_data_quality_checks,app.engines.analytics.intelligence_router,app\engines\analytics\intelligence_router.py,244,Intelligence Command Center,False,True,list_data_quality_checks|require_super_admin|get_current_user|<fastapi.security.http.HTTPBearer object at 0x0000012C233CCA70>|get_db,require_super_admin|get_current_user,add|commit,,,
POST,/v1/admin/intelligence/data-quality/checks/{check_key}/run,run_data_quality_check,app.engines.analytics.intelligence_router,app\engines\analytics\intelligence_router.py,250,Intelligence Command Center,False,True,run_data_quality_check|require_super_admin|get_current_user|<fastapi.security.http.HTTPBearer object at 0x0000012C233CCA70>|get_db,require_super_admin|get_current_user,commit,,,
GET,/v1/admin/intelligence/data-quality/checks/{check_key}/failures,get_check_failures,app.engines.analytics.intelligence_router,app\engines\analytics\intelligence_router.py,256,Intelligence Command Center,False,True,get_check_failures|require_super_admin|get_current_user|<fastapi.security.http.HTTPBearer object at 0x0000012C233CCA70>|get_db,require_super_admin|get_current_user,,,,
GET,/v1/admin/intelligence/ai-usage/summary,get_ai_usage_summary,app.engines.analytics.intelligence_router,app\engines\analytics\intelligence_router.py,264,Intelligence Command Center,False,True,get_ai_usage_summary|require_super_admin|get_current_user|<fastapi.security.http.HTTPBearer object at 0x0000012C233CCA70>|get_db,require_super_admin|get_current_user,,,,
GET,/v1/admin/intelligence/ai-usage/logs,list_ai_usage_logs,app.engines.analytics.intelligence_router,app\engines\analytics\intelligence_router.py,270,Intelligence Command Center,False,True,list_ai_usage_logs|require_super_admin|get_current_user|<fastapi.security.http.HTTPBearer object at 0x0000012C233CCA70>|get_db,require_super_admin|get_current_user,,,,
GET,/v1/admin/intelligence/ai-usage/cost-breakdown,get_cost_breakdown,app.engines.analytics.intelligence_router,app\engines\analytics\intelligence_router.py,279,Intelligence Command Center,False,True,get_cost_breakdown|require_super_admin|get_current_user|<fastapi.security.http.HTTPBearer object at 0x0000012C233CCA70>|get_db,require_super_admin|get_current_user,,,,
GET,/v1/admin/intelligence/audit-logs,get_audit_logs,app.engines.analytics.intelligence_router,app\engines\analytics\intelligence_router.py,287,Intelligence Command Center,False,True,get_audit_logs|require_super_admin|get_current_user|<fastapi.security.http.HTTPBearer object at 0x0000012C233CCA70>|get_db,require_super_admin|get_current_user,,,,
GET,/v1/admin/dashboard/executive-summary,executive_summary,app.engines.dashboard_command_center.admin_router,app\engines\dashboard_command_center\admin_router.py,30,Platform Command Center,False,True,executive_summary|_svc|get_db|require_dashboard.read|get_current_user|<fastapi.security.http.HTTPBearer object at 0x0000012C233CCA70>|require_super_admin|get_current_user|<fastapi.security.http.HTTPBearer object at 0x0000012C233CCA70>,get_current_user|require_super_admin|get_current_user,,,,
GET,/v1/admin/dashboard/platform-health,platform_health,app.engines.dashboard_command_center.admin_router,app\engines\dashboard_command_center\admin_router.py,35,Platform Command Center,False,True,platform_health|_svc|get_db|require_dashboard.read|get_current_user|<fastapi.security.http.HTTPBearer object at 0x0000012C233CCA70>|require_super_admin|get_current_user|<fastapi.security.http.HTTPBearer object at 0x0000012C233CCA70>,get_current_user|require_super_admin|get_current_user,,,,
GET,/v1/admin/dashboard/finance-snapshot,finance_snapshot,app.engines.dashboard_command_center.admin_router,app\engines\dashboard_command_center\admin_router.py,40,Platform Command Center,False,True,finance_snapshot|get_db|require_dashboard.finance.read|get_current_user|<fastapi.security.http.HTTPBearer object at 0x0000012C233CCA70>,get_current_user,,,,
GET,/v1/admin/dashboard/tenant-lifecycle,tenant_lifecycle,app.engines.dashboard_command_center.admin_router,app\engines\dashboard_command_center\admin_router.py,48,Platform Command Center,False,True,tenant_lifecycle|_svc|get_db|require_dashboard.read|get_current_user|<fastapi.security.http.HTTPBearer object at 0x0000012C233CCA70>|require_super_admin|get_current_user|<fastapi.security.http.HTTPBearer object at 0x0000012C233CCA70>,get_current_user|require_super_admin|get_current_user,,,,
GET,/v1/admin/dashboard/home-services-summary,home_services_summary,app.engines.dashboard_command_center.admin_router,app\engines\dashboard_command_center\admin_router.py,53,Platform Command Center,False,True,home_services_summary|_svc|get_db|require_dashboard.read|get_current_user|<fastapi.security.http.HTTPBearer object at 0x0000012C233CCA70>|require_super_admin|get_current_user|<fastapi.security.http.HTTPBearer object at 0x0000012C233CCA70>,get_current_user|require_super_admin|get_current_user,,,,
GET,/v1/admin/dashboard/operations-snapshot,operations_snapshot,app.engines.dashboard_command_center.admin_router,app\engines\dashboard_command_center\admin_router.py,58,Platform Command Center,False,True,operations_snapshot|get_db|require_dashboard.operations.read|get_current_user|<fastapi.security.http.HTTPBearer object at 0x0000012C233CCA70>,get_current_user,,,,
GET,/v1/admin/dashboard/live-operations,live_operations,app.engines.dashboard_command_center.admin_router,app\engines\dashboard_command_center\admin_router.py,66,Platform Command Center,False,True,live_operations|get_db|require_dashboard.operations.read|get_current_user|<fastapi.security.http.HTTPBearer object at 0x0000012C233CCA70>,get_current_user,,,,
GET,/v1/admin/dashboard/trends,trends,app.engines.dashboard_command_center.admin_router,app\engines\dashboard_command_center\admin_router.py,74,Platform Command Center,False,True,trends|require_super_admin|get_current_user|<fastapi.security.http.HTTPBearer object at 0x0000012C233CCA70>|_svc|get_db|require_dashboard.read|get_current_user|<fastapi.security.http.HTTPBearer object at 0x0000012C233CCA70>,require_super_admin|get_current_user|get_current_user,,,,
GET,/v1/admin/dashboard/action-queue,action_queue,app.engines.dashboard_command_center.admin_router,app\engines\dashboard_command_center\admin_router.py,81,Platform Command Center,False,True,action_queue|get_db|require_dashboard.action_queue.manage|get_current_user|<fastapi.security.http.HTTPBearer object at 0x0000012C233CCA70>,get_current_user,,,,
POST,/v1/admin/dashboard/action-queue/{action_id}/resolve,resolve_action,app.engines.dashboard_command_center.admin_router,app\engines\dashboard_command_center\admin_router.py,89,Platform Command Center,False,True,resolve_action|get_db|require_dashboard.action_queue.manage|get_current_user|<fastapi.security.http.HTTPBearer object at 0x0000012C233CCA70>,get_current_user,commit|raw_sql,,record_platform_audit,
POST,/v1/admin/dashboard/action-queue/{action_id}/snooze,snooze_action,app.engines.dashboard_command_center.admin_router,app\engines\dashboard_command_center\admin_router.py,100,Platform Command Center,False,True,snooze_action|get_db|require_dashboard.action_queue.manage|get_current_user|<fastapi.security.http.HTTPBearer object at 0x0000012C233CCA70>,get_current_user,commit|raw_sql,,record_platform_audit,
POST,/v1/admin/dashboard/action-queue/{action_id}/assign,assign_action,app.engines.dashboard_command_center.admin_router,app\engines\dashboard_command_center\admin_router.py,111,Platform Command Center,False,True,assign_action|get_db|require_dashboard.action_queue.manage|get_current_user|<fastapi.security.http.HTTPBearer object at 0x0000012C233CCA70>,get_current_user,commit|raw_sql,,record_platform_audit,
GET,/v1/admin/dashboard/engine-health,engine_health,app.engines.dashboard_command_center.admin_router,app\engines\dashboard_command_center\admin_router.py,122,Platform Command Center,False,True,engine_health|get_db|require_dashboard.engine_health.read|get_current_user|<fastapi.security.http.HTTPBearer object at 0x0000012C233CCA70>,get_current_user,,,,
GET,/v1/admin/dashboard/at-risk-tenants,at_risk_tenants,app.engines.dashboard_command_center.admin_router,app\engines\dashboard_command_center\admin_router.py,129,Platform Command Center,False,True,at_risk_tenants|_svc|get_db|require_dashboard.read|get_current_user|<fastapi.security.http.HTTPBearer object at 0x0000012C233CCA70>|require_super_admin|get_current_user|<fastapi.security.http.HTTPBearer object at 0x0000012C233CCA70>,get_current_user|require_super_admin|get_current_user,,,,
GET,/v1/admin/dashboard/compliance-security,compliance_security,app.engines.dashboard_command_center.admin_router,app\engines\dashboard_command_center\admin_router.py,134,Platform Command Center,False,True,compliance_security|get_db|require_dashboard.security.read|get_current_user|<fastapi.security.http.HTTPBearer object at 0x0000012C233CCA70>,get_current_user,,,,
GET,/v1/admin/dashboard/trust-quality,trust_quality,app.engines.dashboard_command_center.admin_router,app\engines\dashboard_command_center\admin_router.py,141,Platform Command Center,False,True,trust_quality|_svc|get_db|require_dashboard.read|get_current_user|<fastapi.security.http.HTTPBearer object at 0x0000012C233CCA70>|require_super_admin|get_current_user|<fastapi.security.http.HTTPBearer object at 0x0000012C233CCA70>,get_current_user|require_super_admin|get_current_user,,,,
GET,/v1/admin/dashboard/activity-feed,activity_feed,app.engines.dashboard_command_center.admin_router,app\engines\dashboard_command_center\admin_router.py,146,Platform Command Center,False,True,activity_feed|get_db|require_dashboard.activity.read|get_current_user|<fastapi.security.http.HTTPBearer object at 0x0000012C233CCA70>,get_current_user,,,,
GET,/v1/admin/dashboard/category-performance,category_performance,app.engines.dashboard_command_center.admin_router,app\engines\dashboard_command_center\admin_router.py,154,Platform Command Center,False,True,category_performance|require_super_admin|get_current_user|<fastapi.security.http.HTTPBearer object at 0x0000012C233CCA70>|_svc|get_db|require_dashboard.read|get_current_user|<fastapi.security.http.HTTPBearer object at 0x0000012C233CCA70>,require_super_admin|get_current_user|get_current_user,,,,
POST,/v1/admin/dashboard/refresh,refresh,app.engines.dashboard_command_center.admin_router,app\engines\dashboard_command_center\admin_router.py,161,Platform Command Center,False,True,refresh|get_db|require_dashboard.read|get_current_user|<fastapi.security.http.HTTPBearer object at 0x0000012C233CCA70>,get_current_user,,,record_platform_audit,
POST,/v1/admin/dashboard/export-snapshot,export_snapshot,app.engines.dashboard_command_center.admin_router,app\engines\dashboard_command_center\admin_router.py,169,Platform Command Center,False,True,export_snapshot|get_db|require_dashboard.export|get_current_user|<fastapi.security.http.HTTPBearer object at 0x0000012C233CCA70>,get_current_user,commit|raw_sql,,record_platform_audit,
GET,/v1/admin/workflows/templates/summary,get_summary,app.engines.workflows.workflow_router,app\engines\workflows\workflow_router.py,37,Workflow Templates Enterprise,False,True,get_summary|get_db|require_super_admin|get_current_user|<fastapi.security.http.HTTPBearer object at 0x0000012C233CCA70>,require_super_admin|get_current_user,,,,
POST,/v1/admin/workflows/templates/seed-defaults/preview,seed_defaults_preview,app.engines.workflows.workflow_router,app\engines\workflows\workflow_router.py,42,Workflow Templates Enterprise,False,True,seed_defaults_preview|get_db|require_super_admin|get_current_user|<fastapi.security.http.HTTPBearer object at 0x0000012C233CCA70>,require_super_admin|get_current_user,,,,
POST,/v1/admin/workflows/templates/seed-defaults,seed_defaults,app.engines.workflows.workflow_router,app\engines\workflows\workflow_router.py,47,Workflow Templates Enterprise,False,True,seed_defaults|get_db|require_super_admin|get_current_user|<fastapi.security.http.HTTPBearer object at 0x0000012C233CCA70>,require_super_admin|get_current_user,commit|raw_sql,,,
GET,/v1/admin/workflows/templates,list_templates,app.engines.workflows.workflow_router,app\engines\workflows\workflow_router.py,52,Workflow Templates Enterprise,False,True,list_templates|get_db|require_super_admin|get_current_user|<fastapi.security.http.HTTPBearer object at 0x0000012C233CCA70>,require_super_admin|get_current_user,,,,
POST,/v1/admin/workflows/templates,create_template,app.engines.workflows.workflow_router,app\engines\workflows\workflow_router.py,68,Workflow Templates Enterprise,False,True,create_template|get_db|require_super_admin|get_current_user|<fastapi.security.http.HTTPBearer object at 0x0000012C233CCA70>,require_super_admin|get_current_user,commit|raw_sql,,,
GET,/v1/admin/workflows/templates/{wid},get_template,app.engines.workflows.workflow_router,app\engines\workflows\workflow_router.py,75,Workflow Templates Enterprise,False,True,get_template|get_db|require_super_admin|get_current_user|<fastapi.security.http.HTTPBearer object at 0x0000012C233CCA70>,require_super_admin|get_current_user,,,,
PUT,/v1/admin/workflows/templates/{wid},update_template,app.engines.workflows.workflow_router,app\engines\workflows\workflow_router.py,80,Workflow Templates Enterprise,False,True,update_template|get_db|require_super_admin|get_current_user|<fastapi.security.http.HTTPBearer object at 0x0000012C233CCA70>,require_super_admin|get_current_user,commit|raw_sql,,,
POST,/v1/admin/workflows/templates/{wid}/clone,clone_template,app.engines.workflows.workflow_router,app\engines\workflows\workflow_router.py,85,Workflow Templates Enterprise,False,True,clone_template|get_db|require_super_admin|get_current_user|<fastapi.security.http.HTTPBearer object at 0x0000012C233CCA70>,require_super_admin|get_current_user,commit|raw_sql,,,
POST,/v1/admin/workflows/templates/{wid}/archive,archive_template,app.engines.workflows.workflow_router,app\engines\workflows\workflow_router.py,90,Workflow Templates Enterprise,False,True,archive_template|get_db|require_super_admin|get_current_user|<fastapi.security.http.HTTPBearer object at 0x0000012C233CCA70>,require_super_admin|get_current_user,commit|raw_sql,,,
POST,/v1/admin/workflows/templates/{wid}/steps,add_step,app.engines.workflows.workflow_router,app\engines\workflows\workflow_router.py,96,Workflow Templates Enterprise,False,True,add_step|get_db|require_super_admin|get_current_user|<fastapi.security.http.HTTPBearer object at 0x0000012C233CCA70>,require_super_admin|get_current_user,commit|raw_sql,,,
PUT,/v1/admin/workflows/templates/{wid}/steps/{step_id},update_step,app.engines.workflows.workflow_router,app\engines\workflows\workflow_router.py,101,Workflow Templates Enterprise,False,True,update_step|get_db|require_super_admin|get_current_user|<fastapi.security.http.HTTPBearer object at 0x0000012C233CCA70>,require_super_admin|get_current_user,commit|raw_sql,,,
DELETE,/v1/admin/workflows/templates/{wid}/steps/{step_id},delete_step,app.engines.workflows.workflow_router,app\engines\workflows\workflow_router.py,106,Workflow Templates Enterprise,False,True,delete_step|get_db|require_super_admin|get_current_user|<fastapi.security.http.HTTPBearer object at 0x0000012C233CCA70>,require_super_admin|get_current_user,commit|raw_sql,,,
POST,/v1/admin/workflows/templates/{wid}/transitions,add_transition,app.engines.workflows.workflow_router,app\engines\workflows\workflow_router.py,113,Workflow Templates Enterprise,False,True,add_transition|get_db|require_super_admin|get_current_user|<fastapi.security.http.HTTPBearer object at 0x0000012C233CCA70>,require_super_admin|get_current_user,commit|raw_sql,,,
PUT,/v1/admin/workflows/templates/{wid}/transitions/{trans_id},update_transition,app.engines.workflows.workflow_router,app\engines\workflows\workflow_router.py,118,Workflow Templates Enterprise,False,True,update_transition|get_db|require_super_admin|get_current_user|<fastapi.security.http.HTTPBearer object at 0x0000012C233CCA70>,require_super_admin|get_current_user,commit|raw_sql,,,
DELETE,/v1/admin/workflows/templates/{wid}/transitions/{trans_id},delete_transition,app.engines.workflows.workflow_router,app\engines\workflows\workflow_router.py,123,Workflow Templates Enterprise,False,True,delete_transition|get_db|require_super_admin|get_current_user|<fastapi.security.http.HTTPBearer object at 0x0000012C233CCA70>,require_super_admin|get_current_user,commit|raw_sql,,,
GET,/v1/admin/workflows/templates/{wid}/sla,get_sla,app.engines.workflows.workflow_router,app\engines\workflows\workflow_router.py,130,Workflow Templates Enterprise,False,True,get_sla|get_db|require_super_admin|get_current_user|<fastapi.security.http.HTTPBearer object at 0x0000012C233CCA70>,require_super_admin|get_current_user,,,,
PUT,/v1/admin/workflows/templates/{wid}/sla,update_sla,app.engines.workflows.workflow_router,app\engines\workflows\workflow_router.py,135,Workflow Templates Enterprise,False,True,update_sla|get_db|require_super_admin|get_current_user|<fastapi.security.http.HTTPBearer object at 0x0000012C233CCA70>,require_super_admin|get_current_user,commit|raw_sql,,,
GET,/v1/admin/workflows/templates/{wid}/approvals,get_approvals,app.engines.workflows.workflow_router,app\engines\workflows\workflow_router.py,141,Workflow Templates Enterprise,False,True,get_approvals|get_db|require_super_admin|get_current_user|<fastapi.security.http.HTTPBearer object at 0x0000012C233CCA70>,require_super_admin|get_current_user,,,,
PUT,/v1/admin/workflows/templates/{wid}/approvals,update_approvals,app.engines.workflows.workflow_router,app\engines\workflows\workflow_router.py,146,Workflow Templates Enterprise,False,True,update_approvals|get_db|require_super_admin|get_current_user|<fastapi.security.http.HTTPBearer object at 0x0000012C233CCA70>,require_super_admin|get_current_user,commit|raw_sql,,,
GET,/v1/admin/workflows/templates/{wid}/automation,get_automation,app.engines.workflows.workflow_router,app\engines\workflows\workflow_router.py,152,Workflow Templates Enterprise,False,True,get_automation|get_db|require_super_admin|get_current_user|<fastapi.security.http.HTTPBearer object at 0x0000012C233CCA70>,require_super_admin|get_current_user,,,,
PUT,/v1/admin/workflows/templates/{wid}/automation,update_automation,app.engines.workflows.workflow_router,app\engines\workflows\workflow_router.py,157,Workflow Templates Enterprise,False,True,update_automation|get_db|require_super_admin|get_current_user|<fastapi.security.http.HTTPBearer object at 0x0000012C233CCA70>,require_super_admin|get_current_user,commit|raw_sql,,,
GET,/v1/admin/workflows/templates/{wid}/service-mapping,get_service_mapping,app.engines.workflows.workflow_router,app\engines\workflows\workflow_router.py,163,Workflow Templates Enterprise,False,True,get_service_mapping|get_db|require_super_admin|get_current_user|<fastapi.security.http.HTTPBearer object at 0x0000012C233CCA70>,require_super_admin|get_current_user,,,,
POST,/v1/admin/workflows/templates/{wid}/service-mapping,add_service_mapping,app.engines.workflows.workflow_router,app\engines\workflows\workflow_router.py,168,Workflow Templates Enterprise,False,True,add_service_mapping|get_db|require_super_admin|get_current_user|<fastapi.security.http.HTTPBearer object at 0x0000012C233CCA70>,require_super_admin|get_current_user,commit|raw_sql,,,
DELETE,/v1/admin/workflows/templates/{wid}/service-mapping/{mapping_id},delete_service_mapping,app.engines.workflows.workflow_router,app\engines\workflows\workflow_router.py,173,Workflow Templates Enterprise,False,True,delete_service_mapping|get_db|require_super_admin|get_current_user|<fastapi.security.http.HTTPBearer object at 0x0000012C233CCA70>,require_super_admin|get_current_user,commit|raw_sql,,,
POST,/v1/admin/workflows/templates/{wid}/validate,validate_template,app.engines.workflows.workflow_router,app\engines\workflows\workflow_router.py,180,Workflow Templates Enterprise,False,True,validate_template|get_db|require_super_admin|get_current_user|<fastapi.security.http.HTTPBearer object at 0x0000012C233CCA70>,require_super_admin|get_current_user,commit|raw_sql,,,
POST,/v1/admin/workflows/templates/{wid}/simulate,simulate_template,app.engines.workflows.workflow_router,app\engines\workflows\workflow_router.py,185,Workflow Templates Enterprise,False,True,simulate_template|get_db|require_super_admin|get_current_user|<fastapi.security.http.HTTPBearer object at 0x0000012C233CCA70>,require_super_admin|get_current_user,,,,
POST,/v1/admin/workflows/templates/{wid}/publish,publish_template,app.engines.workflows.workflow_router,app\engines\workflows\workflow_router.py,193,Workflow Templates Enterprise,False,True,publish_template|get_db|require_super_admin|get_current_user|<fastapi.security.http.HTTPBearer object at 0x0000012C233CCA70>,require_super_admin|get_current_user,commit|raw_sql,,,
POST,/v1/admin/workflows/templates/{wid}/rollback,rollback_template,app.engines.workflows.workflow_router,app\engines\workflows\workflow_router.py,198,Workflow Templates Enterprise,False,True,rollback_template|get_db|require_super_admin|get_current_user|<fastapi.security.http.HTTPBearer object at 0x0000012C233CCA70>,require_super_admin|get_current_user,commit|raw_sql,,,
GET,/v1/admin/workflows/templates/{wid}/versions,get_versions,app.engines.workflows.workflow_router,app\engines\workflows\workflow_router.py,204,Workflow Templates Enterprise,False,True,get_versions|get_db|require_super_admin|get_current_user|<fastapi.security.http.HTTPBearer object at 0x0000012C233CCA70>,require_super_admin|get_current_user,,,,
GET,/v1/admin/workflows/templates/{wid}/runtime-analytics,get_runtime_analytics,app.engines.workflows.workflow_router,app\engines\workflows\workflow_router.py,209,Workflow Templates Enterprise,False,True,get_runtime_analytics|get_db|require_super_admin|get_current_user|<fastapi.security.http.HTTPBearer object at 0x0000012C233CCA70>,require_super_admin|get_current_user,,,,
GET,/v1/admin/workflows/templates/{wid}/runtime-jobs,get_runtime_jobs,app.engines.workflows.workflow_router,app\engines\workflows\workflow_router.py,214,Workflow Templates Enterprise,False,True,get_runtime_jobs|get_db|require_super_admin|get_current_user|<fastapi.security.http.HTTPBearer object at 0x0000012C233CCA70>,require_super_admin|get_current_user,,,,
GET,/v1/admin/workflows/templates/{wid}/audit-logs,get_audit_logs,app.engines.workflows.workflow_router,app\engines\workflows\workflow_router.py,219,Workflow Templates Enterprise,False,True,get_audit_logs|get_db|require_super_admin|get_current_user|<fastapi.security.http.HTTPBearer object at 0x0000012C233CCA70>,require_super_admin|get_current_user,,,,
GET,/v1/admin/roles,list_roles,app.engines.roles_permissions.admin_router,app\engines\roles_permissions\admin_router.py,27,Admin Roles & Permissions,False,True,list_roles|get_db|require_platform_roles_read|get_current_user|<fastapi.security.http.HTTPBearer object at 0x0000012C233CCA70>,get_current_user,,,,
GET,/v1/admin/roles/{role_id},get_role,app.engines.roles_permissions.admin_router,app\engines\roles_permissions\admin_router.py,34,Admin Roles & Permissions,False,True,get_role|get_db|require_platform_roles_read|get_current_user|<fastapi.security.http.HTTPBearer object at 0x0000012C233CCA70>,get_current_user,,,,
POST,/v1/admin/roles,create_role,app.engines.roles_permissions.admin_router,app\engines\roles_permissions\admin_router.py,44,Admin Roles & Permissions,False,True,create_role|require_super_admin|get_current_user|<fastapi.security.http.HTTPBearer object at 0x0000012C233CCA70>,require_super_admin|get_current_user,,,,
PUT,/v1/admin/roles/{role_id},update_role,app.engines.roles_permissions.admin_router,app\engines\roles_permissions\admin_router.py,53,Admin Roles & Permissions,False,True,update_role|require_super_admin|get_current_user|<fastapi.security.http.HTTPBearer object at 0x0000012C233CCA70>,require_super_admin|get_current_user,raw_sql,,,
POST,/v1/admin/roles/{role_id}/enable,enable_role,app.engines.roles_permissions.admin_router,app\engines\roles_permissions\admin_router.py,62,Admin Roles & Permissions,False,True,enable_role|require_super_admin|get_current_user|<fastapi.security.http.HTTPBearer object at 0x0000012C233CCA70>,require_super_admin|get_current_user,,,,
POST,/v1/admin/roles/{role_id}/disable,disable_role,app.engines.roles_permissions.admin_router,app\engines\roles_permissions\admin_router.py,71,Admin Roles & Permissions,False,True,disable_role|require_super_admin|get_current_user|<fastapi.security.http.HTTPBearer object at 0x0000012C233CCA70>,require_super_admin|get_current_user,,,,
GET,/v1/admin/permissions,list_permissions,app.engines.roles_permissions.admin_router,app\engines\roles_permissions\admin_router.py,82,Admin Roles & Permissions,False,True,list_permissions|require_platform_permissions_read|get_current_user|<fastapi.security.http.HTTPBearer object at 0x0000012C233CCA70>,get_current_user,,,,
GET,/v1/admin/permissions/grouped,list_permissions_grouped,app.engines.roles_permissions.admin_router,app\engines\roles_permissions\admin_router.py,95,Admin Roles & Permissions,False,True,list_permissions_grouped|require_platform_permissions_read|get_current_user|<fastapi.security.http.HTTPBearer object at 0x0000012C233CCA70>,get_current_user,,,,
GET,/v1/admin/permissions/{permission_key},get_permission,app.engines.roles_permissions.admin_router,app\engines\roles_permissions\admin_router.py,105,Admin Roles & Permissions,False,True,get_permission|require_platform_permissions_read|get_current_user|<fastapi.security.http.HTTPBearer object at 0x0000012C233CCA70>,get_current_user,,,,
GET,/v1/admin/test/error-500,_trigger_500,app.main,app\main.py,737,Dev-Only Test Routes,False,True,_trigger_500|require_super_admin|get_current_user|<fastapi.security.http.HTTPBearer object at 0x0000012C233CCA70>,require_super_admin|get_current_user,,,,
