method,path,endpoint,module,behaviour,persona,auth_dependencies,db_writes,external_effects
POST,/v1/auth/register/customer,register_customer,app.engines.auth.router,DATABASE_MUTATION,PUBLIC_OR_UNAUTHENTICATED_MUTATION,NONE,add|flush,
POST,/v1/auth/login,login,app.engines.auth.router,DATABASE_MUTATION,PUBLIC_OR_UNAUTHENTICATED_MUTATION,NONE,add|flush,
POST,/v1/auth/otp/send,send_otp,app.engines.auth.router,DATABASE_MUTATION,PUBLIC_OR_UNAUTHENTICATED_MUTATION,NONE,add,
POST,/v1/auth/otp/verify,verify_otp,app.engines.auth.router,DATABASE_MUTATION,PUBLIC_OR_UNAUTHENTICATED_MUTATION,NONE,add|flush,
POST,/v1/auth/mfa/verify,verify_mfa,app.engines.auth.router,DATABASE_MUTATION,PUBLIC_OR_UNAUTHENTICATED_MUTATION,NONE,add|flush,
POST,/v1/auth/mfa/setup,setup_mfa,app.engines.auth.router,DATABASE_MUTATION,MIXED_PERSONA_MUTATION,get_current_user,add|sqlalchemy.update(),
POST,/v1/auth/mfa/confirm,confirm_mfa,app.engines.auth.router,DATABASE_MUTATION,TENANT_PROVIDER_MUTATION,get_current_user,add,
POST,/v1/auth/mfa/disable,disable_mfa,app.engines.auth.router,DATABASE_MUTATION,TENANT_PROVIDER_MUTATION,get_current_user,add,
POST,/v1/auth/mfa/backup-codes/regenerate,regenerate_backup_codes,app.engines.auth.router,DATABASE_MUTATION,MIXED_PERSONA_MUTATION,get_current_user,add|sqlalchemy.update(),
POST,/v1/auth/token/refresh,refresh_token,app.engines.auth.router,DATABASE_MUTATION,PUBLIC_OR_UNAUTHENTICATED_MUTATION,NONE,add|sqlalchemy.update(),
POST,/v1/auth/logout,logout,app.engines.auth.router,DATABASE_MUTATION,MIXED_PERSONA_MUTATION,get_current_user,add,
POST,/v1/auth/logout-all,logout_all,app.engines.auth.router,DATABASE_MUTATION,MIXED_PERSONA_MUTATION,get_current_user,add,
PUT,/v1/auth/me,update_profile,app.engines.auth.router,DATABASE_MUTATION,TENANT_PROVIDER_MUTATION,get_current_user,add|raw_sql,
PUT,/v1/auth/password/change,change_password,app.engines.auth.router,DATABASE_MUTATION,TENANT_PROVIDER_MUTATION,get_current_user,add,
POST,/v1/auth/password/reset/request,request_password_reset,app.engines.auth.router,DATABASE_MUTATION,PUBLIC_OR_UNAUTHENTICATED_MUTATION,NONE,add,
DELETE,/v1/auth/sessions/{session_id},revoke_session,app.engines.auth.router,DATABASE_MUTATION,MIXED_PERSONA_MUTATION,get_current_user,add,
POST,/v1/auth/sessions/{session_id}/approve,approve_device,app.engines.auth.router,DATABASE_MUTATION,TENANT_PROVIDER_MUTATION,require_tenant_owner|get_current_user,add,
POST,/v1/auth/staff/invite,invite_staff,app.engines.auth.router,DATABASE_MUTATION,TENANT_PROVIDER_MUTATION,get_current_user,add|flush,
POST,/v1/auth/staff/invite/accept,accept_invite,app.engines.auth.router,DATABASE_MUTATION,PUBLIC_OR_UNAUTHENTICATED_MUTATION,NONE,add,
POST,/v1/auth/staff/{user_id}/invite/resend,resend_invite,app.engines.auth.router,DATABASE_MUTATION,MIXED_PERSONA_MUTATION,get_current_user,add,
PUT,/v1/auth/staff/{user_id}/permissions,update_permissions,app.engines.auth.router,DATABASE_MUTATION,TENANT_PROVIDER_MUTATION,get_current_user,add|raw_sql|sqlalchemy.update(),
POST,/v1/auth/staff/{user_id}/deactivate,deactivate_staff,app.engines.auth.router,DATABASE_MUTATION,TENANT_PROVIDER_MUTATION,get_current_user,add|sqlalchemy.update(),
PUT,/v1/auth/staff/{user_id}/schedule,update_staff_schedule,app.engines.auth.router,DATABASE_MUTATION,MIXED_PERSONA_MUTATION,get_current_user,raw_sql,
POST,/v1/auth/impersonate,impersonate,app.engines.auth.router,DATABASE_MUTATION,TENANT_PROVIDER_MUTATION,get_current_user,add,
POST,/v1/auth/impersonate/{session_id}/end,end_impersonation,app.engines.auth.router,DATABASE_MUTATION,PLATFORM_ADMIN_MUTATION,require_super_admin|get_current_user,add,
POST,/v1/auth/api-keys,create_api_key,app.engines.auth.router,DATABASE_MUTATION,TENANT_PROVIDER_MUTATION,get_current_user,add|flush,
DELETE,/v1/auth/api-keys/{key_id},revoke_api_key,app.engines.auth.router,DATABASE_MUTATION,TENANT_PROVIDER_MUTATION,get_current_user,add,
PATCH,/v1/auth/api-keys/{key_id},update_api_key,app.engines.auth.router,DATABASE_MUTATION,TENANT_PROVIDER_MUTATION,get_current_user,add|raw_sql,
POST,/v1/auth/change-password-required,change_password_required,app.engines.auth.router,DATABASE_MUTATION,TENANT_PROVIDER_MUTATION,get_current_user,add,
POST,/v1/admin/users/{user_id}/force-password-change,admin_force_password_change,app.engines.auth.router,DATABASE_MUTATION,PLATFORM_ADMIN_MUTATION,require_super_admin|get_current_user,add,
POST,/v1/admin/users/{user_id}/send-password-reset,admin_send_password_reset,app.engines.auth.router,DATABASE_MUTATION,PLATFORM_ADMIN_MUTATION,require_super_admin|get_current_user,add,
POST,/v1/admin/users/{user_id}/generate-temporary-password,admin_generate_temporary_password,app.engines.auth.router,DATABASE_MUTATION,PLATFORM_ADMIN_MUTATION,require_super_admin|get_current_user,add,
GET,/v1/admin/users/{user_id}/security,get_full_user_security,app.engines.auth.router,MUTATING_GET,PLATFORM_ADMIN_MUTATION,require_super_admin|get_current_user,add,
POST,/v1/admin/users/{user_id}/lock,lock_user,app.engines.auth.router,DATABASE_MUTATION,PLATFORM_ADMIN_MUTATION,require_super_admin|get_current_user,add,
POST,/v1/admin/users/{user_id}/unlock,unlock_user,app.engines.auth.router,DATABASE_MUTATION,PLATFORM_ADMIN_MUTATION,require_super_admin|get_current_user,add,
POST,/v1/admin/users/{user_id}/deactivate,admin_deactivate_user,app.engines.auth.router,DATABASE_MUTATION,PLATFORM_ADMIN_MUTATION,require_super_admin|get_current_user,add,
POST,/v1/admin/users/{user_id}/reactivate,admin_reactivate_user,app.engines.auth.router,DATABASE_MUTATION,PLATFORM_ADMIN_MUTATION,require_super_admin|get_current_user,add,
GET,/v1/admin/users/{user_id}/sessions,admin_list_user_sessions,app.engines.auth.router,MUTATING_GET,PLATFORM_ADMIN_MUTATION,require_super_admin|get_current_user,add,
POST,/v1/admin/users/{user_id}/sessions/revoke-all,admin_revoke_all_user_sessions,app.engines.auth.router,DATABASE_MUTATION,PLATFORM_ADMIN_MUTATION,require_super_admin|get_current_user,add,
GET,/v1/admin/users/{user_id}/login-history,admin_get_login_history,app.engines.auth.router,MUTATING_GET,PLATFORM_ADMIN_MUTATION,require_super_admin|get_current_user,add,
GET,/v1/auth/login-history,get_own_login_history,app.engines.auth.router,MUTATING_GET,MIXED_PERSONA_MUTATION,get_current_user,add,
POST,/v1/auth/sessions/revoke-all-other,revoke_all_other_sessions,app.engines.auth.router,DATABASE_MUTATION,MIXED_PERSONA_MUTATION,get_current_user,add,
POST,/v1/public/register/initiate,initiate_registration,app.engines.public_registration.router,EXTERNAL_SIDE_EFFECT,PUBLIC_OR_UNAUTHENTICATED_MUTATION,NONE,,send_sms
POST,/v1/public/register/confirm-plan,confirm_plan,app.engines.public_registration.router,DATABASE_MUTATION,PUBLIC_OR_UNAUTHENTICATED_MUTATION,NONE,raw_sql,
POST,/v1/public/register/complete,complete_registration,app.engines.public_registration.router,DATABASE_AND_EXTERNAL_MUTATION,PUBLIC_OR_UNAUTHENTICATED_MUTATION,NONE,add|commit|flush,send_email|send_sms
POST,/v1/admin/platform-users/invite,invite_user,app.engines.auth.platform_users_router,DATABASE_MUTATION,PLATFORM_ADMIN_MUTATION,require_super_admin|get_current_user,add|flush,
POST,/v1/admin/platform-users/invites/{invite_id}/resend,resend_invite,app.engines.auth.platform_users_router,DATABASE_MUTATION,PLATFORM_ADMIN_MUTATION,require_super_admin|get_current_user,add,
POST,/v1/admin/platform-users/invites/{invite_id}/revoke,revoke_invite,app.engines.auth.platform_users_router,DATABASE_MUTATION,PLATFORM_ADMIN_MUTATION,require_super_admin|get_current_user,add,
POST,/v1/admin/platform-users/bulk/{action},bulk_action,app.engines.auth.platform_users_router,DATABASE_MUTATION,PLATFORM_ADMIN_MUTATION,require_super_admin|get_current_user,,
PUT,/v1/admin/platform-users/{user_id}/role,change_role,app.engines.auth.platform_users_router,DATABASE_MUTATION,PLATFORM_ADMIN_MUTATION,require_super_admin|get_current_user,add,
PUT,/v1/admin/platform-users/{user_id}/access-scope,change_scope,app.engines.auth.platform_users_router,DATABASE_MUTATION,PLATFORM_ADMIN_MUTATION,require_super_admin|get_current_user,add,
POST,/v1/admin/platform-users/{user_id}/suspend,suspend,app.engines.auth.platform_users_router,DATABASE_MUTATION,PLATFORM_ADMIN_MUTATION,require_super_admin|get_current_user,add,
POST,/v1/admin/platform-users/{user_id}/unsuspend,unsuspend,app.engines.auth.platform_users_router,DATABASE_MUTATION,PLATFORM_ADMIN_MUTATION,require_super_admin|get_current_user,add,
POST,/v1/admin/platform-users/{user_id}/deactivate,deactivate,app.engines.auth.platform_users_router,DATABASE_MUTATION,PLATFORM_ADMIN_MUTATION,require_super_admin|get_current_user,add,
POST,/v1/admin/platform-users/{user_id}/reactivate,reactivate,app.engines.auth.platform_users_router,DATABASE_MUTATION,PLATFORM_ADMIN_MUTATION,require_super_admin|get_current_user,add,
POST,/v1/admin/platform-users/{user_id}/lock,lock,app.engines.auth.platform_users_router,DATABASE_MUTATION,PLATFORM_ADMIN_MUTATION,require_super_admin|get_current_user,add,
POST,/v1/admin/platform-users/{user_id}/unlock,unlock,app.engines.auth.platform_users_router,DATABASE_MUTATION,PLATFORM_ADMIN_MUTATION,require_super_admin|get_current_user,add,
POST,/v1/admin/platform-users/{user_id}/require-mfa,require_mfa,app.engines.auth.platform_users_router,DATABASE_MUTATION,PLATFORM_ADMIN_MUTATION,require_super_admin|get_current_user,add,
POST,/v1/admin/platform-users/{user_id}/reset-mfa,reset_mfa,app.engines.auth.platform_users_router,DATABASE_MUTATION,PLATFORM_ADMIN_MUTATION,require_super_admin|get_current_user,add|sqlalchemy.delete(),
POST,/v1/admin/platform-users/{user_id}/force-password-reset,force_password_reset,app.engines.auth.platform_users_router,DATABASE_MUTATION,PLATFORM_ADMIN_MUTATION,require_super_admin|get_current_user,add,
POST,/v1/admin/platform-users/{user_id}/send-reset-link,send_reset_link,app.engines.auth.platform_users_router,DATABASE_MUTATION,PLATFORM_ADMIN_MUTATION,require_super_admin|get_current_user,add,
POST,/v1/admin/platform-users/{user_id}/generate-temp-password,generate_temp_password,app.engines.auth.platform_users_router,DATABASE_MUTATION,PLATFORM_ADMIN_MUTATION,require_super_admin|get_current_user,add,
GET,/v1/admin/platform-users/{user_id}/sessions,list_sessions,app.engines.auth.platform_users_router,MUTATING_GET,PLATFORM_ADMIN_MUTATION,require_super_admin|get_current_user,add,
POST,/v1/admin/platform-users/{user_id}/sessions/{session_id}/revoke,revoke_session,app.engines.auth.platform_users_router,DATABASE_MUTATION,PLATFORM_ADMIN_MUTATION,require_super_admin|get_current_user,add,
POST,/v1/admin/platform-users/{user_id}/sessions/revoke-all,revoke_all_sessions,app.engines.auth.platform_users_router,DATABASE_MUTATION,PLATFORM_ADMIN_MUTATION,require_super_admin|get_current_user,add,
GET,/v1/admin/platform-users/{user_id}/login-history,login_history,app.engines.auth.platform_users_router,MUTATING_GET,PLATFORM_ADMIN_MUTATION,require_super_admin|get_current_user,add,
POST,/v1/tenants/onboarding/signup,submit_signup,app.engines.tenant_engine.router,DATABASE_MUTATION,PUBLIC_OR_UNAUTHENTICATED_MUTATION,NONE,add|flush,
PUT,/v1/tenants/onboarding/{request_id}/checklist/{item_key},update_checklist,app.engines.tenant_engine.router,DATABASE_MUTATION,PLATFORM_ADMIN_MUTATION,require_super_admin|get_current_user|get_current_user,raw_sql,
POST,/v1/tenants/onboarding/{request_id}/activate,activate_tenant,app.engines.tenant_engine.router,DATABASE_MUTATION,PLATFORM_ADMIN_MUTATION,require_super_admin|get_current_user|get_current_user,add|flush,
PUT,/v1/tenants/{tenant_id},update_tenant,app.engines.tenant_engine.router,DATABASE_MUTATION,MIXED_PERSONA_MUTATION,get_current_user|get_current_user,add|raw_sql,
POST,/v1/tenants/{tenant_id}/suspend,suspend_tenant,app.engines.tenant_engine.router,DATABASE_AND_EXTERNAL_MUTATION,MIXED_PERSONA_MUTATION,get_current_user|get_current_user,add,publish
POST,/v1/tenants/{tenant_id}/reinstate,reinstate_tenant,app.engines.tenant_engine.router,DATABASE_MUTATION,MIXED_PERSONA_MUTATION,get_current_user|get_current_user,add,
POST,/v1/tenants/{tenant_id}/terminate/begin,begin_termination,app.engines.tenant_engine.router,DATABASE_MUTATION,MIXED_PERSONA_MUTATION,get_current_user|get_current_user,add,
POST,/v1/tenants/{tenant_id}/terminate/confirm,confirm_termination,app.engines.tenant_engine.router,DATABASE_MUTATION,MIXED_PERSONA_MUTATION,get_current_user|get_current_user,add,
POST,/v1/tenants/{tenant_id}/plan/upgrade,upgrade_plan,app.engines.tenant_engine.router,DATABASE_MUTATION,MIXED_PERSONA_MUTATION,get_current_user|get_current_user,add,
POST,/v1/tenants/{tenant_id}/plan/downgrade,downgrade_plan,app.engines.tenant_engine.router,DATABASE_MUTATION,MIXED_PERSONA_MUTATION,get_current_user|get_current_user,add,
POST,/v1/tenants/{tenant_id}/trial/convert,convert_trial,app.engines.tenant_engine.router,DATABASE_MUTATION,MIXED_PERSONA_MUTATION,get_current_user|get_current_user,add,
POST,/v1/tenants/{tenant_id}/engines/{engine_id}/enable,enable_engine,app.engines.tenant_engine.router,DATABASE_MUTATION,MIXED_PERSONA_MUTATION,get_current_user|get_current_user,add,
POST,/v1/tenants/{tenant_id}/engines/{engine_id}/disable,disable_engine,app.engines.tenant_engine.router,DATABASE_MUTATION,MIXED_PERSONA_MUTATION,get_current_user|get_current_user,add,
POST,/v1/tenants/{tenant_id}/engines/bulk-enable,bulk_enable,app.engines.tenant_engine.router,DATABASE_MUTATION,MIXED_PERSONA_MUTATION,get_current_user|get_current_user,add,
POST,/v1/tenants/{tenant_id}/engines/bulk-disable,bulk_disable,app.engines.tenant_engine.router,DATABASE_MUTATION,MIXED_PERSONA_MUTATION,get_current_user|get_current_user,,
PUT,/v1/tenants/{tenant_id}/engines/{engine_id}/config,update_engine_config,app.engines.tenant_engine.router,DATABASE_MUTATION,MIXED_PERSONA_MUTATION,get_current_user|get_current_user,add|raw_sql,
PUT,/v1/tenants/{tenant_id}/feature-flags/{flag_key},set_feature_flag,app.engines.tenant_engine.router,DATABASE_MUTATION,MIXED_PERSONA_MUTATION,get_current_user|get_current_user,add,
DELETE,/v1/tenants/{tenant_id}/feature-flags/{flag_key},delete_feature_flag,app.engines.tenant_engine.router,DATABASE_MUTATION,MIXED_PERSONA_MUTATION,get_current_user|get_current_user,add|delete,
PUT,/v1/tenants/{tenant_id}/billing/payment-method,update_payment_method,app.engines.tenant_engine.router,DATABASE_MUTATION,MIXED_PERSONA_MUTATION,get_current_user|get_current_user,add|raw_sql,
POST,/v1/tenants/{tenant_id}/data/export,request_data_export,app.engines.tenant_engine.router,DATABASE_MUTATION,MIXED_PERSONA_MUTATION,get_current_user|get_current_user,add,
POST,/v1/tenants/{tenant_id}/data/delete-request,gdpr_deletion,app.engines.tenant_engine.router,DATABASE_MUTATION,MIXED_PERSONA_MUTATION,get_current_user|get_current_user,add,
POST,/v1/customers/me/addresses,create_my_address,app.engines.serviceability.router,DATABASE_MUTATION,CUSTOMER_SELF_SERVICE_MUTATION,get_current_user|get_current_user,add|commit,
PUT,/v1/customers/me/addresses/{address_id},update_my_address,app.engines.serviceability.router,DATABASE_MUTATION,CUSTOMER_SELF_SERVICE_MUTATION,get_current_user|get_current_user,commit|raw_sql,
DELETE,/v1/customers/me/addresses/{address_id},delete_my_address,app.engines.serviceability.router,DATABASE_MUTATION,CUSTOMER_SELF_SERVICE_MUTATION,get_current_user|get_current_user,commit,
POST,/v1/customers/me/addresses/{address_id}/set-default,set_default_address,app.engines.serviceability.router,DATABASE_MUTATION,CUSTOMER_SELF_SERVICE_MUTATION,get_current_user|get_current_user,commit,
POST,/v1/tenant/service-areas,create_tenant_service_area,app.engines.serviceability.router,DATABASE_MUTATION,TENANT_PROVIDER_MUTATION,get_current_user|get_current_user,add|commit|flush,
PUT,/v1/tenant/service-areas/{area_id},update_tenant_service_area,app.engines.serviceability.router,DATABASE_MUTATION,MIXED_PERSONA_MUTATION,get_current_user|get_current_user,commit|flush|raw_sql,
DELETE,/v1/tenant/service-areas/{area_id},delete_tenant_service_area,app.engines.serviceability.router,DATABASE_MUTATION,MIXED_PERSONA_MUTATION,get_current_user|get_current_user,commit|flush,
POST,/v1/tenant/service-areas/{area_id}/set-primary,set_primary_tenant_service_area,app.engines.serviceability.router,DATABASE_MUTATION,MIXED_PERSONA_MUTATION,get_current_user|get_current_user,commit,
POST,/v1/tenant/service-areas/{area_id}/services,add_service_mapping,app.engines.serviceability.router,DATABASE_MUTATION,MIXED_PERSONA_MUTATION,get_current_user|get_current_user,add|commit,
PUT,/v1/tenant/service-areas/{area_id}/services/{mapping_id},update_service_mapping,app.engines.serviceability.router,DATABASE_MUTATION,MIXED_PERSONA_MUTATION,get_current_user|get_current_user,commit|raw_sql,
DELETE,/v1/tenant/service-areas/{area_id}/services/{mapping_id},delete_service_mapping,app.engines.serviceability.router,DATABASE_MUTATION,MIXED_PERSONA_MUTATION,get_current_user|get_current_user,commit,
POST,/v1/admin/tenants/{tenant_id}/service-areas,admin_create_service_area,app.engines.serviceability.router,DATABASE_MUTATION,PLATFORM_ADMIN_MUTATION,get_current_user|get_current_user,add|commit|flush,
PUT,/v1/admin/tenants/{tenant_id}/service-areas/{area_id},admin_update_service_area,app.engines.serviceability.router,DATABASE_MUTATION,PLATFORM_ADMIN_MUTATION,get_current_user|get_current_user,commit|flush|raw_sql,
DELETE,/v1/admin/tenants/{tenant_id}/service-areas/{area_id},admin_delete_service_area,app.engines.serviceability.router,DATABASE_MUTATION,PLATFORM_ADMIN_MUTATION,get_current_user|get_current_user,commit|flush,
POST,/v1/serviceability/check,check_serviceability,app.engines.serviceability.router,DATABASE_MUTATION,MIXED_PERSONA_MUTATION,get_current_user|get_current_user,add|commit,
POST,/v1/marketing/accounts,connect_account,app.engines.marketing.router,DATABASE_MUTATION,PLATFORM_ADMIN_MUTATION,require_super_admin|get_current_user|get_current_user,add|flush,
POST,/v1/marketing/accounts/{account_id}/refresh-token,refresh_token,app.engines.marketing.router,DATABASE_MUTATION,PLATFORM_ADMIN_MUTATION,require_super_admin|get_current_user|get_current_user,raw_sql,
POST,/v1/marketing/templates,create_template,app.engines.marketing.router,DATABASE_MUTATION,PLATFORM_ADMIN_MUTATION,require_super_admin|get_current_user|get_current_user,add|flush,
POST,/v1/marketing/images/generate,generate_image,app.engines.marketing.router,DATABASE_MUTATION,PLATFORM_ADMIN_MUTATION,require_super_admin|get_current_user|get_current_user,add|flush,
POST,/v1/marketing/posts,schedule_post,app.engines.marketing.router,DATABASE_MUTATION,PLATFORM_ADMIN_MUTATION,require_super_admin|get_current_user|get_current_user,add|flush,
POST,/v1/marketing/posts/{post_id}/publish,publish_post,app.engines.marketing.router,DATABASE_MUTATION,PLATFORM_ADMIN_MUTATION,require_super_admin|get_current_user|get_current_user,add|flush,
POST,/v1/marketing/tenant-onboarded,tenant_onboarded,app.engines.marketing.router,DATABASE_MUTATION,PLATFORM_ADMIN_MUTATION,require_super_admin|get_current_user|get_current_user,add|flush,
POST,/v1/billing/profiles,activate_profile,app.engines.platform_commerce.billing_endpoint,DATABASE_MUTATION,PLATFORM_ADMIN_MUTATION,require_super_admin|get_current_user|get_current_user,raw_sql,
POST,/v1/compliance/consent,record_consent,app.engines.compliance.router,DATABASE_MUTATION,MIXED_PERSONA_MUTATION,get_current_user|get_current_user,add|flush|raw_sql,
GET,/v1/compliance/consent/users/{user_id},list_consents,app.engines.compliance.router,MUTATING_GET,MIXED_PERSONA_MUTATION,get_current_user|get_current_user,add|raw_sql,
POST,/v1/compliance/consent/withdraw,withdraw_consent,app.engines.compliance.router,DATABASE_MUTATION,MIXED_PERSONA_MUTATION,get_current_user|get_current_user,add|flush,
POST,/v1/compliance/deletion-requests,request_deletion,app.engines.compliance.router,DATABASE_MUTATION,MIXED_PERSONA_MUTATION,get_current_user|get_current_user,add|flush|raw_sql,
POST,/v1/compliance/deletion-requests/{request_id}/process,process_deletion,app.engines.compliance.router,DATABASE_MUTATION,PLATFORM_ADMIN_MUTATION,require_super_admin|get_current_user|get_current_user,add|flush|raw_sql,
POST,/v1/compliance/portability-requests,request_export,app.engines.compliance.router,DATABASE_MUTATION,MIXED_PERSONA_MUTATION,get_current_user|get_current_user,add|flush|raw_sql,
POST,/v1/compliance/portability-requests/{request_id}/process,process_export,app.engines.compliance.router,DATABASE_MUTATION,PLATFORM_ADMIN_MUTATION,require_super_admin|get_current_user|get_current_user,add|flush|raw_sql,
PUT,/v1/compliance/retention-policies,set_retention_policy,app.engines.compliance.router,DATABASE_MUTATION,PLATFORM_ADMIN_MUTATION,require_super_admin|get_current_user|get_current_user,add,
POST,/v1/admin/compliance/sla/refresh,refresh_sla,app.engines.compliance.admin_router,DATABASE_MUTATION,PLATFORM_ADMIN_MUTATION,require_super_admin|get_current_user|require_super_admin|get_current_user,flush,
POST,/v1/admin/compliance/requests,create_request,app.engines.compliance.admin_router,DATABASE_MUTATION,PLATFORM_ADMIN_MUTATION,require_super_admin|get_current_user|require_super_admin|get_current_user,add|flush|raw_sql,
POST,/v1/admin/compliance/requests/{request_id}/verify-identity,verify_identity,app.engines.compliance.admin_router,DATABASE_MUTATION,PLATFORM_ADMIN_MUTATION,require_super_admin|get_current_user|require_super_admin|get_current_user,add|flush|raw_sql,
POST,/v1/admin/compliance/requests/{request_id}/scan-data,scan_data,app.engines.compliance.admin_router,DATABASE_MUTATION,PLATFORM_ADMIN_MUTATION,require_super_admin|get_current_user|require_super_admin|get_current_user,add|delete|flush|raw_sql,
POST,/v1/admin/compliance/requests/{request_id}/approve,approve_request,app.engines.compliance.admin_router,DATABASE_MUTATION,PLATFORM_ADMIN_MUTATION,require_super_admin|get_current_user|require_super_admin|get_current_user,add|flush|raw_sql,
POST,/v1/admin/compliance/requests/{request_id}/reject,reject_request,app.engines.compliance.admin_router,DATABASE_MUTATION,PLATFORM_ADMIN_MUTATION,require_super_admin|get_current_user|require_super_admin|get_current_user,add|flush|raw_sql,
POST,/v1/admin/compliance/requests/{request_id}/apply-exemption,apply_exemption,app.engines.compliance.admin_router,DATABASE_MUTATION,PLATFORM_ADMIN_MUTATION,require_super_admin|get_current_user|require_super_admin|get_current_user,add|flush|raw_sql,
POST,/v1/admin/compliance/requests/{request_id}/process,process_request,app.engines.compliance.admin_router,DATABASE_MUTATION,PLATFORM_ADMIN_MUTATION,require_super_admin|get_current_user|require_super_admin|get_current_user,add|flush|raw_sql,
POST,/v1/admin/compliance/consents/{user_id}/revoke,revoke_consent,app.engines.compliance.admin_router,DATABASE_MUTATION,PLATFORM_ADMIN_MUTATION,require_super_admin|get_current_user|require_super_admin|get_current_user,add|raw_sql,
POST,/v1/admin/compliance/exports/{export_id}/expire,expire_export,app.engines.compliance.admin_router,DATABASE_MUTATION,PLATFORM_ADMIN_MUTATION,require_super_admin|get_current_user|require_super_admin|get_current_user,add|flush|raw_sql,
POST,/v1/admin/compliance/retention-policies,create_retention,app.engines.compliance.admin_router,DATABASE_MUTATION,PLATFORM_ADMIN_MUTATION,require_super_admin|get_current_user|require_super_admin|get_current_user,add|raw_sql,
PUT,/v1/admin/compliance/retention-policies/{table_name},update_retention,app.engines.compliance.admin_router,DATABASE_MUTATION,PLATFORM_ADMIN_MUTATION,require_super_admin|get_current_user|require_super_admin|get_current_user,add|raw_sql,
POST,/v1/admin/compliance/requests/{request_id}/assign,assign_request,app.engines.compliance.admin_router,DATABASE_MUTATION,PLATFORM_ADMIN_MUTATION,require_super_admin|get_current_user|require_super_admin|get_current_user,add|flush|raw_sql,
POST,/v1/admin/compliance/requests/{request_id}/escalate,escalate_request,app.engines.compliance.admin_router,DATABASE_MUTATION,PLATFORM_ADMIN_MUTATION,require_super_admin|get_current_user|require_super_admin|get_current_user,add|raw_sql,
GET,/v1/admin/compliance/requests/{request_id}/data-map,get_data_map,app.engines.compliance.admin_router,MUTATING_GET,PLATFORM_ADMIN_MUTATION,require_super_admin|get_current_user|require_super_admin|get_current_user,add|delete|flush,
POST,/v1/admin/compliance/requests/{request_id}/refresh-data-map,refresh_data_map,app.engines.compliance.admin_router,DATABASE_MUTATION,PLATFORM_ADMIN_MUTATION,require_super_admin|get_current_user|require_super_admin|get_current_user,add|delete|flush|raw_sql,
POST,/v1/admin/compliance/dpdp/legal-holds,apply_legal_hold,app.engines.compliance.admin_router,DATABASE_MUTATION,PLATFORM_ADMIN_MUTATION,require_super_admin|get_current_user|require_super_admin|get_current_user,add|raw_sql,
POST,/v1/admin/compliance/dpdp/legal-holds/{hold_id}/release,release_legal_hold,app.engines.compliance.admin_router,DATABASE_MUTATION,PLATFORM_ADMIN_MUTATION,require_super_admin|get_current_user|require_super_admin|get_current_user,add|raw_sql,
POST,/v1/admin/compliance/requests/{request_id}/generate-evidence-pack,generate_evidence_pack,app.engines.compliance.admin_router,DATABASE_MUTATION,PLATFORM_ADMIN_MUTATION,require_super_admin|get_current_user|require_super_admin|get_current_user,add|raw_sql,
GET,/v1/me/compliance/requests,list_my_requests,app.engines.compliance.customer_router,MUTATING_GET,CUSTOMER_SELF_SERVICE_MUTATION,require_customer|get_current_user,add|commit,
POST,/v1/me/compliance/requests,create_my_request,app.engines.compliance.customer_router,DATABASE_MUTATION,CUSTOMER_SELF_SERVICE_MUTATION,require_customer|get_current_user|require_customer|get_current_user,add|commit|flush|raw_sql,
GET,/v1/me/compliance/requests/{request_id},get_my_request,app.engines.compliance.customer_router,MUTATING_GET,CUSTOMER_SELF_SERVICE_MUTATION,require_customer|get_current_user|require_customer|get_current_user,add|commit,
POST,/v1/me/compliance/requests/{request_id}/cancel,cancel_my_request,app.engines.compliance.customer_router,DATABASE_MUTATION,CUSTOMER_SELF_SERVICE_MUTATION,require_customer|get_current_user,add|commit,
POST,/v1/me/compliance/requests/{request_id}/add-note,add_my_note,app.engines.compliance.customer_router,DATABASE_MUTATION,CUSTOMER_SELF_SERVICE_MUTATION,require_customer|get_current_user,add|commit,
POST,/v1/me/compliance/consents/{consent_type}/withdraw,withdraw_my_consent,app.engines.compliance.customer_router,DATABASE_MUTATION,CUSTOMER_SELF_SERVICE_MUTATION,require_customer|get_current_user|require_customer|get_current_user,add|commit|raw_sql,
GET,/v1/me/compliance/exports/{export_id}/download,download_my_export,app.engines.compliance.customer_router,MUTATING_GET,CUSTOMER_SELF_SERVICE_MUTATION,require_customer|get_current_user,add|commit,
POST,/v1/provider/compliance/requests,create_my_request,app.engines.compliance.provider_router,DATABASE_MUTATION,TENANT_PROVIDER_MUTATION,require_tenant_owner_mutation|require_tenant_owner|get_current_user|require_technician|get_current_user,add|commit|flush|raw_sql,
GET,/v1/provider/compliance/requests/{request_id},get_my_request,app.engines.compliance.provider_router,MUTATING_GET,TENANT_PROVIDER_MUTATION,require_technician|get_current_user|require_technician|get_current_user,add|commit|raw_sql,
POST,/v1/provider/compliance/requests/{request_id}/cancel,cancel_my_request,app.engines.compliance.provider_router,DATABASE_MUTATION,TENANT_PROVIDER_MUTATION,require_tenant_owner_mutation|require_tenant_owner|get_current_user,add|commit|raw_sql,
POST,/v1/provider/compliance/requests/{request_id}/generate-export,generate_export,app.engines.compliance.provider_router,DATABASE_MUTATION,TENANT_PROVIDER_MUTATION,require_tenant_owner_mutation|require_tenant_owner|get_current_user,add|commit|raw_sql,
GET,/v1/provider/compliance/exports/{export_id}/download,download_export,app.engines.compliance.provider_router,MUTATING_GET,TENANT_PROVIDER_MUTATION,require_tenant_owner_mutation|require_tenant_owner|get_current_user,add|commit|raw_sql,
POST,/v1/provider/compliance/consents/{consent_type}/withdraw,withdraw_consent,app.engines.compliance.provider_router,DATABASE_MUTATION,TENANT_PROVIDER_MUTATION,require_tenant_owner_mutation|require_tenant_owner|get_current_user|require_technician|get_current_user,add|commit|raw_sql,
GET,/v1/provider/compliance/staff-requests,list_staff_requests,app.engines.compliance.provider_router,MUTATING_GET,TENANT_PROVIDER_MUTATION,require_tenant_owner|get_current_user,add|commit|raw_sql,
GET,/v1/provider/compliance/staff-requests/{request_id},get_staff_request,app.engines.compliance.provider_router,MUTATING_GET,TENANT_PROVIDER_MUTATION,require_tenant_owner|get_current_user|require_technician|get_current_user,add|commit|raw_sql,
POST,/v1/provider/compliance/staff-requests/{request_id}/tenant-response,staff_tenant_response,app.engines.compliance.provider_router,DATABASE_MUTATION,TENANT_PROVIDER_MUTATION,require_tenant_owner_mutation|require_tenant_owner|get_current_user,add|commit|raw_sql,
GET,/v1/provider/compliance/customer-requests,list_customer_requests,app.engines.compliance.provider_router,MUTATING_GET,TENANT_PROVIDER_MUTATION,require_tenant_owner|get_current_user,add|commit|raw_sql,
GET,/v1/provider/compliance/customer-requests/{request_id},get_customer_request,app.engines.compliance.provider_router,MUTATING_GET,TENANT_PROVIDER_MUTATION,require_tenant_owner|get_current_user,add|commit|raw_sql,
POST,/v1/provider/compliance/customer-requests/{request_id}/tenant-response,customer_tenant_response,app.engines.compliance.provider_router,DATABASE_MUTATION,TENANT_PROVIDER_MUTATION,require_tenant_owner_mutation|require_tenant_owner|get_current_user,add|commit|raw_sql,
POST,/v1/admin/engines,create_engine,app.engines.engine_mgmt.admin_router,DATABASE_MUTATION,PLATFORM_ADMIN_MUTATION,require_super_admin|get_current_user,add|commit|flush,
POST,/v1/admin/engines/category-matrix/{category_id}/seed-defaults,seed_category_defaults,app.engines.engine_mgmt.admin_router,DATABASE_MUTATION,PLATFORM_ADMIN_MUTATION,require_super_admin|get_current_user,add|commit,
POST,/v1/admin/engines/category-matrix/{category_id}/engines/{engine_key}/enable,enable_category_engine,app.engines.engine_mgmt.admin_router,DATABASE_MUTATION,PLATFORM_ADMIN_MUTATION,require_super_admin|get_current_user,add|commit,
POST,/v1/admin/engines/category-matrix/{category_id}/engines/{engine_key}/disable,disable_category_engine,app.engines.engine_mgmt.admin_router,DATABASE_MUTATION,PLATFORM_ADMIN_MUTATION,require_super_admin|get_current_user,add|commit,
POST,/v1/admin/engines/category-matrix/{category_id}/engines/{engine_key}/mark-required,mark_category_engine_required,app.engines.engine_mgmt.admin_router,DATABASE_MUTATION,PLATFORM_ADMIN_MUTATION,require_super_admin|get_current_user,add|commit,
POST,/v1/admin/engines/category-matrix/{category_id}/engines/{engine_key}/mark-optional,mark_category_engine_optional,app.engines.engine_mgmt.admin_router,DATABASE_MUTATION,PLATFORM_ADMIN_MUTATION,require_super_admin|get_current_user,add|commit,
POST,/v1/admin/engines/package-entitlements/{package_id}/engines/{engine_key}/include,include_package_engine,app.engines.engine_mgmt.admin_router,DATABASE_MUTATION,PLATFORM_ADMIN_MUTATION,require_super_admin|get_current_user,add|commit,
POST,/v1/admin/engines/package-entitlements/{package_id}/engines/{engine_key}/remove,remove_package_engine,app.engines.engine_mgmt.admin_router,DATABASE_MUTATION,PLATFORM_ADMIN_MUTATION,require_super_admin|get_current_user,add|commit,
POST,/v1/admin/engines/tenant-overrides/{tenant_id},create_tenant_override,app.engines.engine_mgmt.admin_router,DATABASE_MUTATION,PLATFORM_ADMIN_MUTATION,require_super_admin|get_current_user,add|commit|flush,
POST,/v1/admin/engines/tenant-overrides/{tenant_id}/{override_id}/revoke,revoke_tenant_override,app.engines.engine_mgmt.admin_router,DATABASE_MUTATION,PLATFORM_ADMIN_MUTATION,require_super_admin|get_current_user,add|commit,
PUT,/v1/admin/engines/permissions/{permission_id},update_permission,app.engines.engine_mgmt.admin_router,DATABASE_MUTATION,PLATFORM_ADMIN_MUTATION,require_super_admin|get_current_user,add|commit,
PUT,/v1/admin/engines/{engine_key},update_engine,app.engines.engine_mgmt.admin_router,DATABASE_MUTATION,PLATFORM_ADMIN_MUTATION,require_super_admin|get_current_user,add|commit,
POST,/v1/admin/engines/{engine_key}/enable,enable_engine,app.engines.engine_mgmt.admin_router,DATABASE_MUTATION,PLATFORM_ADMIN_MUTATION,require_super_admin|get_current_user,add|commit,
POST,/v1/admin/engines/{engine_key}/disable,disable_engine,app.engines.engine_mgmt.admin_router,DATABASE_MUTATION,PLATFORM_ADMIN_MUTATION,require_super_admin|get_current_user,add|commit,
POST,/v1/admin/trust-quality/badges/definitions,create_badge_definition,app.engines.trust_quality.admin_router,DATABASE_MUTATION,PLATFORM_ADMIN_MUTATION,get_current_user,add|commit|flush,
PUT,/v1/admin/trust-quality/badges/definitions/{badge_id},update_badge_definition,app.engines.trust_quality.admin_router,DATABASE_MUTATION,PLATFORM_ADMIN_MUTATION,get_current_user,add|commit,
POST,/v1/admin/trust-quality/badge-rules,create_badge_rule,app.engines.trust_quality.admin_router,DATABASE_MUTATION,PLATFORM_ADMIN_MUTATION,get_current_user,add|commit|flush,
PUT,/v1/admin/trust-quality/badge-rules/{rule_id},update_badge_rule,app.engines.trust_quality.admin_router,DATABASE_MUTATION,PLATFORM_ADMIN_MUTATION,get_current_user,add|commit|delete|flush,
POST,/v1/admin/trust-quality/badge-rules/{rule_id}/activate,activate_badge_rule,app.engines.trust_quality.admin_router,DATABASE_MUTATION,PLATFORM_ADMIN_MUTATION,get_current_user,add|commit,
POST,/v1/admin/trust-quality/badge-rules/{rule_id}/deactivate,deactivate_badge_rule,app.engines.trust_quality.admin_router,DATABASE_MUTATION,PLATFORM_ADMIN_MUTATION,get_current_user,add|commit,
POST,/v1/admin/trust-quality/badge-rules/{rule_id}/simulate,simulate_badge_rule,app.engines.trust_quality.admin_router,DATABASE_MUTATION,PLATFORM_ADMIN_MUTATION,get_current_user,add|commit,
POST,/v1/admin/trust-quality/badges/manual-award,manual_award_badge,app.engines.trust_quality.admin_router,DATABASE_MUTATION,PLATFORM_ADMIN_MUTATION,get_current_user,add|commit|flush,
POST,/v1/admin/trust-quality/badges/{assignment_id}/revoke,revoke_badge,app.engines.trust_quality.admin_router,DATABASE_MUTATION,PLATFORM_ADMIN_MUTATION,get_current_user,add|commit,
POST,/v1/admin/trust-quality/recalculate/badges,recalculate_badges,app.engines.trust_quality.admin_router,DATABASE_MUTATION,PLATFORM_ADMIN_MUTATION,get_current_user,add|commit|flush,
POST,/v1/admin/trust-quality/recalculate/risk,recalculate_risk,app.engines.trust_quality.admin_router,DATABASE_MUTATION,PLATFORM_ADMIN_MUTATION,get_current_user,add|commit|flush,
POST,/v1/admin/trust-quality/recalculate/all,recalculate_run_job,app.engines.trust_quality.admin_router,DATABASE_MUTATION,PLATFORM_ADMIN_MUTATION,get_current_user,add|commit|flush,
POST,/v1/admin/trust-quality/seed-defaults,seed_defaults,app.engines.trust_quality.admin_router,DATABASE_MUTATION,PLATFORM_ADMIN_MUTATION,get_current_user,add|commit|flush,
POST,/v1/admin/notifications/templates,create_template,app.engines.notification.admin_router,DATABASE_MUTATION,PLATFORM_ADMIN_MUTATION,get_current_user,add|commit|flush,
POST,/v1/admin/notifications/templates/seed-defaults,seed_defaults,app.engines.notification.admin_router,DATABASE_MUTATION,PLATFORM_ADMIN_MUTATION,get_current_user,add|commit|flush,
PUT,/v1/admin/notifications/templates/{template_id},update_template,app.engines.notification.admin_router,DATABASE_MUTATION,PLATFORM_ADMIN_MUTATION,get_current_user,add|commit,
POST,/v1/admin/notifications/templates/{template_id}/activate,activate_template,app.engines.notification.admin_router,DATABASE_MUTATION,PLATFORM_ADMIN_MUTATION,get_current_user,add|commit,
POST,/v1/admin/notifications/templates/{template_id}/deactivate,deactivate_template,app.engines.notification.admin_router,DATABASE_MUTATION,PLATFORM_ADMIN_MUTATION,get_current_user,add|commit,
POST,/v1/admin/notifications/templates/{template_id}/archive,archive_template,app.engines.notification.admin_router,DATABASE_MUTATION,PLATFORM_ADMIN_MUTATION,get_current_user,add|commit,
DELETE,/v1/admin/notifications/templates/{template_id},delete_template,app.engines.notification.admin_router,DATABASE_MUTATION,PLATFORM_ADMIN_MUTATION,get_current_user,add|commit|delete,
POST,/v1/admin/notifications/templates/{template_id}/clone,clone_template,app.engines.notification.admin_router,DATABASE_MUTATION,PLATFORM_ADMIN_MUTATION,get_current_user,add|commit|flush,
POST,/v1/admin/notifications/templates/{template_id}/create-override,create_override,app.engines.notification.admin_router,DATABASE_MUTATION,PLATFORM_ADMIN_MUTATION,get_current_user,add|commit|flush,
POST,/v1/admin/notifications/templates/{template_id}/render-preview,render_preview,app.engines.notification.admin_router,DATABASE_MUTATION,PLATFORM_ADMIN_MUTATION,get_current_user,add|commit,
POST,/v1/admin/notifications/templates/{template_id}/test-send,test_send,app.engines.notification.admin_router,DATABASE_MUTATION,PLATFORM_ADMIN_MUTATION,get_current_user,add|commit|flush,
POST,/v1/admin/notifications/templates/{template_id}/rollback,rollback_template,app.engines.notification.admin_router,DATABASE_MUTATION,PLATFORM_ADMIN_MUTATION,get_current_user,add|commit,
POST,/v1/admin/finance/disputes/{dispute_id}/settlements,create_settlement,app.engines.customer_credits.admin_router,DATABASE_MUTATION,PLATFORM_ADMIN_MUTATION,get_current_user,add|commit|flush,
POST,/v1/admin/finance/settlements/{settlement_id}/approve,approve_settlement,app.engines.customer_credits.admin_router,DATABASE_MUTATION,PLATFORM_ADMIN_MUTATION,get_current_user,add|commit,
POST,/v1/admin/finance/settlements/{settlement_id}/execute,execute_settlement,app.engines.customer_credits.admin_router,DATABASE_MUTATION,PLATFORM_ADMIN_MUTATION,get_current_user,add|commit|flush,
POST,/v1/admin/finance/settlements/{settlement_id}/cancel,cancel_settlement,app.engines.customer_credits.admin_router,DATABASE_MUTATION,PLATFORM_ADMIN_MUTATION,get_current_user,add|commit,
POST,/v1/admin/finance/customers/{customer_id}/credits,issue_manual_credit,app.engines.customer_credits.admin_router,DATABASE_MUTATION,PLATFORM_ADMIN_MUTATION,get_current_user,add|commit|flush,
POST,/v1/admin/finance/credits/{credit_id}/cancel,cancel_credit,app.engines.customer_credits.admin_router,DATABASE_MUTATION,PLATFORM_ADMIN_MUTATION,get_current_user,add|commit,
POST,/v1/admin/finance/credits/{credit_id}/extend,extend_credit,app.engines.customer_credits.admin_router,DATABASE_MUTATION,PLATFORM_ADMIN_MUTATION,get_current_user,add|commit,
POST,/v1/me/credits/apply,apply_credit_to_booking,app.engines.customer_credits.customer_router,DATABASE_MUTATION,CUSTOMER_SELF_SERVICE_MUTATION,require_customer|get_current_user,add|commit,
POST,/v1/security/api-keys,create_api_key,app.engines.security.router,DATABASE_MUTATION,MIXED_PERSONA_MUTATION,get_current_user|get_current_user,add|flush|raw_sql,
POST,/v1/security/api-keys/verify,verify_api_key,app.engines.security.router,DATABASE_MUTATION,PUBLIC_OR_UNAUTHENTICATED_MUTATION,NONE,add|flush,
POST,/v1/security/api-keys/{key_id}/rotate,rotate_api_key,app.engines.security.router,DATABASE_MUTATION,MIXED_PERSONA_MUTATION,get_current_user|get_current_user,add|flush|raw_sql,
POST,/v1/security/api-keys/{key_id}/revoke,revoke_api_key,app.engines.security.router,DATABASE_MUTATION,MIXED_PERSONA_MUTATION,get_current_user|get_current_user,add|raw_sql,
POST,/v1/security/blocklist,block_ip,app.engines.security.router,DATABASE_MUTATION,PLATFORM_ADMIN_MUTATION,require_super_admin|get_current_user|get_current_user,add|flush|raw_sql,
DELETE,/v1/security/blocklist/{ip_or_cidr},unblock_ip,app.engines.security.router,DATABASE_MUTATION,PLATFORM_ADMIN_MUTATION,require_super_admin|get_current_user|get_current_user,add|raw_sql,
POST,/v1/security/activity/record,record_activity,app.engines.security.router,DATABASE_MUTATION,MIXED_PERSONA_MUTATION,get_current_user|get_current_user,add|flush,
POST,/v1/security/audit-log,write_audit,app.engines.security.router,DATABASE_MUTATION,MIXED_PERSONA_MUTATION,get_current_user|get_current_user,add|flush|raw_sql,
POST,/v1/security/sessions,create_session,app.engines.security.router,DATABASE_MUTATION,MIXED_PERSONA_MUTATION,get_current_user|get_current_user,add|flush,
POST,/v1/security/sessions/{session_id}/revoke,revoke_session,app.engines.security.router,DATABASE_MUTATION,MIXED_PERSONA_MUTATION,get_current_user|get_current_user,add|raw_sql,
POST,/v1/security/sessions/users/{user_id}/revoke-all,revoke_all_sessions,app.engines.security.router,DATABASE_MUTATION,PLATFORM_ADMIN_MUTATION,require_super_admin|get_current_user|get_current_user,add|raw_sql,
POST,/v1/admin/security/threats/{threat_id}/assign,assign_threat,app.engines.security.admin_router,DATABASE_MUTATION,PLATFORM_ADMIN_MUTATION,get_current_user|get_current_user,,
POST,/v1/admin/security/threats/{threat_id}/status,update_threat_status,app.engines.security.admin_router,DATABASE_MUTATION,PLATFORM_ADMIN_MUTATION,get_current_user|get_current_user,raw_sql,
POST,/v1/admin/security/threats/{threat_id}/block-ip,block_ip_from_threat,app.engines.security.admin_router,DATABASE_MUTATION,PLATFORM_ADMIN_MUTATION,get_current_user|get_current_user,add|flush,
POST,/v1/admin/security/threats/{threat_id}/revoke-sessions,revoke_sessions_from_threat,app.engines.security.admin_router,DATABASE_MUTATION,PLATFORM_ADMIN_MUTATION,get_current_user|get_current_user,,
POST,/v1/admin/security/sessions/{session_id}/revoke,revoke_session,app.engines.security.admin_router,DATABASE_MUTATION,PLATFORM_ADMIN_MUTATION,get_current_user|get_current_user,add|raw_sql,
POST,/v1/admin/security/sessions/user/{user_id}/revoke-all,revoke_all_sessions,app.engines.security.admin_router,DATABASE_MUTATION,PLATFORM_ADMIN_MUTATION,get_current_user|get_current_user,,
POST,/v1/admin/security/ip-blocklist,create_ip_block,app.engines.security.admin_router,DATABASE_MUTATION,PLATFORM_ADMIN_MUTATION,get_current_user|get_current_user,add|flush,
PATCH,/v1/admin/security/ip-blocklist/{entry_id},update_ip_block,app.engines.security.admin_router,DATABASE_MUTATION,PLATFORM_ADMIN_MUTATION,get_current_user|get_current_user,raw_sql,
POST,/v1/admin/security/ip-blocklist/{entry_id}/revoke,revoke_ip_block,app.engines.security.admin_router,DATABASE_MUTATION,PLATFORM_ADMIN_MUTATION,get_current_user|get_current_user,,
POST,/v1/admin/security/api-keys,create_api_key,app.engines.security.admin_router,DATABASE_MUTATION,PLATFORM_ADMIN_MUTATION,get_current_user|get_current_user,add|flush|raw_sql,
POST,/v1/admin/security/api-keys/{key_id}/rotate,rotate_api_key,app.engines.security.admin_router,DATABASE_MUTATION,PLATFORM_ADMIN_MUTATION,get_current_user|get_current_user,add|flush|raw_sql,
POST,/v1/admin/security/api-keys/{key_id}/revoke,revoke_api_key,app.engines.security.admin_router,DATABASE_MUTATION,PLATFORM_ADMIN_MUTATION,get_current_user|get_current_user,add|raw_sql,
PATCH,/v1/admin/security/policies/{policy_key},update_policy,app.engines.security.admin_router,DATABASE_MUTATION,PLATFORM_ADMIN_MUTATION,get_current_user|get_current_user,raw_sql,
POST,/v1/reviews/{review_id}/flag,flag_review,app.engines.review.router,DATABASE_MUTATION,TENANT_PROVIDER_MUTATION,get_current_user|get_current_user,add,
POST,/v1/reviews/{review_id}/resolve,resolve_flag,app.engines.review.router,DATABASE_MUTATION,PLATFORM_ADMIN_MUTATION,require_super_admin|get_current_user|get_current_user,add,
POST,/v1/reviews/requests,create_request,app.engines.review.router,DATABASE_MUTATION,TENANT_PROVIDER_MUTATION,get_current_user|get_current_user,add|flush,
POST,/v1/chat/conversations,create_conversation,app.engines.chat.router,DATABASE_MUTATION,MIXED_PERSONA_MUTATION,get_current_user|get_current_user,add|flush,
POST,/v1/chat/conversations/{conversation_id}/messages,send_message,app.engines.chat.router,DATABASE_MUTATION,MIXED_PERSONA_MUTATION,get_current_user|get_current_user,add|flush,
POST,/v1/webhooks/endpoints,create_endpoint,app.engines.webhook.router,DATABASE_MUTATION,TRUSTED_CALLBACK_OR_WEBHOOK_MUTATION,get_current_user|get_current_user,add|flush,
POST,/v1/webhooks/endpoints/{endpoint_id}/test,test_endpoint,app.engines.webhook.router,DATABASE_MUTATION,TRUSTED_CALLBACK_OR_WEBHOOK_MUTATION,get_current_user|get_current_user,add|flush,
POST,/v1/webhooks/deliveries/{delivery_id}/replay,replay_delivery,app.engines.webhook.router,DATABASE_MUTATION,TRUSTED_CALLBACK_OR_WEBHOOK_MUTATION,get_current_user|get_current_user,add|flush,
POST,/v1/payments/orders,create_order,app.engines.payment.router,EXTERNAL_SIDE_EFFECT,MIXED_PERSONA_MUTATION,get_current_user|get_current_user,,create_order
POST,/v1/payments/webhook,payment_webhook,app.engines.payment.router,DATABASE_MUTATION,PUBLIC_OR_UNAUTHENTICATED_MUTATION,NONE,add|flush,
POST,/v1/payments/{payment_id}/refund,create_refund,app.engines.payment.router,DATABASE_MUTATION,PLATFORM_ADMIN_MUTATION,require_super_admin|get_current_user|get_current_user,add|flush,
POST,/v1/payments/invoices,generate_invoice,app.engines.payment.router,DATABASE_MUTATION,MIXED_PERSONA_MUTATION,get_current_user|get_current_user,add|flush,
POST,/v1/payments/tenants/{tenant_id}/payout,request_payout,app.engines.payment.router,DATABASE_MUTATION,MIXED_PERSONA_MUTATION,get_current_user|get_current_user,add|flush,
POST,/v1/inventory/tenants/{tenant_id}/items,create_item,app.engines.inventory.router,DATABASE_MUTATION,MIXED_PERSONA_MUTATION,get_current_user|get_current_user,add|flush,
POST,/v1/inventory/items/{item_id}/locations/{location_id}/receive,receive_stock,app.engines.inventory.router,DATABASE_MUTATION,MIXED_PERSONA_MUTATION,get_current_user|get_current_user,add|flush,
POST,/v1/inventory/reservations,create_reservation,app.engines.inventory.router,DATABASE_MUTATION,MIXED_PERSONA_MUTATION,get_current_user|get_current_user,add|flush|raw_sql,
POST,/v1/inventory/reservations/confirm,confirm_reservation,app.engines.inventory.router,DATABASE_MUTATION,MIXED_PERSONA_MUTATION,get_current_user|get_current_user,add|flush,
POST,/v1/inventory/reservations/release,release_reservation,app.engines.inventory.router,DATABASE_MUTATION,MIXED_PERSONA_MUTATION,get_current_user|get_current_user,add|flush,
POST,/v1/subscriptions,create_subscription,app.engines.subscription.router,DATABASE_MUTATION,PLATFORM_ADMIN_MUTATION,require_super_admin|get_current_user|get_current_user,add|flush,
PUT,/v1/subscriptions/tenants/{tenant_id}/plan,update_plan,app.engines.subscription.router,DATABASE_MUTATION,MIXED_PERSONA_MUTATION,get_current_user|get_current_user,add,
POST,/v1/subscriptions/tenants/{tenant_id}/cancel,cancel,app.engines.subscription.router,DATABASE_MUTATION,PLATFORM_ADMIN_MUTATION,require_super_admin|get_current_user|get_current_user,add,
POST,/v1/subscriptions/tenants/{tenant_id}/pause,pause,app.engines.subscription.router,DATABASE_MUTATION,PLATFORM_ADMIN_MUTATION,require_super_admin|get_current_user|get_current_user,add,
POST,/v1/subscriptions/tenants/{tenant_id}/resume,resume,app.engines.subscription.router,DATABASE_MUTATION,PLATFORM_ADMIN_MUTATION,require_super_admin|get_current_user|get_current_user,add,
POST,/v1/documents,generate_doc,app.engines.document.router,DATABASE_MUTATION,MIXED_PERSONA_MUTATION,get_current_user|get_current_user,add|flush,
POST,/v1/documents/{document_id}/send,send_for_signature,app.engines.document.router,DATABASE_MUTATION,MIXED_PERSONA_MUTATION,get_current_user|get_current_user,add,
POST,/v1/documents/sign/{token},record_signature,app.engines.document.router,DATABASE_MUTATION,PUBLIC_OR_UNAUTHENTICATED_MUTATION,NONE,add,
POST,/v1/documents/{document_id}/void,void_document,app.engines.document.router,DATABASE_MUTATION,MIXED_PERSONA_MUTATION,get_current_user|get_current_user,add,
POST,/v1/bookings,create_booking,app.engines.booking.router,DATABASE_MUTATION,MIXED_PERSONA_MUTATION,get_current_user|get_current_user,add|flush,
POST,/v1/bookings/{booking_id}/cancel,cancel_booking,app.engines.booking.router,DATABASE_MUTATION,TENANT_PROVIDER_MUTATION,get_current_user|get_current_user,add,
POST,/v1/bookings/{booking_id}/confirm,confirm_booking,app.engines.booking.router,DATABASE_MUTATION,TENANT_PROVIDER_MUTATION,get_current_user|get_current_user,add,
POST,/v1/bookings/{booking_id}/reject,reject_booking,app.engines.booking.router,DATABASE_MUTATION,TENANT_PROVIDER_MUTATION,get_current_user|get_current_user,add,
POST,/v1/bookings/{booking_id}/convert-to-job,convert_to_job,app.engines.booking.router,DATABASE_MUTATION,TENANT_PROVIDER_MUTATION,get_current_user|get_current_user,add|flush,
POST,/v1/bookings/{booking_id}/reschedule/request,request_reschedule,app.engines.booking.router,DATABASE_MUTATION,TENANT_PROVIDER_MUTATION,get_current_user|get_current_user,add|flush,
POST,/v1/bookings/reschedule/{reschedule_id}/accept,accept_reschedule,app.engines.booking.router,DATABASE_MUTATION,TENANT_PROVIDER_MUTATION,get_current_user|get_current_user,add,
POST,/v1/bookings/{booking_id}/notes,add_note,app.engines.booking.router,DATABASE_MUTATION,TENANT_PROVIDER_MUTATION,get_current_user|get_current_user,add|flush,
POST,/v1/bookings/{booking_id}/void,void_booking,app.engines.booking.router,DATABASE_MUTATION,PLATFORM_ADMIN_MUTATION,require_super_admin|get_current_user|get_current_user,add,
POST,/v1/admin/bookings/{booking_id}/cancel,admin_cancel_booking,app.engines.booking.admin_router,DATABASE_MUTATION,PLATFORM_ADMIN_MUTATION,require_super_admin|get_current_user,commit|raw_sql,
POST,/v1/admin/bookings/{booking_id}/void,admin_void_booking,app.engines.booking.admin_router,DATABASE_MUTATION,PLATFORM_ADMIN_MUTATION,require_super_admin|get_current_user,commit|raw_sql,
POST,/v1/appointments/hold,hold_slot,app.engines.appointment.router,DATABASE_MUTATION,MIXED_PERSONA_MUTATION,get_current_user|get_current_user,add|flush,
POST,/v1/appointments/{appointment_id}/confirm,confirm_hold,app.engines.appointment.router,DATABASE_MUTATION,MIXED_PERSONA_MUTATION,get_current_user|get_current_user,add,
POST,/v1/appointments/{appointment_id}/cancel,cancel_appointment,app.engines.appointment.router,DATABASE_MUTATION,MIXED_PERSONA_MUTATION,get_current_user|get_current_user,add,
POST,/v1/appointments/{appointment_id}/reschedule,reschedule,app.engines.appointment.router,DATABASE_MUTATION,MIXED_PERSONA_MUTATION,get_current_user|get_current_user,add|flush,
POST,/v1/appointments/{appointment_id}/no-show,mark_no_show,app.engines.appointment.router,DATABASE_MUTATION,MIXED_PERSONA_MUTATION,get_current_user|get_current_user,add,
POST,/v1/appointments/staff/{staff_id}/calendar/block,block_calendar,app.engines.appointment.router,DATABASE_MUTATION,MIXED_PERSONA_MUTATION,get_current_user|get_current_user,add|flush,
DELETE,/v1/appointments/calendar/blocks/{block_id},unblock_calendar,app.engines.appointment.router,DATABASE_MUTATION,MIXED_PERSONA_MUTATION,get_current_user|get_current_user,delete,
PUT,/v1/appointments/staff/{staff_id}/working-hours,set_working_hours,app.engines.appointment.router,DATABASE_MUTATION,MIXED_PERSONA_MUTATION,get_current_user|get_current_user,add,
POST,/v1/admin/customers/{customer_id}/service-credits,issue_customer_service_credit,app.engines.auth.admin_customers_router,DATABASE_MUTATION,PLATFORM_ADMIN_MUTATION,get_current_user|get_current_user,add,
POST,/v1/admin/customers/{customer_id}/block,block_customer,app.engines.auth.admin_customers_router,DATABASE_MUTATION,PLATFORM_ADMIN_MUTATION,get_current_user|get_current_user,add,
POST,/v1/admin/customers/{customer_id}/unblock,unblock_customer,app.engines.auth.admin_customers_router,DATABASE_MUTATION,PLATFORM_ADMIN_MUTATION,get_current_user|get_current_user,add,
POST,/v1/admin/customers/{customer_id}/suspend,suspend_customer,app.engines.auth.admin_customers_router,DATABASE_MUTATION,PLATFORM_ADMIN_MUTATION,get_current_user|get_current_user,add,
POST,/v1/admin/customers/{customer_id}/reactivate,reactivate_customer,app.engines.auth.admin_customers_router,DATABASE_MUTATION,PLATFORM_ADMIN_MUTATION,get_current_user|get_current_user,add,
POST,/v1/admin/customers/{customer_id}/sessions/revoke-all,customer_revoke_all_sessions,app.engines.auth.admin_customers_router,DATABASE_MUTATION,PLATFORM_ADMIN_MUTATION,get_current_user|get_current_user,add,
POST,/v1/catalog,create_item,app.engines.service_catalog.router,DATABASE_MUTATION,MIXED_PERSONA_MUTATION,get_current_user|get_current_user,add|flush,
PUT,/v1/catalog/{item_id},update_item,app.engines.service_catalog.router,DATABASE_MUTATION,MIXED_PERSONA_MUTATION,get_current_user|get_current_user,raw_sql,
POST,/v1/admin/finance/deposits/{deposit_id}/approve,approve_deposit,app.engines.finance_hub.admin_router,DATABASE_MUTATION,PLATFORM_ADMIN_MUTATION,get_current_user|get_current_user,flush,
POST,/v1/admin/finance/deposits/{deposit_id}/reject,reject_deposit,app.engines.finance_hub.admin_router,DATABASE_MUTATION,PLATFORM_ADMIN_MUTATION,get_current_user|get_current_user,flush,
POST,/v1/admin/finance/deposits/{deposit_id}/record-offline,record_offline_deposit,app.engines.finance_hub.admin_router,DATABASE_MUTATION,PLATFORM_ADMIN_MUTATION,get_current_user|get_current_user,,
POST,/v1/admin/finance/deposits/{deposit_id}/refund,refund_deposit,app.engines.finance_hub.admin_router,DATABASE_MUTATION,PLATFORM_ADMIN_MUTATION,get_current_user|get_current_user,,
POST,/v1/admin/finance/deposits/{deposit_id}/adjust,adjust_deposit,app.engines.finance_hub.admin_router,DATABASE_MUTATION,PLATFORM_ADMIN_MUTATION,get_current_user|get_current_user,,
POST,/v1/admin/finance/topups/{topup_id}/retry-credit,retry_credit,app.engines.finance_hub.admin_router,DATABASE_MUTATION,PLATFORM_ADMIN_MUTATION,get_current_user|get_current_user,,
POST,/v1/admin/finance/topups/{topup_id}/refund,refund_topup,app.engines.finance_hub.admin_router,DATABASE_MUTATION,PLATFORM_ADMIN_MUTATION,get_current_user|get_current_user,,
POST,/v1/admin/finance/warranty-claims/{claim_id}/assign,assign_reviewer,app.engines.finance_hub.admin_router,DATABASE_MUTATION,PLATFORM_ADMIN_MUTATION,get_current_user|get_current_user,,
POST,/v1/admin/finance/warranty-claims/{claim_id}/request-documents,request_documents,app.engines.finance_hub.admin_router,DATABASE_MUTATION,PLATFORM_ADMIN_MUTATION,get_current_user|get_current_user,,
POST,/v1/admin/finance/warranty-claims/{claim_id}/approve,approve_claim,app.engines.finance_hub.admin_router,DATABASE_MUTATION,PLATFORM_ADMIN_MUTATION,get_current_user|get_current_user,,
POST,/v1/admin/finance/warranty-claims/{claim_id}/reject,reject_claim,app.engines.finance_hub.admin_router,DATABASE_MUTATION,PLATFORM_ADMIN_MUTATION,get_current_user|get_current_user,,
POST,/v1/admin/finance/warranty-claims/{claim_id}/settle,settle_claim,app.engines.finance_hub.admin_router,DATABASE_MUTATION,PLATFORM_ADMIN_MUTATION,get_current_user|get_current_user,,
POST,/v1/admin/finance/payouts/{payout_id}/approve,approve_payout,app.engines.finance_hub.admin_router,DATABASE_MUTATION,PLATFORM_ADMIN_MUTATION,get_current_user|get_current_user,,
POST,/v1/admin/finance/payouts/{payout_id}/reject,reject_payout,app.engines.finance_hub.admin_router,DATABASE_MUTATION,PLATFORM_ADMIN_MUTATION,get_current_user|get_current_user,,
POST,/v1/admin/finance/payouts/{payout_id}/mark-processing,mark_processing,app.engines.finance_hub.admin_router,DATABASE_MUTATION,PLATFORM_ADMIN_MUTATION,get_current_user|get_current_user,,
POST,/v1/admin/finance/payouts/{payout_id}/mark-completed,mark_completed,app.engines.finance_hub.admin_router,DATABASE_MUTATION,PLATFORM_ADMIN_MUTATION,get_current_user|get_current_user,,
POST,/v1/admin/finance/payouts/{payout_id}/mark-failed,mark_failed,app.engines.finance_hub.admin_router,DATABASE_MUTATION,PLATFORM_ADMIN_MUTATION,get_current_user|get_current_user,,
POST,/v1/geo/tenants/{tenant_id}/zones,create_zone,app.engines.geo.router,DATABASE_MUTATION,MIXED_PERSONA_MUTATION,get_current_user|get_current_user,add|flush,
POST,/v1/geo/tenants/{tenant_id}/staff/{staff_id}/location,update_location,app.engines.geo.router,DATABASE_MUTATION,MIXED_PERSONA_MUTATION,get_current_user|get_current_user,add|raw_sql,
POST,/v1/dispatch/jobs/{job_id}/dispatch,dispatch_job,app.engines.dispatch.router,DATABASE_MUTATION,MIXED_PERSONA_MUTATION,get_current_user|get_current_user,add|flush,
POST,/v1/dispatch/jobs/{job_id}/accept,accept_job,app.engines.dispatch.router,DATABASE_MUTATION,MIXED_PERSONA_MUTATION,get_current_user|get_current_user,add,
POST,/v1/dispatch/jobs/{job_id}/reject,reject_job,app.engines.dispatch.router,DATABASE_MUTATION,MIXED_PERSONA_MUTATION,get_current_user|get_current_user,add,
POST,/v1/dispatch/jobs/{job_id}/reassign,reassign,app.engines.dispatch.router,DATABASE_MUTATION,MIXED_PERSONA_MUTATION,get_current_user|get_current_user,add,
POST,/v1/jobs,create_job,app.engines.field_ops.router,DATABASE_MUTATION,TENANT_PROVIDER_MUTATION,get_current_user|get_current_user,add|flush,
POST,/v1/jobs/{job_id}/assign,assign_job,app.engines.field_ops.router,DATABASE_MUTATION,TENANT_PROVIDER_MUTATION,get_current_user|get_current_user,add,
POST,/v1/jobs/{job_id}/accept,accept_job,app.engines.field_ops.router,DATABASE_MUTATION,TENANT_PROVIDER_MUTATION,require_staff_or_technician_only|get_current_user|get_current_user,add,
POST,/v1/jobs/{job_id}/reject-assignment,reject_assignment,app.engines.field_ops.router,DATABASE_MUTATION,TENANT_PROVIDER_MUTATION,require_staff_or_technician_only|get_current_user|get_current_user,add,
PUT,/v1/jobs/{job_id}/status,update_status,app.engines.field_ops.router,DATABASE_MUTATION,TENANT_PROVIDER_MUTATION,get_current_user|get_current_user,add,
POST,/v1/jobs/{job_id}/assessment/start,start_assessment,app.engines.field_ops.router,DATABASE_MUTATION,TENANT_PROVIDER_MUTATION,require_staff_or_technician_only|get_current_user|get_current_user,add,
POST,/v1/jobs/{job_id}/assessment/complete,complete_assessment,app.engines.field_ops.router,DATABASE_MUTATION,TENANT_PROVIDER_MUTATION,require_staff_or_technician_only|get_current_user|get_current_user,add,
POST,/v1/jobs/{job_id}/quotes,create_job_quote,app.engines.field_ops.router,DATABASE_MUTATION,TENANT_PROVIDER_MUTATION,get_current_user|get_current_user,add|flush,
POST,/v1/jobs/{job_id}/quotes/{quote_id}/send,send_job_quote,app.engines.field_ops.router,DATABASE_MUTATION,TENANT_PROVIDER_MUTATION,get_current_user|get_current_user,add,
POST,/v1/jobs/{job_id}/quotes/{quote_id}/approve,approve_job_quote,app.engines.field_ops.router,DATABASE_MUTATION,CUSTOMER_SELF_SERVICE_MUTATION,require_customer|get_current_user|get_current_user,add,
POST,/v1/jobs/{job_id}/quotes/{quote_id}/reject,reject_job_quote,app.engines.field_ops.router,DATABASE_MUTATION,CUSTOMER_SELF_SERVICE_MUTATION,require_customer|get_current_user|get_current_user,add,
POST,/v1/jobs/{job_id}/convert-to-repair,convert_to_repair,app.engines.field_ops.router,DATABASE_MUTATION,TENANT_PROVIDER_MUTATION,get_current_user|get_current_user,add|flush,
POST,/v1/jobs/{job_id}/checklist/start,start_checklist,app.engines.field_ops.router,DATABASE_MUTATION,TENANT_PROVIDER_MUTATION,require_staff_or_technician_only|get_current_user|get_current_user,add,
POST,/v1/jobs/{job_id}/checklist/complete,complete_checklist,app.engines.field_ops.router,DATABASE_MUTATION,TENANT_PROVIDER_MUTATION,require_staff_or_technician_only|get_current_user|get_current_user,add,
POST,/v1/jobs/{job_id}/findings,submit_findings,app.engines.field_ops.router,DATABASE_MUTATION,TENANT_PROVIDER_MUTATION,require_staff_or_technician_only|get_current_user|get_current_user,add,
PUT,/v1/jobs/{job_id}/checklist,update_checklist,app.engines.field_ops.router,DATABASE_MUTATION,TENANT_PROVIDER_MUTATION,require_staff_or_technician_only|get_current_user|get_current_user,raw_sql,
POST,/v1/jobs/{job_id}/quote,create_quote,app.engines.field_ops.router,DATABASE_MUTATION,TENANT_PROVIDER_MUTATION,get_current_user|get_current_user,add|flush,
POST,/v1/jobs/quotes/{quote_id}/respond,respond_to_quote,app.engines.field_ops.router,DATABASE_MUTATION,CUSTOMER_SELF_SERVICE_MUTATION,require_customer|get_current_user|get_current_user,add,
POST,/v1/jobs/{job_id}/close,close_job,app.engines.field_ops.router,DATABASE_MUTATION,TENANT_PROVIDER_MUTATION,get_current_user|get_current_user,add,
POST,/v1/jobs/{job_id}/generate-invoice,generate_invoice,app.engines.field_ops.router,DATABASE_MUTATION,TENANT_PROVIDER_MUTATION,get_current_user|get_current_user,add|flush,
POST,/v1/jobs/{job_id}/record-payment,record_payment,app.engines.field_ops.router,DATABASE_MUTATION,TENANT_PROVIDER_MUTATION,get_current_user|get_current_user,add|flush,
POST,/v1/jobs/{job_id}/financial-close,financial_close,app.engines.field_ops.router,DATABASE_MUTATION,MIXED_PERSONA_MUTATION,get_current_user|get_current_user,add|flush,
POST,/v1/jobs/{job_id}/void,void_job,app.engines.field_ops.router,DATABASE_MUTATION,TENANT_PROVIDER_MUTATION,get_current_user|get_current_user,add,
POST,/v1/jobs/{job_id}/notes,add_note,app.engines.field_ops.router,DATABASE_MUTATION,TENANT_PROVIDER_MUTATION,get_current_user|get_current_user,add|flush,
POST,/v1/jobs/{job_id}/media,add_media,app.engines.field_ops.router,DATABASE_MUTATION,TENANT_PROVIDER_MUTATION,get_current_user|get_current_user,add|flush,
POST,/v1/staff/me/jobs/{job_id}/accept,accept,app.engines.field_ops.staff_router,DATABASE_MUTATION,TENANT_PROVIDER_MUTATION,require_staff_or_technician_only|get_current_user,add,
POST,/v1/staff/me/jobs/{job_id}/reject-assignment,reject,app.engines.field_ops.staff_router,DATABASE_MUTATION,TENANT_PROVIDER_MUTATION,require_staff_or_technician_only|get_current_user,add,
PUT,/v1/staff/me/jobs/{job_id}/status,update_status,app.engines.field_ops.staff_router,DATABASE_MUTATION,TENANT_PROVIDER_MUTATION,require_staff_or_technician_only|get_current_user,add|raw_sql,
POST,/v1/staff/me/jobs/{job_id}/checklist/start,my_job_checklist_start,app.engines.field_ops.staff_router,DATABASE_MUTATION,TENANT_PROVIDER_MUTATION,require_staff_or_technician_only|get_current_user,add,
POST,/v1/staff/me/jobs/{job_id}/checklist/complete,my_job_checklist_complete,app.engines.field_ops.staff_router,DATABASE_MUTATION,TENANT_PROVIDER_MUTATION,require_staff_or_technician_only|get_current_user,add,
POST,/v1/customer/quotes/{quote_id}/approve,approve_my_quote,app.engines.field_ops.customer_router,DATABASE_MUTATION,CUSTOMER_SELF_SERVICE_MUTATION,get_current_user,,
POST,/v1/customer/quotes/{quote_id}/reject,reject_my_quote,app.engines.field_ops.customer_router,DATABASE_MUTATION,CUSTOMER_SELF_SERVICE_MUTATION,get_current_user,,
POST,/v1/tenant/checklist-templates,create_template,app.engines.field_ops.checklist_router,DATABASE_MUTATION,TENANT_PROVIDER_MUTATION,get_current_user|get_current_user,add|flush,
PUT,/v1/tenant/checklist-templates/{template_id},update_template,app.engines.field_ops.checklist_router,DATABASE_MUTATION,TENANT_PROVIDER_MUTATION,get_current_user|get_current_user,raw_sql,
POST,/v1/tenant/checklist-templates/{template_id}/items,add_item,app.engines.field_ops.checklist_router,DATABASE_MUTATION,TENANT_PROVIDER_MUTATION,get_current_user|get_current_user,add|flush,
PUT,/v1/tenant/checklist-templates/{template_id}/items/{item_id},update_item,app.engines.field_ops.checklist_router,DATABASE_MUTATION,MIXED_PERSONA_MUTATION,get_current_user|get_current_user,raw_sql,
POST,/v1/admin/tenants/{tenant_id}/wallet/adjust,admin_wallet_adjust,app.engines.field_ops.admin_finance_router,EXTERNAL_SIDE_EFFECT,PLATFORM_ADMIN_MUTATION,require_super_admin|get_current_user|require_super_admin|get_current_user,,credit_wallet|debit_wallet
POST,/v1/admin/catalog/types,create_type,app.engines.admin_catalog.catalog_enterprise_router,DATABASE_MUTATION,PLATFORM_ADMIN_MUTATION,require_super_admin|get_current_user|get_current_user,add|commit|flush,
PUT,/v1/admin/catalog/types/{type_id},update_type,app.engines.admin_catalog.catalog_enterprise_router,DATABASE_MUTATION,PLATFORM_ADMIN_MUTATION,require_super_admin|get_current_user|get_current_user,commit|raw_sql,
POST,/v1/admin/catalog/types/{type_id}/activate,activate_type,app.engines.admin_catalog.catalog_enterprise_router,DATABASE_MUTATION,PLATFORM_ADMIN_MUTATION,require_super_admin|get_current_user|get_current_user,commit,
POST,/v1/admin/catalog/types/{type_id}/deactivate,deactivate_type,app.engines.admin_catalog.catalog_enterprise_router,DATABASE_MUTATION,PLATFORM_ADMIN_MUTATION,require_super_admin|get_current_user|get_current_user,commit,
POST,/v1/admin/catalog/types/{type_id}/archive,archive_type,app.engines.admin_catalog.catalog_enterprise_router,DATABASE_MUTATION,PLATFORM_ADMIN_MUTATION,require_super_admin|get_current_user|get_current_user,commit,
POST,/v1/admin/catalog/type-mappings,create_type_mapping,app.engines.admin_catalog.catalog_enterprise_router,DATABASE_MUTATION,PLATFORM_ADMIN_MUTATION,require_super_admin|get_current_user|get_current_user,add|commit|flush,
PUT,/v1/admin/catalog/type-mappings/{mapping_id},update_type_mapping,app.engines.admin_catalog.catalog_enterprise_router,DATABASE_MUTATION,PLATFORM_ADMIN_MUTATION,require_super_admin|get_current_user|get_current_user,commit|raw_sql,
DELETE,/v1/admin/catalog/type-mappings/{mapping_id},delete_type_mapping,app.engines.admin_catalog.catalog_enterprise_router,DATABASE_MUTATION,PLATFORM_ADMIN_MUTATION,require_super_admin|get_current_user|get_current_user,commit,
POST,/v1/admin/catalog/brand-mappings,create_brand_mapping,app.engines.admin_catalog.catalog_enterprise_router,DATABASE_MUTATION,PLATFORM_ADMIN_MUTATION,require_super_admin|get_current_user|get_current_user,add|commit|flush,
PUT,/v1/admin/catalog/brand-mappings/{mapping_id},update_brand_mapping,app.engines.admin_catalog.catalog_enterprise_router,DATABASE_MUTATION,PLATFORM_ADMIN_MUTATION,require_super_admin|get_current_user|get_current_user,commit|raw_sql,
DELETE,/v1/admin/catalog/brand-mappings/{mapping_id},delete_brand_mapping,app.engines.admin_catalog.catalog_enterprise_router,DATABASE_MUTATION,PLATFORM_ADMIN_MUTATION,require_super_admin|get_current_user|get_current_user,commit,
POST,/v1/admin/tiers,create_tier,app.engines.admin_catalog.admin_router,DATABASE_MUTATION,PLATFORM_ADMIN_MUTATION,get_current_user|get_current_user,add|flush,
PUT,/v1/admin/tiers/{tier_id},update_tier,app.engines.admin_catalog.admin_router,DATABASE_MUTATION,PLATFORM_ADMIN_MUTATION,get_current_user|get_current_user,add|flush|raw_sql,
DELETE,/v1/admin/tiers/{tier_id},delete_tier,app.engines.admin_catalog.admin_router,DATABASE_MUTATION,PLATFORM_ADMIN_MUTATION,get_current_user|get_current_user,add|flush,
DELETE,/v1/admin/tiers/{tier_id}/hard-delete,hard_delete_tier,app.engines.admin_catalog.admin_router,DATABASE_MUTATION,PLATFORM_ADMIN_MUTATION,get_current_user|get_current_user,delete|flush,
POST,/v1/admin/tier-locations/import/preview,import_tier_locations_preview,app.engines.admin_catalog.admin_router,DATABASE_MUTATION,PLATFORM_ADMIN_MUTATION,get_current_user|get_current_user,add|flush,
POST,/v1/admin/tier-locations/import/confirm,import_tier_locations_confirm,app.engines.admin_catalog.admin_router,DATABASE_MUTATION,PLATFORM_ADMIN_MUTATION,get_current_user|get_current_user,add|flush,
POST,/v1/admin/tier-locations/bulk/change-tier,bulk_change_tier_locations,app.engines.admin_catalog.admin_router,DATABASE_MUTATION,PLATFORM_ADMIN_MUTATION,get_current_user|get_current_user,commit,
POST,/v1/admin/tier-locations/bulk/deactivate,bulk_deactivate_tier_locations,app.engines.admin_catalog.admin_router,DATABASE_MUTATION,PLATFORM_ADMIN_MUTATION,get_current_user|get_current_user,commit,
POST,/v1/admin/tier-locations,create_tier_location,app.engines.admin_catalog.admin_router,DATABASE_MUTATION,PLATFORM_ADMIN_MUTATION,get_current_user|get_current_user,add|flush,
PUT,/v1/admin/tier-locations/{location_id},update_tier_location,app.engines.admin_catalog.admin_router,DATABASE_MUTATION,PLATFORM_ADMIN_MUTATION,get_current_user|get_current_user,add|flush|raw_sql,
DELETE,/v1/admin/tier-locations/{location_id},delete_tier_location,app.engines.admin_catalog.admin_router,DATABASE_MUTATION,PLATFORM_ADMIN_MUTATION,get_current_user|get_current_user,add|flush,
POST,/v1/admin/tier-locations/{location_id}/resolve-conflict,resolve_conflict_location,app.engines.admin_catalog.admin_router,DATABASE_MUTATION,PLATFORM_ADMIN_MUTATION,get_current_user|get_current_user,commit,
PUT,/v1/admin/category-commission-rates/{category_id},set_category_commission_rate,app.engines.admin_catalog.admin_router,DATABASE_MUTATION,PLATFORM_ADMIN_MUTATION,require_super_admin|get_current_user,commit,
POST,/v1/admin/service-categories,create_category,app.engines.admin_catalog.admin_router,DATABASE_MUTATION,PLATFORM_ADMIN_MUTATION,require_super_admin|get_current_user|get_current_user,add|flush,
PUT,/v1/admin/service-categories/{category_id},update_category,app.engines.admin_catalog.admin_router,DATABASE_MUTATION,PLATFORM_ADMIN_MUTATION,require_super_admin|get_current_user|get_current_user,flush|raw_sql,
DELETE,/v1/admin/service-categories/{category_id},delete_category,app.engines.admin_catalog.admin_router,DATABASE_MUTATION,PLATFORM_ADMIN_MUTATION,require_super_admin|get_current_user|get_current_user,flush,
DELETE,/v1/admin/service-categories/{category_id}/hard-delete,hard_delete_category,app.engines.admin_catalog.admin_router,DATABASE_MUTATION,PLATFORM_ADMIN_MUTATION,require_super_admin|get_current_user|get_current_user,delete|flush,
POST,/v1/admin/service-groups,create_service_group,app.engines.admin_catalog.admin_router,DATABASE_MUTATION,PLATFORM_ADMIN_MUTATION,require_super_admin|get_current_user|get_current_user,add|flush,
PUT,/v1/admin/service-groups/{group_id},update_service_group,app.engines.admin_catalog.admin_router,DATABASE_MUTATION,PLATFORM_ADMIN_MUTATION,require_super_admin|get_current_user|get_current_user,flush|raw_sql,
DELETE,/v1/admin/service-groups/{group_id},delete_service_group,app.engines.admin_catalog.admin_router,DATABASE_MUTATION,PLATFORM_ADMIN_MUTATION,require_super_admin|get_current_user|get_current_user,flush,
POST,/v1/admin/service-groups/{group_id}/activate,activate_service_group,app.engines.admin_catalog.admin_router,DATABASE_MUTATION,PLATFORM_ADMIN_MUTATION,require_super_admin|get_current_user|get_current_user,flush,
POST,/v1/admin/service-groups/{group_id}/deactivate,deactivate_service_group,app.engines.admin_catalog.admin_router,DATABASE_MUTATION,PLATFORM_ADMIN_MUTATION,require_super_admin|get_current_user|get_current_user,flush,
POST,/v1/admin/service-groups/{group_id}/archive,archive_service_group,app.engines.admin_catalog.admin_router,DATABASE_MUTATION,PLATFORM_ADMIN_MUTATION,require_super_admin|get_current_user|get_current_user,flush,
POST,/v1/admin/master-services,create_master_service,app.engines.admin_catalog.admin_router,DATABASE_MUTATION,PLATFORM_ADMIN_MUTATION,require_super_admin|get_current_user|get_current_user,add|flush,
PUT,/v1/admin/master-services/{service_id},update_master_service,app.engines.admin_catalog.admin_router,DATABASE_MUTATION,PLATFORM_ADMIN_MUTATION,require_super_admin|get_current_user|get_current_user,flush|raw_sql,
DELETE,/v1/admin/master-services/{service_id},delete_master_service,app.engines.admin_catalog.admin_router,DATABASE_MUTATION,PLATFORM_ADMIN_MUTATION,require_super_admin|get_current_user|get_current_user,flush,
DELETE,/v1/admin/master-services/{service_id}/hard-delete,hard_delete_master_service,app.engines.admin_catalog.admin_router,DATABASE_MUTATION,PLATFORM_ADMIN_MUTATION,require_super_admin|get_current_user|get_current_user,delete|flush,
POST,/v1/admin/master-services/{service_id}/activate,activate_master_service,app.engines.admin_catalog.admin_router,DATABASE_MUTATION,PLATFORM_ADMIN_MUTATION,require_super_admin|get_current_user|get_current_user,flush,
POST,/v1/admin/master-services/{service_id}/deactivate,deactivate_master_service,app.engines.admin_catalog.admin_router,DATABASE_MUTATION,PLATFORM_ADMIN_MUTATION,require_super_admin|get_current_user|get_current_user,flush,
POST,/v1/admin/master-services/{service_id}/archive,archive_master_service,app.engines.admin_catalog.admin_router,DATABASE_MUTATION,PLATFORM_ADMIN_MUTATION,require_super_admin|get_current_user|get_current_user,flush,
POST,/v1/admin/service-types,create_service_type,app.engines.admin_catalog.admin_router,DATABASE_MUTATION,PLATFORM_ADMIN_MUTATION,require_super_admin|get_current_user|get_current_user,add|flush,
PUT,/v1/admin/service-types/{type_id},update_service_type,app.engines.admin_catalog.admin_router,DATABASE_MUTATION,PLATFORM_ADMIN_MUTATION,require_super_admin|get_current_user|get_current_user,flush|raw_sql,
DELETE,/v1/admin/service-types/{type_id},delete_service_type,app.engines.admin_catalog.admin_router,DATABASE_MUTATION,PLATFORM_ADMIN_MUTATION,require_super_admin|get_current_user|get_current_user,flush,
DELETE,/v1/admin/service-types/{type_id}/hard-delete,hard_delete_service_type,app.engines.admin_catalog.admin_router,DATABASE_MUTATION,PLATFORM_ADMIN_MUTATION,require_super_admin|get_current_user|get_current_user,delete|flush,
POST,/v1/admin/master-services/{service_id}/types,map_service_type,app.engines.admin_catalog.admin_router,DATABASE_MUTATION,PLATFORM_ADMIN_MUTATION,require_super_admin|get_current_user|get_current_user,add|flush,
DELETE,/v1/admin/master-services/{service_id}/types/{mapping_id},remove_service_type_mapping,app.engines.admin_catalog.admin_router,DATABASE_MUTATION,PLATFORM_ADMIN_MUTATION,require_super_admin|get_current_user|get_current_user,flush,
POST,/v1/admin/master-services/{service_id}/brands,map_service_brand,app.engines.admin_catalog.admin_router,DATABASE_MUTATION,PLATFORM_ADMIN_MUTATION,require_super_admin|get_current_user|get_current_user,add|flush,
DELETE,/v1/admin/master-services/{service_id}/brands/{mapping_id},remove_service_brand_mapping,app.engines.admin_catalog.admin_router,DATABASE_MUTATION,PLATFORM_ADMIN_MUTATION,require_super_admin|get_current_user|get_current_user,flush,
POST,/v1/admin/pricing-rules,create_pricing_rule,app.engines.admin_catalog.admin_router,DATABASE_MUTATION,PLATFORM_ADMIN_MUTATION,get_current_user|get_current_user,add|flush,
PUT,/v1/admin/pricing-rules/{rule_id},update_pricing_rule,app.engines.admin_catalog.admin_router,DATABASE_MUTATION,PLATFORM_ADMIN_MUTATION,get_current_user|get_current_user,add|flush|raw_sql,
DELETE,/v1/admin/pricing-rules/{rule_id},delete_pricing_rule,app.engines.admin_catalog.admin_router,DATABASE_MUTATION,PLATFORM_ADMIN_MUTATION,get_current_user|get_current_user,add|flush,
DELETE,/v1/admin/pricing-rules/{rule_id}/hard-delete,hard_delete_pricing_rule,app.engines.admin_catalog.admin_router,DATABASE_MUTATION,PLATFORM_ADMIN_MUTATION,get_current_user|get_current_user,delete|flush,
POST,/v1/admin/pricing-rules/{rule_id}/activate,activate_pricing_rule,app.engines.admin_catalog.admin_router,DATABASE_MUTATION,PLATFORM_ADMIN_MUTATION,get_current_user|get_current_user,add|flush,
POST,/v1/admin/pricing-rules/{rule_id}/deactivate,deactivate_pricing_rule,app.engines.admin_catalog.admin_router,DATABASE_MUTATION,PLATFORM_ADMIN_MUTATION,get_current_user|get_current_user,add|flush,
POST,/v1/admin/pricing/bargain-rules,create_bargain_rule,app.engines.admin_catalog.admin_router,DATABASE_MUTATION,PLATFORM_ADMIN_MUTATION,get_current_user|get_current_user,add|flush,
PUT,/v1/admin/pricing/bargain-rules/{rule_id},update_bargain_rule,app.engines.admin_catalog.admin_router,DATABASE_MUTATION,PLATFORM_ADMIN_MUTATION,get_current_user|get_current_user,add|flush|raw_sql,
POST,/v1/admin/pricing/bargain-rules/{rule_id}/enable,enable_bargain_rule,app.engines.admin_catalog.admin_router,DATABASE_MUTATION,PLATFORM_ADMIN_MUTATION,get_current_user|get_current_user,flush,
POST,/v1/admin/pricing/bargain-rules/{rule_id}/disable,disable_bargain_rule,app.engines.admin_catalog.admin_router,DATABASE_MUTATION,PLATFORM_ADMIN_MUTATION,get_current_user|get_current_user,flush,
POST,/v1/admin/pricing/bargain-rules/{rule_id}/activate,activate_bargain_rule,app.engines.admin_catalog.admin_router,DATABASE_MUTATION,PLATFORM_ADMIN_MUTATION,get_current_user|get_current_user,flush,
POST,/v1/admin/pricing/bargain-rules/{rule_id}/deactivate,deactivate_bargain_rule,app.engines.admin_catalog.admin_router,DATABASE_MUTATION,PLATFORM_ADMIN_MUTATION,get_current_user|get_current_user,flush,
POST,/v1/admin/pricing/bargain/evaluate-preview,evaluate_bargain_preview,app.engines.admin_catalog.admin_router,DATABASE_MUTATION,PLATFORM_ADMIN_MUTATION,get_current_user|get_current_user,add|flush,
POST,/v1/admin/pricing/provider-overrides,create_provider_override,app.engines.admin_catalog.admin_router,DATABASE_MUTATION,PLATFORM_ADMIN_MUTATION,get_current_user|get_current_user,add|flush,
PUT,/v1/admin/pricing/provider-overrides/{override_id},update_provider_override,app.engines.admin_catalog.admin_router,DATABASE_MUTATION,PLATFORM_ADMIN_MUTATION,get_current_user|get_current_user,add|flush|raw_sql,
POST,/v1/admin/pricing/provider-overrides/{override_id}/approve,approve_provider_override,app.engines.admin_catalog.admin_router,DATABASE_MUTATION,PLATFORM_ADMIN_MUTATION,get_current_user|get_current_user,add|flush,
POST,/v1/admin/pricing/provider-overrides/{override_id}/reject,reject_provider_override,app.engines.admin_catalog.admin_router,DATABASE_MUTATION,PLATFORM_ADMIN_MUTATION,get_current_user|get_current_user,add|flush,
POST,/v1/admin/pricing/provider-overrides/{override_id}/enable,enable_provider_override,app.engines.admin_catalog.admin_router,DATABASE_MUTATION,PLATFORM_ADMIN_MUTATION,get_current_user|get_current_user,flush,
POST,/v1/admin/pricing/provider-overrides/{override_id}/disable,disable_provider_override,app.engines.admin_catalog.admin_router,DATABASE_MUTATION,PLATFORM_ADMIN_MUTATION,get_current_user|get_current_user,flush,
POST,/v1/admin/pricing/provider-overrides/{override_id}/activate,activate_provider_override,app.engines.admin_catalog.admin_router,DATABASE_MUTATION,PLATFORM_ADMIN_MUTATION,get_current_user|get_current_user,flush,
POST,/v1/admin/pricing/provider-overrides/{override_id}/deactivate,deactivate_provider_override,app.engines.admin_catalog.admin_router,DATABASE_MUTATION,PLATFORM_ADMIN_MUTATION,get_current_user|get_current_user,flush,
POST,/v1/admin/issue-types,create_issue_type,app.engines.admin_catalog.admin_router,DATABASE_MUTATION,PLATFORM_ADMIN_MUTATION,require_super_admin|get_current_user|get_current_user,add|commit|flush,
PUT,/v1/admin/issue-types/{issue_type_id},update_issue_type,app.engines.admin_catalog.admin_router,DATABASE_MUTATION,PLATFORM_ADMIN_MUTATION,require_super_admin|get_current_user|get_current_user,add|commit|flush|raw_sql,
DELETE,/v1/admin/issue-types/{issue_type_id},delete_issue_type,app.engines.admin_catalog.admin_router,DATABASE_MUTATION,PLATFORM_ADMIN_MUTATION,require_super_admin|get_current_user|get_current_user,add|flush,
POST,/v1/admin/service-options,create_service_option,app.engines.admin_catalog.admin_router,DATABASE_MUTATION,PLATFORM_ADMIN_MUTATION,require_super_admin|get_current_user|get_current_user,add|commit|flush,
PUT,/v1/admin/service-options/{option_id},update_service_option,app.engines.admin_catalog.admin_router,DATABASE_MUTATION,PLATFORM_ADMIN_MUTATION,require_super_admin|get_current_user|get_current_user,add|commit|flush|raw_sql,
DELETE,/v1/admin/service-options/{option_id},delete_service_option,app.engines.admin_catalog.admin_router,DATABASE_MUTATION,PLATFORM_ADMIN_MUTATION,require_super_admin|get_current_user|get_current_user,add|flush,
POST,/v1/admin/workflow-templates/seed-defaults,seed_workflow_defaults,app.engines.admin_catalog.admin_router,DATABASE_MUTATION,PLATFORM_ADMIN_MUTATION,require_super_admin|get_current_user|get_current_user,add|flush,
POST,/v1/admin/workflow-templates,create_workflow_template,app.engines.admin_catalog.admin_router,DATABASE_MUTATION,PLATFORM_ADMIN_MUTATION,require_super_admin|get_current_user|get_current_user,add|flush,
PUT,/v1/admin/workflow-templates/{template_id},update_workflow_template,app.engines.admin_catalog.admin_router,DATABASE_MUTATION,PLATFORM_ADMIN_MUTATION,require_super_admin|get_current_user|get_current_user,add|flush|raw_sql,
DELETE,/v1/admin/workflow-templates/{template_id},delete_workflow_template,app.engines.admin_catalog.admin_router,DATABASE_MUTATION,PLATFORM_ADMIN_MUTATION,require_super_admin|get_current_user|get_current_user,add|flush,
POST,/v1/admin/workflow-templates/{template_id}/clone,clone_workflow_template,app.engines.admin_catalog.admin_router,DATABASE_MUTATION,PLATFORM_ADMIN_MUTATION,require_super_admin|get_current_user|get_current_user,add|flush,
POST,/v1/admin/workflow-templates/{template_id}/new-version,create_workflow_new_version,app.engines.admin_catalog.admin_router,DATABASE_MUTATION,PLATFORM_ADMIN_MUTATION,require_super_admin|get_current_user|get_current_user,add|flush,
POST,/v1/admin/workflow-templates/{template_id}/activate,activate_workflow_template,app.engines.admin_catalog.admin_router,DATABASE_MUTATION,PLATFORM_ADMIN_MUTATION,require_super_admin|get_current_user|get_current_user,add|flush,
POST,/v1/admin/workflow-templates/{template_id}/deactivate,deactivate_workflow_template,app.engines.admin_catalog.admin_router,DATABASE_MUTATION,PLATFORM_ADMIN_MUTATION,require_super_admin|get_current_user|get_current_user,add|flush,
POST,/v1/admin/workflow-templates/{template_id}/steps,add_workflow_step,app.engines.admin_catalog.admin_router,DATABASE_MUTATION,PLATFORM_ADMIN_MUTATION,require_super_admin|get_current_user|get_current_user,add|flush,
PUT,/v1/admin/workflow-templates/{template_id}/steps/{step_id},update_workflow_step,app.engines.admin_catalog.admin_router,DATABASE_MUTATION,PLATFORM_ADMIN_MUTATION,require_super_admin|get_current_user|get_current_user,add|flush|raw_sql,
DELETE,/v1/admin/workflow-templates/{template_id}/steps/{step_id},delete_workflow_step,app.engines.admin_catalog.admin_router,DATABASE_MUTATION,PLATFORM_ADMIN_MUTATION,require_super_admin|get_current_user|get_current_user,add|flush,
POST,/v1/admin/workflow-templates/{template_id}/steps/reorder,reorder_workflow_steps,app.engines.admin_catalog.admin_router,DATABASE_MUTATION,PLATFORM_ADMIN_MUTATION,require_super_admin|get_current_user|get_current_user,flush,
POST,/v1/admin/workflow-templates/{template_id}/transitions,add_workflow_transition,app.engines.admin_catalog.admin_router,DATABASE_MUTATION,PLATFORM_ADMIN_MUTATION,require_super_admin|get_current_user|get_current_user,add|flush,
PUT,/v1/admin/workflow-templates/{template_id}/transitions/{transition_id},update_workflow_transition,app.engines.admin_catalog.admin_router,DATABASE_MUTATION,PLATFORM_ADMIN_MUTATION,require_super_admin|get_current_user|get_current_user,flush|raw_sql,
DELETE,/v1/admin/workflow-templates/{template_id}/transitions/{transition_id},delete_workflow_transition,app.engines.admin_catalog.admin_router,DATABASE_MUTATION,PLATFORM_ADMIN_MUTATION,require_super_admin|get_current_user|get_current_user,flush,
POST,/v1/admin/workflow-templates/{template_id}/mappings,create_workflow_mapping,app.engines.admin_catalog.admin_router,DATABASE_MUTATION,PLATFORM_ADMIN_MUTATION,require_super_admin|get_current_user|get_current_user,add|flush,
DELETE,/v1/admin/workflow-templates/{template_id}/mappings/{mapping_id},delete_workflow_mapping,app.engines.admin_catalog.admin_router,DATABASE_MUTATION,PLATFORM_ADMIN_MUTATION,require_super_admin|get_current_user|get_current_user,delete|flush,
POST,/v1/tenant/catalog/enable-service,enable_service,app.engines.admin_catalog.tenant_router,DATABASE_MUTATION,TENANT_PROVIDER_MUTATION,get_current_user|get_current_user,add|flush|raw_sql,
PUT,/v1/tenant/catalog/enabled-services/{tenant_service_id},update_enabled_service,app.engines.admin_catalog.tenant_router,DATABASE_MUTATION,TENANT_PROVIDER_MUTATION,get_current_user|get_current_user,flush|raw_sql,
POST,/v1/tenant/catalog/disable-service,disable_service,app.engines.admin_catalog.tenant_router,DATABASE_MUTATION,TENANT_PROVIDER_MUTATION,get_current_user|get_current_user,flush,
PUT,/v1/tenant/catalog/enabled-services/{tenant_service_id}/types,set_tenant_service_types,app.engines.admin_catalog.tenant_router,DATABASE_MUTATION,TENANT_PROVIDER_MUTATION,get_current_user|get_current_user,add|flush,
PUT,/v1/tenant/catalog/enabled-services/{tenant_service_id}/brands,set_tenant_service_brands,app.engines.admin_catalog.tenant_router,DATABASE_MUTATION,TENANT_PROVIDER_MUTATION,get_current_user|get_current_user,add|flush,
PUT,/v1/tenant/catalog/enabled-services/{tenant_service_id}/types/{service_type_id}/pricing,set_tenant_type_pricing,app.engines.admin_catalog.tenant_router,DATABASE_MUTATION,TENANT_PROVIDER_MUTATION,get_current_user|get_current_user,flush,
PUT,/v1/tenant/catalog/enabled-services/{tenant_service_id}/brands/{brand_id}/pricing,set_tenant_brand_pricing,app.engines.admin_catalog.tenant_router,DATABASE_MUTATION,TENANT_PROVIDER_MUTATION,get_current_user|get_current_user,add|flush,
POST,/v1/tenant/catalog/enabled-services/{tenant_service_id}/publish,publish_tenant_service,app.engines.admin_catalog.tenant_router,DATABASE_MUTATION,TENANT_PROVIDER_MUTATION,get_current_user|get_current_user,flush,
POST,/v1/tenant/catalog/enabled-services/{tenant_service_id}/save-draft,save_tenant_service_draft,app.engines.admin_catalog.tenant_router,DATABASE_MUTATION,TENANT_PROVIDER_MUTATION,get_current_user|get_current_user,flush,
POST,/v1/admin/brands,create_brand,app.engines.admin_catalog.brand_router,DATABASE_MUTATION,PLATFORM_ADMIN_MUTATION,require_super_admin|get_current_user|get_current_user,add|flush,
POST,/v1/admin/brands/seed,seed_brands,app.engines.admin_catalog.brand_router,DATABASE_MUTATION,PLATFORM_ADMIN_MUTATION,require_super_admin|get_current_user|get_current_user,add|commit,
PUT,/v1/admin/brands/{brand_id},update_brand,app.engines.admin_catalog.brand_router,DATABASE_MUTATION,PLATFORM_ADMIN_MUTATION,require_super_admin|get_current_user|get_current_user,add|flush|raw_sql,
POST,/v1/admin/brands/{brand_id}/activate,activate_brand,app.engines.admin_catalog.brand_router,DATABASE_MUTATION,PLATFORM_ADMIN_MUTATION,require_super_admin|get_current_user|get_current_user,add|flush,
POST,/v1/admin/brands/{brand_id}/deactivate,deactivate_brand,app.engines.admin_catalog.brand_router,DATABASE_MUTATION,PLATFORM_ADMIN_MUTATION,require_super_admin|get_current_user|get_current_user,add|flush,
POST,/v1/admin/brands/{brand_id}/archive,archive_brand,app.engines.admin_catalog.brand_router,DATABASE_MUTATION,PLATFORM_ADMIN_MUTATION,require_super_admin|get_current_user|get_current_user,add|flush,
POST,/v1/admin/brands/{brand_id}/map-categories,map_brand_categories,app.engines.admin_catalog.brand_router,DATABASE_MUTATION,PLATFORM_ADMIN_MUTATION,require_super_admin|get_current_user|get_current_user,add|flush,
DELETE,/v1/admin/brands/{brand_id}/category-mappings/{category_id},unmap_brand_category,app.engines.admin_catalog.brand_router,DATABASE_MUTATION,PLATFORM_ADMIN_MUTATION,require_super_admin|get_current_user|get_current_user,add|flush,
POST,/v1/admin/brands/{brand_id}/map-services,map_brand_services,app.engines.admin_catalog.brand_router,DATABASE_MUTATION,PLATFORM_ADMIN_MUTATION,require_super_admin|get_current_user|get_current_user,add|flush,
DELETE,/v1/admin/brands/{brand_id}/service-mappings/{service_id},unmap_brand_service,app.engines.admin_catalog.brand_router,DATABASE_MUTATION,PLATFORM_ADMIN_MUTATION,require_super_admin|get_current_user|get_current_user,add|flush,
POST,/v1/admin/brands/bulk-map-services,bulk_map_services,app.engines.admin_catalog.brand_router,DATABASE_MUTATION,PLATFORM_ADMIN_MUTATION,require_super_admin|get_current_user|get_current_user,add|flush,
POST,/v1/admin/brands/{brand_id}/merge,merge_brand,app.engines.admin_catalog.brand_router,DATABASE_MUTATION,PLATFORM_ADMIN_MUTATION,require_super_admin|get_current_user|get_current_user,add|flush,
POST,/v1/admin/brand-requests/{request_id}/approve,approve_brand_request,app.engines.admin_catalog.brand_router,DATABASE_MUTATION,PLATFORM_ADMIN_MUTATION,require_super_admin|get_current_user|get_current_user,add|flush,
POST,/v1/admin/brand-requests/{request_id}/reject,reject_brand_request,app.engines.admin_catalog.brand_router,DATABASE_MUTATION,PLATFORM_ADMIN_MUTATION,require_super_admin|get_current_user|get_current_user,add|flush,
POST,/v1/admin/brand-requests/{request_id}/merge,merge_brand_request,app.engines.admin_catalog.brand_router,DATABASE_MUTATION,PLATFORM_ADMIN_MUTATION,require_super_admin|get_current_user|get_current_user,add|flush,
POST,/v1/admin/brand-templates,create_brand_template,app.engines.admin_catalog.brand_router,DATABASE_MUTATION,PLATFORM_ADMIN_MUTATION,require_super_admin|get_current_user|get_current_user,add|flush,
POST,/v1/admin/brand-templates/{template_id}/apply,apply_brand_template,app.engines.admin_catalog.brand_router,DATABASE_MUTATION,PLATFORM_ADMIN_MUTATION,require_super_admin|get_current_user|get_current_user,add|flush,
POST,/v1/provider/brands/services/{service_id}/supported,set_supported_brands,app.engines.admin_catalog.brand_provider_router,DATABASE_MUTATION,TENANT_PROVIDER_MUTATION,require_technician|get_current_user|require_technician|get_current_user,add|flush,
POST,/v1/provider/brands/requests,create_brand_request,app.engines.admin_catalog.brand_provider_router,DATABASE_MUTATION,TENANT_PROVIDER_MUTATION,require_technician|get_current_user|require_technician|get_current_user,add|flush,
POST,/v1/admin/service-option-groups,create_option_group,app.engines.admin_catalog.service_option_admin_router,DATABASE_MUTATION,PLATFORM_ADMIN_MUTATION,require_super_admin|get_current_user|get_current_user,add|commit|flush,
PUT,/v1/admin/service-option-groups/{group_id},update_option_group,app.engines.admin_catalog.service_option_admin_router,DATABASE_MUTATION,PLATFORM_ADMIN_MUTATION,require_super_admin|get_current_user|get_current_user,add|commit|flush,
POST,/v1/admin/service-options/{option_id}/activate,activate_service_option,app.engines.admin_catalog.service_option_admin_router,DATABASE_MUTATION,PLATFORM_ADMIN_MUTATION,require_super_admin|get_current_user|get_current_user,commit,
POST,/v1/admin/service-options/{option_id}/deactivate,deactivate_service_option,app.engines.admin_catalog.service_option_admin_router,DATABASE_MUTATION,PLATFORM_ADMIN_MUTATION,require_super_admin|get_current_user|get_current_user,commit,
POST,/v1/admin/service-options/{option_id}/archive,archive_service_option,app.engines.admin_catalog.service_option_admin_router,DATABASE_MUTATION,PLATFORM_ADMIN_MUTATION,require_super_admin|get_current_user|get_current_user,commit,
POST,/v1/admin/issue-types-v2,create_issue_type,app.engines.admin_catalog.service_option_admin_router,DATABASE_MUTATION,PLATFORM_ADMIN_MUTATION,require_super_admin|get_current_user|get_current_user,add|commit|flush,
PUT,/v1/admin/issue-types-v2/{issue_id},update_issue_type,app.engines.admin_catalog.service_option_admin_router,DATABASE_MUTATION,PLATFORM_ADMIN_MUTATION,require_super_admin|get_current_user|get_current_user,add|commit|flush,
POST,/v1/admin/issue-types-v2/{issue_id}/activate,activate_issue_type,app.engines.admin_catalog.service_option_admin_router,DATABASE_MUTATION,PLATFORM_ADMIN_MUTATION,require_super_admin|get_current_user|get_current_user,commit,
POST,/v1/admin/issue-types-v2/{issue_id}/deactivate,deactivate_issue_type,app.engines.admin_catalog.service_option_admin_router,DATABASE_MUTATION,PLATFORM_ADMIN_MUTATION,require_super_admin|get_current_user|get_current_user,commit,
POST,/v1/admin/issue-types-v2/{issue_id}/archive,archive_issue_type,app.engines.admin_catalog.service_option_admin_router,DATABASE_MUTATION,PLATFORM_ADMIN_MUTATION,require_super_admin|get_current_user|get_current_user,commit,
POST,/v1/admin/master-services/{service_id}/options,add_service_option_mapping,app.engines.admin_catalog.service_option_admin_router,DATABASE_MUTATION,PLATFORM_ADMIN_MUTATION,require_super_admin|get_current_user|get_current_user,add|commit|flush,
PUT,/v1/admin/master-services/{service_id}/options/{mapping_id},update_service_option_mapping,app.engines.admin_catalog.service_option_admin_router,DATABASE_MUTATION,PLATFORM_ADMIN_MUTATION,require_super_admin|get_current_user|get_current_user,commit,
DELETE,/v1/admin/master-services/{service_id}/options/{mapping_id},remove_service_option_mapping,app.engines.admin_catalog.service_option_admin_router,DATABASE_MUTATION,PLATFORM_ADMIN_MUTATION,require_super_admin|get_current_user|get_current_user,add|commit|flush,
POST,/v1/admin/master-services/{service_id}/issues,add_service_issue_mapping,app.engines.admin_catalog.service_option_admin_router,DATABASE_MUTATION,PLATFORM_ADMIN_MUTATION,require_super_admin|get_current_user|get_current_user,add|commit|flush,
PUT,/v1/admin/master-services/{service_id}/issues/{mapping_id},update_service_issue_mapping,app.engines.admin_catalog.service_option_admin_router,DATABASE_MUTATION,PLATFORM_ADMIN_MUTATION,require_super_admin|get_current_user|get_current_user,commit,
DELETE,/v1/admin/master-services/{service_id}/issues/{mapping_id},remove_service_issue_mapping,app.engines.admin_catalog.service_option_admin_router,DATABASE_MUTATION,PLATFORM_ADMIN_MUTATION,require_super_admin|get_current_user|get_current_user,add|commit|flush,
POST,/v1/admin/checklists,create_checklist_item,app.engines.admin_catalog.service_option_admin_router,DATABASE_MUTATION,PLATFORM_ADMIN_MUTATION,require_super_admin|get_current_user|get_current_user,add|commit|flush,
POST,/v1/admin/checklists/seed-defaults,seed_default_checklists,app.engines.admin_catalog.service_option_admin_router,DATABASE_MUTATION,PLATFORM_ADMIN_MUTATION,require_super_admin|get_current_user|get_current_user,add|commit|flush,
PUT,/v1/admin/checklists/{item_id},update_checklist_item,app.engines.admin_catalog.service_option_admin_router,DATABASE_MUTATION,PLATFORM_ADMIN_MUTATION,require_super_admin|get_current_user|get_current_user,add|commit|flush,
POST,/v1/admin/checklists/{item_id}/enable,enable_checklist_item,app.engines.admin_catalog.service_option_admin_router,DATABASE_MUTATION,PLATFORM_ADMIN_MUTATION,require_super_admin|get_current_user|get_current_user,commit,
POST,/v1/admin/checklists/{item_id}/disable,disable_checklist_item,app.engines.admin_catalog.service_option_admin_router,DATABASE_MUTATION,PLATFORM_ADMIN_MUTATION,require_super_admin|get_current_user|get_current_user,commit,
POST,/v1/admin/checklists/{item_id}/archive,archive_checklist_item,app.engines.admin_catalog.service_option_admin_router,DATABASE_MUTATION,PLATFORM_ADMIN_MUTATION,require_super_admin|get_current_user|get_current_user,commit,
POST,/v1/provider/setup/services/{service_id}/supported-options,set_supported_options,app.engines.admin_catalog.service_option_provider_router,DATABASE_MUTATION,TENANT_PROVIDER_MUTATION,require_technician|get_current_user|require_technician|get_current_user,add|commit|flush,
POST,/v1/admin/service-setup-templates,create_template,app.engines.admin_catalog.service_setup_template_router,DATABASE_MUTATION,PLATFORM_ADMIN_MUTATION,require_super_admin|get_current_user,add|commit|flush,
PUT,/v1/admin/service-setup-templates/{template_id},update_template,app.engines.admin_catalog.service_setup_template_router,DATABASE_MUTATION,PLATFORM_ADMIN_MUTATION,require_super_admin|get_current_user,add|commit|flush,
POST,/v1/admin/service-setup-templates/{template_id}/publish,publish_template,app.engines.admin_catalog.service_setup_template_router,DATABASE_MUTATION,PLATFORM_ADMIN_MUTATION,require_super_admin|get_current_user,commit,
POST,/v1/admin/service-setup-templates/{template_id}/archive,archive_template,app.engines.admin_catalog.service_setup_template_router,DATABASE_MUTATION,PLATFORM_ADMIN_MUTATION,require_super_admin|get_current_user,commit,
DELETE,/v1/admin/service-setup-templates/{template_id},delete_template,app.engines.admin_catalog.service_setup_template_router,DATABASE_MUTATION,PLATFORM_ADMIN_MUTATION,require_super_admin|get_current_user,add|commit|flush,
POST,/v1/admin/service-setup-templates/{template_id}/items,add_item,app.engines.admin_catalog.service_setup_template_router,DATABASE_MUTATION,PLATFORM_ADMIN_MUTATION,require_super_admin|get_current_user,add|commit|flush,
PUT,/v1/admin/service-setup-templates/{template_id}/items/{item_id},update_item,app.engines.admin_catalog.service_setup_template_router,DATABASE_MUTATION,PLATFORM_ADMIN_MUTATION,require_super_admin|get_current_user,add|commit|flush,
DELETE,/v1/admin/service-setup-templates/{template_id}/items/{item_id},remove_item,app.engines.admin_catalog.service_setup_template_router,DATABASE_MUTATION,PLATFORM_ADMIN_MUTATION,require_super_admin|get_current_user,add|commit|flush,
POST,/v1/admin/service-setup-templates/{template_id}/relationships,add_relationship,app.engines.admin_catalog.service_setup_template_router,DATABASE_MUTATION,PLATFORM_ADMIN_MUTATION,require_super_admin|get_current_user,add|commit|flush,
DELETE,/v1/admin/service-setup-templates/{template_id}/relationships/{rel_id},remove_relationship,app.engines.admin_catalog.service_setup_template_router,DATABASE_MUTATION,PLATFORM_ADMIN_MUTATION,require_super_admin|get_current_user,add|commit|flush,
POST,/v1/admin/service-setup-templates/{template_id}/apply,apply_template,app.engines.admin_catalog.service_setup_template_router,DATABASE_MUTATION,PLATFORM_ADMIN_MUTATION,require_super_admin|get_current_user,add|commit|flush,
PUT,/v1/admin/home-services/service-catalog/services/{service_id}/types/{service_type_id}/limits,set_console_type_limits,app.engines.admin_catalog.home_services_catalog_console_router,DATABASE_MUTATION,PLATFORM_ADMIN_MUTATION,get_current_user|get_current_user,add|flush,
PUT,/v1/admin/home-services/service-catalog/services/{service_id}/brands/{mapping_id}/behavior,set_console_brand_behavior,app.engines.admin_catalog.home_services_catalog_console_router,DATABASE_MUTATION,PLATFORM_ADMIN_MUTATION,get_current_user|get_current_user,flush,
PUT,/v1/admin/home-services/service-catalog/services/{service_id}/brands/{brand_id}/limits,set_console_brand_limits,app.engines.admin_catalog.home_services_catalog_console_router,DATABASE_MUTATION,PLATFORM_ADMIN_MUTATION,get_current_user|get_current_user,add|flush,
POST,/v1/admin/bulk-setup/drafts,create_draft,app.engines.admin_catalog.bulk_setup_router,DATABASE_MUTATION,PLATFORM_ADMIN_MUTATION,require_super_admin|get_current_user,add|commit|flush,
PUT,/v1/admin/bulk-setup/drafts/{draft_id},update_draft,app.engines.admin_catalog.bulk_setup_router,DATABASE_MUTATION,PLATFORM_ADMIN_MUTATION,require_super_admin|get_current_user,commit|raw_sql,
DELETE,/v1/admin/bulk-setup/drafts/{draft_id},delete_draft,app.engines.admin_catalog.bulk_setup_router,DATABASE_MUTATION,PLATFORM_ADMIN_MUTATION,require_super_admin|get_current_user,commit,
POST,/v1/admin/bulk-setup/drafts/{draft_id}/category,set_category,app.engines.admin_catalog.bulk_setup_router,DATABASE_MUTATION,PLATFORM_ADMIN_MUTATION,require_super_admin|get_current_user,commit,
POST,/v1/admin/bulk-setup/drafts/{draft_id}/services,set_services,app.engines.admin_catalog.bulk_setup_router,DATABASE_MUTATION,PLATFORM_ADMIN_MUTATION,require_super_admin|get_current_user,commit,
POST,/v1/admin/bulk-setup/drafts/{draft_id}/templates,set_templates,app.engines.admin_catalog.bulk_setup_router,DATABASE_MUTATION,PLATFORM_ADMIN_MUTATION,require_super_admin|get_current_user,commit,
POST,/v1/admin/bulk-setup/drafts/{draft_id}/brand-mappings,set_brand_mappings,app.engines.admin_catalog.bulk_setup_router,DATABASE_MUTATION,PLATFORM_ADMIN_MUTATION,require_super_admin|get_current_user,commit,
POST,/v1/admin/bulk-setup/drafts/{draft_id}/option-mappings,set_option_mappings,app.engines.admin_catalog.bulk_setup_router,DATABASE_MUTATION,PLATFORM_ADMIN_MUTATION,require_super_admin|get_current_user,commit,
POST,/v1/admin/bulk-setup/drafts/{draft_id}/issue-mappings,set_issue_mappings,app.engines.admin_catalog.bulk_setup_router,DATABASE_MUTATION,PLATFORM_ADMIN_MUTATION,require_super_admin|get_current_user,commit,
POST,/v1/admin/bulk-setup/drafts/{draft_id}/document-mappings,set_document_mappings,app.engines.admin_catalog.bulk_setup_router,DATABASE_MUTATION,PLATFORM_ADMIN_MUTATION,require_super_admin|get_current_user,commit,
POST,/v1/admin/bulk-setup/drafts/{draft_id}/checklist-mappings,set_checklist_mappings,app.engines.admin_catalog.bulk_setup_router,DATABASE_MUTATION,PLATFORM_ADMIN_MUTATION,require_super_admin|get_current_user,commit,
POST,/v1/admin/bulk-setup/drafts/{draft_id}/pricing-mappings,set_pricing_mappings,app.engines.admin_catalog.bulk_setup_router,DATABASE_MUTATION,PLATFORM_ADMIN_MUTATION,require_super_admin|get_current_user,commit,
POST,/v1/admin/bulk-setup/drafts/{draft_id}/commission-mappings,set_commission_mappings,app.engines.admin_catalog.bulk_setup_router,DATABASE_MUTATION,PLATFORM_ADMIN_MUTATION,require_super_admin|get_current_user,commit,
POST,/v1/admin/bulk-setup/drafts/{draft_id}/workflow-mappings,set_workflow_mappings,app.engines.admin_catalog.bulk_setup_router,DATABASE_MUTATION,PLATFORM_ADMIN_MUTATION,require_super_admin|get_current_user,commit,
POST,/v1/admin/bulk-setup/drafts/{draft_id}/preview,preview_draft,app.engines.admin_catalog.bulk_setup_router,DATABASE_MUTATION,PLATFORM_ADMIN_MUTATION,require_super_admin|get_current_user,commit,
POST,/v1/admin/bulk-setup/drafts/{draft_id}/apply,apply_draft,app.engines.admin_catalog.bulk_setup_router,DATABASE_MUTATION,PLATFORM_ADMIN_MUTATION,require_super_admin|get_current_user,add|commit|flush,
POST,/v1/admin/recommendation-rules,create_rule,app.engines.admin_catalog.recommendation_router,DATABASE_MUTATION,PLATFORM_ADMIN_MUTATION,require_super_admin|get_current_user,add|commit|flush,
PUT,/v1/admin/recommendation-rules/{rule_id},update_rule,app.engines.admin_catalog.recommendation_router,DATABASE_MUTATION,PLATFORM_ADMIN_MUTATION,require_super_admin|get_current_user,commit|raw_sql,
DELETE,/v1/admin/recommendation-rules/{rule_id},delete_rule,app.engines.admin_catalog.recommendation_router,DATABASE_MUTATION,PLATFORM_ADMIN_MUTATION,require_super_admin|get_current_user,commit,
POST,/v1/admin/recommendation-rules/{rule_id}/activate,activate_rule,app.engines.admin_catalog.recommendation_router,DATABASE_MUTATION,PLATFORM_ADMIN_MUTATION,require_super_admin|get_current_user,commit,
POST,/v1/admin/recommendation-rules/{rule_id}/deactivate,deactivate_rule,app.engines.admin_catalog.recommendation_router,DATABASE_MUTATION,PLATFORM_ADMIN_MUTATION,require_super_admin|get_current_user,commit,
POST,/v1/admin/recommendation-rules/{rule_id}/archive,archive_rule,app.engines.admin_catalog.recommendation_router,DATABASE_MUTATION,PLATFORM_ADMIN_MUTATION,require_super_admin|get_current_user,commit,
POST,/v1/admin/recommendation-rules/{rule_id}/simulate,simulate_rule,app.engines.admin_catalog.recommendation_router,DATABASE_MUTATION,PLATFORM_ADMIN_MUTATION,require_super_admin|get_current_user,commit,
POST,/v1/recommendations/{result_id}/accept,accept_recommendation,app.engines.admin_catalog.recommendation_router,DATABASE_MUTATION,PLATFORM_ADMIN_MUTATION,require_super_admin|get_current_user,commit,
POST,/v1/recommendations/{result_id}/reject,reject_recommendation,app.engines.admin_catalog.recommendation_router,DATABASE_MUTATION,PLATFORM_ADMIN_MUTATION,require_super_admin|get_current_user,commit,
POST,/v1/customer/flow/drafts,create_draft,app.engines.admin_catalog.customer_flow_router,DATABASE_MUTATION,CUSTOMER_SELF_SERVICE_MUTATION,get_current_user,add|commit|flush,
PATCH,/v1/customer/flow/drafts/{draft_id},update_draft,app.engines.admin_catalog.customer_flow_router,DATABASE_MUTATION,CUSTOMER_SELF_SERVICE_MUTATION,get_current_user,commit|raw_sql,
POST,/v1/customer/flow/drafts/{draft_id}/estimate,estimate_draft,app.engines.admin_catalog.customer_flow_router,DATABASE_MUTATION,CUSTOMER_SELF_SERVICE_MUTATION,get_current_user,commit,
POST,/v1/customer/flow/drafts/{draft_id}/confirm,confirm_draft,app.engines.admin_catalog.customer_flow_router,DATABASE_MUTATION,CUSTOMER_SELF_SERVICE_MUTATION,get_current_user,commit,
POST,/v1/customer/flow/drafts/{draft_id}/cancel,cancel_draft,app.engines.admin_catalog.customer_flow_router,DATABASE_MUTATION,CUSTOMER_SELF_SERVICE_MUTATION,get_current_user,commit,
POST,/v1/admin/tenants/onboard,onboard_tenant,app.engines.tenant_engine.admin_router,DATABASE_MUTATION,PLATFORM_ADMIN_MUTATION,require_super_admin|get_current_user,add|flush,
PATCH,/v1/admin/tenants/{tenant_id},update_tenant,app.engines.tenant_engine.admin_router,DATABASE_MUTATION,PLATFORM_ADMIN_MUTATION,require_super_admin|get_current_user,add,
POST,/v1/admin/tenants/{tenant_id}/verify,verify_tenant,app.engines.tenant_engine.admin_router,DATABASE_MUTATION,PLATFORM_ADMIN_MUTATION,require_super_admin|get_current_user,add,
POST,/v1/admin/tenants/{tenant_id}/reject-verification,reject_verification,app.engines.tenant_engine.admin_router,DATABASE_MUTATION,PLATFORM_ADMIN_MUTATION,require_super_admin|get_current_user,add,
POST,/v1/admin/tenants/{tenant_id}/activate,activate_tenant,app.engines.tenant_engine.admin_router,DATABASE_MUTATION,PLATFORM_ADMIN_MUTATION,require_super_admin|get_current_user,add|flush,
POST,/v1/admin/tenants/{tenant_id}/suspend,suspend_tenant,app.engines.tenant_engine.admin_router,DATABASE_AND_EXTERNAL_MUTATION,PLATFORM_ADMIN_MUTATION,require_super_admin|get_current_user,add,publish
POST,/v1/admin/tenants/{tenant_id}/notes,add_admin_note,app.engines.tenant_engine.admin_router,DATABASE_MUTATION,PLATFORM_ADMIN_MUTATION,require_super_admin|get_current_user,add,
POST,/v1/admin/tenants/{tenant_id}/archive,archive_tenant,app.engines.tenant_engine.admin_router,DATABASE_MUTATION,PLATFORM_ADMIN_MUTATION,require_super_admin|get_current_user,add,
POST,/v1/admin/tenants/{tenant_id}/reactivate,reactivate_tenant,app.engines.tenant_engine.admin_router,DATABASE_MUTATION,PLATFORM_ADMIN_MUTATION,require_super_admin|get_current_user,add,
POST,/v1/admin/tenants/{tenant_id}/request-changes,request_changes,app.engines.tenant_engine.admin_router,DATABASE_MUTATION,PLATFORM_ADMIN_MUTATION,require_super_admin|get_current_user,add,
POST,/v1/admin/tenants/{tenant_id}/add-usage-credits,add_usage_credits,app.engines.tenant_engine.admin_router,DATABASE_MUTATION,PLATFORM_ADMIN_MUTATION,require_super_admin|get_current_user,commit,
POST,/v1/admin/tenants/{tenant_id}/change-plan,change_plan,app.engines.tenant_engine.admin_router,DATABASE_MUTATION,PLATFORM_ADMIN_MUTATION,require_super_admin|get_current_user,add,
POST,/v1/admin/tenants/{tenant_id}/send-notification,send_notification,app.engines.tenant_engine.admin_router,DATABASE_MUTATION,PLATFORM_ADMIN_MUTATION,require_super_admin|get_current_user,add,
PATCH,/v1/admin/tenants/{tenant_id}/settings,update_settings,app.engines.tenant_engine.admin_router,DATABASE_MUTATION,PLATFORM_ADMIN_MUTATION,require_super_admin|get_current_user,add,
POST,/v1/admin/tenants/{tenant_id}/users,create_user,app.engines.tenant_engine.admin_router,DATABASE_MUTATION,PLATFORM_ADMIN_MUTATION,require_super_admin|get_current_user,add|flush,
PATCH,/v1/admin/tenants/{tenant_id}/users/{user_id},update_user,app.engines.tenant_engine.admin_router,DATABASE_MUTATION,PLATFORM_ADMIN_MUTATION,require_super_admin|get_current_user,add,
POST,/v1/admin/tenants/{tenant_id}/users/{user_id}/activate,activate_user,app.engines.tenant_engine.admin_router,DATABASE_MUTATION,PLATFORM_ADMIN_MUTATION,require_super_admin|get_current_user,add,
POST,/v1/admin/tenants/{tenant_id}/users/{user_id}/suspend,suspend_user,app.engines.tenant_engine.admin_router,DATABASE_MUTATION,PLATFORM_ADMIN_MUTATION,require_super_admin|get_current_user,add,
POST,/v1/admin/tenants/{tenant_id}/users/{user_id}/reset-password,reset_user_password,app.engines.tenant_engine.admin_router,DATABASE_MUTATION,PLATFORM_ADMIN_MUTATION,require_super_admin|get_current_user,add,
POST,/v1/admin/tenants/{tenant_id}/staff,create_staff,app.engines.tenant_engine.admin_router,DATABASE_MUTATION,PLATFORM_ADMIN_MUTATION,require_super_admin|get_current_user,add|flush,
PATCH,/v1/admin/tenants/{tenant_id}/staff/{staff_id},update_staff,app.engines.tenant_engine.admin_router,DATABASE_MUTATION,PLATFORM_ADMIN_MUTATION,require_super_admin|get_current_user,add,
POST,/v1/admin/tenants/{tenant_id}/staff/{staff_id}/activate,activate_staff,app.engines.tenant_engine.admin_router,DATABASE_MUTATION,PLATFORM_ADMIN_MUTATION,require_super_admin|get_current_user,add,
POST,/v1/admin/tenants/{tenant_id}/staff/{staff_id}/deactivate,deactivate_staff,app.engines.tenant_engine.admin_router,DATABASE_MUTATION,PLATFORM_ADMIN_MUTATION,require_super_admin|get_current_user,add|sqlalchemy.update(),
POST,/v1/admin/tenants/{tenant_id}/staff/{staff_id}/reset-password,reset_staff_password,app.engines.tenant_engine.admin_router,DATABASE_MUTATION,PLATFORM_ADMIN_MUTATION,require_super_admin|get_current_user,add,
PATCH,/v1/admin/tenants/{tenant_id}/staff/{staff_id}/photo,update_staff_photo,app.engines.tenant_engine.admin_router,DATABASE_MUTATION,PLATFORM_ADMIN_MUTATION,require_super_admin|get_current_user,add,
POST,/v1/admin/tenants/{tenant_id}/offerings/enabled/{offering_id}/suspend,admin_suspend_offering,app.engines.tenant_engine.admin_router,DATABASE_MUTATION,PLATFORM_ADMIN_MUTATION,require_super_admin|get_current_user,commit|raw_sql,
POST,/v1/admin/tenants/{tenant_id}/offerings/enabled/{offering_id}/reactivate,admin_reactivate_offering,app.engines.tenant_engine.admin_router,DATABASE_MUTATION,PLATFORM_ADMIN_MUTATION,require_super_admin|get_current_user,commit|raw_sql,
POST,/v1/admin/tenants/{tenant_id}/offerings/refresh-readiness,admin_refresh_offerings_readiness,app.engines.tenant_engine.admin_router,DATABASE_MUTATION,PLATFORM_ADMIN_MUTATION,require_super_admin|get_current_user,commit|raw_sql,
PATCH,/v1/tenant/profile,update_profile,app.engines.tenant_engine.portal_router,DATABASE_MUTATION,TENANT_PROVIDER_MUTATION,require_tenant_owner_mutation|require_tenant_owner|get_current_user,add,
PATCH,/v1/tenant/settings,update_settings,app.engines.tenant_engine.portal_router,DATABASE_MUTATION,TENANT_PROVIDER_MUTATION,require_tenant_owner_mutation|require_tenant_owner|get_current_user,add,
POST,/v1/tenant/users,create_user,app.engines.tenant_engine.portal_router,DATABASE_MUTATION,TENANT_PROVIDER_MUTATION,require_tenant_owner_mutation|require_tenant_owner|get_current_user,add|flush,
POST,/v1/tenant/users/{user_id}/suspend,suspend_user,app.engines.tenant_engine.portal_router,DATABASE_MUTATION,TENANT_PROVIDER_MUTATION,require_tenant_owner_mutation|require_tenant_owner|get_current_user,add,
POST,/v1/tenant/staff,create_staff,app.engines.tenant_engine.portal_router,DATABASE_MUTATION,TENANT_PROVIDER_MUTATION,require_tenant_owner_mutation|require_tenant_owner|get_current_user,add|flush,
POST,/v1/tenant/staff/{staff_id}/deactivate,deactivate_staff,app.engines.tenant_engine.portal_router,DATABASE_MUTATION,TENANT_PROVIDER_MUTATION,require_tenant_owner_mutation|require_tenant_owner|get_current_user,add|sqlalchemy.update(),
PATCH,/v1/tenant/staff/{staff_id}/photo,update_staff_photo,app.engines.tenant_engine.portal_router,DATABASE_MUTATION,TENANT_PROVIDER_MUTATION,require_tenant_owner_mutation|require_tenant_owner|get_current_user,add,
POST,/v1/admin/packages,create_package,app.engines.package_commerce.admin_router,DATABASE_MUTATION,PLATFORM_ADMIN_MUTATION,get_current_user,add|flush,
PUT,/v1/admin/packages/{package_id},update_package,app.engines.package_commerce.admin_router,DATABASE_MUTATION,PLATFORM_ADMIN_MUTATION,get_current_user,add|raw_sql,
DELETE,/v1/admin/packages/{package_id},delete_package,app.engines.package_commerce.admin_router,DATABASE_MUTATION,PLATFORM_ADMIN_MUTATION,get_current_user,add,
POST,/v1/admin/packages/{package_id}/activate,activate_package,app.engines.package_commerce.admin_router,DATABASE_MUTATION,PLATFORM_ADMIN_MUTATION,get_current_user,add,
POST,/v1/admin/packages/{package_id}/deactivate,deactivate_package,app.engines.package_commerce.admin_router,DATABASE_MUTATION,PLATFORM_ADMIN_MUTATION,get_current_user,add,
POST,/v1/admin/packages/{package_id}/clone,clone_package,app.engines.package_commerce.admin_router,DATABASE_MUTATION,PLATFORM_ADMIN_MUTATION,get_current_user,add|flush,
POST,/v1/admin/packages/{package_id}/features,create_package_feature,app.engines.package_commerce.admin_router,DATABASE_MUTATION,PLATFORM_ADMIN_MUTATION,get_current_user,add|flush,
PUT,/v1/admin/packages/{package_id}/features/{feature_id},update_package_feature,app.engines.package_commerce.admin_router,DATABASE_MUTATION,PLATFORM_ADMIN_MUTATION,get_current_user,flush|raw_sql,
POST,/v1/admin/packages/{package_id}/limits,create_package_limit,app.engines.package_commerce.admin_router,DATABASE_MUTATION,PLATFORM_ADMIN_MUTATION,get_current_user,add|flush,
PUT,/v1/admin/packages/{package_id}/limits/{limit_id},update_package_limit,app.engines.package_commerce.admin_router,DATABASE_MUTATION,PLATFORM_ADMIN_MUTATION,get_current_user,flush|raw_sql,
POST,/v1/admin/tenants/{tenant_id}/packages/{package_id}/purchase,admin_purchase_package,app.engines.package_commerce.admin_router,DATABASE_MUTATION,PLATFORM_ADMIN_MUTATION,get_current_user,add|commit|flush,
POST,/v1/admin/tenants/{tenant_id}/credit-wallet/top-up,admin_topup_wallet,app.engines.package_commerce.admin_router,DATABASE_MUTATION,PLATFORM_ADMIN_MUTATION,get_current_user,commit,
POST,/v1/admin/tenants/{tenant_id}/credit-wallet/adjust,admin_adjust_wallet,app.engines.package_commerce.admin_router,DATABASE_MUTATION,PLATFORM_ADMIN_MUTATION,get_current_user,commit,
POST,/v1/admin/jobs/{job_id}/deduct-commission,admin_deduct_commission,app.engines.package_commerce.admin_router,DATABASE_AND_EXTERNAL_MUTATION,PLATFORM_ADMIN_MUTATION,require_super_admin|get_current_user,add|flush,debit_wallet
POST,/v1/admin/jobs/{job_id}/calculate-commission,admin_calculate_commission,app.engines.package_commerce.admin_router,DATABASE_MUTATION,PLATFORM_ADMIN_MUTATION,require_super_admin|get_current_user,add|flush,
POST,/v1/tenant/packages/{package_id}/purchase,tenant_purchase_package,app.engines.package_commerce.tenant_router,DATABASE_MUTATION,TENANT_PROVIDER_MUTATION,require_tenant_owner_mutation|require_tenant_owner|get_current_user,add|commit|flush,
POST,/v1/admin/locations/states,admin_create_state,app.engines.location_engine.router,DATABASE_MUTATION,PLATFORM_ADMIN_MUTATION,require_super_admin|get_current_user,add|flush,
POST,/v1/admin/locations/states/{state_id}/districts,admin_create_district,app.engines.location_engine.router,DATABASE_MUTATION,PLATFORM_ADMIN_MUTATION,require_super_admin|get_current_user,add|flush,
POST,/v1/admin/locations/districts/{district_id}/cities,admin_create_city,app.engines.location_engine.router,DATABASE_MUTATION,PLATFORM_ADMIN_MUTATION,require_super_admin|get_current_user,add|flush,
POST,/v1/admin/locations/cities/{city_id}/zones,admin_create_zone,app.engines.location_engine.router,DATABASE_MUTATION,PLATFORM_ADMIN_MUTATION,require_super_admin|get_current_user,add|flush,
GET,/v1/ds/tenants/{tenant_id}/churn/score,get_churn_score,app.engines.data_science.router,MUTATING_GET,MIXED_PERSONA_MUTATION,get_current_user|get_current_user,add|flush,
GET,/v1/ds/tenants/{tenant_id}/churn/factors,get_churn_factors,app.engines.data_science.router,MUTATING_GET,MIXED_PERSONA_MUTATION,get_current_user|get_current_user,add,
GET,/v1/ds/tenants/{tenant_id}/demand/forecast,get_forecast,app.engines.data_science.router,MUTATING_GET,MIXED_PERSONA_MUTATION,get_current_user|get_current_user,add|flush,
POST,/v1/ds/tenants/{tenant_id}/demand/recompute,trigger_recompute,app.engines.data_science.router,DATABASE_MUTATION,MIXED_PERSONA_MUTATION,get_current_user|get_current_user,add|flush,
GET,/v1/ds/tenants/{tenant_id}/pricing/recommendations,pricing_recs,app.engines.data_science.router,MUTATING_GET,MIXED_PERSONA_MUTATION,get_current_user|get_current_user,add|flush,
POST,/v1/ds/tenants/{tenant_id}/pricing/apply,apply_pricing,app.engines.data_science.router,DATABASE_MUTATION,MIXED_PERSONA_MUTATION,get_current_user|get_current_user,raw_sql,
POST,/v1/ds/tenants/{tenant_id}/staff/{staff_id}/signal,update_staff_signal,app.engines.data_science.router,DATABASE_MUTATION,PLATFORM_ADMIN_MUTATION,require_super_admin|get_current_user|get_current_user,add|flush|raw_sql,
GET,/v1/ds/tenants/{tenant_id}/customers/{customer_id}/ltv,customer_ltv,app.engines.data_science.router,MUTATING_GET,MIXED_PERSONA_MUTATION,get_current_user|get_current_user,add|flush,
POST,/v1/ds/tenants/{tenant_id}/customers/{customer_id}/ltv/recompute,recompute_ltv,app.engines.data_science.router,DATABASE_MUTATION,MIXED_PERSONA_MUTATION,get_current_user|get_current_user,add|flush,
POST,/v1/ds/models/{model_type}/retrain,trigger_retrain,app.engines.data_science.router,DATABASE_MUTATION,PLATFORM_ADMIN_MUTATION,require_super_admin|get_current_user|get_current_user,add|flush,
POST,/v1/rag/knowledge-bases,create_kb,app.engines.rag.router,DATABASE_MUTATION,MIXED_PERSONA_MUTATION,get_current_user|get_current_user,add|flush,
PUT,/v1/rag/knowledge-bases/{kb_id},update_kb,app.engines.rag.router,DATABASE_MUTATION,MIXED_PERSONA_MUTATION,get_current_user|get_current_user,raw_sql,
DELETE,/v1/rag/knowledge-bases/{kb_id},delete_kb,app.engines.rag.router,DATABASE_MUTATION,MIXED_PERSONA_MUTATION,get_current_user|get_current_user,sqlalchemy.update(),
POST,/v1/rag/knowledge-bases/{kb_id}/documents,ingest_document,app.engines.rag.router,DATABASE_MUTATION,MIXED_PERSONA_MUTATION,get_current_user|get_current_user,add|flush,
DELETE,/v1/rag/documents/{doc_id},delete_document,app.engines.rag.router,DATABASE_MUTATION,MIXED_PERSONA_MUTATION,get_current_user|get_current_user,delete|sqlalchemy.update(),
POST,/v1/rag/documents/{doc_id}/reindex,reindex_document,app.engines.rag.router,DATABASE_MUTATION,MIXED_PERSONA_MUTATION,get_current_user|get_current_user,add|flush|sqlalchemy.update(),
POST,/v1/rag/query,query,app.engines.rag.router,DATABASE_MUTATION,TENANT_PROVIDER_MUTATION,get_current_user|get_current_user,add|flush,
PUT,/v1/settings/platform/{key},set_platform,app.engines.settings_engine.router,DATABASE_MUTATION,PLATFORM_ADMIN_MUTATION,require_super_admin|get_current_user|get_current_user,add,
DELETE,/v1/settings/platform/{key},delete_platform,app.engines.settings_engine.router,DATABASE_MUTATION,PLATFORM_ADMIN_MUTATION,require_super_admin|get_current_user|get_current_user,delete,
POST,/v1/settings/platform/bulk,bulk_set_platform,app.engines.settings_engine.router,DATABASE_MUTATION,PLATFORM_ADMIN_MUTATION,require_super_admin|get_current_user|get_current_user,add,
PUT,/v1/settings/plans/{plan_type}/{key},set_plan,app.engines.settings_engine.router,DATABASE_MUTATION,PLATFORM_ADMIN_MUTATION,require_super_admin|get_current_user|get_current_user,add,
DELETE,/v1/settings/plans/{plan_type}/{key},delete_plan,app.engines.settings_engine.router,DATABASE_MUTATION,PLATFORM_ADMIN_MUTATION,require_super_admin|get_current_user|get_current_user,delete,
PUT,/v1/settings/tenants/{tenant_id}/{key},set_tenant,app.engines.settings_engine.router,DATABASE_MUTATION,MIXED_PERSONA_MUTATION,get_current_user|get_current_user,add,
DELETE,/v1/settings/tenants/{tenant_id}/{key},delete_tenant,app.engines.settings_engine.router,DATABASE_MUTATION,MIXED_PERSONA_MUTATION,get_current_user|get_current_user,add|delete,
POST,/v1/admin/settings/seed-defaults/preview,seed_defaults_preview,app.engines.settings_engine.admin_router,DATABASE_MUTATION,PLATFORM_ADMIN_MUTATION,get_current_user|get_current_user,add,
POST,/v1/admin/settings/seed-defaults,seed_defaults,app.engines.settings_engine.admin_router,DATABASE_MUTATION,PLATFORM_ADMIN_MUTATION,get_current_user|get_current_user,add,
POST,/v1/admin/settings,create_setting,app.engines.settings_engine.admin_router,DATABASE_MUTATION,PLATFORM_ADMIN_MUTATION,get_current_user|get_current_user,add,
PUT,/v1/admin/settings/{setting_key},update_setting,app.engines.settings_engine.admin_router,DATABASE_MUTATION,PLATFORM_ADMIN_MUTATION,get_current_user|get_current_user,add|raw_sql,
POST,/v1/admin/settings/{setting_key}/enable,enable_setting,app.engines.settings_engine.admin_router,DATABASE_MUTATION,PLATFORM_ADMIN_MUTATION,get_current_user|get_current_user,add,
POST,/v1/admin/settings/{setting_key}/disable,disable_setting,app.engines.settings_engine.admin_router,DATABASE_MUTATION,PLATFORM_ADMIN_MUTATION,get_current_user|get_current_user,add,
POST,/v1/admin/settings/{setting_key}/rollback,rollback_setting,app.engines.settings_engine.admin_router,DATABASE_MUTATION,PLATFORM_ADMIN_MUTATION,get_current_user|get_current_user,add,
PUT,/v1/admin/settings/plans/{package_id},update_plan,app.engines.settings_engine.admin_router,DATABASE_MUTATION,PLATFORM_ADMIN_MUTATION,get_current_user,add|raw_sql,
PUT,/v1/admin/settings/categories/{category_id},update_category_settings,app.engines.settings_engine.admin_router,DATABASE_MUTATION,PLATFORM_ADMIN_MUTATION,get_current_user,raw_sql,
POST,/v1/admin/settings/tenant-overrides,create_tenant_override,app.engines.settings_engine.admin_router,DATABASE_MUTATION,PLATFORM_ADMIN_MUTATION,get_current_user|get_current_user,add,
PUT,/v1/admin/settings/tenant-overrides/{override_id},update_tenant_override,app.engines.settings_engine.admin_router,DATABASE_MUTATION,PLATFORM_ADMIN_MUTATION,get_current_user|get_current_user,add|raw_sql,
POST,/v1/admin/settings/tenant-overrides/{override_id}/revoke,revoke_tenant_override,app.engines.settings_engine.admin_router,DATABASE_MUTATION,PLATFORM_ADMIN_MUTATION,get_current_user|get_current_user,add|delete,
POST,/v1/admin/settings/feature-flags,create_feature_flag,app.engines.settings_engine.admin_router,DATABASE_MUTATION,PLATFORM_ADMIN_MUTATION,get_current_user|get_current_user,add|flush,
PUT,/v1/admin/settings/feature-flags/{flag_id},update_feature_flag,app.engines.settings_engine.admin_router,DATABASE_MUTATION,PLATFORM_ADMIN_MUTATION,get_current_user|get_current_user,raw_sql,
POST,/v1/notifications/send,send_notification,app.engines.notification.router,DATABASE_MUTATION,MIXED_PERSONA_MUTATION,get_current_user|get_current_user,add|flush,
POST,/v1/notifications/templates,create_template,app.engines.notification.router,DATABASE_MUTATION,PLATFORM_ADMIN_MUTATION,require_super_admin|get_current_user|get_current_user,add|flush,
PUT,/v1/notifications/tenants/{tenant_id}/channels/{channel},set_channel,app.engines.notification.router,DATABASE_MUTATION,MIXED_PERSONA_MUTATION,get_current_user|get_current_user,add,
POST,/v1/media/upload/initiate,initiate_upload,app.engines.media.router,DATABASE_MUTATION,MIXED_PERSONA_MUTATION,get_current_user|get_current_user,add|flush,
POST,/v1/media/upload/{session_id}/confirm,confirm_upload,app.engines.media.router,DATABASE_MUTATION,MIXED_PERSONA_MUTATION,get_current_user|get_current_user,add|flush,
DELETE,/v1/media/tenants/{tenant_id}/files/{file_id},delete_file,app.engines.media.router,EXTERNAL_SIDE_EFFECT,MIXED_PERSONA_MUTATION,get_current_user|get_current_user,,delete_file
POST,/v1/analytics/events/ingest,ingest_event,app.engines.analytics.router,DATABASE_MUTATION,MIXED_PERSONA_MUTATION,get_current_user|get_current_user,add|flush,
POST,/v1/analytics/metrics/daily/upsert,upsert_daily,app.engines.analytics.router,DATABASE_MUTATION,PLATFORM_ADMIN_MUTATION,require_super_admin|get_current_user|get_current_user,add|raw_sql,
POST,/v1/media/upload,upload_media,app.engines.media.new_router,DATABASE_AND_EXTERNAL_MUTATION,TENANT_PROVIDER_MUTATION,get_current_user|get_current_user,add|flush,upload
POST,/v1/media/{media_id}/replace,replace_media,app.engines.media.new_router,DATABASE_MUTATION,TENANT_PROVIDER_MUTATION,get_current_user|get_current_user,add|flush,
DELETE,/v1/media/{media_id},delete_media,app.engines.media.new_router,DATABASE_AND_EXTERNAL_MUTATION,MIXED_PERSONA_MUTATION,get_current_user|get_current_user,raw_sql,delete_file
POST,/v1/me/profile-photo,upload_my_profile_photo,app.engines.media.new_router,DATABASE_AND_EXTERNAL_MUTATION,TENANT_PROVIDER_MUTATION,get_current_user|get_current_user,add|flush|raw_sql,upload
DELETE,/v1/me/profile-photo,remove_my_profile_photo,app.engines.media.new_router,EXTERNAL_SIDE_EFFECT,MIXED_PERSONA_MUTATION,get_current_user|get_current_user,,delete_file
POST,/v1/customer/profile/photo,upload_customer_profile_photo,app.engines.media.new_router,DATABASE_AND_EXTERNAL_MUTATION,CUSTOMER_SELF_SERVICE_MUTATION,require_customer|get_current_user|get_current_user,add|flush|raw_sql,upload
DELETE,/v1/customer/profile/photo,remove_customer_profile_photo,app.engines.media.new_router,EXTERNAL_SIDE_EFFECT,CUSTOMER_SELF_SERVICE_MUTATION,require_customer|get_current_user|get_current_user,,delete_file
POST,/v1/provider/profile/logo,upload_provider_logo,app.engines.media.new_router,DATABASE_AND_EXTERNAL_MUTATION,TENANT_PROVIDER_MUTATION,require_technician|get_current_user|get_current_user,add|flush|raw_sql,upload
DELETE,/v1/provider/profile/logo,remove_provider_logo,app.engines.media.new_router,EXTERNAL_SIDE_EFFECT,TENANT_PROVIDER_MUTATION,require_technician|get_current_user|get_current_user,,delete_file
POST,/v1/provider/profile/shop-photo,upload_provider_shop_photo,app.engines.media.new_router,DATABASE_AND_EXTERNAL_MUTATION,TENANT_PROVIDER_MUTATION,require_technician|get_current_user|get_current_user,add|flush,upload
DELETE,/v1/provider/profile/shop-photo,remove_provider_shop_photo,app.engines.media.new_router,EXTERNAL_SIDE_EFFECT,TENANT_PROVIDER_MUTATION,require_technician|get_current_user|get_current_user,,delete_file
POST,/v1/staff/profile/photo,upload_staff_profile_photo,app.engines.media.new_router,DATABASE_AND_EXTERNAL_MUTATION,TENANT_PROVIDER_MUTATION,require_technician|get_current_user|get_current_user,add|flush|raw_sql,upload
DELETE,/v1/staff/profile/photo,remove_staff_profile_photo,app.engines.media.new_router,EXTERNAL_SIDE_EFFECT,TENANT_PROVIDER_MUTATION,require_technician|get_current_user|get_current_user,,delete_file
GET,/v1/admin/media/{media_id},get_media_detail,app.engines.media.admin_router,MUTATING_GET,PLATFORM_ADMIN_MUTATION,require_super_admin|get_current_user|require_super_admin|get_current_user,raw_sql,
POST,/v1/admin/media/{media_id}/signed-preview-url,create_signed_preview_url,app.engines.media.admin_router,DATABASE_MUTATION,PLATFORM_ADMIN_MUTATION,require_super_admin|get_current_user|require_super_admin|get_current_user,raw_sql,
POST,/v1/admin/media/{media_id}/signed-download-url,create_signed_download_url,app.engines.media.admin_router,DATABASE_MUTATION,PLATFORM_ADMIN_MUTATION,require_super_admin|get_current_user|require_super_admin|get_current_user,raw_sql,
POST,/v1/admin/media/{media_id}/archive,archive_media,app.engines.media.admin_router,DATABASE_MUTATION,PLATFORM_ADMIN_MUTATION,require_super_admin|get_current_user|require_super_admin|get_current_user,raw_sql,
POST,/v1/admin/media/{media_id}/restore,restore_media,app.engines.media.admin_router,DATABASE_MUTATION,PLATFORM_ADMIN_MUTATION,require_super_admin|get_current_user|require_super_admin|get_current_user,raw_sql,
DELETE,/v1/admin/media/{media_id},delete_media,app.engines.media.admin_router,DATABASE_AND_EXTERNAL_MUTATION,PLATFORM_ADMIN_MUTATION,require_super_admin|get_current_user|require_super_admin|get_current_user,raw_sql,delete_file
POST,/v1/admin/media/{media_id}/change-visibility,change_visibility,app.engines.media.admin_router,DATABASE_MUTATION,PLATFORM_ADMIN_MUTATION,require_super_admin|get_current_user|require_super_admin|get_current_user,raw_sql,
POST,/v1/admin/media/{media_id}/flag,flag_media,app.engines.media.admin_router,DATABASE_MUTATION,PLATFORM_ADMIN_MUTATION,require_super_admin|get_current_user|require_super_admin|get_current_user,raw_sql,
POST,/v1/admin/media/{media_id}/mark-clean,mark_clean,app.engines.media.admin_router,DATABASE_MUTATION,PLATFORM_ADMIN_MUTATION,require_super_admin|get_current_user|require_super_admin|get_current_user,raw_sql,
POST,/v1/admin/media/{media_id}/quarantine,quarantine_media,app.engines.media.admin_router,DATABASE_MUTATION,PLATFORM_ADMIN_MUTATION,require_super_admin|get_current_user|require_super_admin|get_current_user,raw_sql,
POST,/v1/admin/media/bulk/archive,bulk_archive,app.engines.media.admin_router,DATABASE_MUTATION,PLATFORM_ADMIN_MUTATION,require_super_admin|get_current_user|require_super_admin|get_current_user,raw_sql,
POST,/v1/admin/media/bulk/delete,bulk_delete,app.engines.media.admin_router,EXTERNAL_SIDE_EFFECT,PLATFORM_ADMIN_MUTATION,require_super_admin|get_current_user|require_super_admin|get_current_user,,delete_file
POST,/v1/admin/media/bulk/change-visibility,bulk_change_visibility,app.engines.media.admin_router,DATABASE_MUTATION,PLATFORM_ADMIN_MUTATION,require_super_admin|get_current_user|require_super_admin|get_current_user,raw_sql,
GET,/v1/media/signed/{token},resolve_signed_media,app.engines.media.admin_router,MUTATING_GET,MIXED_PERSONA_MUTATION,get_current_user,raw_sql,
PUT,/v1/me/profile,update_my_profile,app.engines.profile.router,DATABASE_MUTATION,TENANT_PROVIDER_MUTATION,get_current_user|get_current_user,raw_sql,
PUT,/v1/provider/business-profile,update_business_profile,app.engines.profile.router,DATABASE_MUTATION,TENANT_PROVIDER_MUTATION,require_technician|get_current_user|require_technician|get_current_user,raw_sql,
POST,/v1/provider/business-profile/submit-review,submit_business_profile_for_review,app.engines.profile.router,DATABASE_MUTATION,TENANT_PROVIDER_MUTATION,require_technician|get_current_user|require_technician|get_current_user,,
PUT,/v1/staff/profile,update_staff_profile,app.engines.profile.router,DATABASE_MUTATION,TENANT_PROVIDER_MUTATION,require_technician|get_current_user|require_technician|get_current_user,raw_sql,
PUT,/v1/customer/profile,update_customer_profile,app.engines.profile.router,DATABASE_MUTATION,CUSTOMER_SELF_SERVICE_MUTATION,require_customer|get_current_user|require_customer|get_current_user,raw_sql,
POST,/v1/pricing/city-tiers,create_city_tier,app.engines.pricing.router,DATABASE_MUTATION,PLATFORM_ADMIN_MUTATION,require_super_admin|get_current_user|get_current_user,add|flush,
PUT,/v1/pricing/city-tiers/{config_id},update_city_tier,app.engines.pricing.router,DATABASE_MUTATION,PLATFORM_ADMIN_MUTATION,require_super_admin|get_current_user|get_current_user,raw_sql,
POST,/v1/pricing/tenants/{tenant_id}/prices/set,set_tenant_price,app.engines.pricing.router,DATABASE_MUTATION,MIXED_PERSONA_MUTATION,get_current_user|get_current_user,add|flush,
PUT,/v1/pricing/tenants/{tenant_id}/brand-adjustment,set_brand_adj,app.engines.pricing.router,DATABASE_MUTATION,MIXED_PERSONA_MUTATION,get_current_user|get_current_user,add|flush,
POST,/v1/pricing/tenants/{tenant_id}/zones,create_zone,app.engines.pricing.router,DATABASE_MUTATION,MIXED_PERSONA_MUTATION,get_current_user|get_current_user,add|flush,
PUT,/v1/pricing/tenants/{tenant_id}/zones/{zone_id},update_zone,app.engines.pricing.router,DATABASE_MUTATION,MIXED_PERSONA_MUTATION,get_current_user|get_current_user,raw_sql,
DELETE,/v1/pricing/tenants/{tenant_id}/zones/{zone_id},delete_zone,app.engines.pricing.router,DATABASE_MUTATION,MIXED_PERSONA_MUTATION,get_current_user|get_current_user,delete,
POST,/v1/pricing/tenants/{tenant_id}/rules,create_rule,app.engines.pricing.router,DATABASE_MUTATION,MIXED_PERSONA_MUTATION,get_current_user|get_current_user,add|flush,
PUT,/v1/pricing/tenants/{tenant_id}/rules/{rule_id},update_rule,app.engines.pricing.router,DATABASE_MUTATION,MIXED_PERSONA_MUTATION,get_current_user|get_current_user,raw_sql,
DELETE,/v1/pricing/tenants/{tenant_id}/rules/{rule_id},delete_rule,app.engines.pricing.router,DATABASE_MUTATION,MIXED_PERSONA_MUTATION,get_current_user|get_current_user,delete,
POST,/v1/pricing/compute,compute_price,app.engines.pricing.router,DATABASE_MUTATION,MIXED_PERSONA_MUTATION,get_current_user|get_current_user,add|flush|sqlalchemy.update(),
GET,/v1/commerce/tenants/{tenant_id}/deposit,get_deposit,app.engines.platform_commerce.router,MUTATING_GET,TENANT_PROVIDER_MUTATION,get_current_user|get_current_user,add|flush,
POST,/v1/commerce/tenants/{tenant_id}/deposit/initiate,initiate_deposit,app.engines.platform_commerce.router,DATABASE_AND_EXTERNAL_MUTATION,TENANT_PROVIDER_MUTATION,get_current_user|get_current_user,add|flush,create_order
POST,/v1/commerce/tenants/{tenant_id}/deposit/confirm,confirm_deposit,app.engines.platform_commerce.router,DATABASE_MUTATION,PUBLIC_OR_UNAUTHENTICATED_MUTATION,NONE,add|flush,
GET,/v1/commerce/tenants/{tenant_id}/deposit/transactions,get_deposit_transactions,app.engines.platform_commerce.router,MUTATING_GET,TENANT_PROVIDER_MUTATION,get_current_user|get_current_user,add|flush,
POST,/v1/commerce/tenants/{tenant_id}/deposit/admin-adjust,admin_adjust_deposit,app.engines.platform_commerce.router,DATABASE_MUTATION,MIXED_PERSONA_MUTATION,get_current_user|get_current_user,add|flush,
POST,/v1/commerce/packages,create_package,app.engines.platform_commerce.router,DATABASE_MUTATION,PLATFORM_ADMIN_MUTATION,require_super_admin|get_current_user|get_current_user,add|flush,
PUT,/v1/commerce/packages/{package_id},update_package,app.engines.platform_commerce.router,DATABASE_MUTATION,PLATFORM_ADMIN_MUTATION,require_super_admin|get_current_user|get_current_user,raw_sql,
POST,/v1/commerce/tenants/{tenant_id}/wallet/purchase/initiate,initiate_purchase,app.engines.platform_commerce.router,DATABASE_AND_EXTERNAL_MUTATION,MIXED_PERSONA_MUTATION,get_current_user|get_current_user,add|flush,create_order
POST,/v1/commerce/tenants/{tenant_id}/wallet/purchase/confirm,confirm_purchase,app.engines.platform_commerce.router,DATABASE_MUTATION,PUBLIC_OR_UNAUTHENTICATED_MUTATION,NONE,add|flush,
POST,/v1/commerce/tenants/{tenant_id}/wallet/credit,admin_credit,app.engines.platform_commerce.router,EXTERNAL_SIDE_EFFECT,PLATFORM_ADMIN_MUTATION,require_super_admin|get_current_user|get_current_user,,credit_wallet
POST,/v1/commerce/jobs/{job_id}/commission/deduct,deduct_commission,app.engines.platform_commerce.router,DATABASE_AND_EXTERNAL_MUTATION,PLATFORM_ADMIN_MUTATION,require_super_admin|get_current_user|get_current_user,add|flush,debit_wallet
POST,/v1/commerce/bookings/{booking_id}/reservation/create,create_reservation,app.engines.platform_commerce.router,DATABASE_MUTATION,PLATFORM_ADMIN_MUTATION,require_super_admin|get_current_user|get_current_user,add|flush,
POST,/v1/commerce/bookings/{booking_id}/reservation/release,release_reservation,app.engines.platform_commerce.router,DATABASE_MUTATION,PLATFORM_ADMIN_MUTATION,require_super_admin|get_current_user|get_current_user,add,
POST,/v1/commerce/bookings/{booking_id}/reservation/forfeit,forfeit_reservation,app.engines.platform_commerce.router,DATABASE_MUTATION,PLATFORM_ADMIN_MUTATION,require_super_admin|get_current_user|get_current_user,add,
POST,/v1/commerce/warranty/claims,submit_claim,app.engines.platform_commerce.router,DATABASE_MUTATION,MIXED_PERSONA_MUTATION,get_current_user|get_current_user,add|flush,
POST,/v1/commerce/warranty/claims/{claim_id}/approve,approve_claim,app.engines.platform_commerce.router,DATABASE_MUTATION,PLATFORM_ADMIN_MUTATION,require_super_admin|get_current_user|get_current_user,add|flush,
POST,/v1/commerce/tenants/{tenant_id}/badges/recalculate,recalculate_badges,app.engines.platform_commerce.router,DATABASE_MUTATION,MIXED_PERSONA_MUTATION,get_current_user|get_current_user,add,
POST,/v1/admin/usage-credits/{tenant_id}/adjustments,create_adjustment,app.engines.usage_credits.router,DATABASE_MUTATION,PLATFORM_ADMIN_MUTATION,get_current_user,add|commit|flush,
PUT,/v1/admin/categories/{category_id}/customer-flow,upsert_customer_flow_config,app.engines.customer_flow.admin_router,DATABASE_MUTATION,PLATFORM_ADMIN_MUTATION,require_super_admin|get_current_user|get_current_user,add|flush|raw_sql,
POST,/v1/admin/categories/{category_id}/customer-flow/activate,activate_customer_flow_config,app.engines.customer_flow.admin_router,DATABASE_MUTATION,PLATFORM_ADMIN_MUTATION,require_super_admin|get_current_user|get_current_user,flush,
POST,/v1/admin/categories/{category_id}/customer-flow/deactivate,deactivate_customer_flow_config,app.engines.customer_flow.admin_router,DATABASE_MUTATION,PLATFORM_ADMIN_MUTATION,require_super_admin|get_current_user|get_current_user,flush,
PUT,/v1/admin/categories/{category_id},update_category,app.engines.admin_catalog.category_runtime_router,DATABASE_MUTATION,PLATFORM_ADMIN_MUTATION,require_super_admin|get_current_user|get_current_user,flush|raw_sql,
PUT,/v1/admin/categories/{category_id}/runtime,update_category_runtime,app.engines.admin_catalog.category_runtime_router,DATABASE_MUTATION,PLATFORM_ADMIN_MUTATION,require_super_admin|get_current_user|get_current_user,flush|raw_sql,
POST,/v1/admin/categories/{category_id}/activate,activate_category,app.engines.admin_catalog.category_runtime_router,DATABASE_MUTATION,PLATFORM_ADMIN_MUTATION,require_super_admin|get_current_user|get_current_user,flush,
POST,/v1/admin/categories/{category_id}/deactivate,deactivate_category,app.engines.admin_catalog.category_runtime_router,DATABASE_MUTATION,PLATFORM_ADMIN_MUTATION,require_super_admin|get_current_user|get_current_user,flush,
POST,/v1/admin/categories/{category_id}/engines/{engine_id}/enable,enable_category_engine,app.engines.admin_catalog.category_runtime_router,DATABASE_MUTATION,PLATFORM_ADMIN_MUTATION,require_super_admin|get_current_user|get_current_user,flush,
POST,/v1/admin/categories/{category_id}/engines/{engine_id}/set-primary,set_primary_engine,app.engines.admin_catalog.category_runtime_router,DATABASE_MUTATION,PLATFORM_ADMIN_MUTATION,require_super_admin|get_current_user|get_current_user,flush,
PUT,/v1/admin/categories/{category_id}/dashboard-modules/{module_id},update_dashboard_module,app.engines.admin_catalog.category_runtime_router,DATABASE_MUTATION,PLATFORM_ADMIN_MUTATION,require_super_admin|get_current_user|get_current_user,raw_sql,
POST,/v1/customer/ai-chat/sessions,create_session,app.engines.ai_conversation.customer_router,DATABASE_MUTATION,PUBLIC_OR_UNAUTHENTICATED_MUTATION,NONE,add|commit|flush,
POST,/v1/customer/ai-chat/sessions/{session_id}/close,close_session,app.engines.ai_conversation.customer_router,DATABASE_MUTATION,PUBLIC_OR_UNAUTHENTICATED_MUTATION,NONE,add|commit|flush,
POST,/v1/customer/ai-chat/sessions/{session_id}/messages,send_message,app.engines.ai_conversation.customer_router,DATABASE_MUTATION,PUBLIC_OR_UNAUTHENTICATED_MUTATION,NONE,add|commit|flush,
POST,/v1/admin/ai-chat/prompt-templates,create_prompt_template,app.engines.ai_conversation.admin_router,DATABASE_MUTATION,PLATFORM_ADMIN_MUTATION,require_super_admin|get_current_user,add|commit|flush,
PUT,/v1/admin/ai-chat/prompt-templates/{template_key},update_prompt_template,app.engines.ai_conversation.admin_router,DATABASE_MUTATION,PLATFORM_ADMIN_MUTATION,require_super_admin|get_current_user,commit|flush|raw_sql,
POST,/v1/customer/home-services/booking-drafts,start_booking_draft,app.engines.home_service_booking.customer_router,DATABASE_MUTATION,CUSTOMER_SELF_SERVICE_MUTATION,get_current_user,add|commit|flush,
PUT,/v1/customer/home-services/booking-drafts/{draft_id},update_draft_fields,app.engines.home_service_booking.customer_router,DATABASE_MUTATION,CUSTOMER_SELF_SERVICE_MUTATION,get_current_user,add|commit|flush|raw_sql,
POST,/v1/customer/home-services/booking-drafts/{draft_id}/serviceability-check,check_serviceability,app.engines.home_service_booking.customer_router,DATABASE_MUTATION,CUSTOMER_SELF_SERVICE_MUTATION,get_current_user,add|commit|flush|raw_sql,
POST,/v1/customer/home-services/booking-drafts/{draft_id}/price-estimate,resolve_price_estimate,app.engines.home_service_booking.customer_router,DATABASE_MUTATION,CUSTOMER_SELF_SERVICE_MUTATION,get_current_user,add|commit|flush,
POST,/v1/customer/home-services/booking-drafts/{draft_id}/match-and-price,match_and_price,app.engines.home_service_booking.customer_router,DATABASE_MUTATION,CUSTOMER_SELF_SERVICE_MUTATION,get_current_user,add|commit|flush,
POST,/v1/customer/home-services/booking-drafts/{draft_id}/confirm-price-choice,confirm_price_choice,app.engines.home_service_booking.customer_router,DATABASE_MUTATION,CUSTOMER_SELF_SERVICE_MUTATION,get_current_user,add|commit|flush,
POST,/v1/customer/home-services/booking-drafts/{draft_id}/match-providers,find_bookable_providers,app.engines.home_service_booking.customer_router,DATABASE_MUTATION,CUSTOMER_SELF_SERVICE_MUTATION,get_current_user,add|commit|flush,
POST,/v1/customer/home-services/booking-drafts/{draft_id}/select-provider,select_provider,app.engines.home_service_booking.customer_router,DATABASE_MUTATION,CUSTOMER_SELF_SERVICE_MUTATION,get_current_user,add|commit|flush,
POST,/v1/customer/home-services/booking-drafts/{draft_id}/summary,build_booking_summary,app.engines.home_service_booking.customer_router,DATABASE_MUTATION,CUSTOMER_SELF_SERVICE_MUTATION,get_current_user,add|commit|flush,
POST,/v1/customer/home-services/booking-drafts/{draft_id}/confirm,confirm_draft,app.engines.home_service_booking.customer_router,DATABASE_MUTATION,CUSTOMER_SELF_SERVICE_MUTATION,get_current_user,commit,
POST,/v1/customer/home-services/booking-drafts/{draft_id}/cancel,cancel_draft,app.engines.home_service_booking.customer_router,DATABASE_MUTATION,CUSTOMER_SELF_SERVICE_MUTATION,get_current_user,add|commit|flush,
POST,/v1/customer/home-services/booking-drafts/{draft_id}/photos,add_photo,app.engines.home_service_booking.customer_router,DATABASE_MUTATION,CUSTOMER_SELF_SERVICE_MUTATION,get_current_user,add|commit|flush,
POST,/v1/customer/coaching/appointment-drafts,start_appointment_draft,app.engines.coaching_appointment.customer_router,DATABASE_MUTATION,CUSTOMER_SELF_SERVICE_MUTATION,get_current_user,add|flush,
PUT,/v1/customer/coaching/appointment-drafts/{draft_id},update_draft_fields,app.engines.coaching_appointment.customer_router,DATABASE_MUTATION,CUSTOMER_SELF_SERVICE_MUTATION,get_current_user,add|flush,
POST,/v1/customer/coaching/appointment-drafts/{draft_id}/find-centers,find_bookable_centers,app.engines.coaching_appointment.customer_router,DATABASE_MUTATION,CUSTOMER_SELF_SERVICE_MUTATION,get_current_user,add|flush,
POST,/v1/customer/coaching/appointment-drafts/{draft_id}/available-slots,get_available_slots,app.engines.coaching_appointment.customer_router,DATABASE_MUTATION,CUSTOMER_SELF_SERVICE_MUTATION,get_current_user,add|flush,
POST,/v1/customer/coaching/appointment-drafts/{draft_id}/next-available-slots,find_next_available_slots,app.engines.coaching_appointment.customer_router,DATABASE_MUTATION,CUSTOMER_SELF_SERVICE_MUTATION,get_current_user,add|flush,
POST,/v1/customer/coaching/appointment-drafts/{draft_id}/select-slot,select_slot,app.engines.coaching_appointment.customer_router,DATABASE_MUTATION,CUSTOMER_SELF_SERVICE_MUTATION,get_current_user,add|flush,
POST,/v1/customer/coaching/appointment-drafts/{draft_id}/fee-estimate,get_fee_estimate,app.engines.coaching_appointment.customer_router,DATABASE_MUTATION,CUSTOMER_SELF_SERVICE_MUTATION,get_current_user,add|flush,
POST,/v1/customer/coaching/appointment-drafts/{draft_id}/summary,get_appointment_summary,app.engines.coaching_appointment.customer_router,DATABASE_MUTATION,CUSTOMER_SELF_SERVICE_MUTATION,get_current_user,add|flush,
POST,/v1/customer/coaching/appointment-drafts/{draft_id}/confirm,confirm_draft,app.engines.coaching_appointment.customer_router,DATABASE_MUTATION,CUSTOMER_SELF_SERVICE_MUTATION,get_current_user,commit,
POST,/v1/customer/coaching/appointment-drafts/{draft_id}/cancel,cancel_draft,app.engines.coaching_appointment.customer_router,DATABASE_MUTATION,CUSTOMER_SELF_SERVICE_MUTATION,get_current_user,add|flush,
POST,/v1/customer/real-estate/lead-drafts,start_lead_draft,app.engines.real_estate_lead.customer_router,DATABASE_MUTATION,PUBLIC_OR_UNAUTHENTICATED_MUTATION,NONE,add|commit|flush,
PUT,/v1/customer/real-estate/lead-drafts/{draft_id},update_lead_draft,app.engines.real_estate_lead.customer_router,DATABASE_MUTATION,PUBLIC_OR_UNAUTHENTICATED_MUTATION,NONE,add|commit|flush|raw_sql,
POST,/v1/customer/real-estate/lead-drafts/{draft_id}/check-location,check_location,app.engines.real_estate_lead.customer_router,DATABASE_MUTATION,PUBLIC_OR_UNAUTHENTICATED_MUTATION,NONE,add|commit|flush,
POST,/v1/customer/real-estate/lead-drafts/{draft_id}/find-providers,find_providers,app.engines.real_estate_lead.customer_router,DATABASE_MUTATION,PUBLIC_OR_UNAUTHENTICATED_MUTATION,NONE,add|commit|flush,
POST,/v1/customer/real-estate/lead-drafts/{draft_id}/fallback-options,get_fallback_options,app.engines.real_estate_lead.customer_router,DATABASE_MUTATION,PUBLIC_OR_UNAUTHENTICATED_MUTATION,NONE,add|commit|flush,
POST,/v1/customer/real-estate/lead-drafts/{draft_id}/score,calculate_score,app.engines.real_estate_lead.customer_router,DATABASE_MUTATION,PUBLIC_OR_UNAUTHENTICATED_MUTATION,NONE,add|commit|flush,
POST,/v1/customer/real-estate/lead-drafts/{draft_id}/summary,build_summary,app.engines.real_estate_lead.customer_router,DATABASE_MUTATION,PUBLIC_OR_UNAUTHENTICATED_MUTATION,NONE,add|commit|flush,
POST,/v1/customer/real-estate/lead-drafts/{draft_id}/confirm,confirm_draft,app.engines.real_estate_lead.customer_router,DATABASE_MUTATION,PUBLIC_OR_UNAUTHENTICATED_MUTATION,NONE,commit,
POST,/v1/customer/real-estate/lead-drafts/{draft_id}/cancel,cancel_draft,app.engines.real_estate_lead.customer_router,DATABASE_MUTATION,PUBLIC_OR_UNAUTHENTICATED_MUTATION,NONE,add|commit|flush,
POST,/v1/admin/real-estate/lead-routing-rules,admin_create_routing_rule,app.engines.real_estate_lead.admin_router,DATABASE_MUTATION,PLATFORM_ADMIN_MUTATION,require_super_admin|get_current_user,add|commit|flush,
PUT,/v1/admin/real-estate/lead-routing-rules/{rule_id},admin_update_routing_rule,app.engines.real_estate_lead.admin_router,DATABASE_MUTATION,PLATFORM_ADMIN_MUTATION,require_super_admin|get_current_user,commit|flush|raw_sql,
POST,/v1/admin/real-estate/lead-routing-rules/{rule_id}/activate,admin_activate_rule,app.engines.real_estate_lead.admin_router,DATABASE_MUTATION,PLATFORM_ADMIN_MUTATION,require_super_admin|get_current_user,commit|flush,
POST,/v1/admin/real-estate/lead-routing-rules/{rule_id}/deactivate,admin_deactivate_rule,app.engines.real_estate_lead.admin_router,DATABASE_MUTATION,PLATFORM_ADMIN_MUTATION,require_super_admin|get_current_user,commit|flush,
POST,/v1/admin/real-estate/seed,admin_seed_real_estate,app.engines.real_estate_lead.admin_router,DATABASE_MUTATION,PLATFORM_ADMIN_MUTATION,require_super_admin|get_current_user,commit,
POST,/v1/admin/real-estate/expire-drafts,admin_expire_drafts,app.engines.real_estate_lead.admin_router,DATABASE_MUTATION,PLATFORM_ADMIN_MUTATION,require_super_admin|get_current_user,commit,
POST,/v1/customer/confirm/home-service-booking/{draft_id},confirm_home_service_booking,app.engines.final_records.confirm_router,DATABASE_MUTATION,CUSTOMER_SELF_SERVICE_MUTATION,get_current_user,add|commit|flush,
POST,/v1/customer/confirm/coaching-appointment/{draft_id},confirm_coaching_appointment,app.engines.final_records.confirm_router,DATABASE_MUTATION,CUSTOMER_SELF_SERVICE_MUTATION,get_current_user,add|commit|flush,
POST,/v1/customer/confirm/real-estate-lead/{draft_id},confirm_real_estate_lead,app.engines.final_records.confirm_router,DATABASE_MUTATION,CUSTOMER_SELF_SERVICE_MUTATION,get_current_user,add|commit|flush,
POST,/v1/provider/service-jobs/{job_id}/assign,assign_job,app.engines.home_service_assignment.provider_router,DATABASE_MUTATION,TENANT_PROVIDER_MUTATION,require_tenant_owner_mutation|require_tenant_owner|get_current_user,add|commit|flush,
POST,/v1/provider/service-jobs/{job_id}/reassign,reassign_job,app.engines.home_service_assignment.provider_router,DATABASE_MUTATION,TENANT_PROVIDER_MUTATION,require_tenant_owner_mutation|require_tenant_owner|get_current_user,add|commit|flush,
POST,/v1/provider/service-jobs/{job_id}/cancel-assignment,cancel_assignment,app.engines.home_service_assignment.provider_router,DATABASE_MUTATION,TENANT_PROVIDER_MUTATION,require_tenant_owner_mutation|require_tenant_owner|get_current_user,add|commit|flush,
POST,/v1/provider/service-jobs/{job_id}/schedule,schedule_job,app.engines.home_service_assignment.provider_router,DATABASE_MUTATION,TENANT_PROVIDER_MUTATION,require_tenant_owner_mutation|require_tenant_owner|get_current_user,add|commit|flush,
POST,/v1/staff/service-jobs/{job_id}/accept,accept_job,app.engines.home_service_assignment.staff_router,DATABASE_MUTATION,TENANT_PROVIDER_MUTATION,get_current_user,add|commit|flush,
POST,/v1/staff/service-jobs/{job_id}/reject,reject_job,app.engines.home_service_assignment.staff_router,DATABASE_MUTATION,TENANT_PROVIDER_MUTATION,get_current_user,add|commit|flush,
POST,/v1/customer/bookings/{booking_id}/cancel,cancel_booking,app.engines.home_service_assignment.customer_router,DATABASE_MUTATION,CUSTOMER_SELF_SERVICE_MUTATION,get_current_user,add|commit|flush,
POST,/v1/customer/bookings/{booking_id}/reschedule,reschedule_booking,app.engines.home_service_assignment.customer_router,DATABASE_MUTATION,CUSTOMER_SELF_SERVICE_MUTATION,get_current_user,add|commit|flush,
POST,/v1/admin/service-jobs/{job_id}/reassign,admin_reassign_job,app.engines.home_service_assignment.admin_router,DATABASE_MUTATION,PLATFORM_ADMIN_MUTATION,get_current_user,add|commit|flush,
POST,/v1/staff/service-jobs/{job_id}/on-the-way,staff_on_the_way,app.engines.execution.home_service_router,DATABASE_MUTATION,TENANT_PROVIDER_MUTATION,get_current_user,add|commit|flush,
POST,/v1/staff/service-jobs/{job_id}/reached-site,staff_reached_site,app.engines.execution.home_service_router,DATABASE_MUTATION,TENANT_PROVIDER_MUTATION,get_current_user,add|commit|flush,
POST,/v1/staff/service-jobs/{job_id}/start-inspection,staff_start_inspection,app.engines.execution.home_service_router,DATABASE_MUTATION,TENANT_PROVIDER_MUTATION,get_current_user,add|commit|flush,
POST,/v1/staff/service-jobs/{job_id}/complete-inspection,staff_complete_inspection,app.engines.execution.home_service_router,DATABASE_MUTATION,TENANT_PROVIDER_MUTATION,get_current_user,add|commit|flush,
POST,/v1/staff/service-jobs/{job_id}/start-service,staff_start_service,app.engines.execution.home_service_router,DATABASE_MUTATION,TENANT_PROVIDER_MUTATION,get_current_user,add|commit|flush,
POST,/v1/staff/service-jobs/{job_id}/work-done,staff_work_done,app.engines.execution.home_service_router,DATABASE_MUTATION,TENANT_PROVIDER_MUTATION,get_current_user,add|commit|flush,
POST,/v1/staff/service-jobs/{job_id}/customer-not-available,staff_customer_not_available,app.engines.execution.home_service_router,DATABASE_MUTATION,TENANT_PROVIDER_MUTATION,get_current_user,add|commit|flush,
POST,/v1/staff/service-jobs/{job_id}/quote-required,staff_quote_required,app.engines.execution.home_service_router,DATABASE_MUTATION,TENANT_PROVIDER_MUTATION,get_current_user,add|commit|flush,
POST,/v1/staff/service-jobs/{job_id}/parts-required,staff_parts_required,app.engines.execution.home_service_router,DATABASE_MUTATION,TENANT_PROVIDER_MUTATION,get_current_user,add|commit|flush,
POST,/v1/staff/service-jobs/{job_id}/notes,staff_add_note,app.engines.execution.home_service_router,DATABASE_MUTATION,TENANT_PROVIDER_MUTATION,get_current_user,add|commit|flush,
POST,/v1/staff/service-jobs/{job_id}/diagnosis-notes,staff_add_diagnosis_note,app.engines.execution.home_service_router,DATABASE_MUTATION,TENANT_PROVIDER_MUTATION,get_current_user,add|commit|flush,
POST,/v1/staff/service-jobs/{job_id}/media,staff_upload_media,app.engines.execution.home_service_router,DATABASE_MUTATION,TENANT_PROVIDER_MUTATION,get_current_user,add|commit|flush,
POST,/v1/staff/service-jobs/{job_id}/parts-requests,staff_create_parts_request,app.engines.execution.home_service_router,DATABASE_MUTATION,TENANT_PROVIDER_MUTATION,get_current_user,add|commit|flush,
POST,/v1/staff/service-jobs/{job_id}/complete,staff_complete_job,app.engines.execution.home_service_router,DATABASE_MUTATION,TENANT_PROVIDER_MUTATION,get_current_user,add|commit|flush,
POST,/v1/provider/service-jobs/{job_id}/cancel,provider_cancel_job,app.engines.execution.home_service_router,DATABASE_MUTATION,TENANT_PROVIDER_MUTATION,get_current_user,add|commit|flush,
POST,/v1/provider/service-jobs/{job_id}/parts-requests/{parts_request_id}/approve,provider_approve_parts_request,app.engines.execution.home_service_router,DATABASE_MUTATION,TENANT_PROVIDER_MUTATION,get_current_user,add|commit|flush,
POST,/v1/provider/service-jobs/{job_id}/parts-requests/{parts_request_id}/reject,provider_reject_parts_request,app.engines.execution.home_service_router,DATABASE_MUTATION,TENANT_PROVIDER_MUTATION,get_current_user,add|commit|flush,
POST,/v1/provider/service-jobs/{job_id}/parts-requests/{parts_request_id}/install,provider_install_parts_request,app.engines.execution.home_service_router,DATABASE_MUTATION,TENANT_PROVIDER_MUTATION,get_current_user,add|commit|flush,
POST,/v1/staff/coaching-appointments/{appointment_id}/accept,staff_accept,app.engines.execution.coaching_router,DATABASE_MUTATION,TENANT_PROVIDER_MUTATION,get_current_user,add|commit|flush,
POST,/v1/staff/coaching-appointments/{appointment_id}/reject,staff_reject,app.engines.execution.coaching_router,DATABASE_MUTATION,TENANT_PROVIDER_MUTATION,get_current_user,add|commit|flush,
POST,/v1/staff/coaching-appointments/{appointment_id}/start,staff_start,app.engines.execution.coaching_router,DATABASE_MUTATION,TENANT_PROVIDER_MUTATION,get_current_user,add|commit|flush,
POST,/v1/staff/coaching-appointments/{appointment_id}/complete,staff_complete,app.engines.execution.coaching_router,DATABASE_MUTATION,TENANT_PROVIDER_MUTATION,get_current_user,add|commit|flush,
POST,/v1/staff/coaching-appointments/{appointment_id}/no-show,staff_no_show,app.engines.execution.coaching_router,DATABASE_MUTATION,TENANT_PROVIDER_MUTATION,get_current_user,add|commit|flush,
POST,/v1/staff/coaching-appointments/{appointment_id}/request-reschedule,staff_reschedule,app.engines.execution.coaching_router,DATABASE_MUTATION,TENANT_PROVIDER_MUTATION,get_current_user,add|commit|flush,
POST,/v1/staff/coaching-appointments/{appointment_id}/notes,staff_add_note,app.engines.execution.coaching_router,DATABASE_MUTATION,TENANT_PROVIDER_MUTATION,get_current_user,add|commit|flush,
POST,/v1/provider/coaching-appointments/{appointment_id}/cancel,provider_cancel,app.engines.execution.coaching_router,DATABASE_MUTATION,TENANT_PROVIDER_MUTATION,get_current_user,add|commit|flush,
POST,/v1/staff/real-estate-leads/{lead_id}/accept,agent_accept,app.engines.execution.real_estate_router,DATABASE_MUTATION,TENANT_PROVIDER_MUTATION,get_current_user,add|commit|flush,
POST,/v1/staff/real-estate-leads/{lead_id}/reject,agent_reject,app.engines.execution.real_estate_router,DATABASE_MUTATION,TENANT_PROVIDER_MUTATION,get_current_user,add|commit|flush,
POST,/v1/staff/real-estate-leads/{lead_id}/mark-contacted,agent_mark_contacted,app.engines.execution.real_estate_router,DATABASE_MUTATION,TENANT_PROVIDER_MUTATION,get_current_user,add|commit|flush,
POST,/v1/staff/real-estate-leads/{lead_id}/schedule-follow-up,agent_follow_up,app.engines.execution.real_estate_router,DATABASE_MUTATION,TENANT_PROVIDER_MUTATION,get_current_user,add|commit|flush,
POST,/v1/staff/real-estate-leads/{lead_id}/plan-site-visit,agent_plan_site_visit,app.engines.execution.real_estate_router,DATABASE_MUTATION,TENANT_PROVIDER_MUTATION,get_current_user,add|commit|flush,
POST,/v1/staff/real-estate-leads/{lead_id}/complete-site-visit,agent_complete_site_visit,app.engines.execution.real_estate_router,DATABASE_MUTATION,TENANT_PROVIDER_MUTATION,get_current_user,add|commit|flush,
POST,/v1/staff/real-estate-leads/{lead_id}/qualify,agent_qualify,app.engines.execution.real_estate_router,DATABASE_MUTATION,TENANT_PROVIDER_MUTATION,get_current_user,add|commit|flush,
POST,/v1/staff/real-estate-leads/{lead_id}/disqualify,agent_disqualify,app.engines.execution.real_estate_router,DATABASE_MUTATION,TENANT_PROVIDER_MUTATION,get_current_user,add|commit|flush,
POST,/v1/staff/real-estate-leads/{lead_id}/convert,agent_convert,app.engines.execution.real_estate_router,DATABASE_MUTATION,TENANT_PROVIDER_MUTATION,get_current_user,add|commit|flush,
POST,/v1/staff/real-estate-leads/{lead_id}/close-lost,agent_close_lost,app.engines.execution.real_estate_router,DATABASE_MUTATION,TENANT_PROVIDER_MUTATION,get_current_user,add|commit|flush,
POST,/v1/staff/real-estate-leads/{lead_id}/notes,agent_add_note,app.engines.execution.real_estate_router,DATABASE_MUTATION,TENANT_PROVIDER_MUTATION,get_current_user,add|commit|flush,
POST,/provider/quotes/{quote_id}/cancel,provider_cancel_quote,app.engines.quote_checklist.provider_router,DATABASE_MUTATION,TENANT_PROVIDER_MUTATION,get_current_user,add|commit|sqlalchemy.update(),
POST,/staff/quotes,staff_create_quote,app.engines.quote_checklist.provider_router,DATABASE_MUTATION,TENANT_PROVIDER_MUTATION,get_current_user,add|commit|flush,
POST,/staff/quotes/{quote_id}/items,staff_add_item,app.engines.quote_checklist.provider_router,DATABASE_MUTATION,TENANT_PROVIDER_MUTATION,get_current_user,add|commit|flush|sqlalchemy.update(),
PUT,/staff/quotes/{quote_id}/items/{item_id},staff_update_item,app.engines.quote_checklist.provider_router,DATABASE_MUTATION,TENANT_PROVIDER_MUTATION,get_current_user,add|commit|flush|sqlalchemy.update(),
DELETE,/staff/quotes/{quote_id}/items/{item_id},staff_remove_item,app.engines.quote_checklist.provider_router,DATABASE_MUTATION,TENANT_PROVIDER_MUTATION,get_current_user,add|commit|delete|flush|sqlalchemy.update(),
POST,/staff/quotes/{quote_id}/send-to-customer,staff_send_to_customer,app.engines.quote_checklist.provider_router,DATABASE_MUTATION,TENANT_PROVIDER_MUTATION,get_current_user,add|commit|sqlalchemy.update(),
POST,/staff/quotes/{quote_id}/mark-revised,staff_mark_revised,app.engines.quote_checklist.provider_router,DATABASE_MUTATION,TENANT_PROVIDER_MUTATION,get_current_user,add|commit|sqlalchemy.update(),
POST,/staff/quotes/{quote_id}/cancel,staff_cancel_quote,app.engines.quote_checklist.provider_router,DATABASE_MUTATION,TENANT_PROVIDER_MUTATION,get_current_user,add|commit|sqlalchemy.update(),
POST,/staff/checklists,staff_create_checklist,app.engines.quote_checklist.provider_router,DATABASE_MUTATION,TENANT_PROVIDER_MUTATION,get_current_user,add|commit|flush,
PUT,/staff/checklists/{checklist_id}/items/{item_id},staff_update_checklist_item,app.engines.quote_checklist.provider_router,DATABASE_MUTATION,TENANT_PROVIDER_MUTATION,get_current_user,commit|sqlalchemy.update(),
POST,/staff/checklists/{checklist_id}/complete,staff_complete_checklist,app.engines.quote_checklist.provider_router,DATABASE_MUTATION,TENANT_PROVIDER_MUTATION,get_current_user,commit|sqlalchemy.update(),
POST,/customer/quotes/{quote_id}/approve,customer_approve_quote,app.engines.quote_checklist.customer_router,DATABASE_MUTATION,CUSTOMER_SELF_SERVICE_MUTATION,require_customer|get_current_user,add|commit|sqlalchemy.update(),
POST,/customer/quotes/{quote_id}/reject,customer_reject_quote,app.engines.quote_checklist.customer_router,DATABASE_MUTATION,CUSTOMER_SELF_SERVICE_MUTATION,require_customer|get_current_user,add|commit|sqlalchemy.update(),
POST,/customer/quotes/{quote_id}/request-revision,customer_request_revision,app.engines.quote_checklist.customer_router,DATABASE_MUTATION,CUSTOMER_SELF_SERVICE_MUTATION,require_customer|get_current_user,add|commit|sqlalchemy.update(),
POST,/admin/checklist-templates,admin_create_template,app.engines.quote_checklist.admin_router,DATABASE_MUTATION,PLATFORM_ADMIN_MUTATION,require_super_admin|get_current_user,add|commit,
POST,/admin/checklist-templates/{template_id}/items,admin_add_template_item,app.engines.quote_checklist.admin_router,DATABASE_MUTATION,PLATFORM_ADMIN_MUTATION,require_super_admin|get_current_user,add|commit,
POST,/v1/provider/service-invoices/{invoice_id}/issue,provider_issue_invoice,app.engines.invoice_payment.provider_router,DATABASE_MUTATION,TENANT_PROVIDER_MUTATION,get_current_user,add|commit|sqlalchemy.update(),
POST,/v1/provider/service-invoices/{invoice_id}/record-payment,provider_record_payment,app.engines.invoice_payment.provider_router,DATABASE_MUTATION,TENANT_PROVIDER_MUTATION,get_current_user,add|commit|flush|sqlalchemy.update(),
POST,/v1/staff/service-invoices,staff_create_invoice,app.engines.invoice_payment.provider_router,DATABASE_MUTATION,TENANT_PROVIDER_MUTATION,get_current_user,add|commit|flush|sqlalchemy.update(),
POST,/v1/staff/service-invoices/{invoice_id}/items,staff_add_invoice_item,app.engines.invoice_payment.provider_router,DATABASE_MUTATION,TENANT_PROVIDER_MUTATION,get_current_user,add|commit|flush|sqlalchemy.update(),
POST,/v1/customer/service-invoices/{invoice_id}/confirm-payment,customer_confirm_payment,app.engines.invoice_payment.customer_router,DATABASE_MUTATION,CUSTOMER_SELF_SERVICE_MUTATION,get_current_user,add|commit|sqlalchemy.update(),
POST,/v1/admin/payments/{payment_id}/verify,admin_verify_payment,app.engines.invoice_payment.admin_router,DATABASE_MUTATION,PLATFORM_ADMIN_MUTATION,require_super_admin|get_current_user,add|commit|sqlalchemy.update(),
POST,/v1/admin/commission-records/{commission_id}/retry,admin_retry_commission,app.engines.invoice_payment.admin_router,DATABASE_AND_EXTERNAL_MUTATION,PLATFORM_ADMIN_MUTATION,require_super_admin|get_current_user,add|commit|sqlalchemy.update(),debit_wallet
POST,/v1/admin/commission-records/{commission_id}/reverse,admin_reverse_commission,app.engines.invoice_payment.admin_router,DATABASE_AND_EXTERNAL_MUTATION,PLATFORM_ADMIN_MUTATION,require_super_admin|get_current_user,add|commit|sqlalchemy.update(),credit_wallet
POST,/v1/admin/provider-wallets/{tenant_id}/credit,admin_credit_wallet,app.engines.invoice_payment.admin_router,DATABASE_AND_EXTERNAL_MUTATION,PLATFORM_ADMIN_MUTATION,require_super_admin|get_current_user,commit,credit_wallet
POST,/v1/customer/reviews,submit_review,app.engines.customer_reviews.customer_router,DATABASE_MUTATION,CUSTOMER_SELF_SERVICE_MUTATION,get_current_user,add|commit|flush,
PATCH,/v1/customer/reviews/{review_id},edit_review,app.engines.customer_reviews.customer_router,DATABASE_MUTATION,CUSTOMER_SELF_SERVICE_MUTATION,get_current_user,add|commit|flush,
POST,/v1/customer/reviews/{review_id}/flag,flag_review,app.engines.customer_reviews.customer_router,DATABASE_MUTATION,CUSTOMER_SELF_SERVICE_MUTATION,require_customer|get_current_user,add|commit|flush,
POST,/v1/provider/reviews/{review_id}/reply,submit_reply,app.engines.customer_reviews.provider_router,DATABASE_MUTATION,TENANT_PROVIDER_MUTATION,require_tenant_owner_mutation|require_tenant_owner|get_current_user,add|commit|flush,
POST,/v1/provider/reviews/{review_id}/flag,flag_review,app.engines.customer_reviews.provider_router,DATABASE_MUTATION,TENANT_PROVIDER_MUTATION,require_tenant_owner_mutation|require_tenant_owner|get_current_user,add|commit|flush,
POST,/v1/admin/reviews/{review_id}/approve,approve_review,app.engines.customer_reviews.admin_router,DATABASE_MUTATION,PLATFORM_ADMIN_MUTATION,require_super_admin|get_current_user,add|commit|flush,
POST,/v1/admin/reviews/{review_id}/reject,reject_review,app.engines.customer_reviews.admin_router,DATABASE_MUTATION,PLATFORM_ADMIN_MUTATION,require_super_admin|get_current_user,add|commit|flush,
POST,/v1/admin/reviews/{review_id}/hide,hide_review,app.engines.customer_reviews.admin_router,DATABASE_MUTATION,PLATFORM_ADMIN_MUTATION,require_super_admin|get_current_user,add|commit|flush,
DELETE,/v1/admin/reviews/{review_id},delete_review,app.engines.customer_reviews.admin_router,DATABASE_MUTATION,PLATFORM_ADMIN_MUTATION,require_super_admin|get_current_user,add|commit|flush,
POST,/v1/admin/review-flags/{flag_id}/resolve,resolve_flag,app.engines.customer_reviews.admin_router,DATABASE_MUTATION,PLATFORM_ADMIN_MUTATION,require_super_admin|get_current_user,add|commit|flush,
POST,/v1/admin/review-replies/{review_id}/approve,approve_reply,app.engines.customer_reviews.admin_router,DATABASE_MUTATION,PLATFORM_ADMIN_MUTATION,require_super_admin|get_current_user,add|commit|flush,
POST,/v1/admin/review-replies/{review_id}/reject,reject_reply,app.engines.customer_reviews.admin_router,DATABASE_MUTATION,PLATFORM_ADMIN_MUTATION,require_super_admin|get_current_user,add|commit|flush,
PATCH,/v1/admin/review-policies/{policy_id},update_policy,app.engines.customer_reviews.admin_router,DATABASE_MUTATION,PLATFORM_ADMIN_MUTATION,require_super_admin|get_current_user,commit,
POST,/v1/admin/rating-summaries/tenant/{tenant_id}/recompute,recompute_tenant_summary,app.engines.customer_reviews.admin_router,DATABASE_MUTATION,PLATFORM_ADMIN_MUTATION,require_super_admin|get_current_user,add|commit|flush,
POST,/enterprise/saved-views,create_saved_view,app.engines.enterprise_grid.router,DATABASE_MUTATION,TENANT_PROVIDER_MUTATION,get_current_user,add|commit,
PUT,/enterprise/saved-views/{view_id},update_saved_view,app.engines.enterprise_grid.router,DATABASE_MUTATION,TENANT_PROVIDER_MUTATION,get_current_user,commit|raw_sql,
DELETE,/enterprise/saved-views/{view_id},delete_saved_view,app.engines.enterprise_grid.router,DATABASE_MUTATION,TENANT_PROVIDER_MUTATION,get_current_user,commit|delete,
POST,/enterprise/saved-views/{view_id}/set-default,set_default_view,app.engines.enterprise_grid.router,DATABASE_MUTATION,TENANT_PROVIDER_MUTATION,get_current_user,commit,
PUT,/enterprise/column-preferences,save_column_preferences,app.engines.enterprise_grid.router,DATABASE_MUTATION,TENANT_PROVIDER_MUTATION,get_current_user,add|commit,
POST,/enterprise/column-preferences/reset,reset_column_preferences,app.engines.enterprise_grid.router,DATABASE_MUTATION,MIXED_PERSONA_MUTATION,get_current_user,commit|delete,
POST,/enterprise/exports,create_export,app.engines.enterprise_grid.router,DATABASE_MUTATION,TENANT_PROVIDER_MUTATION,get_current_user,add|commit,
POST,/enterprise/exports/{export_id}/retry,retry_export,app.engines.enterprise_grid.router,DATABASE_MUTATION,MIXED_PERSONA_MUTATION,get_current_user,commit,
POST,/enterprise/exports/{export_id}/cancel,cancel_export,app.engines.enterprise_grid.router,DATABASE_MUTATION,MIXED_PERSONA_MUTATION,get_current_user,commit,
GET,/enterprise/exports/{export_id}/download,download_export,app.engines.enterprise_grid.router,MUTATING_GET,MIXED_PERSONA_MUTATION,get_current_user,commit,
POST,/v1/customer/complaints,create_complaint,app.engines.complaints.customer_router,DATABASE_MUTATION,CUSTOMER_SELF_SERVICE_MUTATION,require_customer|get_current_user,add|commit|flush,
POST,/v1/customer/complaints/{complaint_id}/messages,add_message,app.engines.complaints.customer_router,DATABASE_MUTATION,CUSTOMER_SELF_SERVICE_MUTATION,require_customer|get_current_user,add|commit|flush,
POST,/v1/customer/complaints/{complaint_id}/ai-session/answers,submit_ai_answers,app.engines.complaints.customer_router,DATABASE_MUTATION,CUSTOMER_SELF_SERVICE_MUTATION,require_customer|get_current_user,add|commit|flush,
POST,/v1/customer/complaints/{complaint_id}/cancel,cancel_complaint,app.engines.complaints.customer_router,DATABASE_MUTATION,CUSTOMER_SELF_SERVICE_MUTATION,require_customer|get_current_user,commit|flush,
POST,/v1/customer/complaints/{complaint_id}/resolutions/{resolution_id}/accept,accept_resolution,app.engines.complaints.customer_router,DATABASE_MUTATION,CUSTOMER_SELF_SERVICE_MUTATION,require_customer|get_current_user,add|commit|flush,
POST,/v1/customer/complaints/{complaint_id}/resolutions/{resolution_id}/reject,reject_resolution,app.engines.complaints.customer_router,DATABASE_MUTATION,CUSTOMER_SELF_SERVICE_MUTATION,require_customer|get_current_user,add|commit|flush,
POST,/v1/customer/complaints/{complaint_id}/refund,request_refund,app.engines.complaints.customer_router,DATABASE_MUTATION,CUSTOMER_SELF_SERVICE_MUTATION,require_customer|get_current_user,add|commit|flush,
POST,/v1/customer/complaints/{complaint_id}/settlement-proposals/{proposal_id}/respond,respond_to_settlement,app.engines.complaints.customer_router,DATABASE_MUTATION,CUSTOMER_SELF_SERVICE_MUTATION,require_customer|get_current_user,add|commit|flush,
POST,/v1/provider/complaints/{complaint_id}/respond,respond_to_complaint,app.engines.complaints.provider_router,DATABASE_MUTATION,TENANT_PROVIDER_MUTATION,require_tenant_owner_mutation|require_tenant_owner|get_current_user,add|commit|flush,
POST,/v1/provider/complaints/{complaint_id}/offer-resolution,offer_resolution,app.engines.complaints.provider_router,DATABASE_MUTATION,TENANT_PROVIDER_MUTATION,require_tenant_owner_mutation|require_tenant_owner|get_current_user,add|commit|flush,
POST,/v1/provider/complaints/{complaint_id}/ai-session/answers,submit_ai_answers,app.engines.complaints.provider_router,DATABASE_MUTATION,TENANT_PROVIDER_MUTATION,require_tenant_owner_mutation|require_tenant_owner|get_current_user,add|commit|flush,
POST,/v1/provider/complaints/{complaint_id}/settlement-proposals,create_settlement_proposal,app.engines.complaints.provider_router,DATABASE_MUTATION,TENANT_PROVIDER_MUTATION,require_tenant_owner_mutation|require_tenant_owner|get_current_user,add|commit|flush,
POST,/v1/provider/complaints/{complaint_id}/settlement-proposals/{proposal_id}/respond,respond_to_settlement,app.engines.complaints.provider_router,DATABASE_MUTATION,TENANT_PROVIDER_MUTATION,require_tenant_owner_mutation|require_tenant_owner|get_current_user,add|commit|flush,
POST,/v1/provider/rework-requests/{rework_id}/schedule,schedule_rework,app.engines.complaints.provider_router,DATABASE_MUTATION,TENANT_PROVIDER_MUTATION,require_tenant_owner_mutation|require_tenant_owner|get_current_user,commit,
POST,/v1/provider/rework-requests/{rework_id}/start,start_rework,app.engines.complaints.provider_router,DATABASE_MUTATION,TENANT_PROVIDER_MUTATION,require_tenant_owner_mutation|require_tenant_owner|get_current_user,commit,
POST,/v1/provider/rework-requests/{rework_id}/complete,complete_rework,app.engines.complaints.provider_router,DATABASE_MUTATION,TENANT_PROVIDER_MUTATION,require_tenant_owner_mutation|require_tenant_owner|get_current_user,commit,
POST,/v1/provider/refund-requests/{refund_id}/review,review_refund,app.engines.complaints.provider_router,DATABASE_MUTATION,TENANT_PROVIDER_MUTATION,require_tenant_owner_mutation|require_tenant_owner|get_current_user,commit,
POST,/v1/admin/complaints/{complaint_id}/assign,assign_complaint,app.engines.complaints.admin_router,DATABASE_MUTATION,PLATFORM_ADMIN_MUTATION,require_super_admin|get_current_user,add|commit|flush,
POST,/v1/admin/complaints/{complaint_id}/priority,change_priority,app.engines.complaints.admin_router,DATABASE_MUTATION,PLATFORM_ADMIN_MUTATION,require_super_admin|get_current_user,add|commit|flush,
POST,/v1/admin/complaints/{complaint_id}/request-provider-response,request_provider_response,app.engines.complaints.admin_router,DATABASE_MUTATION,PLATFORM_ADMIN_MUTATION,require_super_admin|get_current_user,add|commit|flush,
POST,/v1/admin/complaints/{complaint_id}/messages,admin_add_message,app.engines.complaints.admin_router,DATABASE_MUTATION,PLATFORM_ADMIN_MUTATION,require_super_admin|get_current_user,add|commit|flush,
POST,/v1/admin/complaints/{complaint_id}/propose-resolution,propose_resolution,app.engines.complaints.admin_router,DATABASE_MUTATION,PLATFORM_ADMIN_MUTATION,require_super_admin|get_current_user,add|commit|flush,
POST,/v1/admin/complaints/{complaint_id}/reject,reject_complaint,app.engines.complaints.admin_router,DATABASE_MUTATION,PLATFORM_ADMIN_MUTATION,require_super_admin|get_current_user,add|commit|flush,
POST,/v1/admin/complaints/{complaint_id}/resolve,resolve_complaint,app.engines.complaints.admin_router,DATABASE_MUTATION,PLATFORM_ADMIN_MUTATION,require_super_admin|get_current_user,add|commit|flush,
POST,/v1/admin/complaints/{complaint_id}/close,close_complaint,app.engines.complaints.admin_router,DATABASE_MUTATION,PLATFORM_ADMIN_MUTATION,require_super_admin|get_current_user,add|commit|flush,
POST,/v1/admin/complaints/{complaint_id}/start-ai-settlement,start_ai_settlement,app.engines.complaints.admin_router,DATABASE_MUTATION,PLATFORM_ADMIN_MUTATION,require_super_admin|get_current_user,add|commit|flush,
POST,/v1/admin/complaints/{complaint_id}/finalize-settlement,finalize_settlement,app.engines.complaints.admin_router,DATABASE_MUTATION,PLATFORM_ADMIN_MUTATION,require_super_admin|get_current_user,add|commit|flush,
POST,/v1/admin/complaints/{complaint_id}/settlement-proposals,create_admin_settlement_proposal,app.engines.complaints.admin_router,DATABASE_MUTATION,PLATFORM_ADMIN_MUTATION,require_super_admin|get_current_user,add|commit|flush,
POST,/v1/admin/rework-requests/{rework_id}/approve,approve_rework,app.engines.complaints.admin_router,DATABASE_MUTATION,PLATFORM_ADMIN_MUTATION,require_super_admin|get_current_user,add|commit|flush,
POST,/v1/admin/rework-requests/{rework_id}/reject,reject_rework,app.engines.complaints.admin_router,DATABASE_MUTATION,PLATFORM_ADMIN_MUTATION,require_super_admin|get_current_user,commit,
POST,/v1/admin/rework-requests/{rework_id}/assign,assign_rework,app.engines.complaints.admin_router,DATABASE_MUTATION,PLATFORM_ADMIN_MUTATION,require_super_admin|get_current_user,commit,
POST,/v1/admin/refund-requests/{refund_id}/approve,approve_refund,app.engines.complaints.admin_router,DATABASE_MUTATION,PLATFORM_ADMIN_MUTATION,require_super_admin|get_current_user,add|commit|flush,
POST,/v1/admin/refund-requests/{refund_id}/reject,reject_refund,app.engines.complaints.admin_router,DATABASE_MUTATION,PLATFORM_ADMIN_MUTATION,require_super_admin|get_current_user,commit,
POST,/v1/admin/refund-requests/{refund_id}/record,record_refund,app.engines.complaints.admin_router,DATABASE_MUTATION,PLATFORM_ADMIN_MUTATION,require_super_admin|get_current_user,add|commit|flush,
POST,/v1/admin/refund-requests/{refund_id}/verify,verify_refund,app.engines.complaints.admin_router,DATABASE_MUTATION,PLATFORM_ADMIN_MUTATION,require_super_admin|get_current_user,commit,
POST,/v1/admin/complaint-policies,create_policy,app.engines.complaints.admin_router,DATABASE_MUTATION,PLATFORM_ADMIN_MUTATION,require_super_admin|get_current_user,add|commit,
PUT,/v1/admin/complaint-policies/{policy_id},update_policy,app.engines.complaints.admin_router,DATABASE_MUTATION,PLATFORM_ADMIN_MUTATION,require_super_admin|get_current_user,commit,
POST,/v1/customer/notifications/{notification_id}/read,mark_read,app.engines.platform_notifications.customer_router,DATABASE_MUTATION,CUSTOMER_SELF_SERVICE_MUTATION,require_customer|get_current_user,commit,
POST,/v1/customer/notifications/mark-all-read,mark_all_read,app.engines.platform_notifications.customer_router,DATABASE_MUTATION,CUSTOMER_SELF_SERVICE_MUTATION,require_customer|get_current_user,commit,
PUT,/v1/customer/notifications/preferences,update_preference,app.engines.platform_notifications.customer_router,DATABASE_MUTATION,CUSTOMER_SELF_SERVICE_MUTATION,require_customer|get_current_user,add|commit|raw_sql,
POST,/v1/customer/chat/threads,create_thread,app.engines.platform_notifications.customer_router,DATABASE_MUTATION,CUSTOMER_SELF_SERVICE_MUTATION,require_customer|get_current_user,add|commit|flush,
POST,/v1/customer/chat/threads/{thread_id}/messages,send_message,app.engines.platform_notifications.customer_router,DATABASE_MUTATION,CUSTOMER_SELF_SERVICE_MUTATION,require_customer|get_current_user,add|commit,
POST,/v1/customer/chat/threads/{thread_id}/read,mark_thread_read,app.engines.platform_notifications.customer_router,DATABASE_MUTATION,CUSTOMER_SELF_SERVICE_MUTATION,require_customer|get_current_user,add|commit,
POST,/v1/provider/notifications/{notification_id}/read,provider_mark_read,app.engines.platform_notifications.provider_router,DATABASE_MUTATION,MIXED_PERSONA_MUTATION,get_current_user,commit,
POST,/v1/provider/notifications/mark-all-read,provider_mark_all_read,app.engines.platform_notifications.provider_router,DATABASE_MUTATION,MIXED_PERSONA_MUTATION,get_current_user,commit,
PUT,/v1/provider/notifications/preferences,provider_update_pref,app.engines.platform_notifications.provider_router,DATABASE_MUTATION,TENANT_PROVIDER_MUTATION,get_current_user,add|commit|raw_sql,
POST,/v1/provider/chat/threads,provider_create_thread,app.engines.platform_notifications.provider_router,DATABASE_MUTATION,TENANT_PROVIDER_MUTATION,get_current_user,add|commit|flush,
POST,/v1/provider/chat/threads/{thread_id}/messages,provider_send_message,app.engines.platform_notifications.provider_router,DATABASE_MUTATION,TENANT_PROVIDER_MUTATION,get_current_user,add|commit,
POST,/v1/provider/chat/threads/{thread_id}/read,provider_mark_thread_read,app.engines.platform_notifications.provider_router,DATABASE_MUTATION,TENANT_PROVIDER_MUTATION,get_current_user,add|commit,
POST,/v1/staff/notifications/{notification_id}/read,staff_mark_read,app.engines.platform_notifications.provider_router,DATABASE_MUTATION,TENANT_PROVIDER_MUTATION,require_staff_or_technician_only|get_current_user,commit,
POST,/v1/staff/notifications/mark-all-read,staff_mark_all_read,app.engines.platform_notifications.provider_router,DATABASE_MUTATION,TENANT_PROVIDER_MUTATION,require_staff_or_technician_only|get_current_user,commit,
POST,/v1/staff/chat/threads/{thread_id}/messages,staff_send_message,app.engines.platform_notifications.provider_router,DATABASE_MUTATION,TENANT_PROVIDER_MUTATION,require_staff_or_technician_only|get_current_user,add|commit,
POST,/v1/staff/chat/threads/{thread_id}/read,staff_mark_thread_read,app.engines.platform_notifications.provider_router,DATABASE_MUTATION,TENANT_PROVIDER_MUTATION,require_staff_or_technician_only|get_current_user,add|commit,
POST,/v1/admin/notifications/{notification_id}/read,admin_mark_read,app.engines.platform_notifications.admin_router,DATABASE_MUTATION,PLATFORM_ADMIN_MUTATION,get_current_user,commit,
POST,/v1/admin/notifications/mark-all-read,admin_mark_all_read,app.engines.platform_notifications.admin_router,DATABASE_MUTATION,PLATFORM_ADMIN_MUTATION,get_current_user,commit,
PUT,/v1/admin/notifications/preferences,admin_update_pref,app.engines.platform_notifications.admin_router,DATABASE_MUTATION,PLATFORM_ADMIN_MUTATION,get_current_user,add|commit|raw_sql,
POST,/v1/admin/notification-outbox/{outbox_id}/retry,admin_retry_outbox,app.engines.platform_notifications.admin_router,DATABASE_MUTATION,PLATFORM_ADMIN_MUTATION,require_super_admin|get_current_user,commit,
POST,/v1/admin/notification-templates,admin_create_template,app.engines.platform_notifications.admin_router,DATABASE_MUTATION,PLATFORM_ADMIN_MUTATION,require_super_admin|get_current_user,add|commit,
PUT,/v1/admin/notification-templates/{template_id},admin_update_template,app.engines.platform_notifications.admin_router,DATABASE_MUTATION,PLATFORM_ADMIN_MUTATION,require_super_admin|get_current_user,commit|raw_sql,
POST,/v1/admin/notification-templates/{template_id}/activate,admin_activate_template,app.engines.platform_notifications.admin_router,DATABASE_MUTATION,PLATFORM_ADMIN_MUTATION,require_super_admin|get_current_user,commit,
POST,/v1/admin/notification-templates/{template_id}/deactivate,admin_deactivate_template,app.engines.platform_notifications.admin_router,DATABASE_MUTATION,PLATFORM_ADMIN_MUTATION,require_super_admin|get_current_user,commit,
POST,/v1/admin/chat/threads/{thread_id}/messages,admin_send_message,app.engines.platform_notifications.admin_router,DATABASE_MUTATION,PLATFORM_ADMIN_MUTATION,require_super_admin|get_current_user,add|commit,
POST,/v1/admin/chat/threads/{thread_id}/close,admin_close_thread,app.engines.platform_notifications.admin_router,DATABASE_MUTATION,PLATFORM_ADMIN_MUTATION,require_super_admin|get_current_user,commit,
POST,/v1/admin/chat/messages/{message_id}/hide,admin_hide_message,app.engines.platform_notifications.admin_router,DATABASE_MUTATION,PLATFORM_ADMIN_MUTATION,require_super_admin|get_current_user,commit,
POST,/v1/admin/reports/run,admin_run_report,app.engines.analytics.admin_router,DATABASE_MUTATION,PLATFORM_ADMIN_MUTATION,require_super_admin|get_current_user|get_current_user,add|commit|flush,
POST,/v1/provider/reports/run,provider_run_report,app.engines.analytics.provider_router,DATABASE_MUTATION,TENANT_PROVIDER_MUTATION,get_current_user,add|commit|flush,
POST,/v1/admin/ai/sessions/{session_id}/handoff,admin_handoff_session,app.engines.ai_conversation.sprint29_admin_router,DATABASE_MUTATION,PLATFORM_ADMIN_MUTATION,require_super_admin|get_current_user,commit,
POST,/v1/admin/ai/sessions/{session_id}/close,admin_close_session,app.engines.ai_conversation.sprint29_admin_router,DATABASE_MUTATION,PLATFORM_ADMIN_MUTATION,require_super_admin|get_current_user,commit,
POST,/v1/customer/ai/sessions,create_ai_session,app.engines.ai_conversation.sprint29_customer_router,DATABASE_MUTATION,CUSTOMER_SELF_SERVICE_MUTATION,get_current_user,add|commit|flush,
POST,/v1/customer/ai/sessions/{session_id}/messages,send_ai_message,app.engines.ai_conversation.sprint29_customer_router,DATABASE_MUTATION,CUSTOMER_SELF_SERVICE_MUTATION,get_current_user,add|commit|flush,
POST,/v1/customer/ai/sessions/{session_id}/reset,reset_ai_session,app.engines.ai_conversation.sprint29_customer_router,DATABASE_MUTATION,CUSTOMER_SELF_SERVICE_MUTATION,get_current_user,commit,
POST,/v1/customer/ai/sessions/{session_id}/handoff,request_handoff,app.engines.ai_conversation.sprint29_customer_router,DATABASE_MUTATION,CUSTOMER_SELF_SERVICE_MUTATION,get_current_user,commit,
POST,/v1/admin/marketing/campaigns,create_campaign,app.engines.marketing_automation.admin_router,DATABASE_MUTATION,PLATFORM_ADMIN_MUTATION,require_super_admin|get_current_user|get_current_user,add|commit|flush,
PUT,/v1/admin/marketing/campaigns/{campaign_id},update_campaign,app.engines.marketing_automation.admin_router,DATABASE_MUTATION,PLATFORM_ADMIN_MUTATION,require_super_admin|get_current_user,commit|raw_sql,
POST,/v1/admin/marketing/campaigns/{campaign_id}/schedule,schedule_campaign,app.engines.marketing_automation.admin_router,DATABASE_MUTATION,PLATFORM_ADMIN_MUTATION,require_super_admin|get_current_user,commit,
POST,/v1/admin/marketing/campaigns/{campaign_id}/pause,pause_campaign,app.engines.marketing_automation.admin_router,DATABASE_MUTATION,PLATFORM_ADMIN_MUTATION,require_super_admin|get_current_user,commit,
POST,/v1/admin/marketing/campaigns/{campaign_id}/resume,resume_campaign,app.engines.marketing_automation.admin_router,DATABASE_MUTATION,PLATFORM_ADMIN_MUTATION,require_super_admin|get_current_user,commit,
POST,/v1/admin/marketing/campaigns/{campaign_id}/cancel,cancel_campaign,app.engines.marketing_automation.admin_router,DATABASE_MUTATION,PLATFORM_ADMIN_MUTATION,require_super_admin|get_current_user,commit,
POST,/v1/admin/marketing/campaigns/{campaign_id}/run-now,run_campaign_now,app.engines.marketing_automation.admin_router,DATABASE_MUTATION,PLATFORM_ADMIN_MUTATION,require_super_admin|get_current_user,add|commit|flush,
POST,/v1/provider/marketing/campaigns/generate-launch,generate_launch_campaign,app.engines.marketing_automation.provider_router,DATABASE_MUTATION,TENANT_PROVIDER_MUTATION,get_current_user,commit|raw_sql,
POST,/v1/provider/marketing/campaigns/{campaign_id}/submit-review,submit_campaign_review,app.engines.marketing_automation.provider_router,DATABASE_MUTATION,TENANT_PROVIDER_MUTATION,get_current_user,commit|raw_sql,
PUT,/v1/provider/marketing/assets/{asset_id}/provider-notes,update_asset_provider_notes,app.engines.marketing_automation.provider_router,DATABASE_MUTATION,TENANT_PROVIDER_MUTATION,get_current_user,commit|raw_sql,
POST,/v1/provider/team-members,create_team_member,app.engines.provider_portal.router,DATABASE_MUTATION,TENANT_PROVIDER_MUTATION,require_tenant_owner_mutation|require_tenant_owner|get_current_user,commit|raw_sql,
PUT,/v1/provider/team-members/{member_id},update_team_member,app.engines.provider_portal.router,DATABASE_MUTATION,TENANT_PROVIDER_MUTATION,require_tenant_owner_mutation|require_tenant_owner|get_current_user,commit|raw_sql,
DELETE,/v1/provider/team-members/{member_id},delete_team_member,app.engines.provider_portal.router,DATABASE_MUTATION,TENANT_PROVIDER_MUTATION,require_tenant_owner_mutation|require_tenant_owner|get_current_user,commit|raw_sql,
POST,/v1/provider/team-members/{member_id}/activate,activate_team_member,app.engines.provider_portal.router,DATABASE_MUTATION,TENANT_PROVIDER_MUTATION,require_tenant_owner_mutation|require_tenant_owner|get_current_user,commit|raw_sql,
POST,/v1/provider/team-members/{member_id}/deactivate,deactivate_team_member,app.engines.provider_portal.router,DATABASE_MUTATION,TENANT_PROVIDER_MUTATION,require_tenant_owner_mutation|require_tenant_owner|get_current_user,commit|raw_sql|sqlalchemy.update(),
POST,/v1/provider/availability,create_availability,app.engines.provider_portal.router,DATABASE_MUTATION,TENANT_PROVIDER_MUTATION,require_tenant_owner_mutation|require_tenant_owner|get_current_user,commit|raw_sql,
PUT,/v1/provider/availability/{rule_id},update_availability,app.engines.provider_portal.router,DATABASE_MUTATION,TENANT_PROVIDER_MUTATION,require_tenant_owner_mutation|require_tenant_owner|get_current_user,commit|raw_sql,
DELETE,/v1/provider/availability/{rule_id},delete_availability,app.engines.provider_portal.router,DATABASE_MUTATION,TENANT_PROVIDER_MUTATION,require_tenant_owner_mutation|require_tenant_owner|get_current_user,commit|raw_sql,
POST,/v1/provider/availability/exceptions,create_availability_exception,app.engines.provider_portal.router,DATABASE_MUTATION,TENANT_PROVIDER_MUTATION,require_tenant_owner_mutation|require_tenant_owner|get_current_user,commit|raw_sql,
PUT,/v1/provider/availability/exceptions/{exception_id},update_availability_exception,app.engines.provider_portal.router,DATABASE_MUTATION,TENANT_PROVIDER_MUTATION,require_tenant_owner_mutation|require_tenant_owner|get_current_user,commit|raw_sql,
DELETE,/v1/provider/availability/exceptions/{exception_id},delete_availability_exception,app.engines.provider_portal.router,DATABASE_MUTATION,TENANT_PROVIDER_MUTATION,require_tenant_owner_mutation|require_tenant_owner|get_current_user,commit|raw_sql,
PUT,/v1/provider/booking-window,update_booking_window,app.engines.provider_portal.router,DATABASE_MUTATION,TENANT_PROVIDER_MUTATION,require_tenant_owner_mutation|require_tenant_owner|get_current_user,commit|raw_sql,
PUT,/v1/provider/service-areas/{area_id}/coverage,set_area_coverage,app.engines.provider_portal.router,DATABASE_MUTATION,TENANT_PROVIDER_MUTATION,get_current_user,commit|raw_sql,
POST,/v1/provider/availability/preset/{preset_key},apply_availability_preset,app.engines.provider_portal.router,DATABASE_MUTATION,TENANT_PROVIDER_MUTATION,require_tenant_owner_mutation|require_tenant_owner|get_current_user,commit|raw_sql,
DELETE,/v1/provider/availability/preset/{preset_key},delete_availability_preset,app.engines.provider_portal.router,DATABASE_MUTATION,TENANT_PROVIDER_MUTATION,require_tenant_owner_mutation|require_tenant_owner|get_current_user,commit|raw_sql,
POST,/v1/provider/offerings/enabled,enable_offering,app.engines.provider_portal.router,DATABASE_MUTATION,TENANT_PROVIDER_MUTATION,require_tenant_owner_mutation|require_tenant_owner|get_current_user,commit|raw_sql,
PUT,/v1/provider/offerings/enabled/{offering_id},update_enabled_offering,app.engines.provider_portal.router,DATABASE_MUTATION,TENANT_PROVIDER_MUTATION,require_tenant_owner_mutation|require_tenant_owner|get_current_user,commit|raw_sql,
POST,/v1/provider/offerings/enabled/{offering_id}/activate,activate_offering,app.engines.provider_portal.router,DATABASE_MUTATION,TENANT_PROVIDER_MUTATION,require_tenant_owner_mutation|require_tenant_owner|get_current_user,commit|raw_sql,
POST,/v1/provider/offerings/enabled/{offering_id}/deactivate,deactivate_offering,app.engines.provider_portal.router,DATABASE_MUTATION,TENANT_PROVIDER_MUTATION,require_tenant_owner_mutation|require_tenant_owner|get_current_user,commit|raw_sql,
POST,/v1/provider/offerings/enabled/{offering_id}/refresh-readiness,refresh_offering_readiness,app.engines.provider_portal.router,DATABASE_MUTATION,TENANT_PROVIDER_MUTATION,require_tenant_owner_mutation|require_tenant_owner|get_current_user,commit|raw_sql,
POST,/v1/provider/status/refresh,refresh_provider_status,app.engines.provider_portal.router,DATABASE_MUTATION,TENANT_PROVIDER_MUTATION,require_tenant_owner_mutation|require_tenant_owner|get_current_user,commit|raw_sql,
POST,/v1/admin/onboarding/providers/{tenant_id}/approve,approve_provider_onboarding,app.engines.provider_portal.admin_router,DATABASE_MUTATION,PLATFORM_ADMIN_MUTATION,get_current_user,commit,
POST,/v1/admin/onboarding/providers/{tenant_id}/reject,reject_provider_onboarding,app.engines.provider_portal.admin_router,DATABASE_MUTATION,PLATFORM_ADMIN_MUTATION,get_current_user,commit,
POST,/v1/admin/onboarding/providers/{tenant_id}/request-changes,request_changes_provider_onboarding,app.engines.provider_portal.admin_router,DATABASE_MUTATION,PLATFORM_ADMIN_MUTATION,get_current_user,commit,
PUT,/v1/admin/onboarding/providers/{tenant_id}/items/{checklist_key}/override,override_onboarding_item,app.engines.provider_portal.admin_router,DATABASE_MUTATION,PLATFORM_ADMIN_MUTATION,get_current_user,commit|raw_sql,
POST,/v1/admin/bookability/providers/{tenant_id}/refresh,refresh_bookability,app.engines.provider_portal.admin_router,DATABASE_MUTATION,PLATFORM_ADMIN_MUTATION,require_super_admin|get_current_user,commit|raw_sql,
POST,/v1/admin/bookability/providers/{tenant_id}/override-visibility,override_visibility,app.engines.provider_portal.admin_router,DATABASE_MUTATION,PLATFORM_ADMIN_MUTATION,require_super_admin|get_current_user,commit|raw_sql,
DELETE,/v1/admin/bookability/providers/{tenant_id}/override-visibility,remove_visibility_override,app.engines.provider_portal.admin_router,DATABASE_MUTATION,PLATFORM_ADMIN_MUTATION,require_super_admin|get_current_user,commit|raw_sql,
POST,/v1/admin/bookability/providers/{tenant_id}/override-bookability,override_bookability,app.engines.provider_portal.admin_router,DATABASE_MUTATION,PLATFORM_ADMIN_MUTATION,require_super_admin|get_current_user,commit|raw_sql,
DELETE,/v1/admin/bookability/providers/{tenant_id}/override-bookability,remove_bookability_override,app.engines.provider_portal.admin_router,DATABASE_MUTATION,PLATFORM_ADMIN_MUTATION,require_super_admin|get_current_user,commit|raw_sql,
POST,/v1/admin/verticals/{vertical_key}/enable,enable_vertical,app.engines.vertical_catalog.admin_router,DATABASE_MUTATION,PLATFORM_ADMIN_MUTATION,get_current_user,commit,
POST,/v1/admin/verticals/{vertical_key}/disable,disable_vertical,app.engines.vertical_catalog.admin_router,DATABASE_MUTATION,PLATFORM_ADMIN_MUTATION,get_current_user,commit,
PATCH,/v1/admin/verticals/{vertical_key},update_vertical,app.engines.vertical_catalog.admin_router,DATABASE_MUTATION,PLATFORM_ADMIN_MUTATION,get_current_user,commit,
POST,/v1/admin/verticals/{vertical_key}/modules/{module_key}/enable,enable_vertical_module,app.engines.vertical_catalog.admin_router,DATABASE_MUTATION,PLATFORM_ADMIN_MUTATION,get_current_user,add|commit,
POST,/v1/admin/verticals/{vertical_key}/modules/{module_key}/disable,disable_vertical_module,app.engines.vertical_catalog.admin_router,DATABASE_MUTATION,PLATFORM_ADMIN_MUTATION,get_current_user,add|commit,
PUT,/v1/admin/verticals/{vertical_key}/engine-mappings,set_engine_mappings,app.engines.vertical_catalog.admin_router,DATABASE_MUTATION,PLATFORM_ADMIN_MUTATION,get_current_user,add|commit|delete|flush,
POST,/v1/admin/tenants/{tenant_id}/entitlements/modules,assign_module,app.engines.entitlement.admin_router,DATABASE_MUTATION,PLATFORM_ADMIN_MUTATION,require_super_admin|get_current_user,add|commit|flush,
POST,/v1/admin/tenants/{tenant_id}/entitlements/modules/{module_key}/disable,disable_module,app.engines.entitlement.admin_router,DATABASE_MUTATION,PLATFORM_ADMIN_MUTATION,require_super_admin|get_current_user,add|commit|flush,
POST,/v1/admin/tenants/{tenant_id}/entitlements/modules/{module_key}/reenable,reenable_module,app.engines.entitlement.admin_router,DATABASE_MUTATION,PLATFORM_ADMIN_MUTATION,require_super_admin|get_current_user,add|commit|flush,
POST,/v1/admin/tenants/{tenant_id}/entitlements/categories,assign_category,app.engines.entitlement.admin_router,DATABASE_MUTATION,PLATFORM_ADMIN_MUTATION,require_super_admin|get_current_user,add|commit|flush,
POST,/v1/admin/tenants/{tenant_id}/entitlements/categories/{category_id}/disable,disable_category,app.engines.entitlement.admin_router,DATABASE_MUTATION,PLATFORM_ADMIN_MUTATION,require_super_admin|get_current_user,add|commit|flush,
POST,/v1/admin/tenants/{tenant_id}/entitlements/categories/{category_id}/reenable,reenable_category,app.engines.entitlement.admin_router,DATABASE_MUTATION,PLATFORM_ADMIN_MUTATION,require_super_admin|get_current_user,add|commit|flush,
POST,/v1/admin/service-setup/templates/seed-defaults,seed_defaults,app.engines.service_setup.templates_router,DATABASE_MUTATION,PLATFORM_ADMIN_MUTATION,get_current_user,add|commit|flush,
POST,/v1/admin/service-setup/templates,create_template,app.engines.service_setup.templates_router,DATABASE_MUTATION,PLATFORM_ADMIN_MUTATION,get_current_user,add|commit|flush,
PUT,/v1/admin/service-setup/templates/{template_id},update_template,app.engines.service_setup.templates_router,DATABASE_MUTATION,PLATFORM_ADMIN_MUTATION,get_current_user,commit,
POST,/v1/admin/service-setup/templates/{template_id}/publish,publish_template,app.engines.service_setup.templates_router,DATABASE_MUTATION,PLATFORM_ADMIN_MUTATION,get_current_user,commit,
POST,/v1/admin/service-setup/templates/{template_id}/archive,archive_template,app.engines.service_setup.templates_router,DATABASE_MUTATION,PLATFORM_ADMIN_MUTATION,get_current_user,commit,
POST,/v1/admin/service-setup/templates/{template_id}/clone,clone_template,app.engines.service_setup.templates_router,DATABASE_MUTATION,PLATFORM_ADMIN_MUTATION,get_current_user,add|commit|flush,
DELETE,/v1/admin/service-setup/templates/{template_id},delete_template,app.engines.service_setup.templates_router,DATABASE_MUTATION,PLATFORM_ADMIN_MUTATION,get_current_user,commit|delete,
POST,/v1/admin/service-setup/bulk-wizard/drafts,create_draft,app.engines.service_setup.bulk_router,DATABASE_MUTATION,PLATFORM_ADMIN_MUTATION,get_current_user,add|commit,
PUT,/v1/admin/service-setup/bulk-wizard/drafts/{draft_id},update_draft,app.engines.service_setup.bulk_router,DATABASE_MUTATION,PLATFORM_ADMIN_MUTATION,get_current_user,commit,
DELETE,/v1/admin/service-setup/bulk-wizard/drafts/{draft_id},delete_draft,app.engines.service_setup.bulk_router,DATABASE_MUTATION,PLATFORM_ADMIN_MUTATION,get_current_user,commit|delete,
POST,/v1/admin/service-setup/bulk-wizard/drafts/{draft_id}/validate,validate_draft,app.engines.service_setup.bulk_router,DATABASE_MUTATION,PLATFORM_ADMIN_MUTATION,get_current_user,add|commit|sqlalchemy.delete(),
POST,/v1/admin/service-setup/bulk-wizard/drafts/{draft_id}/preview,preview_draft,app.engines.service_setup.bulk_router,DATABASE_MUTATION,PLATFORM_ADMIN_MUTATION,get_current_user,add|commit|sqlalchemy.delete(),
POST,/v1/admin/service-setup/bulk-wizard/drafts/{draft_id}/dry-run,dry_run,app.engines.service_setup.bulk_router,DATABASE_MUTATION,PLATFORM_ADMIN_MUTATION,get_current_user,add|commit|flush|raw_sql,
POST,/v1/admin/service-setup/bulk-wizard/drafts/{draft_id}/execute,execute_draft,app.engines.service_setup.bulk_router,DATABASE_MUTATION,PLATFORM_ADMIN_MUTATION,get_current_user,add|commit|flush|raw_sql,
POST,/v1/admin/service-setup/bulk-wizard/drafts/{draft_id}/clone,clone_draft,app.engines.service_setup.bulk_router,DATABASE_MUTATION,PLATFORM_ADMIN_MUTATION,get_current_user,add|commit,
POST,/v1/admin/service-setup/bulk-wizard/runs/{run_id}/rollback,rollback_run,app.engines.service_setup.bulk_router,DATABASE_MUTATION,PLATFORM_ADMIN_MUTATION,get_current_user,commit,
GET,/v1/admin/marketing/automation/summary,get_summary,app.engines.marketing_command_center.admin_router,MUTATING_GET,PLATFORM_ADMIN_MUTATION,get_current_user|require_super_admin|get_current_user,add|flush,
POST,/v1/admin/marketing/posts,create_post,app.engines.marketing_command_center.admin_router,DATABASE_MUTATION,PLATFORM_ADMIN_MUTATION,get_current_user,add|flush,
PUT,/v1/admin/marketing/posts/{post_id},update_post,app.engines.marketing_command_center.admin_router,DATABASE_MUTATION,PLATFORM_ADMIN_MUTATION,get_current_user,add|flush|raw_sql,
POST,/v1/admin/marketing/posts/{post_id}/submit-approval,submit_approval,app.engines.marketing_command_center.admin_router,DATABASE_MUTATION,PLATFORM_ADMIN_MUTATION,get_current_user,add|flush,
POST,/v1/admin/marketing/posts/{post_id}/approve,approve_post,app.engines.marketing_command_center.admin_router,DATABASE_MUTATION,PLATFORM_ADMIN_MUTATION,get_current_user,add|flush,
POST,/v1/admin/marketing/posts/{post_id}/reject,reject_post,app.engines.marketing_command_center.admin_router,DATABASE_MUTATION,PLATFORM_ADMIN_MUTATION,get_current_user,add|flush,
POST,/v1/admin/marketing/posts/{post_id}/schedule,schedule_post,app.engines.marketing_command_center.admin_router,DATABASE_MUTATION,PLATFORM_ADMIN_MUTATION,get_current_user,add|flush,
POST,/v1/admin/marketing/posts/{post_id}/reschedule,reschedule_post,app.engines.marketing_command_center.admin_router,DATABASE_MUTATION,PLATFORM_ADMIN_MUTATION,get_current_user,add|flush,
POST,/v1/admin/marketing/posts/{post_id}/publish-now,publish_now,app.engines.marketing_command_center.admin_router,DATABASE_MUTATION,PLATFORM_ADMIN_MUTATION,get_current_user,add|flush,
POST,/v1/admin/marketing/posts/{post_id}/retry,retry_post,app.engines.marketing_command_center.admin_router,DATABASE_MUTATION,PLATFORM_ADMIN_MUTATION,get_current_user,add|flush,
POST,/v1/admin/marketing/posts/{post_id}/cancel,cancel_post,app.engines.marketing_command_center.admin_router,DATABASE_MUTATION,PLATFORM_ADMIN_MUTATION,get_current_user,add|flush,
POST,/v1/admin/marketing/ai/generate-caption,generate_caption,app.engines.marketing_command_center.admin_router,DATABASE_MUTATION,PLATFORM_ADMIN_MUTATION,get_current_user,add|flush,
POST,/v1/admin/marketing/ai/generate-image,generate_image,app.engines.marketing_command_center.admin_router,DATABASE_MUTATION,PLATFORM_ADMIN_MUTATION,get_current_user,add|flush,
POST,/v1/admin/marketing/ai/generate-hashtags,generate_hashtags,app.engines.marketing_command_center.admin_router,DATABASE_MUTATION,PLATFORM_ADMIN_MUTATION,get_current_user,add|flush,
POST,/v1/admin/marketing/ai/generate-variations,generate_variations,app.engines.marketing_command_center.admin_router,DATABASE_MUTATION,PLATFORM_ADMIN_MUTATION,get_current_user,add|flush,
POST,/v1/admin/marketing/social-accounts/connect,connect_social_account,app.engines.marketing_command_center.admin_router,DATABASE_MUTATION,PLATFORM_ADMIN_MUTATION,get_current_user,add|flush,
POST,/v1/admin/marketing/social-accounts/{account_id}/sync,sync_social_account,app.engines.marketing_command_center.admin_router,DATABASE_MUTATION,PLATFORM_ADMIN_MUTATION,get_current_user,flush,
POST,/v1/admin/marketing/social-accounts/{account_id}/disconnect,disconnect_social_account,app.engines.marketing_command_center.admin_router,DATABASE_MUTATION,PLATFORM_ADMIN_MUTATION,get_current_user,add|flush,
POST,/v1/admin/marketing/content-templates,create_template,app.engines.marketing_command_center.admin_router,DATABASE_MUTATION,PLATFORM_ADMIN_MUTATION,get_current_user,add|flush,
PUT,/v1/admin/marketing/content-templates/{template_id},update_template,app.engines.marketing_command_center.admin_router,DATABASE_MUTATION,PLATFORM_ADMIN_MUTATION,get_current_user,add|flush|raw_sql,
GET,/v1/admin/marketing/ai-budget,get_ai_budget,app.engines.marketing_command_center.admin_router,MUTATING_GET,PLATFORM_ADMIN_MUTATION,get_current_user|require_super_admin|get_current_user,add|flush,
PUT,/v1/admin/marketing/ai-budget,update_ai_budget,app.engines.marketing_command_center.admin_router,DATABASE_MUTATION,PLATFORM_ADMIN_MUTATION,get_current_user,add|flush|raw_sql,
POST,/v1/admin/intelligence/knowledge-bases/seed-defaults,seed_defaults,app.engines.analytics.kb_router,DATABASE_MUTATION,PLATFORM_ADMIN_MUTATION,require_super_admin|get_current_user,add|commit,
POST,/v1/admin/intelligence/knowledge-bases,create_kb,app.engines.analytics.kb_router,DATABASE_MUTATION,PLATFORM_ADMIN_MUTATION,require_super_admin|get_current_user,add|commit|flush,
PUT,/v1/admin/intelligence/knowledge-bases/{kb_id},update_kb,app.engines.analytics.kb_router,DATABASE_MUTATION,PLATFORM_ADMIN_MUTATION,require_super_admin|get_current_user,add|commit|flush,
POST,/v1/admin/intelligence/knowledge-bases/{kb_id}/activate,activate_kb,app.engines.analytics.kb_router,DATABASE_MUTATION,PLATFORM_ADMIN_MUTATION,require_super_admin|get_current_user,commit|flush,
POST,/v1/admin/intelligence/knowledge-bases/{kb_id}/disable,disable_kb,app.engines.analytics.kb_router,DATABASE_MUTATION,PLATFORM_ADMIN_MUTATION,require_super_admin|get_current_user,commit|flush,
POST,/v1/admin/intelligence/knowledge-bases/{kb_id}/archive,archive_kb,app.engines.analytics.kb_router,DATABASE_MUTATION,PLATFORM_ADMIN_MUTATION,require_super_admin|get_current_user,commit|flush,
DELETE,/v1/admin/intelligence/knowledge-bases/{kb_id},delete_kb,app.engines.analytics.kb_router,DATABASE_MUTATION,PLATFORM_ADMIN_MUTATION,require_super_admin|get_current_user,commit|delete,
POST,/v1/admin/intelligence/knowledge-bases/{kb_id}/documents/upload,upload_document,app.engines.analytics.kb_router,DATABASE_MUTATION,PLATFORM_ADMIN_MUTATION,require_super_admin|get_current_user,add|commit,
POST,/v1/admin/intelligence/knowledge-bases/{kb_id}/documents/link-media,link_media,app.engines.analytics.kb_router,DATABASE_MUTATION,PLATFORM_ADMIN_MUTATION,require_super_admin|get_current_user,add|commit,
POST,/v1/admin/intelligence/knowledge-bases/{kb_id}/sources/url,add_url_source,app.engines.analytics.kb_router,DATABASE_MUTATION,PLATFORM_ADMIN_MUTATION,require_super_admin|get_current_user,add|commit,
DELETE,/v1/admin/intelligence/knowledge-bases/{kb_id}/documents/{document_id},delete_document,app.engines.analytics.kb_router,DATABASE_MUTATION,PLATFORM_ADMIN_MUTATION,require_super_admin|get_current_user,commit|delete,
POST,/v1/admin/intelligence/knowledge-bases/{kb_id}/articles,create_article,app.engines.analytics.kb_router,DATABASE_MUTATION,PLATFORM_ADMIN_MUTATION,require_super_admin|get_current_user,add|commit,
PUT,/v1/admin/intelligence/knowledge-bases/{kb_id}/articles/{article_id},update_article,app.engines.analytics.kb_router,DATABASE_MUTATION,PLATFORM_ADMIN_MUTATION,require_super_admin|get_current_user,commit,
POST,/v1/admin/intelligence/knowledge-bases/{kb_id}/articles/{article_id}/publish,publish_article,app.engines.analytics.kb_router,DATABASE_MUTATION,PLATFORM_ADMIN_MUTATION,require_super_admin|get_current_user,commit,
POST,/v1/admin/intelligence/knowledge-bases/{kb_id}/index,trigger_index,app.engines.analytics.kb_router,DATABASE_MUTATION,PLATFORM_ADMIN_MUTATION,require_super_admin|get_current_user,add|commit,
POST,/v1/admin/intelligence/knowledge-bases/{kb_id}/reindex,trigger_reindex,app.engines.analytics.kb_router,DATABASE_MUTATION,PLATFORM_ADMIN_MUTATION,require_super_admin|get_current_user,add|commit,
POST,/v1/admin/intelligence/knowledge-bases/{kb_id}/test-query,test_query,app.engines.analytics.kb_router,DATABASE_MUTATION,PLATFORM_ADMIN_MUTATION,require_super_admin|get_current_user,add|commit,
POST,/v1/admin/intelligence/risk/{entity_type}/{entity_id}/recompute,recompute_risk,app.engines.analytics.intelligence_router,DATABASE_MUTATION,PLATFORM_ADMIN_MUTATION,require_super_admin|get_current_user,add|commit,
POST,/v1/admin/intelligence/anomalies/run-scan,run_anomaly_scan,app.engines.analytics.intelligence_router,DATABASE_MUTATION,PLATFORM_ADMIN_MUTATION,require_super_admin|get_current_user,add|commit,
POST,/v1/admin/intelligence/anomalies/{anomaly_id}/investigate,investigate_anomaly,app.engines.analytics.intelligence_router,DATABASE_MUTATION,PLATFORM_ADMIN_MUTATION,require_super_admin|get_current_user,commit,
POST,/v1/admin/intelligence/anomalies/{anomaly_id}/resolve,resolve_anomaly,app.engines.analytics.intelligence_router,DATABASE_MUTATION,PLATFORM_ADMIN_MUTATION,require_super_admin|get_current_user,commit,
POST,/v1/admin/intelligence/anomalies/{anomaly_id}/false-positive,mark_false_positive,app.engines.analytics.intelligence_router,DATABASE_MUTATION,PLATFORM_ADMIN_MUTATION,require_super_admin|get_current_user,commit,
POST,/v1/admin/intelligence/models/{model_id}/activate,activate_model,app.engines.analytics.intelligence_router,DATABASE_MUTATION,PLATFORM_ADMIN_MUTATION,require_super_admin|get_current_user,commit,
POST,/v1/admin/intelligence/models/{model_id}/deactivate,deactivate_model,app.engines.analytics.intelligence_router,DATABASE_MUTATION,PLATFORM_ADMIN_MUTATION,require_super_admin|get_current_user,commit,
POST,/v1/admin/intelligence/prediction-jobs,create_prediction_job,app.engines.analytics.intelligence_router,DATABASE_MUTATION,PLATFORM_ADMIN_MUTATION,require_super_admin|get_current_user,add|commit|flush,
POST,/v1/admin/intelligence/prediction-jobs/{job_id}/cancel,cancel_prediction_job,app.engines.analytics.intelligence_router,DATABASE_MUTATION,PLATFORM_ADMIN_MUTATION,require_super_admin|get_current_user,commit,
POST,/v1/admin/intelligence/prediction-jobs/{job_id}/retry,retry_prediction_job,app.engines.analytics.intelligence_router,DATABASE_MUTATION,PLATFORM_ADMIN_MUTATION,require_super_admin|get_current_user,add|commit,
GET,/v1/admin/intelligence/data-quality/summary,get_data_quality_summary,app.engines.analytics.intelligence_router,MUTATING_GET,PLATFORM_ADMIN_MUTATION,require_super_admin|get_current_user,add|commit,
GET,/v1/admin/intelligence/data-quality/checks,list_data_quality_checks,app.engines.analytics.intelligence_router,MUTATING_GET,PLATFORM_ADMIN_MUTATION,require_super_admin|get_current_user,add|commit,
POST,/v1/admin/intelligence/data-quality/checks/{check_key}/run,run_data_quality_check,app.engines.analytics.intelligence_router,DATABASE_MUTATION,PLATFORM_ADMIN_MUTATION,require_super_admin|get_current_user,commit,
POST,/v1/admin/dashboard/action-queue/{action_id}/resolve,resolve_action,app.engines.dashboard_command_center.admin_router,DATABASE_MUTATION,PLATFORM_ADMIN_MUTATION,get_current_user,commit|raw_sql,
POST,/v1/admin/dashboard/action-queue/{action_id}/snooze,snooze_action,app.engines.dashboard_command_center.admin_router,DATABASE_MUTATION,PLATFORM_ADMIN_MUTATION,get_current_user,commit|raw_sql,
POST,/v1/admin/dashboard/action-queue/{action_id}/assign,assign_action,app.engines.dashboard_command_center.admin_router,DATABASE_MUTATION,PLATFORM_ADMIN_MUTATION,get_current_user,commit|raw_sql,
POST,/v1/admin/dashboard/refresh,refresh,app.engines.dashboard_command_center.admin_router,DATABASE_MUTATION,PLATFORM_ADMIN_MUTATION,get_current_user,,
POST,/v1/admin/dashboard/export-snapshot,export_snapshot,app.engines.dashboard_command_center.admin_router,DATABASE_MUTATION,PLATFORM_ADMIN_MUTATION,get_current_user,commit|raw_sql,
POST,/v1/admin/workflows/templates/seed-defaults,seed_defaults,app.engines.workflows.workflow_router,DATABASE_MUTATION,PLATFORM_ADMIN_MUTATION,require_super_admin|get_current_user,commit|raw_sql,
POST,/v1/admin/workflows/templates,create_template,app.engines.workflows.workflow_router,DATABASE_MUTATION,PLATFORM_ADMIN_MUTATION,require_super_admin|get_current_user,commit|raw_sql,
PUT,/v1/admin/workflows/templates/{wid},update_template,app.engines.workflows.workflow_router,DATABASE_MUTATION,PLATFORM_ADMIN_MUTATION,require_super_admin|get_current_user,commit|raw_sql,
POST,/v1/admin/workflows/templates/{wid}/clone,clone_template,app.engines.workflows.workflow_router,DATABASE_MUTATION,PLATFORM_ADMIN_MUTATION,require_super_admin|get_current_user,commit|raw_sql,
POST,/v1/admin/workflows/templates/{wid}/archive,archive_template,app.engines.workflows.workflow_router,DATABASE_MUTATION,PLATFORM_ADMIN_MUTATION,require_super_admin|get_current_user,commit|raw_sql,
POST,/v1/admin/workflows/templates/{wid}/steps,add_step,app.engines.workflows.workflow_router,DATABASE_MUTATION,PLATFORM_ADMIN_MUTATION,require_super_admin|get_current_user,commit|raw_sql,
PUT,/v1/admin/workflows/templates/{wid}/steps/{step_id},update_step,app.engines.workflows.workflow_router,DATABASE_MUTATION,PLATFORM_ADMIN_MUTATION,require_super_admin|get_current_user,commit|raw_sql,
DELETE,/v1/admin/workflows/templates/{wid}/steps/{step_id},delete_step,app.engines.workflows.workflow_router,DATABASE_MUTATION,PLATFORM_ADMIN_MUTATION,require_super_admin|get_current_user,commit|raw_sql,
POST,/v1/admin/workflows/templates/{wid}/transitions,add_transition,app.engines.workflows.workflow_router,DATABASE_MUTATION,PLATFORM_ADMIN_MUTATION,require_super_admin|get_current_user,commit|raw_sql,
PUT,/v1/admin/workflows/templates/{wid}/transitions/{trans_id},update_transition,app.engines.workflows.workflow_router,DATABASE_MUTATION,PLATFORM_ADMIN_MUTATION,require_super_admin|get_current_user,commit|raw_sql,
DELETE,/v1/admin/workflows/templates/{wid}/transitions/{trans_id},delete_transition,app.engines.workflows.workflow_router,DATABASE_MUTATION,PLATFORM_ADMIN_MUTATION,require_super_admin|get_current_user,commit|raw_sql,
PUT,/v1/admin/workflows/templates/{wid}/sla,update_sla,app.engines.workflows.workflow_router,DATABASE_MUTATION,PLATFORM_ADMIN_MUTATION,require_super_admin|get_current_user,commit|raw_sql,
PUT,/v1/admin/workflows/templates/{wid}/approvals,update_approvals,app.engines.workflows.workflow_router,DATABASE_MUTATION,PLATFORM_ADMIN_MUTATION,require_super_admin|get_current_user,commit|raw_sql,
PUT,/v1/admin/workflows/templates/{wid}/automation,update_automation,app.engines.workflows.workflow_router,DATABASE_MUTATION,PLATFORM_ADMIN_MUTATION,require_super_admin|get_current_user,commit|raw_sql,
POST,/v1/admin/workflows/templates/{wid}/service-mapping,add_service_mapping,app.engines.workflows.workflow_router,DATABASE_MUTATION,PLATFORM_ADMIN_MUTATION,require_super_admin|get_current_user,commit|raw_sql,
DELETE,/v1/admin/workflows/templates/{wid}/service-mapping/{mapping_id},delete_service_mapping,app.engines.workflows.workflow_router,DATABASE_MUTATION,PLATFORM_ADMIN_MUTATION,require_super_admin|get_current_user,commit|raw_sql,
POST,/v1/admin/workflows/templates/{wid}/validate,validate_template,app.engines.workflows.workflow_router,DATABASE_MUTATION,PLATFORM_ADMIN_MUTATION,require_super_admin|get_current_user,commit|raw_sql,
POST,/v1/admin/workflows/templates/{wid}/publish,publish_template,app.engines.workflows.workflow_router,DATABASE_MUTATION,PLATFORM_ADMIN_MUTATION,require_super_admin|get_current_user,commit|raw_sql,
POST,/v1/admin/workflows/templates/{wid}/rollback,rollback_template,app.engines.workflows.workflow_router,DATABASE_MUTATION,PLATFORM_ADMIN_MUTATION,require_super_admin|get_current_user,commit|raw_sql,
PUT,/v1/admin/roles/{role_id},update_role,app.engines.roles_permissions.admin_router,DATABASE_MUTATION,PLATFORM_ADMIN_MUTATION,require_super_admin|get_current_user,raw_sql,
