method,path,endpoint,module,behaviour,db_writes,external_effects,audit_effects
GET,/health,health_check,app.engines.health_router,HEALTH_OR_DIAGNOSTIC,,,
GET,/v1/health,health_check_v1,app.engines.health_router,HEALTH_OR_DIAGNOSTIC,,,
GET,/v1/ready,readiness_check,app.engines.health_router,READ_ONLY,,,
GET,/engines,list_engines,app.engine_registry.router,READ_ONLY,,,
GET,/engines/{engine_id},get_engine,app.engine_registry.router,READ_ONLY,,,
GET,/v1/auth/meta,engine_meta,app.engines.auth.router,HEALTH_OR_DIAGNOSTIC,,,
POST,/v1/auth/register/customer,register_customer,app.engines.auth.router,DATABASE_MUTATION,add|flush,,_audit|record_platform_audit
POST,/v1/auth/login,login,app.engines.auth.router,DATABASE_MUTATION,add|flush,,_audit|record_platform_audit
POST,/v1/auth/otp/send,send_otp,app.engines.auth.router,DATABASE_MUTATION,add,,
POST,/v1/auth/otp/verify,verify_otp,app.engines.auth.router,DATABASE_MUTATION,add|flush,,_audit|record_platform_audit
POST,/v1/auth/mfa/verify,verify_mfa,app.engines.auth.router,DATABASE_MUTATION,add|flush,,_audit|record_platform_audit
POST,/v1/auth/mfa/setup,setup_mfa,app.engines.auth.router,DATABASE_MUTATION,add|sqlalchemy.update(),,_audit|record_platform_audit
POST,/v1/auth/mfa/confirm,confirm_mfa,app.engines.auth.router,DATABASE_MUTATION,add,,_audit|record_platform_audit
POST,/v1/auth/mfa/disable,disable_mfa,app.engines.auth.router,DATABASE_MUTATION,add,,_audit|record_platform_audit
POST,/v1/auth/mfa/backup-codes/regenerate,regenerate_backup_codes,app.engines.auth.router,DATABASE_MUTATION,add|sqlalchemy.update(),,_audit|record_platform_audit
POST,/v1/auth/token/refresh,refresh_token,app.engines.auth.router,DATABASE_MUTATION,add|sqlalchemy.update(),,_audit|record_platform_audit
POST,/v1/auth/token/introspect,introspect_token,app.engines.auth.router,READ_ONLY_POST,,,
POST,/v1/auth/logout,logout,app.engines.auth.router,DATABASE_MUTATION,add,,_audit|record_platform_audit
POST,/v1/auth/logout-all,logout_all,app.engines.auth.router,DATABASE_MUTATION,add,,_audit|record_platform_audit
GET,/v1/auth/me,get_me,app.engines.auth.router,READ_ONLY,,,
PUT,/v1/auth/me,update_profile,app.engines.auth.router,DATABASE_MUTATION,add|raw_sql,,_audit|record_platform_audit
PUT,/v1/auth/password/change,change_password,app.engines.auth.router,DATABASE_MUTATION,add,,_audit|record_platform_audit
POST,/v1/auth/password/reset/request,request_password_reset,app.engines.auth.router,DATABASE_MUTATION,add,,_audit|record_platform_audit
POST,/v1/auth/password/reset/confirm,confirm_password_reset,app.engines.auth.router,READ_ONLY_POST,,,
GET,/v1/auth/sessions,list_sessions,app.engines.auth.router,READ_ONLY,,,
DELETE,/v1/auth/sessions/{session_id},revoke_session,app.engines.auth.router,DATABASE_MUTATION,add,,_audit|record_platform_audit
POST,/v1/auth/sessions/{session_id}/approve,approve_device,app.engines.auth.router,DATABASE_MUTATION,add,,_audit|record_platform_audit
POST,/v1/auth/staff/invite,invite_staff,app.engines.auth.router,DATABASE_MUTATION,add|flush,,_audit|record_platform_audit
POST,/v1/auth/staff/invite/accept,accept_invite,app.engines.auth.router,DATABASE_MUTATION,add,,_audit|record_platform_audit
POST,/v1/auth/staff/{user_id}/invite/resend,resend_invite,app.engines.auth.router,DATABASE_MUTATION,add,,_audit|record_platform_audit
PUT,/v1/auth/staff/{user_id}/permissions,update_permissions,app.engines.auth.router,DATABASE_MUTATION,add|raw_sql|sqlalchemy.update(),,_audit|record_platform_audit
POST,/v1/auth/staff/{user_id}/deactivate,deactivate_staff,app.engines.auth.router,DATABASE_MUTATION,add|sqlalchemy.update(),,_audit|record_platform_audit
GET,/v1/auth/staff,list_staff,app.engines.auth.router,READ_ONLY,,,
GET,/v1/auth/staff/{user_id},get_staff,app.engines.auth.router,READ_ONLY,,,
PUT,/v1/auth/staff/{user_id}/schedule,update_staff_schedule,app.engines.auth.router,DATABASE_MUTATION,raw_sql,,
POST,/v1/auth/impersonate,impersonate,app.engines.auth.router,DATABASE_MUTATION,add,,_audit|record_platform_audit
POST,/v1/auth/impersonate/{session_id}/end,end_impersonation,app.engines.auth.router,DATABASE_MUTATION,add,,_audit|record_platform_audit
GET,/v1/auth/impersonate/active,list_impersonations,app.engines.auth.router,READ_ONLY,,,
POST,/v1/auth/api-keys,create_api_key,app.engines.auth.router,DATABASE_MUTATION,add|flush,,_audit|record_platform_audit
GET,/v1/auth/api-keys,list_api_keys,app.engines.auth.router,READ_ONLY,,,
DELETE,/v1/auth/api-keys/{key_id},revoke_api_key,app.engines.auth.router,DATABASE_MUTATION,add,,_audit|record_platform_audit
PATCH,/v1/auth/api-keys/{key_id},update_api_key,app.engines.auth.router,DATABASE_MUTATION,add|raw_sql,,_audit|record_platform_audit
GET,/v1/auth/audit-log,get_audit_log,app.engines.auth.router,READ_ONLY,,,
GET,/v1/auth/users,list_users,app.engines.auth.router,READ_ONLY,,,
GET,/v1/auth/users/{user_id},get_user,app.engines.auth.router,READ_ONLY,,,
GET,/v1/auth/permissions/map,get_permissions_map,app.engines.auth.router,READ_ONLY,,,
POST,/v1/auth/change-password-required,change_password_required,app.engines.auth.router,DATABASE_MUTATION,add,,_audit|record_platform_audit
GET,/v1/admin/users/{user_id}/security-status,get_user_security_status,app.engines.auth.router,READ_ONLY,,,
POST,/v1/admin/users/{user_id}/force-password-change,admin_force_password_change,app.engines.auth.router,DATABASE_MUTATION,add,,_audit|record_platform_audit
POST,/v1/admin/users/{user_id}/send-password-reset,admin_send_password_reset,app.engines.auth.router,DATABASE_MUTATION,add,,_audit|record_platform_audit
POST,/v1/admin/users/{user_id}/generate-temporary-password,admin_generate_temporary_password,app.engines.auth.router,DATABASE_MUTATION,add,,_audit|record_platform_audit
GET,/v1/admin/users/{user_id}/security,get_full_user_security,app.engines.auth.router,MUTATING_GET,add,,_audit|record_platform_audit
POST,/v1/admin/users/{user_id}/lock,lock_user,app.engines.auth.router,DATABASE_MUTATION,add,,_audit|record_platform_audit
POST,/v1/admin/users/{user_id}/unlock,unlock_user,app.engines.auth.router,DATABASE_MUTATION,add,,_audit|record_platform_audit
POST,/v1/admin/users/{user_id}/deactivate,admin_deactivate_user,app.engines.auth.router,DATABASE_MUTATION,add,,_audit|record_platform_audit
POST,/v1/admin/users/{user_id}/reactivate,admin_reactivate_user,app.engines.auth.router,DATABASE_MUTATION,add,,_audit|record_platform_audit
GET,/v1/admin/users/{user_id}/sessions,admin_list_user_sessions,app.engines.auth.router,MUTATING_GET,add,,_audit|record_platform_audit
POST,/v1/admin/users/{user_id}/sessions/revoke-all,admin_revoke_all_user_sessions,app.engines.auth.router,DATABASE_MUTATION,add,,_audit|record_platform_audit
GET,/v1/admin/users/{user_id}/login-history,admin_get_login_history,app.engines.auth.router,MUTATING_GET,add,,_audit|record_platform_audit
GET,/v1/auth/login-history,get_own_login_history,app.engines.auth.router,MUTATING_GET,add,,_audit|record_platform_audit
POST,/v1/auth/sessions/revoke-all-other,revoke_all_other_sessions,app.engines.auth.router,DATABASE_MUTATION,add,,_audit|record_platform_audit
POST,/v1/public/register/initiate,initiate_registration,app.engines.public_registration.router,EXTERNAL_SIDE_EFFECT,,send_sms,
POST,/v1/public/register/confirm-plan,confirm_plan,app.engines.public_registration.router,DATABASE_MUTATION,raw_sql,,
POST,/v1/public/register/verify,verify_otp,app.engines.public_registration.router,READ_ONLY_POST,,,
POST,/v1/public/register/payment-order,create_payment_order,app.engines.public_registration.router,READ_ONLY_POST,,,
POST,/v1/public/register/complete,complete_registration,app.engines.public_registration.router,DATABASE_AND_EXTERNAL_MUTATION,add|commit|flush,send_email|send_sms,
POST,/v1/public/register/webhook/razorpay,razorpay_webhook,app.engines.public_registration.router,READ_ONLY_POST,,,
GET,/v1/admin/platform-users/summary,get_summary,app.engines.auth.platform_users_router,READ_ONLY,,,
GET,/v1/admin/platform-users,list_users,app.engines.auth.platform_users_router,READ_ONLY,,,
GET,/v1/admin/platform-users/export,export_users,app.engines.auth.platform_users_router,READ_ONLY,,,
GET,/v1/admin/platform-users/audit-logs,list_audit_logs,app.engines.auth.platform_users_router,READ_ONLY,,,
GET,/v1/admin/platform-users/invites,list_invites,app.engines.auth.platform_users_router,READ_ONLY,,,
POST,/v1/admin/platform-users/invite,invite_user,app.engines.auth.platform_users_router,DATABASE_MUTATION,add|flush,,_audit|record_platform_audit
POST,/v1/admin/platform-users/invites/{invite_id}/resend,resend_invite,app.engines.auth.platform_users_router,DATABASE_MUTATION,add,,_audit|record_platform_audit
POST,/v1/admin/platform-users/invites/{invite_id}/revoke,revoke_invite,app.engines.auth.platform_users_router,DATABASE_MUTATION,add,,_audit|record_platform_audit
POST,/v1/admin/platform-users/bulk/{action},bulk_action,app.engines.auth.platform_users_router,DATABASE_MUTATION,,,_audit
GET,/v1/admin/platform-users/{user_id},get_detail,app.engines.auth.platform_users_router,READ_ONLY,,,
PUT,/v1/admin/platform-users/{user_id}/role,change_role,app.engines.auth.platform_users_router,DATABASE_MUTATION,add,,_audit|record_platform_audit
PUT,/v1/admin/platform-users/{user_id}/access-scope,change_scope,app.engines.auth.platform_users_router,DATABASE_MUTATION,add,,_audit|record_platform_audit
POST,/v1/admin/platform-users/{user_id}/suspend,suspend,app.engines.auth.platform_users_router,DATABASE_MUTATION,add,,_audit|record_platform_audit
POST,/v1/admin/platform-users/{user_id}/unsuspend,unsuspend,app.engines.auth.platform_users_router,DATABASE_MUTATION,add,,_audit|record_platform_audit
POST,/v1/admin/platform-users/{user_id}/deactivate,deactivate,app.engines.auth.platform_users_router,DATABASE_MUTATION,add,,_audit|record_platform_audit
POST,/v1/admin/platform-users/{user_id}/reactivate,reactivate,app.engines.auth.platform_users_router,DATABASE_MUTATION,add,,_audit|record_platform_audit
POST,/v1/admin/platform-users/{user_id}/lock,lock,app.engines.auth.platform_users_router,DATABASE_MUTATION,add,,_audit|record_platform_audit
POST,/v1/admin/platform-users/{user_id}/unlock,unlock,app.engines.auth.platform_users_router,DATABASE_MUTATION,add,,_audit|record_platform_audit
POST,/v1/admin/platform-users/{user_id}/require-mfa,require_mfa,app.engines.auth.platform_users_router,DATABASE_MUTATION,add,,_audit|record_platform_audit
POST,/v1/admin/platform-users/{user_id}/reset-mfa,reset_mfa,app.engines.auth.platform_users_router,DATABASE_MUTATION,add|sqlalchemy.delete(),,_audit|record_platform_audit
POST,/v1/admin/platform-users/{user_id}/force-password-reset,force_password_reset,app.engines.auth.platform_users_router,DATABASE_MUTATION,add,,_audit|record_platform_audit
POST,/v1/admin/platform-users/{user_id}/send-reset-link,send_reset_link,app.engines.auth.platform_users_router,DATABASE_MUTATION,add,,_audit|record_platform_audit
POST,/v1/admin/platform-users/{user_id}/generate-temp-password,generate_temp_password,app.engines.auth.platform_users_router,DATABASE_MUTATION,add,,_audit|record_platform_audit
GET,/v1/admin/platform-users/{user_id}/sessions,list_sessions,app.engines.auth.platform_users_router,MUTATING_GET,add,,_audit|record_platform_audit
POST,/v1/admin/platform-users/{user_id}/sessions/{session_id}/revoke,revoke_session,app.engines.auth.platform_users_router,DATABASE_MUTATION,add,,_audit|record_platform_audit
POST,/v1/admin/platform-users/{user_id}/sessions/revoke-all,revoke_all_sessions,app.engines.auth.platform_users_router,DATABASE_MUTATION,add,,_audit|record_platform_audit
GET,/v1/admin/platform-users/{user_id}/login-history,login_history,app.engines.auth.platform_users_router,MUTATING_GET,add,,_audit|record_platform_audit
GET,/v1/admin/platform-users/{user_id}/risk-signals,risk_signals,app.engines.auth.platform_users_router,READ_ONLY,,,
GET,/v1/admin/platform-users/{user_id}/audit-logs,user_audit_logs,app.engines.auth.platform_users_router,READ_ONLY,,,
GET,/v1/tenants/meta,engine_meta,app.engines.tenant_engine.router,HEALTH_OR_DIAGNOSTIC,,,
POST,/v1/tenants/onboarding/signup,submit_signup,app.engines.tenant_engine.router,DATABASE_MUTATION,add|flush,,
GET,/v1/tenants/onboarding/queue,list_onboarding_queue,app.engines.tenant_engine.router,READ_ONLY,,,
GET,/v1/tenants/onboarding/{request_id},get_onboarding_request,app.engines.tenant_engine.router,READ_ONLY,,,
POST,/v1/tenants/onboarding/{request_id}/start-review,start_review,app.engines.tenant_engine.router,READ_ONLY_POST,,,
POST,/v1/tenants/onboarding/{request_id}/request-documents,request_documents,app.engines.tenant_engine.router,READ_ONLY_POST,,,
PUT,/v1/tenants/onboarding/{request_id}/checklist/{item_key},update_checklist,app.engines.tenant_engine.router,DATABASE_MUTATION,raw_sql,,
POST,/v1/tenants/onboarding/{request_id}/preflight-check,preflight_check,app.engines.tenant_engine.router,READ_ONLY_POST,,,
POST,/v1/tenants/onboarding/{request_id}/activate,activate_tenant,app.engines.tenant_engine.router,DATABASE_MUTATION,add|flush,,_audit|record_platform_audit
POST,/v1/tenants/onboarding/{request_id}/reject,reject_onboarding,app.engines.tenant_engine.router,READ_ONLY_POST,,,
GET,/v1/tenants,list_tenants,app.engines.tenant_engine.router,READ_ONLY,,,
GET,/v1/tenants/{tenant_id},get_tenant,app.engines.tenant_engine.router,READ_ONLY,,,
PUT,/v1/tenants/{tenant_id},update_tenant,app.engines.tenant_engine.router,DATABASE_MUTATION,add|raw_sql,,_audit|record_platform_audit
GET,/v1/tenants/{tenant_id}/360,get_360_view,app.engines.tenant_engine.router,READ_ONLY,,,
GET,/v1/tenants/{tenant_id}/health,get_health_score,app.engines.tenant_engine.router,HEALTH_OR_DIAGNOSTIC,,,
GET,/v1/tenants/{tenant_id}/health/history,get_health_history,app.engines.tenant_engine.router,HEALTH_OR_DIAGNOSTIC,,,
GET,/v1/tenants/{tenant_id}/limits/check/{limit_type},check_limit,app.engines.tenant_engine.router,READ_ONLY,,,
POST,/v1/tenants/{tenant_id}/suspend,suspend_tenant,app.engines.tenant_engine.router,DATABASE_AND_EXTERNAL_MUTATION,add,publish,_audit|record_platform_audit
POST,/v1/tenants/{tenant_id}/reinstate,reinstate_tenant,app.engines.tenant_engine.router,DATABASE_MUTATION,add,,_audit|record_platform_audit
POST,/v1/tenants/{tenant_id}/terminate/begin,begin_termination,app.engines.tenant_engine.router,DATABASE_MUTATION,add,,_audit|record_platform_audit
POST,/v1/tenants/{tenant_id}/terminate/confirm,confirm_termination,app.engines.tenant_engine.router,DATABASE_MUTATION,add,,_audit|record_platform_audit
POST,/v1/tenants/{tenant_id}/plan/upgrade,upgrade_plan,app.engines.tenant_engine.router,DATABASE_MUTATION,add,,_audit|record_platform_audit
POST,/v1/tenants/{tenant_id}/plan/downgrade,downgrade_plan,app.engines.tenant_engine.router,DATABASE_MUTATION,add,,_audit|record_platform_audit
POST,/v1/tenants/{tenant_id}/trial/convert,convert_trial,app.engines.tenant_engine.router,DATABASE_MUTATION,add,,_audit|record_platform_audit
GET,/v1/tenants/{tenant_id}/engines,list_engines,app.engines.tenant_engine.router,READ_ONLY,,,
POST,/v1/tenants/{tenant_id}/engines/{engine_id}/enable,enable_engine,app.engines.tenant_engine.router,DATABASE_MUTATION,add,,_audit|record_platform_audit
POST,/v1/tenants/{tenant_id}/engines/{engine_id}/disable,disable_engine,app.engines.tenant_engine.router,DATABASE_MUTATION,add,,_audit|record_platform_audit
POST,/v1/tenants/{tenant_id}/engines/bulk-enable,bulk_enable,app.engines.tenant_engine.router,DATABASE_MUTATION,add,,_audit
POST,/v1/tenants/{tenant_id}/engines/bulk-disable,bulk_disable,app.engines.tenant_engine.router,DATABASE_MUTATION,,,_audit
GET,/v1/tenants/{tenant_id}/engines/{engine_id}/config,get_engine_config,app.engines.tenant_engine.router,READ_ONLY,,,
PUT,/v1/tenants/{tenant_id}/engines/{engine_id}/config,update_engine_config,app.engines.tenant_engine.router,DATABASE_MUTATION,add|raw_sql,,_audit|record_platform_audit
POST,/v1/tenants/{tenant_id}/engines/{engine_id}/config/validate,validate_engine_config,app.engines.tenant_engine.router,READ_ONLY_POST,,,
GET,/v1/tenants/{tenant_id}/feature-flags,list_feature_flags,app.engines.tenant_engine.router,READ_ONLY,,,
PUT,/v1/tenants/{tenant_id}/feature-flags/{flag_key},set_feature_flag,app.engines.tenant_engine.router,DATABASE_MUTATION,add,,_audit|record_platform_audit
DELETE,/v1/tenants/{tenant_id}/feature-flags/{flag_key},delete_feature_flag,app.engines.tenant_engine.router,DATABASE_MUTATION,add|delete,,_audit|record_platform_audit
GET,/v1/tenants/{tenant_id}/feature-flags/{flag_key}/resolve,resolve_feature_flag,app.engines.tenant_engine.router,READ_ONLY,,,
GET,/v1/tenants/{tenant_id}/billing,get_billing,app.engines.tenant_engine.router,READ_ONLY,,,
PUT,/v1/tenants/{tenant_id}/billing/payment-method,update_payment_method,app.engines.tenant_engine.router,DATABASE_MUTATION,add|raw_sql,,_audit|record_platform_audit
GET,/v1/tenants/{tenant_id}/billing/invoices,list_invoices,app.engines.tenant_engine.router,READ_ONLY,,,
POST,/v1/tenants/{tenant_id}/billing/dunning,trigger_dunning,app.engines.tenant_engine.router,READ_ONLY_POST,,,
POST,/v1/tenants/{tenant_id}/data/export,request_data_export,app.engines.tenant_engine.router,DATABASE_MUTATION,add,,_audit|record_platform_audit
GET,/v1/tenants/{tenant_id}/data/export/{job_id},get_export_status,app.engines.tenant_engine.router,READ_ONLY,,,
POST,/v1/tenants/{tenant_id}/data/delete-request,gdpr_deletion,app.engines.tenant_engine.router,DATABASE_MUTATION,add,,_audit|record_platform_audit
GET,/v1/tenants/{tenant_id}/audit-log,get_audit_log,app.engines.tenant_engine.router,READ_ONLY,,,
GET,/v1/serviceability/meta,engine_meta,app.engines.serviceability.router,HEALTH_OR_DIAGNOSTIC,,,
GET,/v1/customers/me/addresses,list_my_addresses,app.engines.serviceability.router,READ_ONLY,,,
POST,/v1/customers/me/addresses,create_my_address,app.engines.serviceability.router,DATABASE_MUTATION,add|commit,,
GET,/v1/customers/me/addresses/{address_id},get_my_address,app.engines.serviceability.router,READ_ONLY,,,
PUT,/v1/customers/me/addresses/{address_id},update_my_address,app.engines.serviceability.router,DATABASE_MUTATION,commit|raw_sql,,
DELETE,/v1/customers/me/addresses/{address_id},delete_my_address,app.engines.serviceability.router,DATABASE_MUTATION,commit,,
POST,/v1/customers/me/addresses/{address_id}/set-default,set_default_address,app.engines.serviceability.router,DATABASE_MUTATION,commit,,
GET,/v1/admin/customers/{customer_id}/addresses,admin_list_customer_addresses,app.engines.serviceability.router,READ_ONLY,,,
GET,/v1/admin/customers/{customer_id}/addresses/{address_id},admin_get_customer_address,app.engines.serviceability.router,READ_ONLY,,,
GET,/v1/tenant/service-areas,list_tenant_service_areas,app.engines.serviceability.router,READ_ONLY,,,
POST,/v1/tenant/service-areas,create_tenant_service_area,app.engines.serviceability.router,DATABASE_MUTATION,add|commit|flush,,record_platform_audit
GET,/v1/tenant/service-areas/limits,get_tenant_service_area_limits,app.engines.serviceability.router,READ_ONLY,,,
POST,/v1/tenant/service-areas/validate,validate_tenant_service_area,app.engines.serviceability.router,READ_ONLY_POST,,,
GET,/v1/tenant/service-areas/{area_id},get_tenant_service_area,app.engines.serviceability.router,READ_ONLY,,,
PUT,/v1/tenant/service-areas/{area_id},update_tenant_service_area,app.engines.serviceability.router,DATABASE_MUTATION,commit|flush|raw_sql,,record_platform_audit
DELETE,/v1/tenant/service-areas/{area_id},delete_tenant_service_area,app.engines.serviceability.router,DATABASE_MUTATION,commit|flush,,record_platform_audit
POST,/v1/tenant/service-areas/{area_id}/set-primary,set_primary_tenant_service_area,app.engines.serviceability.router,DATABASE_MUTATION,commit,,
POST,/v1/tenant/service-areas/{area_id}/services,add_service_mapping,app.engines.serviceability.router,DATABASE_MUTATION,add|commit,,
GET,/v1/tenant/service-areas/{area_id}/services,list_service_mappings,app.engines.serviceability.router,READ_ONLY,,,
PUT,/v1/tenant/service-areas/{area_id}/services/{mapping_id},update_service_mapping,app.engines.serviceability.router,DATABASE_MUTATION,commit|raw_sql,,
DELETE,/v1/tenant/service-areas/{area_id}/services/{mapping_id},delete_service_mapping,app.engines.serviceability.router,DATABASE_MUTATION,commit,,
GET,/v1/admin/tenants/{tenant_id}/service-areas,admin_list_service_areas,app.engines.serviceability.router,READ_ONLY,,,
POST,/v1/admin/tenants/{tenant_id}/service-areas,admin_create_service_area,app.engines.serviceability.router,DATABASE_MUTATION,add|commit|flush,,record_platform_audit
PUT,/v1/admin/tenants/{tenant_id}/service-areas/{area_id},admin_update_service_area,app.engines.serviceability.router,DATABASE_MUTATION,commit|flush|raw_sql,,record_platform_audit
DELETE,/v1/admin/tenants/{tenant_id}/service-areas/{area_id},admin_delete_service_area,app.engines.serviceability.router,DATABASE_MUTATION,commit|flush,,record_platform_audit
POST,/v1/serviceability/check,check_serviceability,app.engines.serviceability.router,DATABASE_MUTATION,add|commit,,
POST,/v1/serviceability/matching-tenants,matching_tenants,app.engines.serviceability.router,READ_ONLY_POST,,,
POST,/v1/customer/services/available,available_services,app.engines.serviceability.router,READ_ONLY_POST,,,
POST,/v1/admin/serviceability/test,admin_serviceability_test,app.engines.serviceability.router,READ_ONLY_POST,,,
GET,/v1/marketing/meta,engine_meta,app.engines.marketing.router,HEALTH_OR_DIAGNOSTIC,,,
POST,/v1/marketing/accounts,connect_account,app.engines.marketing.router,DATABASE_MUTATION,add|flush,,
GET,/v1/marketing/accounts,list_accounts,app.engines.marketing.router,READ_ONLY,,,
GET,/v1/marketing/accounts/{account_id},get_account,app.engines.marketing.router,READ_ONLY,,,
POST,/v1/marketing/accounts/{account_id}/refresh-token,refresh_token,app.engines.marketing.router,DATABASE_MUTATION,raw_sql,,
POST,/v1/marketing/templates,create_template,app.engines.marketing.router,DATABASE_MUTATION,add|flush,,
GET,/v1/marketing/templates,list_templates,app.engines.marketing.router,READ_ONLY,,,
GET,/v1/marketing/templates/{template_id},get_template,app.engines.marketing.router,READ_ONLY,,,
POST,/v1/marketing/images/generate,generate_image,app.engines.marketing.router,DATABASE_MUTATION,add|flush,,
GET,/v1/marketing/images/{asset_id},get_asset,app.engines.marketing.router,READ_ONLY,,,
GET,/v1/marketing/images,list_assets,app.engines.marketing.router,READ_ONLY,,,
POST,/v1/marketing/posts,schedule_post,app.engines.marketing.router,DATABASE_MUTATION,add|flush,,
GET,/v1/marketing/calendar,get_calendar,app.engines.marketing.router,READ_ONLY,,,
POST,/v1/marketing/posts/{post_id}/publish,publish_post,app.engines.marketing.router,DATABASE_MUTATION,add|flush,,
POST,/v1/marketing/posts/{post_id}/cancel,cancel_post,app.engines.marketing.router,READ_ONLY_POST,,,
GET,/v1/marketing/deliveries,list_deliveries,app.engines.marketing.router,READ_ONLY,,,
GET,/v1/marketing/budget,budget_status,app.engines.marketing.router,READ_ONLY,,,
GET,/v1/marketing/summary,marketing_summary,app.engines.marketing.router,READ_ONLY,,,
POST,/v1/marketing/tenant-onboarded,tenant_onboarded,app.engines.marketing.router,DATABASE_MUTATION,add|flush,,
GET,/v1/billing/meta,engine_meta,app.engines.platform_commerce.billing_endpoint,HEALTH_OR_DIAGNOSTIC,,,
POST,/v1/billing/profiles,activate_profile,app.engines.platform_commerce.billing_endpoint,DATABASE_MUTATION,raw_sql,,
GET,/v1/billing/profiles/{tenant_id},get_profile,app.engines.platform_commerce.billing_endpoint,READ_ONLY,,,
GET,/v1/billing/profiles/{tenant_id}/history,profile_history,app.engines.platform_commerce.billing_endpoint,READ_ONLY,,,
POST,/v1/billing/profiles/{tenant_id}/change-mode,change_mode,app.engines.platform_commerce.billing_endpoint,READ_ONLY_POST,,,
POST,/v1/billing/route,route_operation,app.engines.platform_commerce.billing_endpoint,READ_ONLY_POST,,,
GET,/v1/billing/configs,get_configs,app.engines.platform_commerce.billing_endpoint,READ_ONLY,,,
PUT,/v1/billing/configs,set_config,app.engines.platform_commerce.billing_endpoint,READ_ONLY_PUT_OR_PATCH_FALSE_POSITIVE,,,
GET,/v1/billing/logs/{tenant_id},routing_logs,app.engines.platform_commerce.billing_endpoint,READ_ONLY,,,
GET,/v1/compliance/meta,engine_meta,app.engines.compliance.router,HEALTH_OR_DIAGNOSTIC,,,
POST,/v1/compliance/consent,record_consent,app.engines.compliance.router,DATABASE_MUTATION,add|flush|raw_sql,,_audit
GET,/v1/compliance/consent/users/{user_id}/check,check_consent,app.engines.compliance.router,READ_ONLY,,,
GET,/v1/compliance/consent/users/{user_id},list_consents,app.engines.compliance.router,MUTATING_GET,add|raw_sql,,_audit
POST,/v1/compliance/consent/withdraw,withdraw_consent,app.engines.compliance.router,DATABASE_MUTATION,add|flush,,_audit
POST,/v1/compliance/deletion-requests,request_deletion,app.engines.compliance.router,DATABASE_MUTATION,add|flush|raw_sql,,_audit
GET,/v1/compliance/deletion-requests/{request_id},get_deletion_request,app.engines.compliance.router,READ_ONLY,,,
GET,/v1/compliance/deletion-requests,list_deletion_requests,app.engines.compliance.router,READ_ONLY,,,
POST,/v1/compliance/deletion-requests/{request_id}/process,process_deletion,app.engines.compliance.router,DATABASE_MUTATION,add|flush|raw_sql,,_audit
GET,/v1/compliance/retention-policies,get_retention_policies,app.engines.compliance.router,READ_ONLY,,,
POST,/v1/compliance/portability-requests,request_export,app.engines.compliance.router,DATABASE_MUTATION,add|flush|raw_sql,,_audit
GET,/v1/compliance/portability-requests/{request_id},get_export_status,app.engines.compliance.router,READ_ONLY,,,
POST,/v1/compliance/portability-requests/{request_id}/process,process_export,app.engines.compliance.router,DATABASE_MUTATION,add|flush|raw_sql,,_audit
PUT,/v1/compliance/retention-policies,set_retention_policy,app.engines.compliance.router,DATABASE_MUTATION,add,,
GET,/v1/compliance/audit-log,compliance_audit,app.engines.compliance.router,READ_ONLY,,,
GET,/v1/compliance/summary,compliance_summary,app.engines.compliance.router,READ_ONLY,,,
GET,/v1/admin/compliance/summary,get_summary,app.engines.compliance.admin_router,READ_ONLY,,,
GET,/v1/admin/compliance/overview,get_overview,app.engines.compliance.admin_router,READ_ONLY,,,
POST,/v1/admin/compliance/sla/refresh,refresh_sla,app.engines.compliance.admin_router,DATABASE_MUTATION,flush,,
GET,/v1/admin/compliance/requests,list_requests,app.engines.compliance.admin_router,READ_ONLY,,,
POST,/v1/admin/compliance/requests,create_request,app.engines.compliance.admin_router,DATABASE_MUTATION,add|flush|raw_sql,,_audit
GET,/v1/admin/compliance/requests/{request_id},get_request,app.engines.compliance.admin_router,READ_ONLY,,,
POST,/v1/admin/compliance/requests/{request_id}/verify-identity,verify_identity,app.engines.compliance.admin_router,DATABASE_MUTATION,add|flush|raw_sql,,_audit
POST,/v1/admin/compliance/requests/{request_id}/scan-data,scan_data,app.engines.compliance.admin_router,DATABASE_MUTATION,add|delete|flush|raw_sql,,_audit
POST,/v1/admin/compliance/requests/{request_id}/approve,approve_request,app.engines.compliance.admin_router,DATABASE_MUTATION,add|flush|raw_sql,,_audit
POST,/v1/admin/compliance/requests/{request_id}/reject,reject_request,app.engines.compliance.admin_router,DATABASE_MUTATION,add|flush|raw_sql,,_audit
POST,/v1/admin/compliance/requests/{request_id}/apply-exemption,apply_exemption,app.engines.compliance.admin_router,DATABASE_MUTATION,add|flush|raw_sql,,_audit
POST,/v1/admin/compliance/requests/{request_id}/process,process_request,app.engines.compliance.admin_router,DATABASE_MUTATION,add|flush|raw_sql,,_audit
GET,/v1/admin/compliance/requests/{request_id}/audit,get_request_audit,app.engines.compliance.admin_router,READ_ONLY,,,
GET,/v1/admin/compliance/consents,list_consents,app.engines.compliance.admin_router,READ_ONLY,,,
POST,/v1/admin/compliance/consents/{user_id}/revoke,revoke_consent,app.engines.compliance.admin_router,DATABASE_MUTATION,add|raw_sql,,_audit
GET,/v1/admin/compliance/exports,list_exports,app.engines.compliance.admin_router,READ_ONLY,,,
GET,/v1/admin/compliance/exports/{export_id},get_export,app.engines.compliance.admin_router,READ_ONLY,,,
POST,/v1/admin/compliance/exports/{export_id}/expire,expire_export,app.engines.compliance.admin_router,DATABASE_MUTATION,add|flush|raw_sql,,_audit
GET,/v1/admin/compliance/retention-policies,list_retention,app.engines.compliance.admin_router,READ_ONLY,,,
POST,/v1/admin/compliance/retention-policies,create_retention,app.engines.compliance.admin_router,DATABASE_MUTATION,add|raw_sql,,
PUT,/v1/admin/compliance/retention-policies/{table_name},update_retention,app.engines.compliance.admin_router,DATABASE_MUTATION,add|raw_sql,,
GET,/v1/admin/compliance/audit-trail,audit_trail,app.engines.compliance.admin_router,READ_ONLY,,,
POST,/v1/admin/compliance/jobs/run,run_compliance_jobs,app.engines.compliance.admin_router,READ_ONLY_POST,,,
POST,/v1/admin/compliance/jobs/run-sla,run_sla_check_only,app.engines.compliance.admin_router,READ_ONLY_POST,,,
POST,/v1/admin/compliance/jobs/run-expire-exports,run_expire_exports_only,app.engines.compliance.admin_router,READ_ONLY_POST,,,
GET,/v1/admin/compliance/dpdp/health,get_health,app.engines.compliance.admin_router,HEALTH_OR_DIAGNOSTIC,,,
GET,/v1/admin/compliance/dpdp/action-queue,get_action_queue,app.engines.compliance.admin_router,READ_ONLY,,,
POST,/v1/admin/compliance/requests/{request_id}/assign,assign_request,app.engines.compliance.admin_router,DATABASE_MUTATION,add|flush|raw_sql,,_audit
POST,/v1/admin/compliance/requests/{request_id}/escalate,escalate_request,app.engines.compliance.admin_router,DATABASE_MUTATION,add|raw_sql,,_audit
GET,/v1/admin/compliance/requests/{request_id}/data-map,get_data_map,app.engines.compliance.admin_router,MUTATING_GET,add|delete|flush,,_audit
POST,/v1/admin/compliance/requests/{request_id}/refresh-data-map,refresh_data_map,app.engines.compliance.admin_router,DATABASE_MUTATION,add|delete|flush|raw_sql,,_audit
GET,/v1/admin/compliance/dpdp/legal-holds,list_legal_holds,app.engines.compliance.admin_router,READ_ONLY,,,
POST,/v1/admin/compliance/dpdp/legal-holds,apply_legal_hold,app.engines.compliance.admin_router,DATABASE_MUTATION,add|raw_sql,,_audit
POST,/v1/admin/compliance/dpdp/legal-holds/{hold_id}/release,release_legal_hold,app.engines.compliance.admin_router,DATABASE_MUTATION,add|raw_sql,,_audit
POST,/v1/admin/compliance/requests/{request_id}/generate-evidence-pack,generate_evidence_pack,app.engines.compliance.admin_router,DATABASE_MUTATION,add|raw_sql,,_audit
GET,/v1/admin/compliance/dpdp/evidence-packs,list_evidence_packs,app.engines.compliance.admin_router,READ_ONLY,,,
GET,/v1/me/compliance/requests,list_my_requests,app.engines.compliance.customer_router,MUTATING_GET,add|commit,,
POST,/v1/me/compliance/requests,create_my_request,app.engines.compliance.customer_router,DATABASE_MUTATION,add|commit|flush|raw_sql,,_audit
GET,/v1/me/compliance/requests/{request_id},get_my_request,app.engines.compliance.customer_router,MUTATING_GET,add|commit,,
POST,/v1/me/compliance/requests/{request_id}/cancel,cancel_my_request,app.engines.compliance.customer_router,DATABASE_MUTATION,add|commit,,
POST,/v1/me/compliance/requests/{request_id}/add-note,add_my_note,app.engines.compliance.customer_router,DATABASE_MUTATION,add|commit,,
GET,/v1/me/compliance/consents,list_my_consents,app.engines.compliance.customer_router,READ_ONLY,,,
POST,/v1/me/compliance/consents/{consent_type}/withdraw,withdraw_my_consent,app.engines.compliance.customer_router,DATABASE_MUTATION,add|commit|raw_sql,,_audit
GET,/v1/me/compliance/exports/{export_id}/download,download_my_export,app.engines.compliance.customer_router,MUTATING_GET,add|commit,,
GET,/v1/provider/compliance/summary,get_summary,app.engines.compliance.provider_router,READ_ONLY,,,
GET,/v1/provider/compliance/requests,list_my_requests,app.engines.compliance.provider_router,READ_ONLY,,,
POST,/v1/provider/compliance/requests,create_my_request,app.engines.compliance.provider_router,DATABASE_MUTATION,add|commit|flush|raw_sql,,_audit
GET,/v1/provider/compliance/requests/{request_id},get_my_request,app.engines.compliance.provider_router,MUTATING_GET,add|commit|raw_sql,,_audit
POST,/v1/provider/compliance/requests/{request_id}/cancel,cancel_my_request,app.engines.compliance.provider_router,DATABASE_MUTATION,add|commit|raw_sql,,_audit
POST,/v1/provider/compliance/requests/{request_id}/generate-export,generate_export,app.engines.compliance.provider_router,DATABASE_MUTATION,add|commit|raw_sql,,_audit
GET,/v1/provider/compliance/exports,list_exports,app.engines.compliance.provider_router,READ_ONLY,,,
GET,/v1/provider/compliance/exports/{export_id},get_export,app.engines.compliance.provider_router,READ_ONLY,,,
GET,/v1/provider/compliance/exports/{export_id}/download,download_export,app.engines.compliance.provider_router,MUTATING_GET,add|commit|raw_sql,,_audit
GET,/v1/provider/compliance/consents,list_consents,app.engines.compliance.provider_router,READ_ONLY,,,
POST,/v1/provider/compliance/consents/{consent_type}/withdraw,withdraw_consent,app.engines.compliance.provider_router,DATABASE_MUTATION,add|commit|raw_sql,,_audit
GET,/v1/provider/compliance/staff-requests,list_staff_requests,app.engines.compliance.provider_router,MUTATING_GET,add|commit|raw_sql,,_audit
GET,/v1/provider/compliance/staff-requests/{request_id},get_staff_request,app.engines.compliance.provider_router,MUTATING_GET,add|commit|raw_sql,,_audit
POST,/v1/provider/compliance/staff-requests/{request_id}/tenant-response,staff_tenant_response,app.engines.compliance.provider_router,DATABASE_MUTATION,add|commit|raw_sql,,_audit
GET,/v1/provider/compliance/customer-requests,list_customer_requests,app.engines.compliance.provider_router,MUTATING_GET,add|commit|raw_sql,,_audit
GET,/v1/provider/compliance/customer-requests/{request_id},get_customer_request,app.engines.compliance.provider_router,MUTATING_GET,add|commit|raw_sql,,_audit
POST,/v1/provider/compliance/customer-requests/{request_id}/tenant-response,customer_tenant_response,app.engines.compliance.provider_router,DATABASE_MUTATION,add|commit|raw_sql,,_audit
GET,/v1/admin/engines/summary,get_summary,app.engines.engine_mgmt.admin_router,READ_ONLY,,,
GET,/v1/admin/engines,list_engines,app.engines.engine_mgmt.admin_router,READ_ONLY,,,
POST,/v1/admin/engines,create_engine,app.engines.engine_mgmt.admin_router,DATABASE_MUTATION,add|commit|flush,,_audit
GET,/v1/admin/engines/category-matrix/templates,list_category_matrix_templates,app.engines.engine_mgmt.admin_router,READ_ONLY,,,
GET,/v1/admin/engines/category-matrix,get_category_matrix,app.engines.engine_mgmt.admin_router,READ_ONLY,,,
GET,/v1/admin/engines/category-matrix/export,export_category_matrix,app.engines.engine_mgmt.admin_router,READ_ONLY,,,
GET,/v1/admin/engines/category-matrix/{category_id},get_category_matrix_detail,app.engines.engine_mgmt.admin_router,READ_ONLY,,,
GET,/v1/admin/engines/category-matrix/{category_id}/summary,get_category_matrix_summary,app.engines.engine_mgmt.admin_router,READ_ONLY,,,
POST,/v1/admin/engines/category-matrix/{category_id}/seed-defaults/preview,seed_category_defaults_preview,app.engines.engine_mgmt.admin_router,READ_ONLY_POST,,,
POST,/v1/admin/engines/category-matrix/{category_id}/seed-defaults,seed_category_defaults,app.engines.engine_mgmt.admin_router,DATABASE_MUTATION,add|commit,,_audit
POST,/v1/admin/engines/category-matrix/{category_id}/engines/{engine_key}/enable-preview,enable_category_engine_preview,app.engines.engine_mgmt.admin_router,READ_ONLY_POST,,,
POST,/v1/admin/engines/category-matrix/{category_id}/engines/{engine_key}/disable-preview,disable_category_engine_preview,app.engines.engine_mgmt.admin_router,READ_ONLY_POST,,,
POST,/v1/admin/engines/category-matrix/{category_id}/engines/{engine_key}/enable,enable_category_engine,app.engines.engine_mgmt.admin_router,DATABASE_MUTATION,add|commit,,_audit
POST,/v1/admin/engines/category-matrix/{category_id}/engines/{engine_key}/disable,disable_category_engine,app.engines.engine_mgmt.admin_router,DATABASE_MUTATION,add|commit,,_audit
POST,/v1/admin/engines/category-matrix/{category_id}/engines/{engine_key}/mark-required,mark_category_engine_required,app.engines.engine_mgmt.admin_router,DATABASE_MUTATION,add|commit,,_audit
POST,/v1/admin/engines/category-matrix/{category_id}/engines/{engine_key}/mark-optional,mark_category_engine_optional,app.engines.engine_mgmt.admin_router,DATABASE_MUTATION,add|commit,,_audit
GET,/v1/admin/engines/category-matrix/{category_id}/engines/{engine_key}/packages,category_engine_package_usage,app.engines.engine_mgmt.admin_router,READ_ONLY,,,
GET,/v1/admin/engines/category-matrix/{category_id}/engines/{engine_key}/tenant-impact,category_engine_tenant_impact,app.engines.engine_mgmt.admin_router,READ_ONLY,,,
GET,/v1/admin/engines/dependencies/graph,get_dependency_graph,app.engines.engine_mgmt.admin_router,READ_ONLY,,,
POST,/v1/admin/engines/dependencies/validate,validate_dependencies,app.engines.engine_mgmt.admin_router,READ_ONLY_POST,,,
GET,/v1/admin/engines/dependencies,list_all_dependencies,app.engines.engine_mgmt.admin_router,READ_ONLY,,,
GET,/v1/admin/engines/package-entitlements,get_package_entitlements_all,app.engines.engine_mgmt.admin_router,READ_ONLY,,,
GET,/v1/admin/engines/package-entitlements/{package_id},get_package_entitlements,app.engines.engine_mgmt.admin_router,READ_ONLY,,,
POST,/v1/admin/engines/package-entitlements/{package_id}/engines/{engine_key}/include,include_package_engine,app.engines.engine_mgmt.admin_router,DATABASE_MUTATION,add|commit,,_audit
POST,/v1/admin/engines/package-entitlements/{package_id}/engines/{engine_key}/remove,remove_package_engine,app.engines.engine_mgmt.admin_router,DATABASE_MUTATION,add|commit,,_audit
POST,/v1/admin/engines/package-entitlements/{package_id}/preview-impact,package_entitlement_impact,app.engines.engine_mgmt.admin_router,READ_ONLY_POST,,,
GET,/v1/admin/engines/tenant-overrides,list_all_overrides,app.engines.engine_mgmt.admin_router,READ_ONLY,,,
GET,/v1/admin/engines/tenant-overrides/{tenant_id},get_tenant_overrides,app.engines.engine_mgmt.admin_router,READ_ONLY,,,
POST,/v1/admin/engines/tenant-overrides/{tenant_id},create_tenant_override,app.engines.engine_mgmt.admin_router,DATABASE_MUTATION,add|commit|flush,,_audit
POST,/v1/admin/engines/tenant-overrides/{tenant_id}/{override_id}/revoke,revoke_tenant_override,app.engines.engine_mgmt.admin_router,DATABASE_MUTATION,add|commit,,_audit
GET,/v1/admin/engines/health,get_health_overview,app.engines.engine_mgmt.admin_router,HEALTH_OR_DIAGNOSTIC,,,
POST,/v1/admin/engines/health/check-all,run_all_health_checks,app.engines.engine_mgmt.admin_router,HEALTH_OR_DIAGNOSTIC,add|commit,,_audit
GET,/v1/admin/engines/permissions,list_all_permissions,app.engines.engine_mgmt.admin_router,READ_ONLY,,,
PUT,/v1/admin/engines/permissions/{permission_id},update_permission,app.engines.engine_mgmt.admin_router,DATABASE_MUTATION,add|commit,,_audit
GET,/v1/admin/engines/audit-logs,list_audit_logs,app.engines.engine_mgmt.admin_router,READ_ONLY,,,
POST,/v1/admin/engines/resolve-access-preview,resolve_access_preview,app.engines.engine_mgmt.admin_router,READ_ONLY_POST,,,
GET,/v1/admin/engines/{engine_key},get_engine,app.engines.engine_mgmt.admin_router,READ_ONLY,,,
PUT,/v1/admin/engines/{engine_key},update_engine,app.engines.engine_mgmt.admin_router,DATABASE_MUTATION,add|commit,,_audit
POST,/v1/admin/engines/{engine_key}/impact-preview,impact_preview,app.engines.engine_mgmt.admin_router,READ_ONLY_POST,,,
POST,/v1/admin/engines/{engine_key}/enable,enable_engine,app.engines.engine_mgmt.admin_router,DATABASE_MUTATION,add|commit,,_audit
POST,/v1/admin/engines/{engine_key}/disable,disable_engine,app.engines.engine_mgmt.admin_router,DATABASE_MUTATION,add|commit,,_audit
POST,/v1/admin/engines/{engine_key}/health/check,run_health_check,app.engines.engine_mgmt.admin_router,HEALTH_OR_DIAGNOSTIC,add|commit,,_audit
GET,/v1/admin/engines/{engine_key}/health,get_engine_health,app.engines.engine_mgmt.admin_router,HEALTH_OR_DIAGNOSTIC,,,
GET,/v1/admin/engines/{engine_key}/permissions,get_engine_permissions,app.engines.engine_mgmt.admin_router,READ_ONLY,,,
GET,/v1/admin/trust-quality/badges/definitions,list_badge_definitions,app.engines.trust_quality.admin_router,READ_ONLY,,,
POST,/v1/admin/trust-quality/badges/definitions,create_badge_definition,app.engines.trust_quality.admin_router,DATABASE_MUTATION,add|commit|flush,,_audit
PUT,/v1/admin/trust-quality/badges/definitions/{badge_id},update_badge_definition,app.engines.trust_quality.admin_router,DATABASE_MUTATION,add|commit,,_audit
GET,/v1/admin/trust-quality/badge-rules,list_badge_rules,app.engines.trust_quality.admin_router,READ_ONLY,,,
GET,/v1/admin/trust-quality/badge-rules/{rule_id},get_badge_rule,app.engines.trust_quality.admin_router,READ_ONLY,,,
POST,/v1/admin/trust-quality/badge-rules,create_badge_rule,app.engines.trust_quality.admin_router,DATABASE_MUTATION,add|commit|flush,,_audit
PUT,/v1/admin/trust-quality/badge-rules/{rule_id},update_badge_rule,app.engines.trust_quality.admin_router,DATABASE_MUTATION,add|commit|delete|flush,,_audit
POST,/v1/admin/trust-quality/badge-rules/{rule_id}/activate,activate_badge_rule,app.engines.trust_quality.admin_router,DATABASE_MUTATION,add|commit,,_audit
POST,/v1/admin/trust-quality/badge-rules/{rule_id}/deactivate,deactivate_badge_rule,app.engines.trust_quality.admin_router,DATABASE_MUTATION,add|commit,,_audit
POST,/v1/admin/trust-quality/badge-rules/{rule_id}/simulate,simulate_badge_rule,app.engines.trust_quality.admin_router,DATABASE_MUTATION,add|commit,,_audit
GET,/v1/admin/trust-quality/badges/earned,list_earned_badges,app.engines.trust_quality.admin_router,READ_ONLY,,,
POST,/v1/admin/trust-quality/badges/manual-award,manual_award_badge,app.engines.trust_quality.admin_router,DATABASE_MUTATION,add|commit|flush,,_audit
POST,/v1/admin/trust-quality/badges/{assignment_id}/revoke,revoke_badge,app.engines.trust_quality.admin_router,DATABASE_MUTATION,add|commit,,_audit
POST,/v1/admin/trust-quality/recalculate/badges,recalculate_badges,app.engines.trust_quality.admin_router,DATABASE_MUTATION,add|commit|flush,,_audit
GET,/v1/admin/trust-quality/health-rules,list_health_formulas,app.engines.trust_quality.admin_router,HEALTH_OR_DIAGNOSTIC,,,
GET,/v1/admin/trust-quality/health-rules/{formula_id},get_health_formula,app.engines.trust_quality.admin_router,HEALTH_OR_DIAGNOSTIC,,,
POST,/v1/admin/trust-quality/health-rules,create_health_formula,app.engines.trust_quality.admin_router,HEALTH_OR_DIAGNOSTIC,add|commit|flush,,_audit
PUT,/v1/admin/trust-quality/health-rules/{formula_id},update_health_formula,app.engines.trust_quality.admin_router,HEALTH_OR_DIAGNOSTIC,add|commit|delete|flush,,_audit
POST,/v1/admin/trust-quality/health-rules/{formula_id}/activate,activate_health_formula,app.engines.trust_quality.admin_router,HEALTH_OR_DIAGNOSTIC,add|commit,,_audit
POST,/v1/admin/trust-quality/health-rules/{formula_id}/deactivate,deactivate_health_formula,app.engines.trust_quality.admin_router,HEALTH_OR_DIAGNOSTIC,add|commit,,_audit
POST,/v1/admin/trust-quality/health-rules/{formula_id}/simulate,simulate_health_formula,app.engines.trust_quality.admin_router,HEALTH_OR_DIAGNOSTIC,add|commit,,_audit
POST,/v1/admin/trust-quality/recalculate/health,recalculate_health,app.engines.trust_quality.admin_router,HEALTH_OR_DIAGNOSTIC,add|commit|flush,,_audit
POST,/v1/admin/trust-quality/recalculate/risk,recalculate_risk,app.engines.trust_quality.admin_router,DATABASE_MUTATION,add|commit|flush,,_audit
POST,/v1/admin/trust-quality/recalculate/all,recalculate_run_job,app.engines.trust_quality.admin_router,DATABASE_MUTATION,add|commit|flush,,_audit
GET,/v1/admin/trust-quality/recalculation-jobs,list_recalculation_jobs,app.engines.trust_quality.admin_router,READ_ONLY,,,
POST,/v1/admin/trust-quality/seed-defaults/preview,seed_defaults_preview,app.engines.trust_quality.admin_router,READ_ONLY_POST,,,
POST,/v1/admin/trust-quality/seed-defaults,seed_defaults,app.engines.trust_quality.admin_router,DATABASE_MUTATION,add|commit|flush,,_audit
GET,/v1/admin/trust-quality/audit-logs,list_audit_logs,app.engines.trust_quality.admin_router,READ_ONLY,,,
GET,/v1/provider/trust-quality/badges,my_badges,app.engines.trust_quality.provider_router,READ_ONLY,,,
GET,/v1/provider/trust-quality/staff/{staff_id}/badges,staff_badges,app.engines.trust_quality.provider_router,READ_ONLY,,,
GET,/v1/public/trust-quality/providers/{tenant_id}/badges,provider_public_badges,app.engines.trust_quality.public_router,READ_ONLY,,,
GET,/v1/admin/notifications/templates/summary,get_summary,app.engines.notification.admin_router,READ_ONLY,,,
GET,/v1/admin/notifications/templates,list_templates,app.engines.notification.admin_router,READ_ONLY,,,
POST,/v1/admin/notifications/templates,create_template,app.engines.notification.admin_router,DATABASE_MUTATION,add|commit|flush,,_audit
POST,/v1/admin/notifications/templates/seed-defaults/preview,seed_defaults_preview,app.engines.notification.admin_router,READ_ONLY_POST,,,
POST,/v1/admin/notifications/templates/seed-defaults,seed_defaults,app.engines.notification.admin_router,DATABASE_MUTATION,add|commit|flush,,_audit
POST,/v1/admin/notifications/templates/resolve-effective-template,resolve_effective_template,app.engines.notification.admin_router,READ_ONLY_POST,,,
GET,/v1/admin/notifications/templates/audit-logs,list_all_audit_logs,app.engines.notification.admin_router,READ_ONLY,,,
GET,/v1/admin/notifications/templates/{template_id},get_template,app.engines.notification.admin_router,READ_ONLY,,,
PUT,/v1/admin/notifications/templates/{template_id},update_template,app.engines.notification.admin_router,DATABASE_MUTATION,add|commit,,_audit
POST,/v1/admin/notifications/templates/{template_id}/activate,activate_template,app.engines.notification.admin_router,DATABASE_MUTATION,add|commit,,_audit
POST,/v1/admin/notifications/templates/{template_id}/deactivate,deactivate_template,app.engines.notification.admin_router,DATABASE_MUTATION,add|commit,,_audit
POST,/v1/admin/notifications/templates/{template_id}/archive,archive_template,app.engines.notification.admin_router,DATABASE_MUTATION,add|commit,,_audit
DELETE,/v1/admin/notifications/templates/{template_id},delete_template,app.engines.notification.admin_router,DATABASE_MUTATION,add|commit|delete,,_audit
POST,/v1/admin/notifications/templates/{template_id}/clone,clone_template,app.engines.notification.admin_router,DATABASE_MUTATION,add|commit|flush,,_audit
POST,/v1/admin/notifications/templates/{template_id}/create-override,create_override,app.engines.notification.admin_router,DATABASE_MUTATION,add|commit|flush,,_audit
POST,/v1/admin/notifications/templates/{template_id}/validate,validate_template,app.engines.notification.admin_router,READ_ONLY_POST,,,
POST,/v1/admin/notifications/templates/{template_id}/render-preview,render_preview,app.engines.notification.admin_router,DATABASE_MUTATION,add|commit,,_audit
POST,/v1/admin/notifications/templates/{template_id}/test-send,test_send,app.engines.notification.admin_router,DATABASE_MUTATION,add|commit|flush,,_audit
GET,/v1/admin/notifications/templates/{template_id}/versions,list_versions,app.engines.notification.admin_router,READ_ONLY,,,
POST,/v1/admin/notifications/templates/{template_id}/rollback,rollback_template,app.engines.notification.admin_router,DATABASE_MUTATION,add|commit,,_audit
GET,/v1/admin/notifications/templates/{template_id}/delivery-analytics,delivery_analytics,app.engines.notification.admin_router,READ_ONLY,,,
GET,/v1/admin/notifications/templates/{template_id}/audit-logs,template_audit_logs,app.engines.notification.admin_router,READ_ONLY,,,
GET,/v1/admin/finance/settlements/summary,get_settlement_summary,app.engines.customer_credits.admin_router,READ_ONLY,,,
GET,/v1/admin/finance/settlements,list_settlements,app.engines.customer_credits.admin_router,READ_ONLY,,,
GET,/v1/admin/finance/settlements/{settlement_id},get_settlement,app.engines.customer_credits.admin_router,READ_ONLY,,,
POST,/v1/admin/finance/disputes/{dispute_id}/settlements,create_settlement,app.engines.customer_credits.admin_router,DATABASE_MUTATION,add|commit|flush,,_audit
POST,/v1/admin/finance/disputes/{dispute_id}/settlements/preview,preview_deduction,app.engines.customer_credits.admin_router,READ_ONLY_POST,,,
POST,/v1/admin/finance/settlements/{settlement_id}/approve,approve_settlement,app.engines.customer_credits.admin_router,DATABASE_MUTATION,add|commit,,_audit
POST,/v1/admin/finance/settlements/{settlement_id}/execute,execute_settlement,app.engines.customer_credits.admin_router,DATABASE_MUTATION,add|commit|flush,,_audit
POST,/v1/admin/finance/settlements/{settlement_id}/cancel,cancel_settlement,app.engines.customer_credits.admin_router,DATABASE_MUTATION,add|commit,,_audit
GET,/v1/admin/finance/credits/summary,get_credit_summary,app.engines.customer_credits.admin_router,READ_ONLY,,,
GET,/v1/admin/finance/credits,list_credits,app.engines.customer_credits.admin_router,READ_ONLY,,,
GET,/v1/admin/finance/credits/{credit_id},get_credit,app.engines.customer_credits.admin_router,READ_ONLY,,,
POST,/v1/admin/finance/customers/{customer_id}/credits,issue_manual_credit,app.engines.customer_credits.admin_router,DATABASE_MUTATION,add|commit|flush,,_audit
POST,/v1/admin/finance/credits/{credit_id}/cancel,cancel_credit,app.engines.customer_credits.admin_router,DATABASE_MUTATION,add|commit,,_audit
POST,/v1/admin/finance/credits/{credit_id}/extend,extend_credit,app.engines.customer_credits.admin_router,DATABASE_MUTATION,add|commit,,_audit
GET,/v1/admin/finance/penalties/summary,get_penalty_summary,app.engines.customer_credits.admin_router,READ_ONLY,,,
GET,/v1/admin/finance/penalties,list_penalties,app.engines.customer_credits.admin_router,READ_ONLY,,,
GET,/v1/admin/finance/vertical-config/{vertical_type},get_vertical_config,app.engines.customer_credits.admin_router,READ_ONLY,,,
GET,/v1/me/credits,list_my_credits,app.engines.customer_credits.customer_router,READ_ONLY,,,
GET,/v1/me/credits/summary,get_my_credit_summary,app.engines.customer_credits.customer_router,READ_ONLY,,,
GET,/v1/me/credits/{credit_id},get_my_credit,app.engines.customer_credits.customer_router,READ_ONLY,,,
POST,/v1/me/credits/preview-apply,preview_apply_credit,app.engines.customer_credits.customer_router,READ_ONLY_POST,,,
POST,/v1/me/credits/apply,apply_credit_to_booking,app.engines.customer_credits.customer_router,DATABASE_MUTATION,add|commit,,_audit
GET,/v1/provider/finance/credits/summary,tenant_credits_summary,app.engines.customer_credits.provider_router,READ_ONLY,,,
GET,/v1/provider/finance/penalties/summary,tenant_penalties_summary,app.engines.customer_credits.provider_router,READ_ONLY,,,
GET,/v1/provider/finance/penalties,list_tenant_penalties,app.engines.customer_credits.provider_router,READ_ONLY,,,
GET,/v1/provider/finance/settlements,list_tenant_settlements,app.engines.customer_credits.provider_router,READ_ONLY,,,
GET,/v1/security/meta,engine_meta,app.engines.security.router,HEALTH_OR_DIAGNOSTIC,,,
POST,/v1/security/api-keys,create_api_key,app.engines.security.router,DATABASE_MUTATION,add|flush|raw_sql,,
GET,/v1/security/api-keys/tenants/{tenant_id},list_api_keys,app.engines.security.router,READ_ONLY,,,
GET,/v1/security/api-keys/{key_id},get_api_key,app.engines.security.router,READ_ONLY,,,
POST,/v1/security/api-keys/verify,verify_api_key,app.engines.security.router,DATABASE_MUTATION,add|flush,,
POST,/v1/security/api-keys/{key_id}/rotate,rotate_api_key,app.engines.security.router,DATABASE_MUTATION,add|flush|raw_sql,,
POST,/v1/security/api-keys/{key_id}/revoke,revoke_api_key,app.engines.security.router,DATABASE_MUTATION,add|raw_sql,,
POST,/v1/security/blocklist,block_ip,app.engines.security.router,DATABASE_MUTATION,add|flush|raw_sql,,
DELETE,/v1/security/blocklist/{ip_or_cidr},unblock_ip,app.engines.security.router,DATABASE_MUTATION,add|raw_sql,,
GET,/v1/security/blocklist/check,check_ip,app.engines.security.router,READ_ONLY,,,
GET,/v1/security/blocklist,list_blocklist,app.engines.security.router,READ_ONLY,,,
POST,/v1/security/activity/record,record_activity,app.engines.security.router,DATABASE_MUTATION,add|flush,,
GET,/v1/security/activity,list_activity,app.engines.security.router,READ_ONLY,,,
POST,/v1/security/activity/{log_id}/acknowledge,acknowledge_activity,app.engines.security.router,READ_ONLY_POST,,,
POST,/v1/security/audit-log,write_audit,app.engines.security.router,DATABASE_MUTATION,add|flush|raw_sql,,
GET,/v1/security/audit-log,search_audit,app.engines.security.router,READ_ONLY,,,
POST,/v1/security/sessions,create_session,app.engines.security.router,DATABASE_MUTATION,add|flush,,
GET,/v1/security/sessions/users/{user_id},list_sessions,app.engines.security.router,READ_ONLY,,,
POST,/v1/security/sessions/{session_id}/revoke,revoke_session,app.engines.security.router,DATABASE_MUTATION,add|raw_sql,,_audit|record_platform_audit
POST,/v1/security/sessions/users/{user_id}/revoke-all,revoke_all_sessions,app.engines.security.router,DATABASE_MUTATION,add|raw_sql,,
GET,/v1/security/summary,security_summary,app.engines.security.router,READ_ONLY,,,
GET,/v1/admin/security/overview,overview,app.engines.security.admin_router,READ_ONLY,,,
GET,/v1/admin/security/threats,list_threats,app.engines.security.admin_router,READ_ONLY,,,
GET,/v1/admin/security/threats/{threat_id},threat_detail,app.engines.security.admin_router,READ_ONLY,,,
POST,/v1/admin/security/threats/{threat_id}/assign,assign_threat,app.engines.security.admin_router,DATABASE_MUTATION,,,_audit|record_platform_audit
POST,/v1/admin/security/threats/{threat_id}/status,update_threat_status,app.engines.security.admin_router,DATABASE_MUTATION,raw_sql,,_audit|record_platform_audit
POST,/v1/admin/security/threats/{threat_id}/block-ip,block_ip_from_threat,app.engines.security.admin_router,DATABASE_MUTATION,add|flush,,_audit|record_platform_audit
POST,/v1/admin/security/threats/{threat_id}/revoke-sessions,revoke_sessions_from_threat,app.engines.security.admin_router,DATABASE_MUTATION,,,_audit|record_platform_audit
GET,/v1/admin/security/sessions,list_sessions,app.engines.security.admin_router,READ_ONLY,,,
GET,/v1/admin/security/sessions/{session_id},session_detail,app.engines.security.admin_router,READ_ONLY,,,
POST,/v1/admin/security/sessions/{session_id}/revoke,revoke_session,app.engines.security.admin_router,DATABASE_MUTATION,add|raw_sql,,_audit|record_platform_audit
POST,/v1/admin/security/sessions/user/{user_id}/revoke-all,revoke_all_sessions,app.engines.security.admin_router,DATABASE_MUTATION,,,_audit|record_platform_audit
GET,/v1/admin/security/ip-blocklist,list_ip_blocklist,app.engines.security.admin_router,READ_ONLY,,,
POST,/v1/admin/security/ip-blocklist,create_ip_block,app.engines.security.admin_router,DATABASE_MUTATION,add|flush,,_audit|record_platform_audit
PATCH,/v1/admin/security/ip-blocklist/{entry_id},update_ip_block,app.engines.security.admin_router,DATABASE_MUTATION,raw_sql,,_audit|record_platform_audit
POST,/v1/admin/security/ip-blocklist/{entry_id}/revoke,revoke_ip_block,app.engines.security.admin_router,DATABASE_MUTATION,,,_audit|record_platform_audit
GET,/v1/admin/security/ip-blocklist/{entry_id}/hits,ip_block_hits,app.engines.security.admin_router,READ_ONLY,,,
GET,/v1/admin/security/api-keys,list_api_keys,app.engines.security.admin_router,READ_ONLY,,,
POST,/v1/admin/security/api-keys,create_api_key,app.engines.security.admin_router,DATABASE_MUTATION,add|flush|raw_sql,,
GET,/v1/admin/security/api-keys/{key_id},api_key_detail,app.engines.security.admin_router,READ_ONLY,,,
POST,/v1/admin/security/api-keys/{key_id}/rotate,rotate_api_key,app.engines.security.admin_router,DATABASE_MUTATION,add|flush|raw_sql,,
POST,/v1/admin/security/api-keys/{key_id}/revoke,revoke_api_key,app.engines.security.admin_router,DATABASE_MUTATION,add|raw_sql,,
GET,/v1/admin/security/api-keys/{key_id}/usage,api_key_usage,app.engines.security.admin_router,READ_ONLY,,,
GET,/v1/admin/security/audit-logs,list_audit_logs,app.engines.security.admin_router,READ_ONLY,,,
GET,/v1/admin/security/audit-logs/{log_id},audit_log_detail,app.engines.security.admin_router,READ_ONLY,,,
GET,/v1/admin/security/audit-logs-export,export_audit_logs,app.engines.security.admin_router,READ_ONLY_WITH_ACCESS_AUDIT,,,_audit|record_platform_audit
GET,/v1/admin/security/policies,get_policies,app.engines.security.admin_router,READ_ONLY,,,
PATCH,/v1/admin/security/policies/{policy_key},update_policy,app.engines.security.admin_router,DATABASE_MUTATION,raw_sql,,_audit|record_platform_audit
GET,/v1/reviews/meta,engine_meta,app.engines.review.router,HEALTH_OR_DIAGNOSTIC,,,
POST,/v1/reviews,create_review,app.engines.review.router,READ_ONLY_POST,,,
GET,/v1/reviews/requests,list_requests_by_query,app.engines.review.router,READ_ONLY,,,
GET,/v1/reviews/{review_id},get_review,app.engines.review.router,READ_ONLY,,,
GET,/v1/reviews,list_by_tenant,app.engines.review.router,READ_ONLY,,,
GET,/v1/reviews/staff/{staff_id},list_by_staff,app.engines.review.router,READ_ONLY,,,
GET,/v1/reviews/customers/{customer_id},list_by_customer,app.engines.review.router,READ_ONLY,,,
POST,/v1/reviews/{review_id}/reply,submit_reply,app.engines.review.router,READ_ONLY_POST,,,
POST,/v1/reviews/{review_id}/flag,flag_review,app.engines.review.router,DATABASE_MUTATION,add,,_write_history
POST,/v1/reviews/{review_id}/resolve,resolve_flag,app.engines.review.router,DATABASE_MUTATION,add,,_write_history
GET,/v1/reviews/aggregates/{entity_type}/{entity_id},get_aggregate,app.engines.review.router,READ_ONLY,,,
POST,/v1/reviews/requests,create_request,app.engines.review.router,DATABASE_MUTATION,add|flush,,
GET,/v1/reviews/requests/jobs/{job_id},get_request,app.engines.review.router,READ_ONLY,,,
GET,/v1/reviews/tenants/{tenant_id}/requests,list_requests,app.engines.review.router,READ_ONLY,,,
GET,/v1/reviews/tenants/{tenant_id}/recent,recent_reviews,app.engines.review.router,READ_ONLY,,,
GET,/v1/chat/meta,engine_meta,app.engines.chat.router,HEALTH_OR_DIAGNOSTIC,,,
POST,/v1/chat/conversations,create_conversation,app.engines.chat.router,DATABASE_MUTATION,add|flush,,
GET,/v1/chat/conversations/{conversation_id},get_conversation,app.engines.chat.router,READ_ONLY,,,
GET,/v1/chat/conversations,list_conversations,app.engines.chat.router,READ_ONLY,,,
GET,/v1/chat/conversations/{conversation_id}/participants,list_participants,app.engines.chat.router,READ_ONLY,,,
POST,/v1/chat/conversations/{conversation_id}/messages,send_message,app.engines.chat.router,DATABASE_MUTATION,add|flush,,
GET,/v1/chat/conversations/{conversation_id}/messages,list_messages,app.engines.chat.router,READ_ONLY,,,
POST,/v1/chat/conversations/{conversation_id}/messages/read,mark_read,app.engines.chat.router,READ_ONLY_POST,,,
GET,/v1/chat/conversations/{conversation_id}/unread,get_unread,app.engines.chat.router,READ_ONLY,,,
POST,/v1/chat/conversations/{conversation_id}/typing,set_typing,app.engines.chat.router,READ_ONLY_POST,,,
GET,/v1/chat/conversations/{conversation_id}/typing,get_typing,app.engines.chat.router,READ_ONLY,,,
PUT,/v1/chat/messages/{message_id},edit_message,app.engines.chat.router,READ_ONLY_PUT_OR_PATCH_FALSE_POSITIVE,,,
DELETE,/v1/chat/messages/{message_id},delete_message,app.engines.chat.router,READ_ONLY_PUT_OR_PATCH_FALSE_POSITIVE,,,
GET,/v1/webhooks/meta,engine_meta,app.engines.webhook.router,HEALTH_OR_DIAGNOSTIC,,,
POST,/v1/webhooks/endpoints,create_endpoint,app.engines.webhook.router,DATABASE_MUTATION,add|flush,,
GET,/v1/webhooks/endpoints/{endpoint_id},get_endpoint,app.engines.webhook.router,READ_ONLY,,,
GET,/v1/webhooks/tenants/{tenant_id}/endpoints,list_endpoints,app.engines.webhook.router,READ_ONLY,,,
PUT,/v1/webhooks/endpoints/{endpoint_id},update_endpoint,app.engines.webhook.router,READ_ONLY_PUT_OR_PATCH_FALSE_POSITIVE,,,
DELETE,/v1/webhooks/endpoints/{endpoint_id},delete_endpoint,app.engines.webhook.router,READ_ONLY_PUT_OR_PATCH_FALSE_POSITIVE,,,
POST,/v1/webhooks/endpoints/{endpoint_id}/test,test_endpoint,app.engines.webhook.router,DATABASE_MUTATION,add|flush,,
POST,/v1/webhooks/endpoints/{endpoint_id}/pause,pause_endpoint,app.engines.webhook.router,READ_ONLY_POST,,,
POST,/v1/webhooks/endpoints/{endpoint_id}/resume,resume_endpoint,app.engines.webhook.router,READ_ONLY_POST,,,
GET,/v1/webhooks/tenants/{tenant_id}/deliveries,list_deliveries,app.engines.webhook.router,READ_ONLY,,,
GET,/v1/webhooks/deliveries/{delivery_id},get_delivery,app.engines.webhook.router,READ_ONLY,,,
POST,/v1/webhooks/deliveries/{delivery_id}/replay,replay_delivery,app.engines.webhook.router,DATABASE_MUTATION,add|flush,,
GET,/v1/webhooks/tenants/{tenant_id}/events/{event_type},list_by_event_type,app.engines.webhook.router,READ_ONLY,,,
GET,/v1/payments/meta,engine_meta,app.engines.payment.router,HEALTH_OR_DIAGNOSTIC,,,
POST,/v1/payments/orders,create_order,app.engines.payment.router,EXTERNAL_SIDE_EFFECT,,create_order,
POST,/v1/payments/webhook,payment_webhook,app.engines.payment.router,DATABASE_MUTATION,add|flush,,
GET,/v1/payments/{payment_id},get_payment,app.engines.payment.router,READ_ONLY,,,
GET,/v1/payments,list_payments,app.engines.payment.router,READ_ONLY,,,
POST,/v1/payments/{payment_id}/refund,create_refund,app.engines.payment.router,DATABASE_MUTATION,add|flush,,
GET,/v1/payments/refunds/{refund_id},get_refund,app.engines.payment.router,READ_ONLY,,,
GET,/v1/payments/tenants/{tenant_id}/refunds,list_refunds,app.engines.payment.router,READ_ONLY,,,
POST,/v1/payments/invoices,generate_invoice,app.engines.payment.router,DATABASE_MUTATION,add|flush,,
GET,/v1/payments/invoices/{invoice_id},get_invoice,app.engines.payment.router,READ_ONLY,,,
GET,/v1/payments/tenants/{tenant_id}/invoices,list_invoices,app.engines.payment.router,READ_ONLY,,,
POST,/v1/payments/tenants/{tenant_id}/payout,request_payout,app.engines.payment.router,DATABASE_MUTATION,add|flush,,
GET,/v1/payments/payouts/{payout_id},get_payout,app.engines.payment.router,READ_ONLY,,,
GET,/v1/payments/tenants/{tenant_id}/payouts,list_payouts,app.engines.payment.router,READ_ONLY,,,
GET,/v1/inventory/meta,engine_meta,app.engines.inventory.router,HEALTH_OR_DIAGNOSTIC,,,
POST,/v1/inventory/tenants/{tenant_id}/items,create_item,app.engines.inventory.router,DATABASE_MUTATION,add|flush,,
GET,/v1/inventory/items/{item_id},get_item,app.engines.inventory.router,READ_ONLY,,,
GET,/v1/inventory/tenants/{tenant_id}/items,list_items,app.engines.inventory.router,READ_ONLY,,,
POST,/v1/inventory/items/{item_id}/locations/{location_id}/receive,receive_stock,app.engines.inventory.router,DATABASE_MUTATION,add|flush,,
GET,/v1/inventory/items/{item_id}/locations/{location_id}/balance,get_balance,app.engines.inventory.router,READ_ONLY,,,
GET,/v1/inventory/items/{item_id}/locations/{location_id}/transactions,list_txns,app.engines.inventory.router,READ_ONLY,,,
POST,/v1/inventory/reservations,create_reservation,app.engines.inventory.router,DATABASE_MUTATION,add|flush|raw_sql,,
POST,/v1/inventory/reservations/confirm,confirm_reservation,app.engines.inventory.router,DATABASE_MUTATION,add|flush,,
POST,/v1/inventory/reservations/release,release_reservation,app.engines.inventory.router,DATABASE_MUTATION,add|flush,,
GET,/v1/inventory/tenants/{tenant_id}/low-stock,low_stock,app.engines.inventory.router,READ_ONLY,,,
POST,/v1/inventory/tenants/{tenant_id}/items/{item_id}/replenish,replenish,app.engines.inventory.router,READ_ONLY_POST,,,
GET,/v1/subscriptions/meta,engine_meta,app.engines.subscription.router,HEALTH_OR_DIAGNOSTIC,,,
POST,/v1/subscriptions,create_subscription,app.engines.subscription.router,DATABASE_MUTATION,add|flush,,
GET,/v1/subscriptions/tenants/{tenant_id},get_subscription,app.engines.subscription.router,READ_ONLY,,,
PUT,/v1/subscriptions/tenants/{tenant_id}/plan,update_plan,app.engines.subscription.router,DATABASE_MUTATION,add,,
POST,/v1/subscriptions/tenants/{tenant_id}/cancel,cancel,app.engines.subscription.router,DATABASE_MUTATION,add,,
POST,/v1/subscriptions/tenants/{tenant_id}/pause,pause,app.engines.subscription.router,DATABASE_MUTATION,add,,
POST,/v1/subscriptions/tenants/{tenant_id}/resume,resume,app.engines.subscription.router,DATABASE_MUTATION,add,,
GET,/v1/subscriptions/tenants/{tenant_id}/period,current_period,app.engines.subscription.router,READ_ONLY,,,
GET,/v1/subscriptions/tenants/{tenant_id}/history,billing_history,app.engines.subscription.router,READ_ONLY,,,
GET,/v1/subscriptions/tenants/{tenant_id}/proration-preview,proration_preview,app.engines.subscription.router,READ_ONLY,,,
GET,/v1/documents/meta,engine_meta,app.engines.document.router,HEALTH_OR_DIAGNOSTIC,,,
POST,/v1/documents,generate_doc,app.engines.document.router,DATABASE_MUTATION,add|flush,,
GET,/v1/documents/{document_id},get_doc,app.engines.document.router,READ_ONLY,,,
GET,/v1/documents,list_by_entity,app.engines.document.router,READ_ONLY,,,
POST,/v1/documents/{document_id}/send,send_for_signature,app.engines.document.router,DATABASE_MUTATION,add,,
GET,/v1/documents/{document_id}/signing-url,get_signing_url,app.engines.document.router,READ_ONLY,,,
POST,/v1/documents/sign/{token},record_signature,app.engines.document.router,DATABASE_MUTATION,add,,
POST,/v1/documents/{document_id}/void,void_document,app.engines.document.router,DATABASE_MUTATION,add,,
GET,/v1/documents/{document_id}/events,list_events,app.engines.document.router,READ_ONLY,,,
GET,/v1/documents/tenants/{tenant_id}/templates/{doc_type},get_template,app.engines.document.router,READ_ONLY,,,
GET,/v1/bookings/meta,engine_meta,app.engines.booking.router,HEALTH_OR_DIAGNOSTIC,,,
POST,/v1/bookings/preflight,booking_preflight,app.engines.booking.router,READ_ONLY_POST,,,
POST,/v1/bookings,create_booking,app.engines.booking.router,DATABASE_MUTATION,add|flush,,_write_history
GET,/v1/bookings/{booking_id},get_booking,app.engines.booking.router,READ_ONLY,,,
GET,/v1/bookings,list_bookings,app.engines.booking.router,READ_ONLY,,,
POST,/v1/bookings/{booking_id}/cancel,cancel_booking,app.engines.booking.router,DATABASE_MUTATION,add,,_write_history
GET,/v1/bookings/customers/{customer_id},list_by_customer,app.engines.booking.router,READ_ONLY,,,
GET,/v1/bookings/tenants/{tenant_id_param},list_by_tenant,app.engines.booking.router,READ_ONLY,,,
POST,/v1/bookings/{booking_id}/confirm,confirm_booking,app.engines.booking.router,DATABASE_MUTATION,add,,_write_history
POST,/v1/bookings/{booking_id}/reject,reject_booking,app.engines.booking.router,DATABASE_MUTATION,add,,_write_history
POST,/v1/bookings/{booking_id}/convert-to-job,convert_to_job,app.engines.booking.router,DATABASE_MUTATION,add|flush,,_write_history
POST,/v1/bookings/{booking_id}/reschedule/request,request_reschedule,app.engines.booking.router,DATABASE_MUTATION,add|flush,,
POST,/v1/bookings/reschedule/{reschedule_id}/accept,accept_reschedule,app.engines.booking.router,DATABASE_MUTATION,add,,_write_history
POST,/v1/bookings/reschedule/{reschedule_id}/reject,reject_reschedule,app.engines.booking.router,READ_ONLY_POST,,,
GET,/v1/bookings/{booking_id}/timeline,get_timeline,app.engines.booking.router,READ_ONLY,,,
POST,/v1/bookings/{booking_id}/notes,add_note,app.engines.booking.router,DATABASE_MUTATION,add|flush,,
GET,/v1/bookings/{booking_id}/notes,list_notes,app.engines.booking.router,READ_ONLY,,,
GET,/v1/bookings/tenants/{tenant_id_param}/slots/check,check_slots,app.engines.booking.router,READ_ONLY,,,
GET,/v1/bookings/tenants/{tenant_id_param}/cancellation-policy,cancellation_policy,app.engines.booking.router,READ_ONLY,,,
POST,/v1/bookings/{booking_id}/void,void_booking,app.engines.booking.router,DATABASE_MUTATION,add,,_write_history
GET,/v1/bookings/tenants/{tenant_id_param}/search,search,app.engines.booking.router,READ_ONLY,,,
GET,/v1/admin/bookings/filters,booking_filter_options,app.engines.booking.admin_router,READ_ONLY,,,
GET,/v1/admin/bookings/summary,booking_summary,app.engines.booking.admin_router,READ_ONLY,,,
GET,/v1/admin/bookings/tenant-search,tenant_search,app.engines.booking.admin_router,READ_ONLY,,,
GET,/v1/admin/bookings/export,export_bookings,app.engines.booking.admin_router,READ_ONLY,,,
GET,/v1/admin/bookings,list_admin_bookings,app.engines.booking.admin_router,READ_ONLY,,,
GET,/v1/admin/bookings/{booking_id}/timeline,get_booking_timeline,app.engines.booking.admin_router,READ_ONLY,,,
GET,/v1/admin/bookings/{booking_id}/notes,get_booking_notes,app.engines.booking.admin_router,READ_ONLY,,,
GET,/v1/admin/bookings/{booking_id},get_admin_booking,app.engines.booking.admin_router,READ_ONLY,,,
POST,/v1/admin/bookings/{booking_id}/cancel,admin_cancel_booking,app.engines.booking.admin_router,DATABASE_MUTATION,commit|raw_sql,,
POST,/v1/admin/bookings/{booking_id}/void,admin_void_booking,app.engines.booking.admin_router,DATABASE_MUTATION,commit|raw_sql,,
GET,/v1/appointments/meta,engine_meta,app.engines.appointment.router,HEALTH_OR_DIAGNOSTIC,,,
POST,/v1/appointments/hold,hold_slot,app.engines.appointment.router,DATABASE_MUTATION,add|flush,,_write_history
POST,/v1/appointments/{appointment_id}/confirm,confirm_hold,app.engines.appointment.router,DATABASE_MUTATION,add,,_write_history
GET,/v1/appointments/{appointment_id},get_appointment,app.engines.appointment.router,READ_ONLY,,,
GET,/v1/appointments/staff/{staff_id},list_by_staff,app.engines.appointment.router,READ_ONLY,,,
GET,/v1/appointments/customers/{customer_id},list_by_customer,app.engines.appointment.router,READ_ONLY,,,
POST,/v1/appointments/{appointment_id}/cancel,cancel_appointment,app.engines.appointment.router,DATABASE_MUTATION,add,,_write_history
POST,/v1/appointments/{appointment_id}/reschedule,reschedule,app.engines.appointment.router,DATABASE_MUTATION,add|flush,,_write_history
POST,/v1/appointments/{appointment_id}/no-show,mark_no_show,app.engines.appointment.router,DATABASE_MUTATION,add,,_write_history
GET,/v1/appointments/{appointment_id}/history,get_history,app.engines.appointment.router,READ_ONLY,,,
GET,/v1/appointments/staff/{staff_id}/slots,available_slots,app.engines.appointment.router,READ_ONLY,,,
POST,/v1/appointments/staff/{staff_id}/calendar/block,block_calendar,app.engines.appointment.router,DATABASE_MUTATION,add|flush,,
DELETE,/v1/appointments/calendar/blocks/{block_id},unblock_calendar,app.engines.appointment.router,DATABASE_MUTATION,delete,,
PUT,/v1/appointments/staff/{staff_id}/working-hours,set_working_hours,app.engines.appointment.router,DATABASE_MUTATION,add,,
GET,/v1/admin/customers/filters,customer_filter_options,app.engines.auth.admin_customers_router,READ_ONLY,,,
GET,/v1/admin/customers/summary,customer_summary,app.engines.auth.admin_customers_router,READ_ONLY,,,
GET,/v1/admin/customers/export,export_customers,app.engines.auth.admin_customers_router,READ_ONLY,,,
GET,/v1/admin/customers,list_admin_customers,app.engines.auth.admin_customers_router,READ_ONLY,,,
GET,/v1/admin/customers/{customer_id}/bookings,customer_booking_history,app.engines.auth.admin_customers_router,READ_ONLY,,,
GET,/v1/admin/customers/{customer_id},get_admin_customer,app.engines.auth.admin_customers_router,READ_ONLY,,,
GET,/v1/admin/customers/{customer_id}/complaints,customer_complaints,app.engines.auth.admin_customers_router,READ_ONLY,,,
GET,/v1/admin/customers/{customer_id}/service-credits,customer_service_credits,app.engines.auth.admin_customers_router,READ_ONLY,,,
POST,/v1/admin/customers/{customer_id}/service-credits,issue_customer_service_credit,app.engines.auth.admin_customers_router,DATABASE_MUTATION,add,,_audit|record_platform_audit
GET,/v1/admin/customers/{customer_id}/sessions,customer_sessions,app.engines.auth.admin_customers_router,READ_ONLY,,,
GET,/v1/admin/customers/{customer_id}/login-history,customer_login_history,app.engines.auth.admin_customers_router,READ_ONLY,,,
GET,/v1/admin/customers/{customer_id}/privacy-requests,customer_privacy_requests,app.engines.auth.admin_customers_router,READ_ONLY,,,
GET,/v1/admin/customers/{customer_id}/audit-logs,customer_audit_logs,app.engines.auth.admin_customers_router,READ_ONLY,,,
POST,/v1/admin/customers/{customer_id}/block,block_customer,app.engines.auth.admin_customers_router,DATABASE_MUTATION,add,,_audit|record_platform_audit
POST,/v1/admin/customers/{customer_id}/unblock,unblock_customer,app.engines.auth.admin_customers_router,DATABASE_MUTATION,add,,_audit|record_platform_audit
POST,/v1/admin/customers/{customer_id}/suspend,suspend_customer,app.engines.auth.admin_customers_router,DATABASE_MUTATION,add,,_audit|record_platform_audit
POST,/v1/admin/customers/{customer_id}/reactivate,reactivate_customer,app.engines.auth.admin_customers_router,DATABASE_MUTATION,add,,_audit|record_platform_audit
POST,/v1/admin/customers/{customer_id}/sessions/revoke-all,customer_revoke_all_sessions,app.engines.auth.admin_customers_router,DATABASE_MUTATION,add,,_audit|record_platform_audit
GET,/v1/admin/staff/filters,get_staff_filters,app.engines.auth.admin_staff_router,READ_ONLY,,,
GET,/v1/admin/staff/summary,get_staff_summary,app.engines.auth.admin_staff_router,READ_ONLY,,,
GET,/v1/admin/staff/export,export_staff,app.engines.auth.admin_staff_router,READ_ONLY,,,
GET,/v1/admin/staff,list_staff,app.engines.auth.admin_staff_router,READ_ONLY,,,
GET,/v1/admin/staff/{staff_id},get_staff_member,app.engines.auth.admin_staff_router,READ_ONLY,,,
GET,/v1/admin/staff/{staff_id}/jobs,get_staff_jobs,app.engines.auth.admin_staff_router,READ_ONLY,,,
GET,/v1/catalog/meta,engine_meta,app.engines.service_catalog.router,HEALTH_OR_DIAGNOSTIC,,,
POST,/v1/catalog,create_item,app.engines.service_catalog.router,DATABASE_MUTATION,add|flush,,
GET,/v1/catalog/{item_id},get_item,app.engines.service_catalog.router,READ_ONLY,,,
GET,/v1/catalog,list_items,app.engines.service_catalog.router,READ_ONLY,,,
PUT,/v1/catalog/{item_id},update_item,app.engines.service_catalog.router,DATABASE_MUTATION,raw_sql,,
POST,/v1/catalog/{item_id}/deactivate,deactivate_item,app.engines.service_catalog.router,READ_ONLY_POST,,,
GET,/v1/admin/finance/summary,finance_summary,app.engines.finance_hub.admin_router,READ_ONLY,,,
GET,/v1/admin/finance/overview,finance_overview,app.engines.finance_hub.admin_router,READ_ONLY,,,
GET,/v1/admin/finance/deposits,list_deposits,app.engines.finance_hub.admin_router,READ_ONLY,,,
GET,/v1/admin/finance/deposits/summary,deposits_summary,app.engines.finance_hub.admin_router,READ_ONLY,,,
GET,/v1/admin/finance/deposits/export,export_deposits,app.engines.finance_hub.admin_router,READ_ONLY,,,
GET,/v1/admin/finance/deposits/{deposit_id},get_deposit,app.engines.finance_hub.admin_router,READ_ONLY,,,
POST,/v1/admin/finance/deposits/{deposit_id}/approve,approve_deposit,app.engines.finance_hub.admin_router,DATABASE_MUTATION,flush,,_audit|record_platform_audit
POST,/v1/admin/finance/deposits/{deposit_id}/reject,reject_deposit,app.engines.finance_hub.admin_router,DATABASE_MUTATION,flush,,_audit|record_platform_audit
POST,/v1/admin/finance/deposits/{deposit_id}/record-offline,record_offline_deposit,app.engines.finance_hub.admin_router,DATABASE_MUTATION,,,_audit|record_platform_audit
POST,/v1/admin/finance/deposits/{deposit_id}/refund,refund_deposit,app.engines.finance_hub.admin_router,DATABASE_MUTATION,,,_audit|record_platform_audit
POST,/v1/admin/finance/deposits/{deposit_id}/adjust,adjust_deposit,app.engines.finance_hub.admin_router,DATABASE_MUTATION,,,_audit|record_platform_audit
GET,/v1/admin/finance/topups,list_topups,app.engines.finance_hub.admin_router,READ_ONLY,,,
GET,/v1/admin/finance/topups/summary,topups_summary,app.engines.finance_hub.admin_router,READ_ONLY,,,
GET,/v1/admin/finance/topups/export,export_topups,app.engines.finance_hub.admin_router,READ_ONLY,,,
GET,/v1/admin/finance/topups/{topup_id},get_topup,app.engines.finance_hub.admin_router,READ_ONLY,,,
POST,/v1/admin/finance/topups/{topup_id}/retry-credit,retry_credit,app.engines.finance_hub.admin_router,DATABASE_MUTATION,,,_audit|record_platform_audit
POST,/v1/admin/finance/topups/{topup_id}/refund,refund_topup,app.engines.finance_hub.admin_router,DATABASE_MUTATION,,,_audit|record_platform_audit
GET,/v1/admin/finance/warranty-claims,list_claims,app.engines.finance_hub.admin_router,READ_ONLY,,,
GET,/v1/admin/finance/warranty-claims/summary,claims_summary,app.engines.finance_hub.admin_router,READ_ONLY,,,
GET,/v1/admin/finance/warranty-claims/export,export_claims,app.engines.finance_hub.admin_router,READ_ONLY,,,
GET,/v1/admin/finance/warranty-claims/{claim_id},get_claim,app.engines.finance_hub.admin_router,READ_ONLY,,,
POST,/v1/admin/finance/warranty-claims/{claim_id}/assign,assign_reviewer,app.engines.finance_hub.admin_router,DATABASE_MUTATION,,,_audit|record_platform_audit
POST,/v1/admin/finance/warranty-claims/{claim_id}/request-documents,request_documents,app.engines.finance_hub.admin_router,DATABASE_MUTATION,,,_audit|record_platform_audit
POST,/v1/admin/finance/warranty-claims/{claim_id}/approve,approve_claim,app.engines.finance_hub.admin_router,DATABASE_MUTATION,,,_audit|record_platform_audit
POST,/v1/admin/finance/warranty-claims/{claim_id}/reject,reject_claim,app.engines.finance_hub.admin_router,DATABASE_MUTATION,,,_audit|record_platform_audit
POST,/v1/admin/finance/warranty-claims/{claim_id}/settle,settle_claim,app.engines.finance_hub.admin_router,DATABASE_MUTATION,,,_audit|record_platform_audit
GET,/v1/admin/finance/payouts,list_payouts,app.engines.finance_hub.admin_router,READ_ONLY,,,
GET,/v1/admin/finance/payouts/summary,payouts_summary,app.engines.finance_hub.admin_router,READ_ONLY,,,
GET,/v1/admin/finance/payouts/export,export_payouts,app.engines.finance_hub.admin_router,READ_ONLY,,,
GET,/v1/admin/finance/payouts/{payout_id},get_payout,app.engines.finance_hub.admin_router,READ_ONLY,,,
POST,/v1/admin/finance/payouts/{payout_id}/approve,approve_payout,app.engines.finance_hub.admin_router,DATABASE_MUTATION,,,_audit|record_platform_audit
POST,/v1/admin/finance/payouts/{payout_id}/reject,reject_payout,app.engines.finance_hub.admin_router,DATABASE_MUTATION,,,_audit|record_platform_audit
POST,/v1/admin/finance/payouts/{payout_id}/mark-processing,mark_processing,app.engines.finance_hub.admin_router,DATABASE_MUTATION,,,_audit|record_platform_audit
POST,/v1/admin/finance/payouts/{payout_id}/mark-completed,mark_completed,app.engines.finance_hub.admin_router,DATABASE_MUTATION,,,_audit|record_platform_audit
POST,/v1/admin/finance/payouts/{payout_id}/mark-failed,mark_failed,app.engines.finance_hub.admin_router,DATABASE_MUTATION,,,_audit|record_platform_audit
GET,/v1/admin/finance/wallets,list_wallets,app.engines.finance_hub.admin_router,READ_ONLY,,,
GET,/v1/admin/finance/wallets/{wallet_id}/ledger,get_wallet_ledger,app.engines.finance_hub.admin_router,READ_ONLY,,,
GET,/v1/admin/finance/audit-logs,list_audit_logs,app.engines.finance_hub.admin_router,READ_ONLY,,,
GET,/v1/geo/meta,engine_meta,app.engines.geo.router,HEALTH_OR_DIAGNOSTIC,,,
POST,/v1/geo/tenants/{tenant_id}/zones,create_zone,app.engines.geo.router,DATABASE_MUTATION,add|flush,,
GET,/v1/geo/tenants/{tenant_id}/zones,list_zones,app.engines.geo.router,READ_ONLY,,,
GET,/v1/geo/zones/{zone_id},get_zone,app.engines.geo.router,READ_ONLY,,,
PUT,/v1/geo/zones/{zone_id},update_zone,app.engines.geo.router,READ_ONLY_PUT_OR_PATCH_FALSE_POSITIVE,,,
DELETE,/v1/geo/zones/{zone_id},delete_zone,app.engines.geo.router,READ_ONLY_PUT_OR_PATCH_FALSE_POSITIVE,,,
GET,/v1/geo/tenants/{tenant_id}/zones/check,check_pincode,app.engines.geo.router,READ_ONLY,,,
POST,/v1/geo/tenants/{tenant_id}/staff/{staff_id}/location,update_location,app.engines.geo.router,DATABASE_MUTATION,add|raw_sql,,
GET,/v1/geo/tenants/{tenant_id}/staff/{staff_id}/location,get_location,app.engines.geo.router,READ_ONLY,,,
GET,/v1/geo/tenants/{tenant_id}/staff/radius,staff_in_radius,app.engines.geo.router,READ_ONLY,,,
GET,/v1/geo/tenants/{tenant_id}/coverage,coverage_map,app.engines.geo.router,READ_ONLY,,,
GET,/v1/dispatch/meta,engine_meta,app.engines.dispatch.router,HEALTH_OR_DIAGNOSTIC,,,
POST,/v1/dispatch/jobs/{job_id}/dispatch,dispatch_job,app.engines.dispatch.router,DATABASE_MUTATION,add|flush,,
GET,/v1/dispatch/jobs/{job_id},get_dispatch,app.engines.dispatch.router,READ_ONLY,,,
GET,/v1/dispatch/tenants/{tenant_id}/records,list_records,app.engines.dispatch.router,READ_ONLY,,,
POST,/v1/dispatch/jobs/{job_id}/accept,accept_job,app.engines.dispatch.router,DATABASE_MUTATION,add,,
POST,/v1/dispatch/jobs/{job_id}/reject,reject_job,app.engines.dispatch.router,DATABASE_MUTATION,add,,
POST,/v1/dispatch/jobs/{job_id}/reassign,reassign,app.engines.dispatch.router,DATABASE_MUTATION,add,,
GET,/v1/dispatch/tenants/{tenant_id}/queue,dispatch_queue,app.engines.dispatch.router,READ_ONLY,,,
GET,/v1/dispatch/jobs/{job_id}/scoring,scoring_breakdown,app.engines.dispatch.router,READ_ONLY,,,
GET,/v1/jobs/meta,engine_meta,app.engines.field_ops.router,HEALTH_OR_DIAGNOSTIC,,,
POST,/v1/jobs,create_job,app.engines.field_ops.router,DATABASE_MUTATION,add|flush,,_write_history
GET,/v1/jobs/sla-alerts,sla_alerts,app.engines.field_ops.router,READ_ONLY,,,
GET,/v1/jobs/{job_id},get_job,app.engines.field_ops.router,READ_ONLY,,,
GET,/v1/jobs,list_jobs,app.engines.field_ops.router,READ_ONLY,,,
GET,/v1/jobs/admin/summary,ops_summary,app.engines.field_ops.router,READ_ONLY,,,
GET,/v1/jobs/admin/all,list_jobs_admin,app.engines.field_ops.router,READ_ONLY,,,
GET,/v1/jobs/staff/{staff_id}/earnings,staff_earnings,app.engines.field_ops.router,READ_ONLY,,,
POST,/v1/jobs/{job_id}/assign,assign_job,app.engines.field_ops.router,DATABASE_MUTATION,add,,_write_history
POST,/v1/jobs/{job_id}/accept,accept_job,app.engines.field_ops.router,DATABASE_MUTATION,add,,_write_history
POST,/v1/jobs/{job_id}/reject-assignment,reject_assignment,app.engines.field_ops.router,DATABASE_MUTATION,add,,_write_history
PUT,/v1/jobs/{job_id}/status,update_status,app.engines.field_ops.router,DATABASE_MUTATION,add,,_write_history
POST,/v1/jobs/{job_id}/assessment/start,start_assessment,app.engines.field_ops.router,DATABASE_MUTATION,add,,_write_history
POST,/v1/jobs/{job_id}/assessment/complete,complete_assessment,app.engines.field_ops.router,DATABASE_MUTATION,add,,_write_history
POST,/v1/jobs/{job_id}/quotes,create_job_quote,app.engines.field_ops.router,DATABASE_MUTATION,add|flush,,
GET,/v1/jobs/{job_id}/quotes,list_job_quotes,app.engines.field_ops.router,READ_ONLY,,,
GET,/v1/jobs/{job_id}/quotes/{quote_id},get_job_quote,app.engines.field_ops.router,READ_ONLY,,,
POST,/v1/jobs/{job_id}/quotes/{quote_id}/send,send_job_quote,app.engines.field_ops.router,DATABASE_MUTATION,add,,_write_history
POST,/v1/jobs/{job_id}/quotes/{quote_id}/approve,approve_job_quote,app.engines.field_ops.router,DATABASE_MUTATION,add,,_write_history
POST,/v1/jobs/{job_id}/quotes/{quote_id}/reject,reject_job_quote,app.engines.field_ops.router,DATABASE_MUTATION,add,,_write_history
POST,/v1/jobs/{job_id}/convert-to-repair,convert_to_repair,app.engines.field_ops.router,DATABASE_MUTATION,add|flush,,_write_history
GET,/v1/jobs/{job_id}/checklist,get_checklist,app.engines.field_ops.router,READ_ONLY,,,
POST,/v1/jobs/{job_id}/checklist/start,start_checklist,app.engines.field_ops.router,DATABASE_MUTATION,add,,_write_history
PUT,/v1/jobs/{job_id}/checklist/items/{item_id},update_checklist_item,app.engines.field_ops.router,READ_ONLY_PUT_OR_PATCH_FALSE_POSITIVE,,,
POST,/v1/jobs/{job_id}/checklist/complete,complete_checklist,app.engines.field_ops.router,DATABASE_MUTATION,add,,_write_history
GET,/v1/jobs/{job_id}/history,get_history,app.engines.field_ops.router,READ_ONLY,,,
GET,/v1/jobs/{job_id}/valid-next-statuses,valid_next_statuses,app.engines.field_ops.router,READ_ONLY,,,
GET,/v1/jobs/{job_id}/transitions,get_transitions,app.engines.field_ops.router,READ_ONLY,,,
POST,/v1/jobs/{job_id}/findings,submit_findings,app.engines.field_ops.router,DATABASE_MUTATION,add,,_write_history
PUT,/v1/jobs/{job_id}/checklist,update_checklist,app.engines.field_ops.router,DATABASE_MUTATION,raw_sql,,
POST,/v1/jobs/{job_id}/quote,create_quote,app.engines.field_ops.router,DATABASE_MUTATION,add|flush,,_write_history
POST,/v1/jobs/quotes/{quote_id}/respond,respond_to_quote,app.engines.field_ops.router,DATABASE_MUTATION,add,,_write_history
POST,/v1/jobs/{job_id}/spawn-repair,spawn_repair,app.engines.field_ops.router,READ_ONLY_POST,,,
POST,/v1/jobs/{job_id}/close,close_job,app.engines.field_ops.router,DATABASE_MUTATION,add,,_write_history
POST,/v1/jobs/{job_id}/generate-invoice,generate_invoice,app.engines.field_ops.router,DATABASE_MUTATION,add|flush,,_write_history
POST,/v1/jobs/{job_id}/record-payment,record_payment,app.engines.field_ops.router,DATABASE_MUTATION,add|flush,,_write_history
POST,/v1/jobs/{job_id}/deduct-commission,deduct_commission,app.engines.field_ops.router,READ_ONLY_POST,,,
POST,/v1/jobs/{job_id}/financial-close,financial_close,app.engines.field_ops.router,DATABASE_MUTATION,add|flush,,_write_history
GET,/v1/jobs/{job_id}/invoice,get_job_invoice_for_tenant,app.engines.field_ops.router,READ_ONLY,,,
POST,/v1/jobs/{job_id}/void,void_job,app.engines.field_ops.router,DATABASE_MUTATION,add,,_write_history
GET,/v1/jobs/{job_id}/timeline,get_timeline,app.engines.field_ops.router,READ_ONLY,,,
POST,/v1/jobs/{job_id}/notes,add_note,app.engines.field_ops.router,DATABASE_MUTATION,add|flush,,
GET,/v1/jobs/{job_id}/notes,list_notes,app.engines.field_ops.router,READ_ONLY,,,
POST,/v1/jobs/{job_id}/media,add_media,app.engines.field_ops.router,DATABASE_MUTATION,add|flush,,
GET,/v1/jobs/{job_id}/media,list_media,app.engines.field_ops.router,READ_ONLY,,,
GET,/v1/jobs/{job_id}/sla,sla_status,app.engines.field_ops.router,READ_ONLY,,,
GET,/v1/jobs/tenants/{tenant_id}/counts,job_counts,app.engines.field_ops.router,READ_ONLY,,,
GET,/v1/jobs/track/{token},track_by_token,app.engines.field_ops.router,READ_ONLY,,,
GET,/v1/staff/me/jobs,my_jobs,app.engines.field_ops.staff_router,READ_ONLY,,,
GET,/v1/staff/me/jobs/{job_id},my_job_detail,app.engines.field_ops.staff_router,READ_ONLY,,,
POST,/v1/staff/me/jobs/{job_id}/accept,accept,app.engines.field_ops.staff_router,DATABASE_MUTATION,add,,_write_history
POST,/v1/staff/me/jobs/{job_id}/reject-assignment,reject,app.engines.field_ops.staff_router,DATABASE_MUTATION,add,,_write_history
PUT,/v1/staff/me/jobs/{job_id}/status,update_status,app.engines.field_ops.staff_router,DATABASE_MUTATION,add|raw_sql,,_write_history
GET,/v1/staff/me/jobs/{job_id}/checklist,my_job_checklist,app.engines.field_ops.staff_router,READ_ONLY,,,
POST,/v1/staff/me/jobs/{job_id}/checklist/start,my_job_checklist_start,app.engines.field_ops.staff_router,DATABASE_MUTATION,add,,_write_history
PUT,/v1/staff/me/jobs/{job_id}/checklist/items/{item_id},my_job_checklist_item,app.engines.field_ops.staff_router,READ_ONLY_PUT_OR_PATCH_FALSE_POSITIVE,,,
POST,/v1/staff/me/jobs/{job_id}/checklist/complete,my_job_checklist_complete,app.engines.field_ops.staff_router,DATABASE_MUTATION,add,,_write_history
GET,/v1/customer/jobs,my_jobs,app.engines.field_ops.customer_router,READ_ONLY,,,
GET,/v1/customer/jobs/{job_id},my_job_detail,app.engines.field_ops.customer_router,READ_ONLY,,,
GET,/v1/customer/jobs/{job_id}/progress,my_job_progress,app.engines.field_ops.customer_router,READ_ONLY,,,
GET,/v1/customer/jobs/{job_id}/checklist,my_job_checklist_summary,app.engines.field_ops.customer_router,READ_ONLY,,,
GET,/v1/customer/jobs/{job_id}/invoice,my_job_invoice,app.engines.field_ops.customer_router,READ_ONLY,,,
GET,/v1/customer/quotes,my_quotes,app.engines.field_ops.customer_router,READ_ONLY,,,
GET,/v1/customer/quotes/{quote_id},my_quote_detail,app.engines.field_ops.customer_router,READ_ONLY,,,
POST,/v1/customer/quotes/{quote_id}/approve,approve_my_quote,app.engines.field_ops.customer_router,DATABASE_MUTATION,,,_write_history
POST,/v1/customer/quotes/{quote_id}/reject,reject_my_quote,app.engines.field_ops.customer_router,DATABASE_MUTATION,,,_write_history
GET,/v1/tenant/checklist-templates,list_templates,app.engines.field_ops.checklist_router,READ_ONLY,,,
POST,/v1/tenant/checklist-templates,create_template,app.engines.field_ops.checklist_router,DATABASE_MUTATION,add|flush,,
GET,/v1/tenant/checklist-templates/{template_id},get_template,app.engines.field_ops.checklist_router,READ_ONLY,,,
PUT,/v1/tenant/checklist-templates/{template_id},update_template,app.engines.field_ops.checklist_router,DATABASE_MUTATION,raw_sql,,
DELETE,/v1/tenant/checklist-templates/{template_id},delete_template,app.engines.field_ops.checklist_router,READ_ONLY_PUT_OR_PATCH_FALSE_POSITIVE,,,
GET,/v1/tenant/checklist-templates/{template_id}/items,list_items,app.engines.field_ops.checklist_router,READ_ONLY,,,
POST,/v1/tenant/checklist-templates/{template_id}/items,add_item,app.engines.field_ops.checklist_router,DATABASE_MUTATION,add|flush,,
PUT,/v1/tenant/checklist-templates/{template_id}/items/{item_id},update_item,app.engines.field_ops.checklist_router,DATABASE_MUTATION,raw_sql,,
DELETE,/v1/tenant/checklist-templates/{template_id}/items/{item_id},delete_item,app.engines.field_ops.checklist_router,READ_ONLY_PUT_OR_PATCH_FALSE_POSITIVE,,,
GET,/v1/customer/invoices,my_invoices,app.engines.field_ops.customer_router,READ_ONLY,,,
GET,/v1/customer/invoices/{invoice_id},my_invoice_detail,app.engines.field_ops.customer_router,READ_ONLY,,,
GET,/v1/tenant/finance/summary,finance_summary,app.engines.field_ops.tenant_finance_router,READ_ONLY,,,
GET,/v1/tenant/finance/invoices,finance_invoices,app.engines.field_ops.tenant_finance_router,READ_ONLY,,,
GET,/v1/tenant/finance/payments,finance_payments,app.engines.field_ops.tenant_finance_router,READ_ONLY,,,
GET,/v1/tenant/finance/commissions,finance_commissions,app.engines.field_ops.tenant_finance_router,READ_ONLY,,,
GET,/v1/tenant/wallet,get_wallet,app.engines.field_ops.tenant_finance_router,READ_ONLY,,,
GET,/v1/tenant/wallet/ledger,get_wallet_ledger,app.engines.field_ops.tenant_finance_router,READ_ONLY,,,
GET,/v1/admin/finance/invoices,admin_invoices,app.engines.field_ops.admin_finance_router,READ_ONLY,,,
GET,/v1/admin/finance/payments,admin_payments,app.engines.field_ops.admin_finance_router,READ_ONLY,,,
GET,/v1/admin/finance/commissions,admin_commissions,app.engines.field_ops.admin_finance_router,READ_ONLY,,,
GET,/v1/admin/tenants/{tenant_id}/wallet,admin_get_wallet,app.engines.field_ops.admin_finance_router,READ_ONLY,,,
GET,/v1/admin/tenants/{tenant_id}/wallet/ledger,admin_get_wallet_ledger,app.engines.field_ops.admin_finance_router,READ_ONLY,,,
POST,/v1/admin/tenants/{tenant_id}/wallet/top-up,admin_wallet_topup,app.engines.field_ops.admin_finance_router,READ_ONLY_POST,,,
POST,/v1/admin/tenants/{tenant_id}/wallet/adjust,admin_wallet_adjust,app.engines.field_ops.admin_finance_router,EXTERNAL_SIDE_EFFECT,,credit_wallet|debit_wallet,
GET,/v1/admin/catalog/types/summary,types_summary,app.engines.admin_catalog.catalog_enterprise_router,READ_ONLY,,,
GET,/v1/admin/catalog/types/export,export_types,app.engines.admin_catalog.catalog_enterprise_router,READ_ONLY,,,
GET,/v1/admin/catalog/types,list_types,app.engines.admin_catalog.catalog_enterprise_router,READ_ONLY,,,
GET,/v1/admin/catalog/types/{type_id},get_type,app.engines.admin_catalog.catalog_enterprise_router,READ_ONLY,,,
POST,/v1/admin/catalog/types,create_type,app.engines.admin_catalog.catalog_enterprise_router,DATABASE_MUTATION,add|commit|flush,,
PUT,/v1/admin/catalog/types/{type_id},update_type,app.engines.admin_catalog.catalog_enterprise_router,DATABASE_MUTATION,commit|raw_sql,,
POST,/v1/admin/catalog/types/{type_id}/activate,activate_type,app.engines.admin_catalog.catalog_enterprise_router,DATABASE_MUTATION,commit,,
POST,/v1/admin/catalog/types/{type_id}/deactivate,deactivate_type,app.engines.admin_catalog.catalog_enterprise_router,DATABASE_MUTATION,commit,,
POST,/v1/admin/catalog/types/{type_id}/archive,archive_type,app.engines.admin_catalog.catalog_enterprise_router,DATABASE_MUTATION,commit,,
GET,/v1/admin/catalog/type-mappings/export,export_type_mappings,app.engines.admin_catalog.catalog_enterprise_router,READ_ONLY,,,
GET,/v1/admin/catalog/type-mappings,list_type_mappings,app.engines.admin_catalog.catalog_enterprise_router,READ_ONLY,,,
POST,/v1/admin/catalog/type-mappings,create_type_mapping,app.engines.admin_catalog.catalog_enterprise_router,DATABASE_MUTATION,add|commit|flush,,
PUT,/v1/admin/catalog/type-mappings/{mapping_id},update_type_mapping,app.engines.admin_catalog.catalog_enterprise_router,DATABASE_MUTATION,commit|raw_sql,,
DELETE,/v1/admin/catalog/type-mappings/{mapping_id},delete_type_mapping,app.engines.admin_catalog.catalog_enterprise_router,DATABASE_MUTATION,commit,,
GET,/v1/admin/catalog/brands/summary,brand_summary,app.engines.admin_catalog.catalog_enterprise_router,READ_ONLY,,,
GET,/v1/admin/catalog/brand-mappings/export,export_brand_mappings,app.engines.admin_catalog.catalog_enterprise_router,READ_ONLY,,,
GET,/v1/admin/catalog/brand-mappings,list_brand_mappings,app.engines.admin_catalog.catalog_enterprise_router,READ_ONLY,,,
POST,/v1/admin/catalog/brand-mappings,create_brand_mapping,app.engines.admin_catalog.catalog_enterprise_router,DATABASE_MUTATION,add|commit|flush,,
PUT,/v1/admin/catalog/brand-mappings/{mapping_id},update_brand_mapping,app.engines.admin_catalog.catalog_enterprise_router,DATABASE_MUTATION,commit|raw_sql,,
DELETE,/v1/admin/catalog/brand-mappings/{mapping_id},delete_brand_mapping,app.engines.admin_catalog.catalog_enterprise_router,DATABASE_MUTATION,commit,,
GET,/v1/admin/pricing-models,list_pricing_models,app.engines.admin_catalog.admin_router,READ_ONLY,,,
GET,/v1/admin/tiers,list_tiers,app.engines.admin_catalog.admin_router,READ_ONLY,,,
GET,/v1/admin/tiers/summary,tiers_summary,app.engines.admin_catalog.admin_router,READ_ONLY,,,
GET,/v1/admin/tiers/export,export_tiers,app.engines.admin_catalog.admin_router,READ_ONLY,,,
POST,/v1/admin/tiers,create_tier,app.engines.admin_catalog.admin_router,DATABASE_MUTATION,add|flush,,_audit
GET,/v1/admin/tiers/resolve-location,resolve_location_get,app.engines.admin_catalog.admin_router,READ_ONLY,,,
POST,/v1/admin/tiers/resolve-location,resolve_location_post,app.engines.admin_catalog.admin_router,READ_ONLY_POST,,,
GET,/v1/admin/tiers/{tier_id}/detail,get_tier_detail,app.engines.admin_catalog.admin_router,READ_ONLY,,,
GET,/v1/admin/tiers/{tier_id},get_tier,app.engines.admin_catalog.admin_router,READ_ONLY,,,
PUT,/v1/admin/tiers/{tier_id},update_tier,app.engines.admin_catalog.admin_router,DATABASE_MUTATION,add|flush|raw_sql,,_audit
DELETE,/v1/admin/tiers/{tier_id},delete_tier,app.engines.admin_catalog.admin_router,DATABASE_MUTATION,add|flush,,_audit
DELETE,/v1/admin/tiers/{tier_id}/hard-delete,hard_delete_tier,app.engines.admin_catalog.admin_router,DATABASE_MUTATION,delete|flush,,
GET,/v1/admin/tier-locations,list_tier_locations,app.engines.admin_catalog.admin_router,READ_ONLY,,,
GET,/v1/admin/tier-locations/summary,tier_locations_summary,app.engines.admin_catalog.admin_router,READ_ONLY,,,
GET,/v1/admin/tier-locations/export,export_tier_locations,app.engines.admin_catalog.admin_router,READ_ONLY,,,
POST,/v1/admin/tier-locations/import/preview,import_tier_locations_preview,app.engines.admin_catalog.admin_router,DATABASE_MUTATION,add|flush,,
POST,/v1/admin/tier-locations/import/confirm,import_tier_locations_confirm,app.engines.admin_catalog.admin_router,DATABASE_MUTATION,add|flush,,_audit
GET,/v1/admin/tier-locations/imports,list_import_batches,app.engines.admin_catalog.admin_router,READ_ONLY,,,
GET,/v1/admin/tier-locations/imports/{batch_id},get_import_batch,app.engines.admin_catalog.admin_router,READ_ONLY,,,
POST,/v1/admin/tier-locations/bulk/change-tier,bulk_change_tier_locations,app.engines.admin_catalog.admin_router,DATABASE_MUTATION,commit,,
POST,/v1/admin/tier-locations/bulk/deactivate,bulk_deactivate_tier_locations,app.engines.admin_catalog.admin_router,DATABASE_MUTATION,commit,,
POST,/v1/admin/tier-locations,create_tier_location,app.engines.admin_catalog.admin_router,DATABASE_MUTATION,add|flush,,_audit
PUT,/v1/admin/tier-locations/{location_id},update_tier_location,app.engines.admin_catalog.admin_router,DATABASE_MUTATION,add|flush|raw_sql,,_audit
DELETE,/v1/admin/tier-locations/{location_id},delete_tier_location,app.engines.admin_catalog.admin_router,DATABASE_MUTATION,add|flush,,_audit
POST,/v1/admin/tier-locations/{location_id}/resolve-conflict,resolve_conflict_location,app.engines.admin_catalog.admin_router,DATABASE_MUTATION,commit,,
GET,/v1/admin/service-categories,list_categories,app.engines.admin_catalog.admin_router,READ_ONLY,,,
GET,/v1/admin/category-commission-rates,list_category_commission_rates,app.engines.admin_catalog.admin_router,READ_ONLY,,,
PUT,/v1/admin/category-commission-rates/{category_id},set_category_commission_rate,app.engines.admin_catalog.admin_router,DATABASE_MUTATION,commit,,
GET,/v1/admin/catalog/categories/options,category_options,app.engines.admin_catalog.admin_router,READ_ONLY,,,
POST,/v1/admin/service-categories,create_category,app.engines.admin_catalog.admin_router,DATABASE_MUTATION,add|flush,,
GET,/v1/admin/service-categories/{category_id},get_category,app.engines.admin_catalog.admin_router,READ_ONLY,,,
PUT,/v1/admin/service-categories/{category_id},update_category,app.engines.admin_catalog.admin_router,DATABASE_MUTATION,flush|raw_sql,,
DELETE,/v1/admin/service-categories/{category_id},delete_category,app.engines.admin_catalog.admin_router,DATABASE_MUTATION,flush,,
DELETE,/v1/admin/service-categories/{category_id}/hard-delete,hard_delete_category,app.engines.admin_catalog.admin_router,DATABASE_MUTATION,delete|flush,,
GET,/v1/admin/service-groups/summary,service_groups_summary,app.engines.admin_catalog.admin_router,READ_ONLY,,,
GET,/v1/admin/service-groups/export,export_service_groups,app.engines.admin_catalog.admin_router,READ_ONLY,,,
GET,/v1/admin/service-groups,list_service_groups,app.engines.admin_catalog.admin_router,READ_ONLY,,,
POST,/v1/admin/service-groups,create_service_group,app.engines.admin_catalog.admin_router,DATABASE_MUTATION,add|flush,,
GET,/v1/admin/service-groups/{group_id},get_service_group,app.engines.admin_catalog.admin_router,READ_ONLY,,,
PUT,/v1/admin/service-groups/{group_id},update_service_group,app.engines.admin_catalog.admin_router,DATABASE_MUTATION,flush|raw_sql,,
DELETE,/v1/admin/service-groups/{group_id},delete_service_group,app.engines.admin_catalog.admin_router,DATABASE_MUTATION,flush,,
POST,/v1/admin/service-groups/{group_id}/activate,activate_service_group,app.engines.admin_catalog.admin_router,DATABASE_MUTATION,flush,,
POST,/v1/admin/service-groups/{group_id}/deactivate,deactivate_service_group,app.engines.admin_catalog.admin_router,DATABASE_MUTATION,flush,,
POST,/v1/admin/service-groups/{group_id}/archive,archive_service_group,app.engines.admin_catalog.admin_router,DATABASE_MUTATION,flush,,
GET,/v1/admin/master-services/summary,master_services_summary,app.engines.admin_catalog.admin_router,READ_ONLY,,,
GET,/v1/admin/master-services/export,export_master_services,app.engines.admin_catalog.admin_router,READ_ONLY,,,
GET,/v1/admin/master-services,list_master_services,app.engines.admin_catalog.admin_router,READ_ONLY,,,
POST,/v1/admin/master-services,create_master_service,app.engines.admin_catalog.admin_router,DATABASE_MUTATION,add|flush,,
GET,/v1/admin/master-services/{service_id},get_master_service,app.engines.admin_catalog.admin_router,READ_ONLY,,,
PUT,/v1/admin/master-services/{service_id},update_master_service,app.engines.admin_catalog.admin_router,DATABASE_MUTATION,flush|raw_sql,,
DELETE,/v1/admin/master-services/{service_id},delete_master_service,app.engines.admin_catalog.admin_router,DATABASE_MUTATION,flush,,
DELETE,/v1/admin/master-services/{service_id}/hard-delete,hard_delete_master_service,app.engines.admin_catalog.admin_router,DATABASE_MUTATION,delete|flush,,
POST,/v1/admin/master-services/{service_id}/activate,activate_master_service,app.engines.admin_catalog.admin_router,DATABASE_MUTATION,flush,,
POST,/v1/admin/master-services/{service_id}/deactivate,deactivate_master_service,app.engines.admin_catalog.admin_router,DATABASE_MUTATION,flush,,
POST,/v1/admin/master-services/{service_id}/archive,archive_master_service,app.engines.admin_catalog.admin_router,DATABASE_MUTATION,flush,,
GET,/v1/admin/service-types,list_service_types,app.engines.admin_catalog.admin_router,READ_ONLY,,,
POST,/v1/admin/service-types,create_service_type,app.engines.admin_catalog.admin_router,DATABASE_MUTATION,add|flush,,
PUT,/v1/admin/service-types/{type_id},update_service_type,app.engines.admin_catalog.admin_router,DATABASE_MUTATION,flush|raw_sql,,
DELETE,/v1/admin/service-types/{type_id},delete_service_type,app.engines.admin_catalog.admin_router,DATABASE_MUTATION,flush,,
DELETE,/v1/admin/service-types/{type_id}/hard-delete,hard_delete_service_type,app.engines.admin_catalog.admin_router,DATABASE_MUTATION,delete|flush,,
GET,/v1/admin/master-services/{service_id}/types,list_service_type_mappings,app.engines.admin_catalog.admin_router,READ_ONLY,,,
POST,/v1/admin/master-services/{service_id}/types,map_service_type,app.engines.admin_catalog.admin_router,DATABASE_MUTATION,add|flush,,
DELETE,/v1/admin/master-services/{service_id}/types/{mapping_id},remove_service_type_mapping,app.engines.admin_catalog.admin_router,DATABASE_MUTATION,flush,,
GET,/v1/admin/master-services/{service_id}/brands,list_service_brand_mappings,app.engines.admin_catalog.admin_router,READ_ONLY,,,
GET,/v1/admin/master-services/{service_id}/issues,list_service_issue_mappings,app.engines.admin_catalog.admin_router,READ_ONLY,,,
POST,/v1/admin/master-services/{service_id}/brands,map_service_brand,app.engines.admin_catalog.admin_router,DATABASE_MUTATION,add|flush,,
DELETE,/v1/admin/master-services/{service_id}/brands/{mapping_id},remove_service_brand_mapping,app.engines.admin_catalog.admin_router,DATABASE_MUTATION,flush,,
GET,/v1/admin/pricing-rules,list_pricing_rules,app.engines.admin_catalog.admin_router,READ_ONLY,,,
GET,/v1/admin/pricing-rules/summary,pricing_rules_summary,app.engines.admin_catalog.admin_router,READ_ONLY,,,
GET,/v1/admin/pricing-rules/export,export_pricing_rules,app.engines.admin_catalog.admin_router,READ_ONLY,,,
POST,/v1/admin/pricing-rules/preview,preview_pricing,app.engines.admin_catalog.admin_router,READ_ONLY_POST,,,
POST,/v1/admin/pricing-rules,create_pricing_rule,app.engines.admin_catalog.admin_router,DATABASE_MUTATION,add|flush,,_audit
GET,/v1/admin/pricing-rules/{rule_id}/conflicts,get_pricing_rule_conflicts,app.engines.admin_catalog.admin_router,READ_ONLY,,,
GET,/v1/admin/pricing-rules/{rule_id},get_pricing_rule,app.engines.admin_catalog.admin_router,READ_ONLY,,,
PUT,/v1/admin/pricing-rules/{rule_id},update_pricing_rule,app.engines.admin_catalog.admin_router,DATABASE_MUTATION,add|flush|raw_sql,,_audit
DELETE,/v1/admin/pricing-rules/{rule_id},delete_pricing_rule,app.engines.admin_catalog.admin_router,DATABASE_MUTATION,add|flush,,_audit
DELETE,/v1/admin/pricing-rules/{rule_id}/hard-delete,hard_delete_pricing_rule,app.engines.admin_catalog.admin_router,DATABASE_MUTATION,delete|flush,,
POST,/v1/admin/pricing-rules/{rule_id}/activate,activate_pricing_rule,app.engines.admin_catalog.admin_router,DATABASE_MUTATION,add|flush,,_audit
POST,/v1/admin/pricing-rules/{rule_id}/deactivate,deactivate_pricing_rule,app.engines.admin_catalog.admin_router,DATABASE_MUTATION,add|flush,,_audit
GET,/v1/admin/pricing/bargain-rules/summary,get_bargain_rules_summary,app.engines.admin_catalog.admin_router,READ_ONLY,,,
GET,/v1/admin/pricing/bargain-rules,list_bargain_rules,app.engines.admin_catalog.admin_router,READ_ONLY,,,
POST,/v1/admin/pricing/bargain-rules,create_bargain_rule,app.engines.admin_catalog.admin_router,DATABASE_MUTATION,add|flush,,_audit
GET,/v1/admin/pricing/bargain-rules/{rule_id},get_bargain_rule,app.engines.admin_catalog.admin_router,READ_ONLY,,,
PUT,/v1/admin/pricing/bargain-rules/{rule_id},update_bargain_rule,app.engines.admin_catalog.admin_router,DATABASE_MUTATION,add|flush|raw_sql,,_audit
POST,/v1/admin/pricing/bargain-rules/{rule_id}/enable,enable_bargain_rule,app.engines.admin_catalog.admin_router,DATABASE_MUTATION,flush,,_audit
POST,/v1/admin/pricing/bargain-rules/{rule_id}/disable,disable_bargain_rule,app.engines.admin_catalog.admin_router,DATABASE_MUTATION,flush,,_audit
POST,/v1/admin/pricing/bargain-rules/{rule_id}/activate,activate_bargain_rule,app.engines.admin_catalog.admin_router,DATABASE_MUTATION,flush,,_audit
POST,/v1/admin/pricing/bargain-rules/{rule_id}/deactivate,deactivate_bargain_rule,app.engines.admin_catalog.admin_router,DATABASE_MUTATION,flush,,_audit
POST,/v1/admin/pricing/bargain-rules/{rule_id}/validate,validate_bargain_rule,app.engines.admin_catalog.admin_router,READ_ONLY_POST,,,
GET,/v1/admin/pricing/bargain-rules/{rule_id}/audit,get_bargain_rule_audit,app.engines.admin_catalog.admin_router,READ_ONLY,,,
POST,/v1/admin/pricing/bargain/evaluate-preview,evaluate_bargain_preview,app.engines.admin_catalog.admin_router,DATABASE_MUTATION,add|flush,,_audit
GET,/v1/admin/pricing/provider-overrides/summary,get_provider_overrides_summary,app.engines.admin_catalog.admin_router,READ_ONLY,,,
GET,/v1/admin/pricing/provider-overrides,list_provider_overrides,app.engines.admin_catalog.admin_router,READ_ONLY,,,
POST,/v1/admin/pricing/provider-overrides,create_provider_override,app.engines.admin_catalog.admin_router,DATABASE_MUTATION,add|flush,,_audit
POST,/v1/admin/pricing/provider-overrides/validate-preview,validate_provider_override_preview,app.engines.admin_catalog.admin_router,READ_ONLY_POST,,,
GET,/v1/admin/pricing/provider-overrides/{override_id},get_provider_override,app.engines.admin_catalog.admin_router,READ_ONLY,,,
PUT,/v1/admin/pricing/provider-overrides/{override_id},update_provider_override,app.engines.admin_catalog.admin_router,DATABASE_MUTATION,add|flush|raw_sql,,_audit
POST,/v1/admin/pricing/provider-overrides/{override_id}/approve,approve_provider_override,app.engines.admin_catalog.admin_router,DATABASE_MUTATION,add|flush,,_audit
POST,/v1/admin/pricing/provider-overrides/{override_id}/reject,reject_provider_override,app.engines.admin_catalog.admin_router,DATABASE_MUTATION,add|flush,,_audit
POST,/v1/admin/pricing/provider-overrides/{override_id}/enable,enable_provider_override,app.engines.admin_catalog.admin_router,DATABASE_MUTATION,flush,,_audit
POST,/v1/admin/pricing/provider-overrides/{override_id}/disable,disable_provider_override,app.engines.admin_catalog.admin_router,DATABASE_MUTATION,flush,,_audit
POST,/v1/admin/pricing/provider-overrides/{override_id}/activate,activate_provider_override,app.engines.admin_catalog.admin_router,DATABASE_MUTATION,flush,,_audit
POST,/v1/admin/pricing/provider-overrides/{override_id}/deactivate,deactivate_provider_override,app.engines.admin_catalog.admin_router,DATABASE_MUTATION,flush,,_audit
GET,/v1/admin/pricing/provider-overrides/{override_id}/audit,get_provider_override_audit,app.engines.admin_catalog.admin_router,READ_ONLY,,,
GET,/v1/admin/issue-types,list_issue_types,app.engines.admin_catalog.admin_router,READ_ONLY,,,
POST,/v1/admin/issue-types,create_issue_type,app.engines.admin_catalog.admin_router,DATABASE_MUTATION,add|commit|flush,,_audit
GET,/v1/admin/issue-types/{issue_type_id},get_issue_type,app.engines.admin_catalog.admin_router,READ_ONLY,,,
PUT,/v1/admin/issue-types/{issue_type_id},update_issue_type,app.engines.admin_catalog.admin_router,DATABASE_MUTATION,add|commit|flush|raw_sql,,_audit
DELETE,/v1/admin/issue-types/{issue_type_id},delete_issue_type,app.engines.admin_catalog.admin_router,DATABASE_MUTATION,add|flush,,_audit
GET,/v1/admin/service-options,list_service_options,app.engines.admin_catalog.admin_router,READ_ONLY,,,
POST,/v1/admin/service-options,create_service_option,app.engines.admin_catalog.admin_router,DATABASE_MUTATION,add|commit|flush,,_audit
GET,/v1/admin/service-options/summary,get_service_options_summary,app.engines.admin_catalog.admin_router,READ_ONLY,,,
GET,/v1/admin/service-options/{option_id},get_service_option,app.engines.admin_catalog.admin_router,READ_ONLY,,,
PUT,/v1/admin/service-options/{option_id},update_service_option,app.engines.admin_catalog.admin_router,DATABASE_MUTATION,add|commit|flush|raw_sql,,_audit
DELETE,/v1/admin/service-options/{option_id},delete_service_option,app.engines.admin_catalog.admin_router,DATABASE_MUTATION,add|flush,,_audit
GET,/v1/admin/workflow-templates/summary,get_workflow_templates_summary,app.engines.admin_catalog.admin_router,READ_ONLY,,,
GET,/v1/admin/workflow-templates/export,export_workflow_templates,app.engines.admin_catalog.admin_router,READ_ONLY,,,
POST,/v1/admin/workflow-templates/seed-defaults/preview,seed_workflow_defaults_preview,app.engines.admin_catalog.admin_router,READ_ONLY_POST,,,
POST,/v1/admin/workflow-templates/seed-defaults,seed_workflow_defaults,app.engines.admin_catalog.admin_router,DATABASE_MUTATION,add|flush,,_audit
POST,/v1/admin/workflow-templates/preview-runtime,preview_workflow_runtime,app.engines.admin_catalog.admin_router,READ_ONLY_POST,,,
GET,/v1/admin/workflow-templates,list_workflow_templates,app.engines.admin_catalog.admin_router,READ_ONLY,,,
POST,/v1/admin/workflow-templates,create_workflow_template,app.engines.admin_catalog.admin_router,DATABASE_MUTATION,add|flush,,_audit
GET,/v1/admin/workflow-templates/{template_id},get_workflow_template,app.engines.admin_catalog.admin_router,READ_ONLY,,,
PUT,/v1/admin/workflow-templates/{template_id},update_workflow_template,app.engines.admin_catalog.admin_router,DATABASE_MUTATION,add|flush|raw_sql,,_audit
DELETE,/v1/admin/workflow-templates/{template_id},delete_workflow_template,app.engines.admin_catalog.admin_router,DATABASE_MUTATION,add|flush,,_audit
POST,/v1/admin/workflow-templates/{template_id}/clone,clone_workflow_template,app.engines.admin_catalog.admin_router,DATABASE_MUTATION,add|flush,,_audit
POST,/v1/admin/workflow-templates/{template_id}/new-version,create_workflow_new_version,app.engines.admin_catalog.admin_router,DATABASE_MUTATION,add|flush,,_audit
POST,/v1/admin/workflow-templates/{template_id}/activate,activate_workflow_template,app.engines.admin_catalog.admin_router,DATABASE_MUTATION,add|flush,,_audit
POST,/v1/admin/workflow-templates/{template_id}/deactivate,deactivate_workflow_template,app.engines.admin_catalog.admin_router,DATABASE_MUTATION,add|flush,,_audit
POST,/v1/admin/workflow-templates/{template_id}/validate,validate_workflow_template,app.engines.admin_catalog.admin_router,READ_ONLY_POST,,,
GET,/v1/admin/workflow-templates/{template_id}/readiness,get_workflow_readiness,app.engines.admin_catalog.admin_router,READ_ONLY,,,
GET,/v1/admin/workflow-templates/{template_id}/steps,list_workflow_steps,app.engines.admin_catalog.admin_router,READ_ONLY,,,
POST,/v1/admin/workflow-templates/{template_id}/steps,add_workflow_step,app.engines.admin_catalog.admin_router,DATABASE_MUTATION,add|flush,,_audit
PUT,/v1/admin/workflow-templates/{template_id}/steps/{step_id},update_workflow_step,app.engines.admin_catalog.admin_router,DATABASE_MUTATION,add|flush|raw_sql,,_audit
DELETE,/v1/admin/workflow-templates/{template_id}/steps/{step_id},delete_workflow_step,app.engines.admin_catalog.admin_router,DATABASE_MUTATION,add|flush,,_audit
POST,/v1/admin/workflow-templates/{template_id}/steps/reorder,reorder_workflow_steps,app.engines.admin_catalog.admin_router,DATABASE_MUTATION,flush,,
GET,/v1/admin/workflow-templates/{template_id}/transitions,list_workflow_transitions,app.engines.admin_catalog.admin_router,READ_ONLY,,,
POST,/v1/admin/workflow-templates/{template_id}/transitions,add_workflow_transition,app.engines.admin_catalog.admin_router,DATABASE_MUTATION,add|flush,,_audit
PUT,/v1/admin/workflow-templates/{template_id}/transitions/{transition_id},update_workflow_transition,app.engines.admin_catalog.admin_router,DATABASE_MUTATION,flush|raw_sql,,
DELETE,/v1/admin/workflow-templates/{template_id}/transitions/{transition_id},delete_workflow_transition,app.engines.admin_catalog.admin_router,DATABASE_MUTATION,flush,,
GET,/v1/admin/workflow-templates/{template_id}/mappings,list_workflow_mappings,app.engines.admin_catalog.admin_router,READ_ONLY,,,
POST,/v1/admin/workflow-templates/{template_id}/mappings,create_workflow_mapping,app.engines.admin_catalog.admin_router,DATABASE_MUTATION,add|flush,,_audit
DELETE,/v1/admin/workflow-templates/{template_id}/mappings/{mapping_id},delete_workflow_mapping,app.engines.admin_catalog.admin_router,DATABASE_MUTATION,delete|flush,,
GET,/v1/admin/workflow-templates/{template_id}/audit-logs,get_workflow_template_audit_logs,app.engines.admin_catalog.admin_router,READ_ONLY,,,
GET,/v1/admin/workflows/audit-logs,get_workflows_audit_logs,app.engines.admin_catalog.admin_router,READ_ONLY,,,
GET,/v1/admin/master-data-audit,list_master_data_audit,app.engines.admin_catalog.admin_router,READ_ONLY,,,
GET,/v1/tenant/catalog/available-services,list_available_services,app.engines.admin_catalog.tenant_router,READ_ONLY,,,
GET,/v1/tenant/catalog/home-services/available-services,list_home_services_available_services,app.engines.admin_catalog.tenant_router,READ_ONLY,,,
GET,/v1/tenant/catalog/home-services/enabled-services,list_home_services_enabled_services,app.engines.admin_catalog.tenant_router,READ_ONLY,,,
GET,/v1/tenant/catalog/enabled-services,list_enabled_services,app.engines.admin_catalog.tenant_router,READ_ONLY,,,
POST,/v1/tenant/catalog/enable-service,enable_service,app.engines.admin_catalog.tenant_router,DATABASE_MUTATION,add|flush|raw_sql,,
GET,/v1/tenant/catalog/enabled-services/{tenant_service_id},get_enabled_service,app.engines.admin_catalog.tenant_router,READ_ONLY,,,
PUT,/v1/tenant/catalog/enabled-services/{tenant_service_id},update_enabled_service,app.engines.admin_catalog.tenant_router,DATABASE_MUTATION,flush|raw_sql,,
POST,/v1/tenant/catalog/disable-service,disable_service,app.engines.admin_catalog.tenant_router,DATABASE_MUTATION,flush,,
GET,/v1/tenant/catalog/enabled-services/{tenant_service_id}/types,get_tenant_service_types,app.engines.admin_catalog.tenant_router,READ_ONLY,,,
PUT,/v1/tenant/catalog/enabled-services/{tenant_service_id}/types,set_tenant_service_types,app.engines.admin_catalog.tenant_router,DATABASE_MUTATION,add|flush,,
GET,/v1/tenant/catalog/enabled-services/{tenant_service_id}/brands,get_tenant_service_brands,app.engines.admin_catalog.tenant_router,READ_ONLY,,,
PUT,/v1/tenant/catalog/enabled-services/{tenant_service_id}/brands,set_tenant_service_brands,app.engines.admin_catalog.tenant_router,DATABASE_MUTATION,add|flush,,
GET,/v1/tenant/catalog/enabled-services/{tenant_service_id}/type-pricing,get_tenant_type_pricing,app.engines.admin_catalog.tenant_router,READ_ONLY,,,
PUT,/v1/tenant/catalog/enabled-services/{tenant_service_id}/types/{service_type_id}/pricing,set_tenant_type_pricing,app.engines.admin_catalog.tenant_router,DATABASE_MUTATION,flush,,
GET,/v1/tenant/catalog/enabled-services/{tenant_service_id}/brand-pricing,get_tenant_brand_pricing,app.engines.admin_catalog.tenant_router,READ_ONLY,,,
PUT,/v1/tenant/catalog/enabled-services/{tenant_service_id}/brands/{brand_id}/pricing,set_tenant_brand_pricing,app.engines.admin_catalog.tenant_router,DATABASE_MUTATION,add|flush,,
POST,/v1/tenant/catalog/price-options/preview,preview_tenant_price_options,app.engines.admin_catalog.tenant_router,READ_ONLY_POST,,,
POST,/v1/tenant/catalog/enabled-services/{tenant_service_id}/publish,publish_tenant_service,app.engines.admin_catalog.tenant_router,DATABASE_MUTATION,flush,,
POST,/v1/tenant/catalog/enabled-services/{tenant_service_id}/save-draft,save_tenant_service_draft,app.engines.admin_catalog.tenant_router,DATABASE_MUTATION,flush,,
GET,/v1/catalog/master/categories,public_list_categories,app.engines.admin_catalog.customer_router,READ_ONLY,,,
GET,/v1/catalog/master/services,public_list_services,app.engines.admin_catalog.customer_router,READ_ONLY,,,
GET,/v1/catalog/master/services/{service_id},public_get_service,app.engines.admin_catalog.customer_router,READ_ONLY,,,
GET,/v1/catalog/master/brands,public_list_brands,app.engines.admin_catalog.customer_router,READ_ONLY,,,
GET,/v1/catalog/master/service-types,public_list_service_types,app.engines.admin_catalog.customer_router,READ_ONLY,,,
GET,/v1/catalog/master/issue-types,public_list_issue_types,app.engines.admin_catalog.customer_router,READ_ONLY,,,
GET,/v1/catalog/master/service-options,public_list_service_options,app.engines.admin_catalog.customer_router,READ_ONLY,,,
GET,/v1/catalog/master/service-groups,public_list_service_groups,app.engines.admin_catalog.customer_router,READ_ONLY,,,
GET,/v1/catalog/master/flow/config,get_flow_config,app.engines.admin_catalog.customer_router,READ_ONLY,,,
GET,/v1/admin/brands,list_brands,app.engines.admin_catalog.brand_router,READ_ONLY,,,
POST,/v1/admin/brands,create_brand,app.engines.admin_catalog.brand_router,DATABASE_MUTATION,add|flush,,_audit
POST,/v1/admin/brands/seed,seed_brands,app.engines.admin_catalog.brand_router,DATABASE_MUTATION,add|commit,,
GET,/v1/admin/brands/{brand_id},get_brand,app.engines.admin_catalog.brand_router,READ_ONLY,,,
PUT,/v1/admin/brands/{brand_id},update_brand,app.engines.admin_catalog.brand_router,DATABASE_MUTATION,add|flush|raw_sql,,_audit
POST,/v1/admin/brands/{brand_id}/activate,activate_brand,app.engines.admin_catalog.brand_router,DATABASE_MUTATION,add|flush,,_audit
POST,/v1/admin/brands/{brand_id}/deactivate,deactivate_brand,app.engines.admin_catalog.brand_router,DATABASE_MUTATION,add|flush,,_audit
POST,/v1/admin/brands/{brand_id}/archive,archive_brand,app.engines.admin_catalog.brand_router,DATABASE_MUTATION,add|flush,,_audit
GET,/v1/admin/brands/{brand_id}/category-mappings,list_category_mappings,app.engines.admin_catalog.brand_router,READ_ONLY,,,
POST,/v1/admin/brands/{brand_id}/map-categories,map_brand_categories,app.engines.admin_catalog.brand_router,DATABASE_MUTATION,add|flush,,_audit
DELETE,/v1/admin/brands/{brand_id}/category-mappings/{category_id},unmap_brand_category,app.engines.admin_catalog.brand_router,DATABASE_MUTATION,add|flush,,_audit
GET,/v1/admin/brands/{brand_id}/service-mappings,list_service_mappings,app.engines.admin_catalog.brand_router,READ_ONLY,,,
POST,/v1/admin/brands/{brand_id}/map-services,map_brand_services,app.engines.admin_catalog.brand_router,DATABASE_MUTATION,add|flush,,_audit
DELETE,/v1/admin/brands/{brand_id}/service-mappings/{service_id},unmap_brand_service,app.engines.admin_catalog.brand_router,DATABASE_MUTATION,add|flush,,_audit
POST,/v1/admin/brands/bulk-map-services,bulk_map_services,app.engines.admin_catalog.brand_router,DATABASE_MUTATION,add|flush,,_audit
POST,/v1/admin/brands/{brand_id}/merge,merge_brand,app.engines.admin_catalog.brand_router,DATABASE_MUTATION,add|flush,,_audit
GET,/v1/admin/brand-requests,list_brand_requests,app.engines.admin_catalog.brand_router,READ_ONLY,,,
POST,/v1/admin/brand-requests/{request_id}/approve,approve_brand_request,app.engines.admin_catalog.brand_router,DATABASE_MUTATION,add|flush,,_audit
POST,/v1/admin/brand-requests/{request_id}/reject,reject_brand_request,app.engines.admin_catalog.brand_router,DATABASE_MUTATION,add|flush,,_audit
POST,/v1/admin/brand-requests/{request_id}/merge,merge_brand_request,app.engines.admin_catalog.brand_router,DATABASE_MUTATION,add|flush,,_audit
GET,/v1/admin/brand-templates,list_brand_templates,app.engines.admin_catalog.brand_router,READ_ONLY,,,
POST,/v1/admin/brand-templates,create_brand_template,app.engines.admin_catalog.brand_router,DATABASE_MUTATION,add|flush,,
POST,/v1/admin/brand-templates/{template_id}/apply,apply_brand_template,app.engines.admin_catalog.brand_router,DATABASE_MUTATION,add|flush,,_audit
GET,/v1/provider/brands/services/{service_id}/available,get_available_brands,app.engines.admin_catalog.brand_provider_router,READ_ONLY,,,
GET,/v1/provider/brands/categories/{category_id}/available,get_available_brands_for_category,app.engines.admin_catalog.brand_provider_router,READ_ONLY,,,
GET,/v1/provider/brands/services/{service_id}/supported,get_supported_brands,app.engines.admin_catalog.brand_provider_router,READ_ONLY,,,
POST,/v1/provider/brands/services/{service_id}/supported,set_supported_brands,app.engines.admin_catalog.brand_provider_router,DATABASE_MUTATION,add|flush,,_audit
POST,/v1/provider/brands/requests,create_brand_request,app.engines.admin_catalog.brand_provider_router,DATABASE_MUTATION,add|flush,,_audit
GET,/v1/provider/brands/requests,list_my_brand_requests,app.engines.admin_catalog.brand_provider_router,READ_ONLY,,,
GET,/v1/customer/catalog/brands,get_customer_brands,app.engines.admin_catalog.brand_customer_router,READ_ONLY,,,
POST,/v1/customer/catalog/brands/validate,validate_brand,app.engines.admin_catalog.brand_customer_router,READ_ONLY_POST,,,
GET,/v1/admin/service-option-groups,list_option_groups,app.engines.admin_catalog.service_option_admin_router,READ_ONLY,,,
POST,/v1/admin/service-option-groups,create_option_group,app.engines.admin_catalog.service_option_admin_router,DATABASE_MUTATION,add|commit|flush,,_audit
PUT,/v1/admin/service-option-groups/{group_id},update_option_group,app.engines.admin_catalog.service_option_admin_router,DATABASE_MUTATION,add|commit|flush,,_audit
POST,/v1/admin/service-options/{option_id}/activate,activate_service_option,app.engines.admin_catalog.service_option_admin_router,DATABASE_MUTATION,commit,,_audit
POST,/v1/admin/service-options/{option_id}/deactivate,deactivate_service_option,app.engines.admin_catalog.service_option_admin_router,DATABASE_MUTATION,commit,,_audit
POST,/v1/admin/service-options/{option_id}/archive,archive_service_option,app.engines.admin_catalog.service_option_admin_router,DATABASE_MUTATION,commit,,_audit
GET,/v1/admin/issue-types-v2,list_issue_types,app.engines.admin_catalog.service_option_admin_router,READ_ONLY,,,
POST,/v1/admin/issue-types-v2,create_issue_type,app.engines.admin_catalog.service_option_admin_router,DATABASE_MUTATION,add|commit|flush,,_audit
GET,/v1/admin/issue-types-v2/{issue_id},get_issue_type,app.engines.admin_catalog.service_option_admin_router,READ_ONLY,,,
PUT,/v1/admin/issue-types-v2/{issue_id},update_issue_type,app.engines.admin_catalog.service_option_admin_router,DATABASE_MUTATION,add|commit|flush,,_audit
POST,/v1/admin/issue-types-v2/{issue_id}/activate,activate_issue_type,app.engines.admin_catalog.service_option_admin_router,DATABASE_MUTATION,commit,,_audit
POST,/v1/admin/issue-types-v2/{issue_id}/deactivate,deactivate_issue_type,app.engines.admin_catalog.service_option_admin_router,DATABASE_MUTATION,commit,,_audit
POST,/v1/admin/issue-types-v2/{issue_id}/archive,archive_issue_type,app.engines.admin_catalog.service_option_admin_router,DATABASE_MUTATION,commit,,_audit
GET,/v1/admin/master-services/{service_id}/options,list_service_option_mappings,app.engines.admin_catalog.service_option_admin_router,READ_ONLY,,,
POST,/v1/admin/master-services/{service_id}/options,add_service_option_mapping,app.engines.admin_catalog.service_option_admin_router,DATABASE_MUTATION,add|commit|flush,,_audit
PUT,/v1/admin/master-services/{service_id}/options/{mapping_id},update_service_option_mapping,app.engines.admin_catalog.service_option_admin_router,DATABASE_MUTATION,commit,,
DELETE,/v1/admin/master-services/{service_id}/options/{mapping_id},remove_service_option_mapping,app.engines.admin_catalog.service_option_admin_router,DATABASE_MUTATION,add|commit|flush,,_audit
POST,/v1/admin/master-services/{service_id}/issues,add_service_issue_mapping,app.engines.admin_catalog.service_option_admin_router,DATABASE_MUTATION,add|commit|flush,,_audit
PUT,/v1/admin/master-services/{service_id}/issues/{mapping_id},update_service_issue_mapping,app.engines.admin_catalog.service_option_admin_router,DATABASE_MUTATION,commit,,
DELETE,/v1/admin/master-services/{service_id}/issues/{mapping_id},remove_service_issue_mapping,app.engines.admin_catalog.service_option_admin_router,DATABASE_MUTATION,add|commit|flush,,_audit
GET,/v1/admin/master-services/{service_id}/workflow-mapping-status,get_workflow_mapping_status,app.engines.admin_catalog.service_option_admin_router,READ_ONLY,,,
GET,/v1/admin/checklists,list_checklist_items,app.engines.admin_catalog.service_option_admin_router,READ_ONLY,,,
POST,/v1/admin/checklists,create_checklist_item,app.engines.admin_catalog.service_option_admin_router,DATABASE_MUTATION,add|commit|flush,,_audit
POST,/v1/admin/checklists/seed-defaults,seed_default_checklists,app.engines.admin_catalog.service_option_admin_router,DATABASE_MUTATION,add|commit|flush,,_audit
GET,/v1/admin/checklists/{item_id},get_checklist_item,app.engines.admin_catalog.service_option_admin_router,READ_ONLY,,,
PUT,/v1/admin/checklists/{item_id},update_checklist_item,app.engines.admin_catalog.service_option_admin_router,DATABASE_MUTATION,add|commit|flush,,_audit
POST,/v1/admin/checklists/{item_id}/enable,enable_checklist_item,app.engines.admin_catalog.service_option_admin_router,DATABASE_MUTATION,commit,,_audit
POST,/v1/admin/checklists/{item_id}/disable,disable_checklist_item,app.engines.admin_catalog.service_option_admin_router,DATABASE_MUTATION,commit,,_audit
POST,/v1/admin/checklists/{item_id}/archive,archive_checklist_item,app.engines.admin_catalog.service_option_admin_router,DATABASE_MUTATION,commit,,_audit
GET,/v1/provider/setup/services/{service_id}/available-options,get_available_options,app.engines.admin_catalog.service_option_provider_router,READ_ONLY,,,
GET,/v1/provider/setup/services/{service_id}/supported-options,get_supported_options,app.engines.admin_catalog.service_option_provider_router,READ_ONLY,,,
POST,/v1/provider/setup/services/{service_id}/supported-options,set_supported_options,app.engines.admin_catalog.service_option_provider_router,DATABASE_MUTATION,add|commit|flush,,_audit
GET,/v1/customer/catalog/service-options,get_customer_service_options,app.engines.admin_catalog.service_option_customer_router,READ_ONLY,,,
GET,/v1/customer/catalog/issue-types,get_customer_issue_types,app.engines.admin_catalog.service_option_customer_router,READ_ONLY,,,
POST,/v1/customer/catalog/service-diagnostics/validate,validate_service_diagnostics,app.engines.admin_catalog.service_option_customer_router,READ_ONLY_POST,,,
GET,/v1/admin/service-setup-templates,list_templates,app.engines.admin_catalog.service_setup_template_router,READ_ONLY,,,
POST,/v1/admin/service-setup-templates,create_template,app.engines.admin_catalog.service_setup_template_router,DATABASE_MUTATION,add|commit|flush,,_audit
GET,/v1/admin/service-setup-templates/{template_id},get_template,app.engines.admin_catalog.service_setup_template_router,READ_ONLY,,,
PUT,/v1/admin/service-setup-templates/{template_id},update_template,app.engines.admin_catalog.service_setup_template_router,DATABASE_MUTATION,add|commit|flush,,_audit
POST,/v1/admin/service-setup-templates/{template_id}/publish,publish_template,app.engines.admin_catalog.service_setup_template_router,DATABASE_MUTATION,commit,,_audit
POST,/v1/admin/service-setup-templates/{template_id}/archive,archive_template,app.engines.admin_catalog.service_setup_template_router,DATABASE_MUTATION,commit,,_audit
DELETE,/v1/admin/service-setup-templates/{template_id},delete_template,app.engines.admin_catalog.service_setup_template_router,DATABASE_MUTATION,add|commit|flush,,_audit
GET,/v1/admin/service-setup-templates/{template_id}/items,list_items,app.engines.admin_catalog.service_setup_template_router,READ_ONLY,,,
POST,/v1/admin/service-setup-templates/{template_id}/items,add_item,app.engines.admin_catalog.service_setup_template_router,DATABASE_MUTATION,add|commit|flush,,_audit
PUT,/v1/admin/service-setup-templates/{template_id}/items/{item_id},update_item,app.engines.admin_catalog.service_setup_template_router,DATABASE_MUTATION,add|commit|flush,,_audit
DELETE,/v1/admin/service-setup-templates/{template_id}/items/{item_id},remove_item,app.engines.admin_catalog.service_setup_template_router,DATABASE_MUTATION,add|commit|flush,,_audit
GET,/v1/admin/service-setup-templates/{template_id}/relationships,list_relationships,app.engines.admin_catalog.service_setup_template_router,READ_ONLY,,,
POST,/v1/admin/service-setup-templates/{template_id}/relationships,add_relationship,app.engines.admin_catalog.service_setup_template_router,DATABASE_MUTATION,add|commit|flush,,_audit
DELETE,/v1/admin/service-setup-templates/{template_id}/relationships/{rel_id},remove_relationship,app.engines.admin_catalog.service_setup_template_router,DATABASE_MUTATION,add|commit|flush,,_audit
POST,/v1/admin/service-setup-templates/{template_id}/preview,preview_template,app.engines.admin_catalog.service_setup_template_router,READ_ONLY_POST,,,
POST,/v1/admin/service-setup-templates/{template_id}/apply,apply_template,app.engines.admin_catalog.service_setup_template_router,DATABASE_MUTATION,add|commit|flush,,_audit
GET,/v1/admin/service-setup-templates/{template_id}/runs,list_runs,app.engines.admin_catalog.service_setup_template_router,READ_ONLY,,,
GET,/v1/admin/service-setup-templates/runs/{run_id},get_run_detail,app.engines.admin_catalog.service_setup_template_router,READ_ONLY,,,
GET,/v1/provider/setup/templates/recommended,get_recommended_templates,app.engines.admin_catalog.service_setup_template_router,READ_ONLY,,,
GET,/v1/admin/home-services/config,get_home_services_config,app.engines.admin_catalog.auto_price_options_router,READ_ONLY,,,
POST,/v1/admin/home-services/price-experience/preview,admin_price_experience_preview,app.engines.admin_catalog.auto_price_options_router,READ_ONLY_POST,,,
POST,/v1/admin/home-services/matching/diagnostics,admin_matching_diagnostics,app.engines.admin_catalog.auto_price_options_router,READ_ONLY_POST,,,
GET,/v1/tenant/home-services/customer-price-preview,tenant_customer_price_preview,app.engines.admin_catalog.auto_price_options_router,READ_ONLY,,,
GET,/v1/tenant/home-services/matching-readiness,tenant_matching_readiness,app.engines.admin_catalog.auto_price_options_router,READ_ONLY,,,
GET,/v1/admin/home-services/service-catalog/services,list_console_services,app.engines.admin_catalog.home_services_catalog_console_router,READ_ONLY,,,
GET,/v1/admin/home-services/service-catalog/services/{service_id},get_console_service_detail,app.engines.admin_catalog.home_services_catalog_console_router,READ_ONLY,,,
GET,/v1/admin/home-services/service-catalog/services/{service_id}/types,get_console_type_pricing,app.engines.admin_catalog.home_services_catalog_console_router,READ_ONLY,,,
PUT,/v1/admin/home-services/service-catalog/services/{service_id}/types/{service_type_id}/limits,set_console_type_limits,app.engines.admin_catalog.home_services_catalog_console_router,DATABASE_MUTATION,add|flush,,_audit
GET,/v1/admin/home-services/service-catalog/services/{service_id}/brands,get_console_brand_pricing,app.engines.admin_catalog.home_services_catalog_console_router,READ_ONLY,,,
PUT,/v1/admin/home-services/service-catalog/services/{service_id}/brands/{mapping_id}/behavior,set_console_brand_behavior,app.engines.admin_catalog.home_services_catalog_console_router,DATABASE_MUTATION,flush,,
PUT,/v1/admin/home-services/service-catalog/services/{service_id}/brands/{brand_id}/limits,set_console_brand_limits,app.engines.admin_catalog.home_services_catalog_console_router,DATABASE_MUTATION,add|flush,,
POST,/v1/admin/home-services/service-catalog/price-preview,console_price_preview,app.engines.admin_catalog.home_services_catalog_console_router,READ_ONLY_POST,,,
GET,/v1/admin/home-services/service-catalog/services/{service_id}/audit,get_console_service_audit,app.engines.admin_catalog.home_services_catalog_console_router,READ_ONLY,,,
POST,/v1/admin/bulk-setup/drafts,create_draft,app.engines.admin_catalog.bulk_setup_router,DATABASE_MUTATION,add|commit|flush,,_audit
GET,/v1/admin/bulk-setup/drafts,list_drafts,app.engines.admin_catalog.bulk_setup_router,READ_ONLY,,,
GET,/v1/admin/bulk-setup/drafts/{draft_id},get_draft,app.engines.admin_catalog.bulk_setup_router,READ_ONLY,,,
PUT,/v1/admin/bulk-setup/drafts/{draft_id},update_draft,app.engines.admin_catalog.bulk_setup_router,DATABASE_MUTATION,commit|raw_sql,,_audit
DELETE,/v1/admin/bulk-setup/drafts/{draft_id},delete_draft,app.engines.admin_catalog.bulk_setup_router,DATABASE_MUTATION,commit,,_audit
GET,/v1/admin/bulk-setup/available-categories,get_available_categories,app.engines.admin_catalog.bulk_setup_router,READ_ONLY,,,
GET,/v1/admin/bulk-setup/available-services,get_available_services,app.engines.admin_catalog.bulk_setup_router,READ_ONLY,,,
GET,/v1/admin/bulk-setup/available-templates,get_available_templates,app.engines.admin_catalog.bulk_setup_router,READ_ONLY,,,
GET,/v1/admin/bulk-setup/available-brands,get_available_brands,app.engines.admin_catalog.bulk_setup_router,READ_ONLY,,,
GET,/v1/admin/bulk-setup/available-brand-templates,get_available_brand_templates,app.engines.admin_catalog.bulk_setup_router,READ_ONLY,,,
GET,/v1/admin/bulk-setup/available-option-groups,get_available_option_groups,app.engines.admin_catalog.bulk_setup_router,READ_ONLY,,,
GET,/v1/admin/bulk-setup/available-service-options,get_available_service_options,app.engines.admin_catalog.bulk_setup_router,READ_ONLY,,,
GET,/v1/admin/bulk-setup/available-issue-types,get_available_issue_types,app.engines.admin_catalog.bulk_setup_router,READ_ONLY,,,
GET,/v1/admin/bulk-setup/available-document-requirements,get_available_document_requirements,app.engines.admin_catalog.bulk_setup_router,READ_ONLY,,,
GET,/v1/admin/bulk-setup/available-checklist-templates,get_available_checklist_templates,app.engines.admin_catalog.bulk_setup_router,READ_ONLY,,,
GET,/v1/admin/bulk-setup/available-pricing-templates,get_available_pricing_templates,app.engines.admin_catalog.bulk_setup_router,READ_ONLY,,,
GET,/v1/admin/bulk-setup/available-commission-templates,get_available_commission_templates,app.engines.admin_catalog.bulk_setup_router,READ_ONLY,,,
GET,/v1/admin/bulk-setup/available-workflow-templates,get_available_workflow_templates,app.engines.admin_catalog.bulk_setup_router,READ_ONLY,,,
POST,/v1/admin/bulk-setup/drafts/{draft_id}/category,set_category,app.engines.admin_catalog.bulk_setup_router,DATABASE_MUTATION,commit,,_audit
POST,/v1/admin/bulk-setup/drafts/{draft_id}/services,set_services,app.engines.admin_catalog.bulk_setup_router,DATABASE_MUTATION,commit,,_audit
POST,/v1/admin/bulk-setup/drafts/{draft_id}/templates,set_templates,app.engines.admin_catalog.bulk_setup_router,DATABASE_MUTATION,commit,,_audit
POST,/v1/admin/bulk-setup/drafts/{draft_id}/brand-mappings,set_brand_mappings,app.engines.admin_catalog.bulk_setup_router,DATABASE_MUTATION,commit,,
POST,/v1/admin/bulk-setup/drafts/{draft_id}/option-mappings,set_option_mappings,app.engines.admin_catalog.bulk_setup_router,DATABASE_MUTATION,commit,,
POST,/v1/admin/bulk-setup/drafts/{draft_id}/issue-mappings,set_issue_mappings,app.engines.admin_catalog.bulk_setup_router,DATABASE_MUTATION,commit,,
POST,/v1/admin/bulk-setup/drafts/{draft_id}/document-mappings,set_document_mappings,app.engines.admin_catalog.bulk_setup_router,DATABASE_MUTATION,commit,,
POST,/v1/admin/bulk-setup/drafts/{draft_id}/checklist-mappings,set_checklist_mappings,app.engines.admin_catalog.bulk_setup_router,DATABASE_MUTATION,commit,,
POST,/v1/admin/bulk-setup/drafts/{draft_id}/pricing-mappings,set_pricing_mappings,app.engines.admin_catalog.bulk_setup_router,DATABASE_MUTATION,commit,,
POST,/v1/admin/bulk-setup/drafts/{draft_id}/commission-mappings,set_commission_mappings,app.engines.admin_catalog.bulk_setup_router,DATABASE_MUTATION,commit,,
POST,/v1/admin/bulk-setup/drafts/{draft_id}/workflow-mappings,set_workflow_mappings,app.engines.admin_catalog.bulk_setup_router,DATABASE_MUTATION,commit,,
POST,/v1/admin/bulk-setup/drafts/{draft_id}/validate,validate_draft,app.engines.admin_catalog.bulk_setup_router,READ_ONLY_POST,,,
POST,/v1/admin/bulk-setup/drafts/{draft_id}/preview,preview_draft,app.engines.admin_catalog.bulk_setup_router,DATABASE_MUTATION,commit,,
GET,/v1/admin/bulk-setup/drafts/{draft_id}/review,review_draft,app.engines.admin_catalog.bulk_setup_router,READ_ONLY,,,
POST,/v1/admin/bulk-setup/drafts/{draft_id}/apply,apply_draft,app.engines.admin_catalog.bulk_setup_router,DATABASE_MUTATION,add|commit|flush,,_audit
GET,/v1/admin/bulk-setup/runs,list_runs,app.engines.admin_catalog.bulk_setup_router,READ_ONLY,,,
GET,/v1/admin/bulk-setup/runs/{run_id},get_run,app.engines.admin_catalog.bulk_setup_router,READ_ONLY,,,
GET,/v1/admin/recommendation-rules,list_rules,app.engines.admin_catalog.recommendation_router,READ_ONLY,,,
POST,/v1/admin/recommendation-rules,create_rule,app.engines.admin_catalog.recommendation_router,DATABASE_MUTATION,add|commit|flush,,_audit
GET,/v1/admin/recommendation-rules/{rule_id},get_rule,app.engines.admin_catalog.recommendation_router,READ_ONLY,,,
PUT,/v1/admin/recommendation-rules/{rule_id},update_rule,app.engines.admin_catalog.recommendation_router,DATABASE_MUTATION,commit|raw_sql,,_audit
DELETE,/v1/admin/recommendation-rules/{rule_id},delete_rule,app.engines.admin_catalog.recommendation_router,DATABASE_MUTATION,commit,,_audit
POST,/v1/admin/recommendation-rules/{rule_id}/activate,activate_rule,app.engines.admin_catalog.recommendation_router,DATABASE_MUTATION,commit,,_audit
POST,/v1/admin/recommendation-rules/{rule_id}/deactivate,deactivate_rule,app.engines.admin_catalog.recommendation_router,DATABASE_MUTATION,commit,,_audit
POST,/v1/admin/recommendation-rules/{rule_id}/archive,archive_rule,app.engines.admin_catalog.recommendation_router,DATABASE_MUTATION,commit,,_audit
POST,/v1/admin/recommendation-rules/{rule_id}/simulate,simulate_rule,app.engines.admin_catalog.recommendation_router,DATABASE_MUTATION,commit,,_audit
GET,/v1/admin/recommendation-rules/results/list,list_results,app.engines.admin_catalog.recommendation_router,READ_ONLY,,,
POST,/v1/recommendations/evaluate,evaluate_recommendations,app.engines.admin_catalog.recommendation_router,READ_ONLY_POST,,,
POST,/v1/recommendations/validate,validate_recommendation,app.engines.admin_catalog.recommendation_router,READ_ONLY_POST,,,
POST,/v1/recommendations/{result_id}/accept,accept_recommendation,app.engines.admin_catalog.recommendation_router,DATABASE_MUTATION,commit,,
POST,/v1/recommendations/{result_id}/reject,reject_recommendation,app.engines.admin_catalog.recommendation_router,DATABASE_MUTATION,commit,,
POST,/v1/ai/recommendations,ai_recommendations,app.engines.admin_catalog.recommendation_router,READ_ONLY_POST,,,
POST,/v1/admin/bulk-setup/drafts/{draft_id}/recommendations,bulk_setup_draft_recommendations,app.engines.admin_catalog.recommendation_router,READ_ONLY_POST,,,
POST,/v1/provider/setup/recommendations,provider_setup_recommendations,app.engines.admin_catalog.recommendation_router,READ_ONLY_POST,,,
POST,/v1/customer/booking/recommendations,customer_booking_recommendations,app.engines.admin_catalog.recommendation_router,READ_ONLY_POST,,,
GET,/v1/customer/flow/categories,customer_list_categories,app.engines.admin_catalog.customer_flow_router,READ_ONLY,,,
GET,/v1/customer/flow/services,customer_list_services,app.engines.admin_catalog.customer_flow_router,READ_ONLY,,,
GET,/v1/customer/flow/flow-config,customer_get_flow_config,app.engines.admin_catalog.customer_flow_router,READ_ONLY,,,
POST,/v1/customer/flow/drafts,create_draft,app.engines.admin_catalog.customer_flow_router,DATABASE_MUTATION,add|commit|flush,,_audit
GET,/v1/customer/flow/drafts,list_drafts,app.engines.admin_catalog.customer_flow_router,READ_ONLY,,,
GET,/v1/customer/flow/drafts/{draft_id},get_draft,app.engines.admin_catalog.customer_flow_router,READ_ONLY,,,
PATCH,/v1/customer/flow/drafts/{draft_id},update_draft,app.engines.admin_catalog.customer_flow_router,DATABASE_MUTATION,commit|raw_sql,,_audit
POST,/v1/customer/flow/drafts/{draft_id}/estimate,estimate_draft,app.engines.admin_catalog.customer_flow_router,DATABASE_MUTATION,commit,,
POST,/v1/customer/flow/drafts/{draft_id}/confirm,confirm_draft,app.engines.admin_catalog.customer_flow_router,DATABASE_MUTATION,commit,,
POST,/v1/customer/flow/drafts/{draft_id}/cancel,cancel_draft,app.engines.admin_catalog.customer_flow_router,DATABASE_MUTATION,commit,,
GET,/v1/admin/customer-flow/flow-configs,admin_list_flow_configs,app.engines.admin_catalog.customer_flow_router,READ_ONLY,,,
GET,/v1/admin/customer-flow/drafts,admin_list_drafts,app.engines.admin_catalog.customer_flow_router,READ_ONLY,,,
GET,/v1/admin/customer-flow/drafts/{draft_id},admin_get_draft,app.engines.admin_catalog.customer_flow_router,READ_ONLY,,,
GET,/v1/admin/tenants/summary,get_tenants_summary,app.engines.tenant_engine.admin_router,READ_ONLY,,,
GET,/v1/admin/tenants/insights,get_tenants_insights,app.engines.tenant_engine.admin_router,READ_ONLY,,,
GET,/v1/admin/tenants/export,export_tenants,app.engines.tenant_engine.admin_router,READ_ONLY,,,
POST,/v1/admin/tenants/onboard,onboard_tenant,app.engines.tenant_engine.admin_router,DATABASE_MUTATION,add|flush,,_audit|record_platform_audit
GET,/v1/admin/tenants,list_tenants,app.engines.tenant_engine.admin_router,READ_ONLY,,,
GET,/v1/admin/tenants/{tenant_id},get_tenant,app.engines.tenant_engine.admin_router,READ_ONLY,,,
PATCH,/v1/admin/tenants/{tenant_id},update_tenant,app.engines.tenant_engine.admin_router,DATABASE_MUTATION,add,,_audit|record_platform_audit
POST,/v1/admin/tenants/{tenant_id}/verify,verify_tenant,app.engines.tenant_engine.admin_router,DATABASE_MUTATION,add,,_audit|record_platform_audit
POST,/v1/admin/tenants/{tenant_id}/reject-verification,reject_verification,app.engines.tenant_engine.admin_router,DATABASE_MUTATION,add,,_audit|record_platform_audit
POST,/v1/admin/tenants/{tenant_id}/activate,activate_tenant,app.engines.tenant_engine.admin_router,DATABASE_MUTATION,add|flush,,_audit|record_platform_audit
POST,/v1/admin/tenants/{tenant_id}/suspend,suspend_tenant,app.engines.tenant_engine.admin_router,DATABASE_AND_EXTERNAL_MUTATION,add,publish,_audit|record_platform_audit
POST,/v1/admin/tenants/{tenant_id}/notes,add_admin_note,app.engines.tenant_engine.admin_router,DATABASE_MUTATION,add,,_audit|record_platform_audit
POST,/v1/admin/tenants/{tenant_id}/archive,archive_tenant,app.engines.tenant_engine.admin_router,DATABASE_MUTATION,add,,_audit|record_platform_audit
POST,/v1/admin/tenants/{tenant_id}/reactivate,reactivate_tenant,app.engines.tenant_engine.admin_router,DATABASE_MUTATION,add,,_audit|record_platform_audit
POST,/v1/admin/tenants/{tenant_id}/request-changes,request_changes,app.engines.tenant_engine.admin_router,DATABASE_MUTATION,add,,_audit|record_platform_audit
POST,/v1/admin/tenants/{tenant_id}/add-usage-credits,add_usage_credits,app.engines.tenant_engine.admin_router,DATABASE_MUTATION,commit,,
GET,/v1/admin/tenants/{tenant_id}/usage-credit-ledger,get_usage_credit_ledger,app.engines.tenant_engine.admin_router,READ_ONLY,,,
POST,/v1/admin/tenants/{tenant_id}/change-plan,change_plan,app.engines.tenant_engine.admin_router,DATABASE_MUTATION,add,,_audit|record_platform_audit
POST,/v1/admin/tenants/{tenant_id}/send-notification,send_notification,app.engines.tenant_engine.admin_router,DATABASE_MUTATION,add,,_audit|record_platform_audit
GET,/v1/admin/tenants/{tenant_id}/overview,get_overview,app.engines.tenant_engine.admin_router,READ_ONLY,,,
GET,/v1/admin/tenants/{tenant_id}/settings,get_settings,app.engines.tenant_engine.admin_router,READ_ONLY,,,
PATCH,/v1/admin/tenants/{tenant_id}/settings,update_settings,app.engines.tenant_engine.admin_router,DATABASE_MUTATION,add,,_audit|record_platform_audit
GET,/v1/admin/tenants/{tenant_id}/users,list_users,app.engines.tenant_engine.admin_router,READ_ONLY,,,
POST,/v1/admin/tenants/{tenant_id}/users,create_user,app.engines.tenant_engine.admin_router,DATABASE_MUTATION,add|flush,,_audit|record_platform_audit
PATCH,/v1/admin/tenants/{tenant_id}/users/{user_id},update_user,app.engines.tenant_engine.admin_router,DATABASE_MUTATION,add,,_audit|record_platform_audit
POST,/v1/admin/tenants/{tenant_id}/users/{user_id}/activate,activate_user,app.engines.tenant_engine.admin_router,DATABASE_MUTATION,add,,_audit|record_platform_audit
POST,/v1/admin/tenants/{tenant_id}/users/{user_id}/suspend,suspend_user,app.engines.tenant_engine.admin_router,DATABASE_MUTATION,add,,_audit|record_platform_audit
POST,/v1/admin/tenants/{tenant_id}/users/{user_id}/reset-password,reset_user_password,app.engines.tenant_engine.admin_router,DATABASE_MUTATION,add,,_audit|record_platform_audit
GET,/v1/admin/tenants/{tenant_id}/staff,list_staff,app.engines.tenant_engine.admin_router,READ_ONLY,,,
POST,/v1/admin/tenants/{tenant_id}/staff,create_staff,app.engines.tenant_engine.admin_router,DATABASE_MUTATION,add|flush,,_audit|record_platform_audit
PATCH,/v1/admin/tenants/{tenant_id}/staff/{staff_id},update_staff,app.engines.tenant_engine.admin_router,DATABASE_MUTATION,add,,_audit|record_platform_audit
POST,/v1/admin/tenants/{tenant_id}/staff/{staff_id}/activate,activate_staff,app.engines.tenant_engine.admin_router,DATABASE_MUTATION,add,,_audit|record_platform_audit
POST,/v1/admin/tenants/{tenant_id}/staff/{staff_id}/deactivate,deactivate_staff,app.engines.tenant_engine.admin_router,DATABASE_MUTATION,add|sqlalchemy.update(),,_audit|record_platform_audit
POST,/v1/admin/tenants/{tenant_id}/staff/{staff_id}/reset-password,reset_staff_password,app.engines.tenant_engine.admin_router,DATABASE_MUTATION,add,,_audit|record_platform_audit
PATCH,/v1/admin/tenants/{tenant_id}/staff/{staff_id}/photo,update_staff_photo,app.engines.tenant_engine.admin_router,DATABASE_MUTATION,add,,_audit|record_platform_audit
POST,/v1/admin/tenants/{tenant_id}/wallet/topup,credit_topup,app.engines.tenant_engine.admin_router,READ_ONLY_POST,,,
GET,/v1/admin/tenants/{tenant_id}/audit-logs,get_audit_logs,app.engines.tenant_engine.admin_router,READ_ONLY,,,
GET,/v1/admin/tenants/{tenant_id}/export,export_tenant_report,app.engines.tenant_engine.admin_router,READ_ONLY,,,
GET,/v1/admin/tenants/{tenant_id}/offerings/enabled,admin_list_offerings,app.engines.tenant_engine.admin_router,READ_ONLY,,,
POST,/v1/admin/tenants/{tenant_id}/offerings/enabled/{offering_id}/suspend,admin_suspend_offering,app.engines.tenant_engine.admin_router,DATABASE_MUTATION,commit|raw_sql,,record_platform_audit
POST,/v1/admin/tenants/{tenant_id}/offerings/enabled/{offering_id}/reactivate,admin_reactivate_offering,app.engines.tenant_engine.admin_router,DATABASE_MUTATION,commit|raw_sql,,record_platform_audit
POST,/v1/admin/tenants/{tenant_id}/offerings/refresh-readiness,admin_refresh_offerings_readiness,app.engines.tenant_engine.admin_router,DATABASE_MUTATION,commit|raw_sql,,
GET,/v1/admin/tenants/{tenant_id}/team-members,admin_list_team_members,app.engines.tenant_engine.admin_router,READ_ONLY,,,
GET,/v1/admin/tenants/{tenant_id}/availability,admin_list_availability,app.engines.tenant_engine.admin_router,READ_ONLY,,,
GET,/v1/tenant/profile,get_profile,app.engines.tenant_engine.portal_router,READ_ONLY,,,
PATCH,/v1/tenant/profile,update_profile,app.engines.tenant_engine.portal_router,DATABASE_MUTATION,add,,_audit|record_platform_audit
GET,/v1/tenant/settings,get_settings,app.engines.tenant_engine.portal_router,READ_ONLY,,,
PATCH,/v1/tenant/settings,update_settings,app.engines.tenant_engine.portal_router,DATABASE_MUTATION,add,,_audit|record_platform_audit
GET,/v1/tenant/users,list_users,app.engines.tenant_engine.portal_router,READ_ONLY,,,
POST,/v1/tenant/users,create_user,app.engines.tenant_engine.portal_router,DATABASE_MUTATION,add|flush,,_audit|record_platform_audit
POST,/v1/tenant/users/{user_id}/suspend,suspend_user,app.engines.tenant_engine.portal_router,DATABASE_MUTATION,add,,_audit|record_platform_audit
GET,/v1/tenant/staff,list_staff,app.engines.tenant_engine.portal_router,READ_ONLY,,,
POST,/v1/tenant/staff,create_staff,app.engines.tenant_engine.portal_router,DATABASE_MUTATION,add|flush,,_audit|record_platform_audit
POST,/v1/tenant/staff/{staff_id}/deactivate,deactivate_staff,app.engines.tenant_engine.portal_router,DATABASE_MUTATION,add|sqlalchemy.update(),,_audit|record_platform_audit
PATCH,/v1/tenant/staff/{staff_id}/photo,update_staff_photo,app.engines.tenant_engine.portal_router,DATABASE_MUTATION,add,,_audit|record_platform_audit
GET,/v1/tenant/dashboard/runtime,get_dashboard_runtime,app.engines.tenant_engine.portal_router,READ_ONLY,,,
GET,/v1/tenant/navigation,get_navigation,app.engines.tenant_engine.portal_router,READ_ONLY,,,
POST,/v1/tenant/staff/{user_id}/lock,lock_staff,app.engines.tenant_engine.portal_router,READ_ONLY_POST,,,
POST,/v1/tenant/staff/{user_id}/unlock,unlock_staff,app.engines.tenant_engine.portal_router,READ_ONLY_POST,,,
POST,/v1/tenant/staff/{user_id}/sessions/revoke-all,revoke_staff_sessions,app.engines.tenant_engine.portal_router,READ_ONLY_POST,,,
GET,/v1/tenant/staff/{user_id}/login-history,staff_login_history,app.engines.tenant_engine.portal_router,READ_ONLY,,,
GET,/v1/tenant/staff/{user_id}/security,staff_security_status,app.engines.tenant_engine.portal_router,READ_ONLY,,,
GET,/v1/tenant/dashboard/home-services/summary,home_services_summary,app.engines.tenant_engine.portal_router,READ_ONLY,,,
GET,/v1/tenant/dashboard/coaching/summary,coaching_summary,app.engines.tenant_engine.portal_router,READ_ONLY,,,
GET,/v1/tenant/dashboard/real-estate/summary,real_estate_summary,app.engines.tenant_engine.portal_router,READ_ONLY,,,
GET,/v1/tenant/engines/effective,get_tenant_effective_engines,app.engines.tenant_engine.portal_router,READ_ONLY,,,
GET,/v1/tenant/monetization/status,get_monetization_status,app.engines.tenant_engine.portal_router,READ_ONLY,,,
GET,/v1/admin/packages/summary,get_packages_summary,app.engines.package_commerce.admin_router,READ_ONLY,,,
GET,/v1/admin/packages,list_packages,app.engines.package_commerce.admin_router,READ_ONLY,,,
POST,/v1/admin/packages,create_package,app.engines.package_commerce.admin_router,DATABASE_MUTATION,add|flush,,_pkg_audit
GET,/v1/admin/packages/audit-logs,list_all_package_audit,app.engines.package_commerce.admin_router,READ_ONLY,,,
GET,/v1/admin/packages/purchases,list_all_package_purchases,app.engines.package_commerce.admin_router,READ_ONLY,,,
GET,/v1/admin/packages/{package_id},get_package,app.engines.package_commerce.admin_router,READ_ONLY,,,
PUT,/v1/admin/packages/{package_id},update_package,app.engines.package_commerce.admin_router,DATABASE_MUTATION,add|raw_sql,,_pkg_audit
DELETE,/v1/admin/packages/{package_id},delete_package,app.engines.package_commerce.admin_router,DATABASE_MUTATION,add,,_pkg_audit
POST,/v1/admin/packages/{package_id}/activate,activate_package,app.engines.package_commerce.admin_router,DATABASE_MUTATION,add,,_pkg_audit
POST,/v1/admin/packages/{package_id}/deactivate,deactivate_package,app.engines.package_commerce.admin_router,DATABASE_MUTATION,add,,_pkg_audit
POST,/v1/admin/packages/{package_id}/clone,clone_package,app.engines.package_commerce.admin_router,DATABASE_MUTATION,add|flush,,_pkg_audit
GET,/v1/admin/packages/{package_id}/audit,get_package_audit,app.engines.package_commerce.admin_router,READ_ONLY,,,
GET,/v1/admin/packages/{package_id}/features,list_package_features,app.engines.package_commerce.admin_router,READ_ONLY,,,
POST,/v1/admin/packages/{package_id}/features,create_package_feature,app.engines.package_commerce.admin_router,DATABASE_MUTATION,add|flush,,
PUT,/v1/admin/packages/{package_id}/features/{feature_id},update_package_feature,app.engines.package_commerce.admin_router,DATABASE_MUTATION,flush|raw_sql,,
DELETE,/v1/admin/packages/{package_id}/features/{feature_id},delete_package_feature,app.engines.package_commerce.admin_router,READ_ONLY_PUT_OR_PATCH_FALSE_POSITIVE,,,
GET,/v1/admin/packages/{package_id}/limits,list_package_limits,app.engines.package_commerce.admin_router,READ_ONLY,,,
POST,/v1/admin/packages/{package_id}/limits,create_package_limit,app.engines.package_commerce.admin_router,DATABASE_MUTATION,add|flush,,
PUT,/v1/admin/packages/{package_id}/limits/{limit_id},update_package_limit,app.engines.package_commerce.admin_router,DATABASE_MUTATION,flush|raw_sql,,
DELETE,/v1/admin/packages/{package_id}/limits/{limit_id},delete_package_limit,app.engines.package_commerce.admin_router,READ_ONLY_PUT_OR_PATCH_FALSE_POSITIVE,,,
GET,/v1/admin/tenants/{tenant_id}/packages/available,admin_get_available_packages,app.engines.package_commerce.admin_router,READ_ONLY,,,
GET,/v1/admin/tenants/{tenant_id}/packages/purchases,admin_list_purchases,app.engines.package_commerce.admin_router,READ_ONLY,,,
POST,/v1/admin/tenants/{tenant_id}/packages/{package_id}/purchase,admin_purchase_package,app.engines.package_commerce.admin_router,DATABASE_MUTATION,add|commit|flush,,_pkg_audit
GET,/v1/admin/tenants/{tenant_id}/security-deposit,admin_get_deposit,app.engines.package_commerce.admin_router,READ_ONLY,,,
POST,/v1/admin/tenants/{tenant_id}/security-deposit/mark-paid,admin_mark_deposit_paid,app.engines.package_commerce.admin_router,READ_ONLY_POST,,,
POST,/v1/admin/tenants/{tenant_id}/security-deposit/refund,admin_refund_deposit,app.engines.package_commerce.admin_router,READ_ONLY_POST,,,
POST,/v1/admin/tenants/{tenant_id}/security-deposit/forfeit,admin_forfeit_deposit,app.engines.package_commerce.admin_router,READ_ONLY_POST,,,
GET,/v1/admin/tenants/{tenant_id}/credit-wallet,admin_get_wallet,app.engines.package_commerce.admin_router,READ_ONLY,,,
GET,/v1/admin/tenants/{tenant_id}/credit-ledger,admin_get_ledger,app.engines.package_commerce.admin_router,READ_ONLY,,,
POST,/v1/admin/tenants/{tenant_id}/credit-wallet/top-up,admin_topup_wallet,app.engines.package_commerce.admin_router,DATABASE_MUTATION,commit,,
POST,/v1/admin/tenants/{tenant_id}/credit-wallet/adjust,admin_adjust_wallet,app.engines.package_commerce.admin_router,DATABASE_MUTATION,commit,,
GET,/v1/admin/tenants/{tenant_id}/commissions,admin_list_commissions,app.engines.package_commerce.admin_router,READ_ONLY,,,
POST,/v1/admin/jobs/{job_id}/deduct-commission,admin_deduct_commission,app.engines.package_commerce.admin_router,DATABASE_AND_EXTERNAL_MUTATION,add|flush,debit_wallet,_pkg_audit
POST,/v1/admin/jobs/{job_id}/calculate-commission,admin_calculate_commission,app.engines.package_commerce.admin_router,DATABASE_MUTATION,add|flush,,
GET,/v1/admin/tenants/{tenant_id}/storage-quota,admin_get_storage_quota,app.engines.package_commerce.admin_router,READ_ONLY,,,
GET,/v1/provider/onboarding/package-summary,provider_package_summary,app.engines.package_commerce.tenant_router,READ_ONLY,,,
GET,/v1/tenant/packages/available,tenant_get_available_packages,app.engines.package_commerce.tenant_router,READ_ONLY,,,
GET,/v1/tenant/packages/purchases,tenant_list_purchases,app.engines.package_commerce.tenant_router,READ_ONLY,,,
POST,/v1/tenant/packages/{package_id}/purchase,tenant_purchase_package,app.engines.package_commerce.tenant_router,DATABASE_MUTATION,add|commit|flush,,_pkg_audit
GET,/v1/tenant/security-deposit,tenant_get_deposit,app.engines.package_commerce.tenant_router,READ_ONLY,,,
GET,/v1/tenant/credit-wallet,tenant_get_credit_wallet,app.engines.package_commerce.tenant_router,READ_ONLY,,,
GET,/v1/tenant/credit-ledger,tenant_get_credit_ledger,app.engines.package_commerce.tenant_router,READ_ONLY,,,
GET,/v1/tenant/commissions,tenant_list_commissions,app.engines.package_commerce.tenant_router,READ_ONLY,,,
GET,/v1/tenant/storage-quota,tenant_get_storage_quota,app.engines.package_commerce.tenant_router,READ_ONLY,,,
GET,/v1/public/packages,list_public_packages,app.engines.package_commerce.public_router,READ_ONLY,,,
GET,/v1/admin/locations/states,admin_list_states,app.engines.location_engine.router,READ_ONLY,,,
POST,/v1/admin/locations/states,admin_create_state,app.engines.location_engine.router,DATABASE_MUTATION,add|flush,,
GET,/v1/admin/locations/districts,admin_list_districts,app.engines.location_engine.router,READ_ONLY,,,
POST,/v1/admin/locations/states/{state_id}/districts,admin_create_district,app.engines.location_engine.router,DATABASE_MUTATION,add|flush,,
GET,/v1/admin/locations/cities,admin_list_cities,app.engines.location_engine.router,READ_ONLY,,,
POST,/v1/admin/locations/districts/{district_id}/cities,admin_create_city,app.engines.location_engine.router,DATABASE_MUTATION,add|flush,,
GET,/v1/admin/locations/zones,admin_list_zones,app.engines.location_engine.router,READ_ONLY,,,
POST,/v1/admin/locations/cities/{city_id}/zones,admin_create_zone,app.engines.location_engine.router,DATABASE_MUTATION,add|flush,,
GET,/v1/admin/locations/city-tiers,admin_list_city_tiers,app.engines.location_engine.router,READ_ONLY,,,
GET,/v1/public/locations/states,public_list_states,app.engines.location_engine.router,READ_ONLY,,,
GET,/v1/public/locations/districts,public_list_districts,app.engines.location_engine.router,READ_ONLY,,,
GET,/v1/public/locations/cities,public_list_cities,app.engines.location_engine.router,READ_ONLY,,,
GET,/v1/public/locations/zones,public_list_zones,app.engines.location_engine.router,READ_ONLY,,,
GET,/v1/ds/meta,engine_meta,app.engines.data_science.router,HEALTH_OR_DIAGNOSTIC,,,
GET,/v1/ds/tenants/{tenant_id}/churn/score,get_churn_score,app.engines.data_science.router,MUTATING_GET,add|flush,,
GET,/v1/ds/churn/at-risk,list_at_risk,app.engines.data_science.router,READ_ONLY,,,
GET,/v1/ds/tenants/{tenant_id}/churn/factors,get_churn_factors,app.engines.data_science.router,MUTATING_GET,add,,
GET,/v1/ds/tenants/{tenant_id}/churn/history,churn_history,app.engines.data_science.router,READ_ONLY,,,
GET,/v1/ds/tenants/{tenant_id}/demand/forecast,get_forecast,app.engines.data_science.router,MUTATING_GET,add|flush,,
POST,/v1/ds/tenants/{tenant_id}/demand/recompute,trigger_recompute,app.engines.data_science.router,DATABASE_MUTATION,add|flush,,
GET,/v1/ds/tenants/{tenant_id}/demand/history,forecast_history,app.engines.data_science.router,READ_ONLY,,,
GET,/v1/ds/tenants/{tenant_id}/pricing/recommendations,pricing_recs,app.engines.data_science.router,MUTATING_GET,add|flush,,
POST,/v1/ds/tenants/{tenant_id}/pricing/apply,apply_pricing,app.engines.data_science.router,DATABASE_MUTATION,raw_sql,,
GET,/v1/ds/tenants/{tenant_id}/pricing/history,pricing_history,app.engines.data_science.router,READ_ONLY,,,
GET,/v1/ds/tenants/{tenant_id}/staff/rankings,staff_rankings,app.engines.data_science.router,READ_ONLY,,,
GET,/v1/ds/tenants/{tenant_id}/staff/{staff_id}/score,staff_score,app.engines.data_science.router,READ_ONLY,,,
POST,/v1/ds/tenants/{tenant_id}/staff/{staff_id}/signal,update_staff_signal,app.engines.data_science.router,DATABASE_MUTATION,add|flush|raw_sql,,
GET,/v1/ds/tenants/{tenant_id}/customers/{customer_id}/ltv,customer_ltv,app.engines.data_science.router,MUTATING_GET,add|flush,,
GET,/v1/ds/tenants/{tenant_id}/customers/high-value,high_value_customers,app.engines.data_science.router,READ_ONLY,,,
POST,/v1/ds/tenants/{tenant_id}/customers/{customer_id}/ltv/recompute,recompute_ltv,app.engines.data_science.router,DATABASE_MUTATION,add|flush,,
GET,/v1/ds/anomalies,list_anomalies,app.engines.data_science.router,READ_ONLY,,,
GET,/v1/ds/anomalies/{anomaly_id},get_anomaly,app.engines.data_science.router,READ_ONLY,,,
POST,/v1/ds/anomalies/{anomaly_id}/acknowledge,acknowledge_anomaly,app.engines.data_science.router,READ_ONLY_POST,,,
GET,/v1/ds/models,model_versions,app.engines.data_science.router,READ_ONLY,,,
POST,/v1/ds/models/{model_type}/retrain,trigger_retrain,app.engines.data_science.router,DATABASE_MUTATION,add|flush,,
GET,/v1/ds/tenants/{tenant_id}/business-performance,business_performance,app.engines.data_science.router,READ_ONLY,,,
GET,/v1/ds/platform/summary,platform_summary,app.engines.data_science.router,READ_ONLY,,,
GET,/v1/rag/meta,engine_meta,app.engines.rag.router,HEALTH_OR_DIAGNOSTIC,,,
POST,/v1/rag/knowledge-bases,create_kb,app.engines.rag.router,DATABASE_MUTATION,add|flush,,
GET,/v1/rag/knowledge-bases/{kb_id},get_kb,app.engines.rag.router,READ_ONLY,,,
GET,/v1/rag/tenants/{tenant_id}/knowledge-bases,list_kbs,app.engines.rag.router,READ_ONLY,,,
PUT,/v1/rag/knowledge-bases/{kb_id},update_kb,app.engines.rag.router,DATABASE_MUTATION,raw_sql,,
DELETE,/v1/rag/knowledge-bases/{kb_id},delete_kb,app.engines.rag.router,DATABASE_MUTATION,sqlalchemy.update(),,
POST,/v1/rag/knowledge-bases/{kb_id}/documents,ingest_document,app.engines.rag.router,DATABASE_MUTATION,add|flush,,
GET,/v1/rag/knowledge-bases/{kb_id}/documents,list_documents,app.engines.rag.router,READ_ONLY,,,
GET,/v1/rag/documents/{doc_id},get_document,app.engines.rag.router,READ_ONLY,,,
DELETE,/v1/rag/documents/{doc_id},delete_document,app.engines.rag.router,DATABASE_MUTATION,delete|sqlalchemy.update(),,
POST,/v1/rag/documents/{doc_id}/reindex,reindex_document,app.engines.rag.router,DATABASE_MUTATION,add|flush|sqlalchemy.update(),,
GET,/v1/rag/knowledge-bases/{kb_id}/chunks,list_chunks,app.engines.rag.router,READ_ONLY,,,
GET,/v1/rag/chunks/{chunk_id},get_chunk,app.engines.rag.router,READ_ONLY,,,
POST,/v1/rag/query,query,app.engines.rag.router,DATABASE_MUTATION,add|flush,,
POST,/v1/rag/search,search,app.engines.rag.router,READ_ONLY_POST,,,
GET,/v1/rag/queries/{query_id},get_query,app.engines.rag.router,READ_ONLY,,,
GET,/v1/rag/tenants/{tenant_id}/queries,list_queries,app.engines.rag.router,READ_ONLY,,,
GET,/v1/rag/platform/usage,platform_usage,app.engines.rag.router,READ_ONLY,,,
GET,/v1/settings/meta,engine_meta,app.engines.settings_engine.router,HEALTH_OR_DIAGNOSTIC,,,
GET,/v1/settings/platform,list_platform,app.engines.settings_engine.router,READ_ONLY,,,
GET,/v1/settings/platform/{key},get_platform,app.engines.settings_engine.router,READ_ONLY,,,
PUT,/v1/settings/platform/{key},set_platform,app.engines.settings_engine.router,DATABASE_MUTATION,add,,_audit|record_platform_audit
DELETE,/v1/settings/platform/{key},delete_platform,app.engines.settings_engine.router,DATABASE_MUTATION,delete,,
POST,/v1/settings/platform/bulk,bulk_set_platform,app.engines.settings_engine.router,DATABASE_MUTATION,add,,_audit
GET,/v1/settings/plans/{plan_type},list_plan,app.engines.settings_engine.router,READ_ONLY,,,
PUT,/v1/settings/plans/{plan_type}/{key},set_plan,app.engines.settings_engine.router,DATABASE_MUTATION,add,,_audit|record_platform_audit
DELETE,/v1/settings/plans/{plan_type}/{key},delete_plan,app.engines.settings_engine.router,DATABASE_MUTATION,delete,,
GET,/v1/settings/tenants/{tenant_id},list_tenant,app.engines.settings_engine.router,READ_ONLY,,,
PUT,/v1/settings/tenants/{tenant_id}/{key},set_tenant,app.engines.settings_engine.router,DATABASE_MUTATION,add,,_audit|record_platform_audit
DELETE,/v1/settings/tenants/{tenant_id}/{key},delete_tenant,app.engines.settings_engine.router,DATABASE_MUTATION,add|delete,,_audit|record_platform_audit
GET,/v1/settings/resolve/{key},resolve,app.engines.settings_engine.router,READ_ONLY,,,
GET,/v1/settings/audit-log,audit_log,app.engines.settings_engine.router,READ_ONLY,,,
GET,/v1/admin/settings/summary,summary,app.engines.settings_engine.admin_router,READ_ONLY,,,
POST,/v1/admin/settings/seed-defaults/preview,seed_defaults_preview,app.engines.settings_engine.admin_router,DATABASE_MUTATION,add,,_audit|record_platform_audit
POST,/v1/admin/settings/seed-defaults,seed_defaults,app.engines.settings_engine.admin_router,DATABASE_MUTATION,add,,_audit|record_platform_audit
GET,/v1/admin/settings,list_settings,app.engines.settings_engine.admin_router,READ_ONLY,,,
GET,/v1/admin/settings/groups,list_groups,app.engines.settings_engine.admin_router,READ_ONLY,,,
POST,/v1/admin/settings,create_setting,app.engines.settings_engine.admin_router,DATABASE_MUTATION,add,,_audit|record_platform_audit
PUT,/v1/admin/settings/{setting_key},update_setting,app.engines.settings_engine.admin_router,DATABASE_MUTATION,add|raw_sql,,_audit|record_platform_audit
POST,/v1/admin/settings/{setting_key}/enable,enable_setting,app.engines.settings_engine.admin_router,DATABASE_MUTATION,add,,_audit|record_platform_audit
POST,/v1/admin/settings/{setting_key}/disable,disable_setting,app.engines.settings_engine.admin_router,DATABASE_MUTATION,add,,_audit|record_platform_audit
POST,/v1/admin/settings/{setting_key}/impact-preview,impact_preview,app.engines.settings_engine.admin_router,READ_ONLY_POST,,,
POST,/v1/admin/settings/{setting_key}/rollback,rollback_setting,app.engines.settings_engine.admin_router,DATABASE_MUTATION,add,,_audit|record_platform_audit
GET,/v1/admin/settings/{setting_key}/history,setting_history,app.engines.settings_engine.admin_router,READ_ONLY,,,
POST,/v1/admin/settings/resolve-effective-value,resolve_effective_value,app.engines.settings_engine.admin_router,READ_ONLY_POST,,,
GET,/v1/admin/settings/plans,list_plans,app.engines.settings_engine.admin_router,READ_ONLY,,,
GET,/v1/admin/settings/plans/{package_id},get_plan,app.engines.settings_engine.admin_router,READ_ONLY,,,
PUT,/v1/admin/settings/plans/{package_id},update_plan,app.engines.settings_engine.admin_router,DATABASE_MUTATION,add|raw_sql,,
GET,/v1/admin/settings/categories,list_category_settings,app.engines.settings_engine.admin_router,READ_ONLY,,,
GET,/v1/admin/settings/categories/{category_id},get_category_settings,app.engines.settings_engine.admin_router,READ_ONLY,,,
PUT,/v1/admin/settings/categories/{category_id},update_category_settings,app.engines.settings_engine.admin_router,DATABASE_MUTATION,raw_sql,,
GET,/v1/admin/settings/tenant-overrides,list_tenant_overrides,app.engines.settings_engine.admin_router,READ_ONLY,,,
POST,/v1/admin/settings/tenant-overrides,create_tenant_override,app.engines.settings_engine.admin_router,DATABASE_MUTATION,add,,_audit|record_platform_audit
PUT,/v1/admin/settings/tenant-overrides/{override_id},update_tenant_override,app.engines.settings_engine.admin_router,DATABASE_MUTATION,add|raw_sql,,_audit|record_platform_audit
POST,/v1/admin/settings/tenant-overrides/{override_id}/revoke,revoke_tenant_override,app.engines.settings_engine.admin_router,DATABASE_MUTATION,add|delete,,_audit|record_platform_audit
GET,/v1/admin/settings/feature-flags,list_feature_flags,app.engines.settings_engine.admin_router,READ_ONLY,,,
POST,/v1/admin/settings/feature-flags,create_feature_flag,app.engines.settings_engine.admin_router,DATABASE_MUTATION,add|flush,,
PUT,/v1/admin/settings/feature-flags/{flag_id},update_feature_flag,app.engines.settings_engine.admin_router,DATABASE_MUTATION,raw_sql,,
POST,/v1/admin/settings/feature-flags/{flag_id}/enable,enable_feature_flag,app.engines.settings_engine.admin_router,READ_ONLY_POST,,,
POST,/v1/admin/settings/feature-flags/{flag_id}/disable,disable_feature_flag,app.engines.settings_engine.admin_router,READ_ONLY_POST,,,
GET,/v1/admin/settings/audit-logs,audit_logs,app.engines.settings_engine.admin_router,READ_ONLY,,,
GET,/v1/admin/settings/{setting_key},get_setting,app.engines.settings_engine.admin_router,READ_ONLY,,,
GET,/v1/notifications/meta,engine_meta,app.engines.notification.router,HEALTH_OR_DIAGNOSTIC,,,
POST,/v1/notifications/send,send_notification,app.engines.notification.router,DATABASE_MUTATION,add|flush,,
GET,/v1/notifications/{notification_id},get_status,app.engines.notification.router,READ_ONLY,,,
GET,/v1/notifications/tenants/{tenant_id}/list,list_notifications,app.engines.notification.router,READ_ONLY,,,
POST,/v1/notifications/{notification_id}/retry,retry,app.engines.notification.router,READ_ONLY_POST,,,
GET,/v1/notifications/templates/list,list_templates,app.engines.notification.router,READ_ONLY,,,
POST,/v1/notifications/templates,create_template,app.engines.notification.router,DATABASE_MUTATION,add|flush,,
PUT,/v1/notifications/templates/{template_id},update_template,app.engines.notification.router,READ_ONLY_PUT_OR_PATCH_FALSE_POSITIVE,,,
DELETE,/v1/notifications/templates/{template_id},delete_template,app.engines.notification.router,READ_ONLY_PUT_OR_PATCH_FALSE_POSITIVE,,,
GET,/v1/notifications/tenants/{tenant_id}/channels,list_channels,app.engines.notification.router,READ_ONLY,,,
PUT,/v1/notifications/tenants/{tenant_id}/channels/{channel},set_channel,app.engines.notification.router,DATABASE_MUTATION,add,,
POST,/v1/notifications/tenants/{tenant_id}/channels/{channel}/test,test_channel,app.engines.notification.router,READ_ONLY_POST,,,
GET,/v1/media/meta,engine_meta,app.engines.media.router,HEALTH_OR_DIAGNOSTIC,,,
POST,/v1/media/upload/initiate,initiate_upload,app.engines.media.router,DATABASE_MUTATION,add|flush,,
POST,/v1/media/upload/{session_id}/confirm,confirm_upload,app.engines.media.router,DATABASE_MUTATION,add|flush,,
GET,/v1/media/tenants/{tenant_id}/files,list_files,app.engines.media.router,READ_ONLY,,,
GET,/v1/media/tenants/{tenant_id}/files/{file_id},get_file,app.engines.media.router,READ_ONLY,,,
DELETE,/v1/media/tenants/{tenant_id}/files/{file_id},delete_file,app.engines.media.router,EXTERNAL_SIDE_EFFECT,,delete_file,
GET,/v1/media/tenants/{tenant_id}/quota,storage_quota,app.engines.media.router,READ_ONLY,,,
GET,/v1/analytics/meta,engine_meta,app.engines.analytics.router,HEALTH_OR_DIAGNOSTIC,,,
POST,/v1/analytics/events/ingest,ingest_event,app.engines.analytics.router,DATABASE_MUTATION,add|flush,,
GET,/v1/analytics/events/stream,event_stream,app.engines.analytics.router,READ_ONLY,,,
GET,/v1/analytics/platform/summary,platform_summary,app.engines.analytics.router,READ_ONLY,,,
GET,/v1/analytics/tenants/{tenant_id}/metrics,tenant_metrics,app.engines.analytics.router,READ_ONLY,,,
GET,/v1/analytics/metrics/daily,daily_metrics,app.engines.analytics.router,READ_ONLY,,,
POST,/v1/analytics/metrics/daily/upsert,upsert_daily,app.engines.analytics.router,DATABASE_MUTATION,add|raw_sql,,
GET,/v1/ai/chat/meta,engine_meta,app.engines.ai_chat.router,HEALTH_OR_DIAGNOSTIC,,,
POST,/v1/ai/chat,ai_chat,app.engines.ai_chat.router,READ_ONLY_POST,,,
POST,/v1/media/upload,upload_media,app.engines.media.new_router,DATABASE_AND_EXTERNAL_MUTATION,add|flush,upload,record_platform_audit
GET,/v1/media,list_media,app.engines.media.new_router,READ_ONLY,,,
GET,/v1/media/{media_id},get_media,app.engines.media.new_router,READ_ONLY_WITH_ACCESS_AUDIT,,,record_platform_audit
GET,/v1/media/{media_id}/view,view_media,app.engines.media.new_router,READ_ONLY_WITH_ACCESS_AUDIT,,,record_platform_audit
GET,/v1/media/{media_id}/download,download_media,app.engines.media.new_router,READ_ONLY_WITH_ACCESS_AUDIT,,,record_platform_audit
POST,/v1/media/{media_id}/replace,replace_media,app.engines.media.new_router,DATABASE_MUTATION,add|flush,,record_platform_audit
DELETE,/v1/media/{media_id},delete_media,app.engines.media.new_router,DATABASE_AND_EXTERNAL_MUTATION,raw_sql,delete_file,record_platform_audit
POST,/v1/me/profile-photo,upload_my_profile_photo,app.engines.media.new_router,DATABASE_AND_EXTERNAL_MUTATION,add|flush|raw_sql,upload,record_platform_audit
DELETE,/v1/me/profile-photo,remove_my_profile_photo,app.engines.media.new_router,EXTERNAL_SIDE_EFFECT,,delete_file,record_platform_audit
POST,/v1/customer/profile/photo,upload_customer_profile_photo,app.engines.media.new_router,DATABASE_AND_EXTERNAL_MUTATION,add|flush|raw_sql,upload,record_platform_audit
DELETE,/v1/customer/profile/photo,remove_customer_profile_photo,app.engines.media.new_router,EXTERNAL_SIDE_EFFECT,,delete_file,record_platform_audit
POST,/v1/provider/profile/logo,upload_provider_logo,app.engines.media.new_router,DATABASE_AND_EXTERNAL_MUTATION,add|flush|raw_sql,upload,record_platform_audit
DELETE,/v1/provider/profile/logo,remove_provider_logo,app.engines.media.new_router,EXTERNAL_SIDE_EFFECT,,delete_file,record_platform_audit
POST,/v1/provider/profile/shop-photo,upload_provider_shop_photo,app.engines.media.new_router,DATABASE_AND_EXTERNAL_MUTATION,add|flush,upload,record_platform_audit
DELETE,/v1/provider/profile/shop-photo,remove_provider_shop_photo,app.engines.media.new_router,EXTERNAL_SIDE_EFFECT,,delete_file,record_platform_audit
POST,/v1/staff/profile/photo,upload_staff_profile_photo,app.engines.media.new_router,DATABASE_AND_EXTERNAL_MUTATION,add|flush|raw_sql,upload,record_platform_audit
DELETE,/v1/staff/profile/photo,remove_staff_profile_photo,app.engines.media.new_router,EXTERNAL_SIDE_EFFECT,,delete_file,record_platform_audit
GET,/v1/admin/media/summary,get_media_summary,app.engines.media.admin_router,READ_ONLY,,,
GET,/v1/admin/media/storage-summary,get_storage_summary,app.engines.media.admin_router,READ_ONLY,,,
GET,/v1/admin/media/filter-options,get_filter_options,app.engines.media.admin_router,READ_ONLY,,,
GET,/v1/admin/media,list_media,app.engines.media.admin_router,READ_ONLY,,,
GET,/v1/admin/media/{media_id},get_media_detail,app.engines.media.admin_router,MUTATING_GET,raw_sql,,
GET,/v1/admin/media/{media_id}/linked-records,get_linked_records,app.engines.media.admin_router,READ_ONLY,,,
GET,/v1/admin/media/{media_id}/audit-logs,get_audit_logs,app.engines.media.admin_router,READ_ONLY,,,
POST,/v1/admin/media/{media_id}/signed-preview-url,create_signed_preview_url,app.engines.media.admin_router,DATABASE_MUTATION,raw_sql,,
POST,/v1/admin/media/{media_id}/signed-download-url,create_signed_download_url,app.engines.media.admin_router,DATABASE_MUTATION,raw_sql,,
POST,/v1/admin/media/{media_id}/archive,archive_media,app.engines.media.admin_router,DATABASE_MUTATION,raw_sql,,
POST,/v1/admin/media/{media_id}/restore,restore_media,app.engines.media.admin_router,DATABASE_MUTATION,raw_sql,,
DELETE,/v1/admin/media/{media_id},delete_media,app.engines.media.admin_router,DATABASE_AND_EXTERNAL_MUTATION,raw_sql,delete_file,record_platform_audit
POST,/v1/admin/media/{media_id}/change-visibility,change_visibility,app.engines.media.admin_router,DATABASE_MUTATION,raw_sql,,
POST,/v1/admin/media/{media_id}/flag,flag_media,app.engines.media.admin_router,DATABASE_MUTATION,raw_sql,,
POST,/v1/admin/media/{media_id}/mark-clean,mark_clean,app.engines.media.admin_router,DATABASE_MUTATION,raw_sql,,
POST,/v1/admin/media/{media_id}/quarantine,quarantine_media,app.engines.media.admin_router,DATABASE_MUTATION,raw_sql,,
POST,/v1/admin/media/bulk/archive,bulk_archive,app.engines.media.admin_router,DATABASE_MUTATION,raw_sql,,
POST,/v1/admin/media/bulk/delete,bulk_delete,app.engines.media.admin_router,EXTERNAL_SIDE_EFFECT,,delete_file,record_platform_audit
POST,/v1/admin/media/bulk/change-visibility,bulk_change_visibility,app.engines.media.admin_router,DATABASE_MUTATION,raw_sql,,
GET,/v1/admin/media/export/csv,export_csv,app.engines.media.admin_router,READ_ONLY,,,
GET,/v1/media/signed/{token},resolve_signed_media,app.engines.media.admin_router,MUTATING_GET,raw_sql,,
GET,/v1/me/profile,get_my_profile,app.engines.profile.router,READ_ONLY,,,
PUT,/v1/me/profile,update_my_profile,app.engines.profile.router,DATABASE_MUTATION,raw_sql,,record_platform_audit
GET,/v1/provider/business-profile,get_business_profile,app.engines.profile.router,READ_ONLY,,,
PUT,/v1/provider/business-profile,update_business_profile,app.engines.profile.router,DATABASE_MUTATION,raw_sql,,record_platform_audit
POST,/v1/provider/business-profile/submit-review,submit_business_profile_for_review,app.engines.profile.router,DATABASE_MUTATION,,,record_platform_audit
GET,/v1/staff/profile,get_staff_profile,app.engines.profile.router,READ_ONLY,,,
PUT,/v1/staff/profile,update_staff_profile,app.engines.profile.router,DATABASE_MUTATION,raw_sql,,record_platform_audit
GET,/v1/customer/profile,get_customer_profile,app.engines.profile.router,READ_ONLY,,,
PUT,/v1/customer/profile,update_customer_profile,app.engines.profile.router,DATABASE_MUTATION,raw_sql,,record_platform_audit
GET,/v1/pricing/meta,engine_meta,app.engines.pricing.router,HEALTH_OR_DIAGNOSTIC,,,
GET,/v1/pricing/city-tiers,list_city_tiers,app.engines.pricing.router,READ_ONLY,,,
GET,/v1/pricing/city-tiers/{config_id},get_city_tier,app.engines.pricing.router,READ_ONLY,,,
POST,/v1/pricing/city-tiers,create_city_tier,app.engines.pricing.router,DATABASE_MUTATION,add|flush,,
PUT,/v1/pricing/city-tiers/{config_id},update_city_tier,app.engines.pricing.router,DATABASE_MUTATION,raw_sql,,
DELETE,/v1/pricing/city-tiers/{config_id},delete_city_tier,app.engines.pricing.router,READ_ONLY_PUT_OR_PATCH_FALSE_POSITIVE,,,
GET,/v1/pricing/tenants/{tenant_id}/prices,list_tenant_prices,app.engines.pricing.router,READ_ONLY,,,
GET,/v1/pricing/tenants/{tenant_id}/prices/{service_type_id},get_tenant_price,app.engines.pricing.router,READ_ONLY,,,
POST,/v1/pricing/tenants/{tenant_id}/prices/set,set_tenant_price,app.engines.pricing.router,DATABASE_MUTATION,add|flush,,
GET,/v1/pricing/tenants/{tenant_id}/prices/{service_type_id}/history,get_price_history,app.engines.pricing.router,READ_ONLY,,,
GET,/v1/pricing/tenants/{tenant_id}/brand-adjustment,get_brand_adj,app.engines.pricing.router,READ_ONLY,,,
PUT,/v1/pricing/tenants/{tenant_id}/brand-adjustment,set_brand_adj,app.engines.pricing.router,DATABASE_MUTATION,add|flush,,
GET,/v1/pricing/tenants/{tenant_id}/zones,list_zones,app.engines.pricing.router,READ_ONLY,,,
POST,/v1/pricing/tenants/{tenant_id}/zones,create_zone,app.engines.pricing.router,DATABASE_MUTATION,add|flush,,
GET,/v1/pricing/tenants/{tenant_id}/zones/{zone_id},get_zone,app.engines.pricing.router,READ_ONLY,,,
PUT,/v1/pricing/tenants/{tenant_id}/zones/{zone_id},update_zone,app.engines.pricing.router,DATABASE_MUTATION,raw_sql,,
DELETE,/v1/pricing/tenants/{tenant_id}/zones/{zone_id},delete_zone,app.engines.pricing.router,DATABASE_MUTATION,delete,,
GET,/v1/pricing/tenants/{tenant_id}/rules,list_rules,app.engines.pricing.router,READ_ONLY,,,
POST,/v1/pricing/tenants/{tenant_id}/rules,create_rule,app.engines.pricing.router,DATABASE_MUTATION,add|flush,,
GET,/v1/pricing/tenants/{tenant_id}/rules/{rule_id},get_rule,app.engines.pricing.router,READ_ONLY,,,
PUT,/v1/pricing/tenants/{tenant_id}/rules/{rule_id},update_rule,app.engines.pricing.router,DATABASE_MUTATION,raw_sql,,
POST,/v1/pricing/tenants/{tenant_id}/rules/{rule_id}/activate,activate_rule,app.engines.pricing.router,READ_ONLY_POST,,,
POST,/v1/pricing/tenants/{tenant_id}/rules/{rule_id}/deactivate,deactivate_rule,app.engines.pricing.router,READ_ONLY_POST,,,
DELETE,/v1/pricing/tenants/{tenant_id}/rules/{rule_id},delete_rule,app.engines.pricing.router,DATABASE_MUTATION,delete,,
POST,/v1/pricing/compute,compute_price,app.engines.pricing.router,DATABASE_MUTATION,add|flush|sqlalchemy.update(),,
POST,/v1/pricing/tenants/{tenant_id}/price-preview,preview_price,app.engines.pricing.router,READ_ONLY_POST,,,
GET,/v1/pricing/snapshots/{snapshot_id},get_snapshot,app.engines.pricing.router,READ_ONLY,,,
POST,/v1/pricing/snapshots/{snapshot_id}/replay,replay_snapshot,app.engines.pricing.router,READ_ONLY_POST,,,
GET,/v1/pricing/tenants/{tenant_id}/snapshots,list_snapshots,app.engines.pricing.router,READ_ONLY,,,
POST,/v1/pricing/tenants/{tenant_id}/cache/invalidate,invalidate_cache,app.engines.pricing.router,READ_ONLY_POST,,,
GET,/v1/pricing/tenants/{tenant_id}/cache/status,cache_status,app.engines.pricing.router,READ_ONLY,,,
GET,/v1/commerce/meta,engine_meta,app.engines.platform_commerce.router,HEALTH_OR_DIAGNOSTIC,,,
GET,/v1/commerce/tenants/{tenant_id}/deposit,get_deposit,app.engines.platform_commerce.router,MUTATING_GET,add|flush,,
POST,/v1/commerce/tenants/{tenant_id}/deposit/initiate,initiate_deposit,app.engines.platform_commerce.router,DATABASE_AND_EXTERNAL_MUTATION,add|flush,create_order,
POST,/v1/commerce/tenants/{tenant_id}/deposit/confirm,confirm_deposit,app.engines.platform_commerce.router,DATABASE_MUTATION,add|flush,,
GET,/v1/commerce/tenants/{tenant_id}/deposit/transactions,get_deposit_transactions,app.engines.platform_commerce.router,MUTATING_GET,add|flush,,
POST,/v1/commerce/tenants/{tenant_id}/deposit/admin-adjust,admin_adjust_deposit,app.engines.platform_commerce.router,DATABASE_MUTATION,add|flush,,
GET,/v1/commerce/packages,list_packages,app.engines.platform_commerce.router,READ_ONLY,,,
GET,/v1/commerce/packages/{package_id},get_package,app.engines.platform_commerce.router,READ_ONLY,,,
POST,/v1/commerce/packages,create_package,app.engines.platform_commerce.router,DATABASE_MUTATION,add|flush,,
PUT,/v1/commerce/packages/{package_id},update_package,app.engines.platform_commerce.router,DATABASE_MUTATION,raw_sql,,
DELETE,/v1/commerce/packages/{package_id},archive_package,app.engines.platform_commerce.router,READ_ONLY_PUT_OR_PATCH_FALSE_POSITIVE,,,
GET,/v1/commerce/tenants/{tenant_id}/wallet,get_wallet,app.engines.platform_commerce.router,READ_ONLY,,,
POST,/v1/commerce/tenants/{tenant_id}/wallet/purchase/initiate,initiate_purchase,app.engines.platform_commerce.router,DATABASE_AND_EXTERNAL_MUTATION,add|flush,create_order,
POST,/v1/commerce/tenants/{tenant_id}/wallet/purchase/confirm,confirm_purchase,app.engines.platform_commerce.router,DATABASE_MUTATION,add|flush,,
GET,/v1/commerce/tenants/{tenant_id}/wallet/transactions,get_wallet_transactions,app.engines.platform_commerce.router,READ_ONLY,,,
GET,/v1/commerce/tenants/{tenant_id}/wallet/balance,get_wallet_balance,app.engines.platform_commerce.router,READ_ONLY,,,
POST,/v1/commerce/tenants/{tenant_id}/wallet/deduct,engine_deduct,app.engines.platform_commerce.router,READ_ONLY_POST,,,
POST,/v1/commerce/tenants/{tenant_id}/wallet/credit,admin_credit,app.engines.platform_commerce.router,EXTERNAL_SIDE_EFFECT,,credit_wallet,record_platform_audit
GET,/v1/commerce/tenants/{tenant_id}/wallet/projection,get_projection,app.engines.platform_commerce.router,READ_ONLY,,,
GET,/v1/commerce/tenants/{tenant_id}/commission/rate,get_rate,app.engines.platform_commerce.router,READ_ONLY,,,
POST,/v1/commerce/jobs/{job_id}/commission/deduct,deduct_commission,app.engines.platform_commerce.router,DATABASE_AND_EXTERNAL_MUTATION,add|flush,debit_wallet,
GET,/v1/commerce/tenants/{tenant_id}/commission/history,get_commission_history,app.engines.platform_commerce.router,READ_ONLY,,,
GET,/v1/commerce/tenants/{tenant_id}/commission/projection,get_commission_projection,app.engines.platform_commerce.router,READ_ONLY,,,
GET,/v1/commerce/platform/commission/summary,platform_commission,app.engines.platform_commerce.router,READ_ONLY,,,
GET,/v1/commerce/customers/{customer_id}/health,get_customer_health,app.engines.platform_commerce.router,HEALTH_OR_DIAGNOSTIC,add|flush,,
GET,/v1/commerce/customers/{customer_id}/health/history,get_customer_health_history,app.engines.platform_commerce.router,HEALTH_OR_DIAGNOSTIC,,,
POST,/v1/commerce/customers/{customer_id}/health/signals,update_health_signal,app.engines.platform_commerce.router,HEALTH_OR_DIAGNOSTIC,add|raw_sql,,
POST,/v1/commerce/customers/{customer_id}/health/recompute,recompute_health,app.engines.platform_commerce.router,HEALTH_OR_DIAGNOSTIC,add|flush,,
GET,/v1/commerce/tenants/{tenant_id}/customers,list_customers,app.engines.platform_commerce.router,READ_ONLY,,,
GET,/v1/commerce/tenants/{tenant_id}/customers/at-risk,at_risk_customers,app.engines.platform_commerce.router,READ_ONLY,,,
POST,/v1/commerce/customers/{customer_id}/health/override,override_health,app.engines.platform_commerce.router,HEALTH_OR_DIAGNOSTIC,add,,
POST,/v1/commerce/bookings/{booking_id}/reservation/create,create_reservation,app.engines.platform_commerce.router,DATABASE_MUTATION,add|flush,,
POST,/v1/commerce/bookings/{booking_id}/reservation/confirm,confirm_reservation,app.engines.platform_commerce.router,READ_ONLY_POST,,,
POST,/v1/commerce/bookings/{booking_id}/reservation/release,release_reservation,app.engines.platform_commerce.router,DATABASE_MUTATION,add,,
POST,/v1/commerce/bookings/{booking_id}/reservation/forfeit,forfeit_reservation,app.engines.platform_commerce.router,DATABASE_MUTATION,add,,
POST,/v1/commerce/warranty/claims,submit_claim,app.engines.platform_commerce.router,DATABASE_MUTATION,add|flush,,
GET,/v1/commerce/warranty/claims/{claim_id},get_claim,app.engines.platform_commerce.router,READ_ONLY,,,
GET,/v1/commerce/tenants/{tenant_id}/warranty/claims,list_tenant_claims,app.engines.platform_commerce.router,READ_ONLY,,,
GET,/v1/commerce/warranty/claims,list_all_claims,app.engines.platform_commerce.router,READ_ONLY,,,
POST,/v1/commerce/warranty/claims/{claim_id}/approve,approve_claim,app.engines.platform_commerce.router,DATABASE_MUTATION,add|flush,,
POST,/v1/commerce/warranty/claims/{claim_id}/reject,reject_claim,app.engines.platform_commerce.router,READ_ONLY_POST,,,
GET,/v1/commerce/tenants/{tenant_id}/badges,get_badges,app.engines.platform_commerce.router,READ_ONLY,,,
POST,/v1/commerce/tenants/{tenant_id}/badges/recalculate,recalculate_badges,app.engines.platform_commerce.router,DATABASE_MUTATION,add,,
GET,/v1/commerce/platform/badges/summary,badges_summary,app.engines.platform_commerce.router,READ_ONLY,,,
POST,/v1/commerce/bookings/preflight,run_preflight,app.engines.platform_commerce.router,READ_ONLY_POST,,,
GET,/v1/commerce/bookings/preflight/rules,preflight_rules,app.engines.platform_commerce.router,READ_ONLY,,,
GET,/v1/commerce/platform/summary,platform_summary,app.engines.platform_commerce.router,READ_ONLY,,,
GET,/v1/commerce/platform/tenants/at-risk,at_risk_tenants,app.engines.platform_commerce.router,READ_ONLY,,,
GET,/v1/commerce/platform/commission/daily,daily_commission,app.engines.platform_commerce.router,READ_ONLY,,,
GET,/v1/admin/usage-credits/{tenant_id}/balance,get_balance,app.engines.usage_credits.router,READ_ONLY,,,
GET,/v1/admin/usage-credits/{tenant_id}/ledger,get_ledger,app.engines.usage_credits.router,READ_ONLY,,,
GET,/v1/admin/usage-credits/{tenant_id}/threshold,get_threshold,app.engines.usage_credits.router,READ_ONLY,,,
GET,/v1/admin/usage-credits/reason-codes,get_reason_codes,app.engines.usage_credits.router,READ_ONLY,,,
POST,/v1/admin/usage-credits/{tenant_id}/adjustments,create_adjustment,app.engines.usage_credits.router,DATABASE_MUTATION,add|commit|flush,,record_platform_audit
GET,/v1/customer/categories,list_customer_categories,app.engines.customer_flow.router,READ_ONLY,,,
GET,/v1/customer/categories/{category_slug},get_customer_category,app.engines.customer_flow.router,READ_ONLY,,,
GET,/v1/customer/categories/{category_slug}/runtime,get_customer_category_runtime,app.engines.customer_flow.router,READ_ONLY,,,
GET,/v1/customer/categories/{category_slug}/offerings,list_customer_offerings,app.engines.customer_flow.router,READ_ONLY,,,
GET,/v1/customer/categories/{category_slug}/offerings/{offering_slug},get_customer_offering,app.engines.customer_flow.router,READ_ONLY,,,
POST,/v1/customer/flow/resolve,resolve_customer_flow,app.engines.customer_flow.router,READ_ONLY_POST,,,
GET,/v1/customer/search,customer_search,app.engines.customer_flow.router,READ_ONLY,,,
GET,/v1/admin/categories/{category_id}/customer-flow,get_customer_flow_config,app.engines.customer_flow.admin_router,READ_ONLY,,,
PUT,/v1/admin/categories/{category_id}/customer-flow,upsert_customer_flow_config,app.engines.customer_flow.admin_router,DATABASE_MUTATION,add|flush|raw_sql,,
POST,/v1/admin/categories/{category_id}/customer-flow/activate,activate_customer_flow_config,app.engines.customer_flow.admin_router,DATABASE_MUTATION,flush,,
POST,/v1/admin/categories/{category_id}/customer-flow/deactivate,deactivate_customer_flow_config,app.engines.customer_flow.admin_router,DATABASE_MUTATION,flush,,
GET,/v1/admin/categories/summary,get_categories_summary,app.engines.admin_catalog.category_runtime_router,READ_ONLY,,,
GET,/v1/admin/categories,list_categories,app.engines.admin_catalog.category_runtime_router,READ_ONLY,,,
GET,/v1/admin/categories/export,export_categories,app.engines.admin_catalog.category_runtime_router,READ_ONLY,,,
GET,/v1/admin/categories/{category_id},get_category,app.engines.admin_catalog.category_runtime_router,READ_ONLY,,,
PUT,/v1/admin/categories/{category_id},update_category,app.engines.admin_catalog.category_runtime_router,DATABASE_MUTATION,flush|raw_sql,,
GET,/v1/admin/categories/{category_id}/runtime,get_category_runtime,app.engines.admin_catalog.category_runtime_router,READ_ONLY,,,
PUT,/v1/admin/categories/{category_id}/runtime,update_category_runtime,app.engines.admin_catalog.category_runtime_router,DATABASE_MUTATION,flush|raw_sql,,
GET,/v1/admin/categories/{category_id}/readiness,get_category_readiness,app.engines.admin_catalog.category_runtime_router,READ_ONLY,,,
POST,/v1/admin/categories/{category_id}/activate,activate_category,app.engines.admin_catalog.category_runtime_router,DATABASE_MUTATION,flush,,
POST,/v1/admin/categories/{category_id}/deactivate,deactivate_category,app.engines.admin_catalog.category_runtime_router,DATABASE_MUTATION,flush,,
GET,/v1/admin/categories/{category_id}/engines,list_category_engines,app.engines.admin_catalog.category_runtime_router,READ_ONLY,,,
POST,/v1/admin/categories/{category_id}/engines/{engine_id}/enable,enable_category_engine,app.engines.admin_catalog.category_runtime_router,DATABASE_MUTATION,flush,,
POST,/v1/admin/categories/{category_id}/engines/{engine_id}/disable,disable_category_engine,app.engines.admin_catalog.category_runtime_router,READ_ONLY_POST,,,
POST,/v1/admin/categories/{category_id}/engines/{engine_id}/set-primary,set_primary_engine,app.engines.admin_catalog.category_runtime_router,DATABASE_MUTATION,flush,,
GET,/v1/admin/categories/{category_id}/dashboard-modules,list_dashboard_modules,app.engines.admin_catalog.category_runtime_router,READ_ONLY,,,
POST,/v1/admin/categories/{category_id}/dashboard-modules,create_dashboard_module,app.engines.admin_catalog.category_runtime_router,READ_ONLY_POST,,,
PUT,/v1/admin/categories/{category_id}/dashboard-modules/{module_id},update_dashboard_module,app.engines.admin_catalog.category_runtime_router,DATABASE_MUTATION,raw_sql,,
POST,/v1/admin/categories/{category_id}/dashboard-modules/{module_id}/enable,enable_module,app.engines.admin_catalog.category_runtime_router,READ_ONLY_POST,,,
POST,/v1/admin/categories/{category_id}/dashboard-modules/{module_id}/disable,disable_module,app.engines.admin_catalog.category_runtime_router,READ_ONLY_POST,,,
POST,/v1/admin/categories/{category_id}/dashboard-modules/reorder,reorder_modules,app.engines.admin_catalog.category_runtime_router,READ_ONLY_POST,,,
POST,/v1/customer/ai-chat/sessions,create_session,app.engines.ai_conversation.customer_router,DATABASE_MUTATION,add|commit|flush,,_audit
GET,/v1/customer/ai-chat/sessions,list_my_sessions,app.engines.ai_conversation.customer_router,READ_ONLY,,,
GET,/v1/customer/ai-chat/sessions/{session_id},get_session,app.engines.ai_conversation.customer_router,READ_ONLY,,,
POST,/v1/customer/ai-chat/sessions/{session_id}/close,close_session,app.engines.ai_conversation.customer_router,DATABASE_MUTATION,add|commit|flush,,_audit
POST,/v1/customer/ai-chat/sessions/{session_id}/messages,send_message,app.engines.ai_conversation.customer_router,DATABASE_MUTATION,add|commit|flush,,_audit
GET,/v1/customer/ai-chat/sessions/{session_id}/messages,get_messages,app.engines.ai_conversation.customer_router,READ_ONLY,,,
GET,/v1/admin/ai-chat/sessions,admin_list_sessions,app.engines.ai_conversation.admin_router,READ_ONLY,,,
GET,/v1/admin/ai-chat/sessions/{session_id},admin_get_session,app.engines.ai_conversation.admin_router,READ_ONLY,,,
GET,/v1/admin/ai-chat/sessions/{session_id}/messages,admin_get_session_messages,app.engines.ai_conversation.admin_router,READ_ONLY,,,
GET,/v1/admin/ai-chat/logs,admin_list_logs,app.engines.ai_conversation.admin_router,READ_ONLY,,,
GET,/v1/admin/ai-chat/logs/{log_id},admin_get_log,app.engines.ai_conversation.admin_router,READ_ONLY,,,
GET,/v1/admin/ai-chat/prompt-templates,list_prompt_templates,app.engines.ai_conversation.admin_router,READ_ONLY,,,
POST,/v1/admin/ai-chat/prompt-templates,create_prompt_template,app.engines.ai_conversation.admin_router,DATABASE_MUTATION,add|commit|flush,,
GET,/v1/admin/ai-chat/prompt-templates/{template_key},get_prompt_template,app.engines.ai_conversation.admin_router,READ_ONLY,,,
PUT,/v1/admin/ai-chat/prompt-templates/{template_key},update_prompt_template,app.engines.ai_conversation.admin_router,DATABASE_MUTATION,commit|flush|raw_sql,,
POST,/v1/admin/ai-chat/test-console,admin_test_console,app.engines.ai_conversation.admin_router,READ_ONLY_POST,,,
POST,/v1/customer/home-services/booking-drafts,start_booking_draft,app.engines.home_service_booking.customer_router,DATABASE_MUTATION,add|commit|flush,,
GET,/v1/customer/home-services/booking-drafts/{draft_id},get_booking_draft,app.engines.home_service_booking.customer_router,READ_ONLY,,,
PUT,/v1/customer/home-services/booking-drafts/{draft_id},update_draft_fields,app.engines.home_service_booking.customer_router,DATABASE_MUTATION,add|commit|flush|raw_sql,,
POST,/v1/customer/home-services/booking-drafts/{draft_id}/serviceability-check,check_serviceability,app.engines.home_service_booking.customer_router,DATABASE_MUTATION,add|commit|flush|raw_sql,,
POST,/v1/customer/home-services/booking-drafts/{draft_id}/price-estimate,resolve_price_estimate,app.engines.home_service_booking.customer_router,DATABASE_MUTATION,add|commit|flush,,
POST,/v1/customer/home-services/booking-drafts/{draft_id}/match-and-price,match_and_price,app.engines.home_service_booking.customer_router,DATABASE_MUTATION,add|commit|flush,,
POST,/v1/customer/home-services/booking-drafts/{draft_id}/confirm-price-choice,confirm_price_choice,app.engines.home_service_booking.customer_router,DATABASE_MUTATION,add|commit|flush,,
POST,/v1/customer/home-services/booking-drafts/{draft_id}/match-providers,find_bookable_providers,app.engines.home_service_booking.customer_router,DATABASE_MUTATION,add|commit|flush,,
POST,/v1/customer/home-services/booking-drafts/{draft_id}/select-provider,select_provider,app.engines.home_service_booking.customer_router,DATABASE_MUTATION,add|commit|flush,,
POST,/v1/customer/home-services/booking-drafts/{draft_id}/summary,build_booking_summary,app.engines.home_service_booking.customer_router,DATABASE_MUTATION,add|commit|flush,,
POST,/v1/customer/home-services/booking-drafts/{draft_id}/confirm,confirm_draft,app.engines.home_service_booking.customer_router,DATABASE_MUTATION,commit,,
POST,/v1/customer/home-services/booking-drafts/{draft_id}/cancel,cancel_draft,app.engines.home_service_booking.customer_router,DATABASE_MUTATION,add|commit|flush,,
POST,/v1/customer/home-services/booking-drafts/{draft_id}/photos,add_photo,app.engines.home_service_booking.customer_router,DATABASE_MUTATION,add|commit|flush,,
GET,/v1/admin/home-services/booking-drafts,admin_list_drafts,app.engines.home_service_booking.admin_router,READ_ONLY,,,
GET,/v1/admin/home-services/booking-drafts/{draft_id},admin_get_draft,app.engines.home_service_booking.admin_router,READ_ONLY,,,
GET,/v1/admin/home-services/booking-drafts/{draft_id}/events,admin_get_draft_events,app.engines.home_service_booking.admin_router,READ_ONLY,,,
POST,/v1/customer/coaching/appointment-drafts,start_appointment_draft,app.engines.coaching_appointment.customer_router,DATABASE_MUTATION,add|flush,,
GET,/v1/customer/coaching/appointment-drafts/{draft_id},get_appointment_draft,app.engines.coaching_appointment.customer_router,READ_ONLY,,,
PUT,/v1/customer/coaching/appointment-drafts/{draft_id},update_draft_fields,app.engines.coaching_appointment.customer_router,DATABASE_MUTATION,add|flush,,
POST,/v1/customer/coaching/appointment-drafts/{draft_id}/find-centers,find_bookable_centers,app.engines.coaching_appointment.customer_router,DATABASE_MUTATION,add|flush,,
POST,/v1/customer/coaching/appointment-drafts/{draft_id}/available-slots,get_available_slots,app.engines.coaching_appointment.customer_router,DATABASE_MUTATION,add|flush,,
POST,/v1/customer/coaching/appointment-drafts/{draft_id}/next-available-slots,find_next_available_slots,app.engines.coaching_appointment.customer_router,DATABASE_MUTATION,add|flush,,
POST,/v1/customer/coaching/appointment-drafts/{draft_id}/select-slot,select_slot,app.engines.coaching_appointment.customer_router,DATABASE_MUTATION,add|flush,,
POST,/v1/customer/coaching/appointment-drafts/{draft_id}/fee-estimate,get_fee_estimate,app.engines.coaching_appointment.customer_router,DATABASE_MUTATION,add|flush,,
POST,/v1/customer/coaching/appointment-drafts/{draft_id}/summary,get_appointment_summary,app.engines.coaching_appointment.customer_router,DATABASE_MUTATION,add|flush,,
POST,/v1/customer/coaching/appointment-drafts/{draft_id}/confirm,confirm_draft,app.engines.coaching_appointment.customer_router,DATABASE_MUTATION,commit,,
POST,/v1/customer/coaching/appointment-drafts/{draft_id}/cancel,cancel_draft,app.engines.coaching_appointment.customer_router,DATABASE_MUTATION,add|flush,,
GET,/v1/admin/coaching/appointment-drafts,admin_list_drafts,app.engines.coaching_appointment.admin_router,READ_ONLY,,,
GET,/v1/admin/coaching/appointment-drafts/{draft_id},admin_get_draft,app.engines.coaching_appointment.admin_router,READ_ONLY,,,
GET,/v1/admin/coaching/appointment-drafts/{draft_id}/events,admin_get_draft_events,app.engines.coaching_appointment.admin_router,READ_ONLY,,,
GET,/v1/admin/coaching/appointment-slot-holds,admin_list_slot_holds,app.engines.coaching_appointment.admin_router,READ_ONLY,,,
POST,/v1/customer/real-estate/lead-drafts,start_lead_draft,app.engines.real_estate_lead.customer_router,DATABASE_MUTATION,add|commit|flush,,_log_event
GET,/v1/customer/real-estate/lead-drafts/{draft_id},get_lead_draft,app.engines.real_estate_lead.customer_router,READ_ONLY,,,
PUT,/v1/customer/real-estate/lead-drafts/{draft_id},update_lead_draft,app.engines.real_estate_lead.customer_router,DATABASE_MUTATION,add|commit|flush|raw_sql,,_log_event
POST,/v1/customer/real-estate/lead-drafts/{draft_id}/check-location,check_location,app.engines.real_estate_lead.customer_router,DATABASE_MUTATION,add|commit|flush,,_log_event
POST,/v1/customer/real-estate/lead-drafts/{draft_id}/find-providers,find_providers,app.engines.real_estate_lead.customer_router,DATABASE_MUTATION,add|commit|flush,,_log_event
POST,/v1/customer/real-estate/lead-drafts/{draft_id}/fallback-options,get_fallback_options,app.engines.real_estate_lead.customer_router,DATABASE_MUTATION,add|commit|flush,,_log_event
POST,/v1/customer/real-estate/lead-drafts/{draft_id}/score,calculate_score,app.engines.real_estate_lead.customer_router,DATABASE_MUTATION,add|commit|flush,,_log_event
POST,/v1/customer/real-estate/lead-drafts/{draft_id}/summary,build_summary,app.engines.real_estate_lead.customer_router,DATABASE_MUTATION,add|commit|flush,,_log_event
POST,/v1/customer/real-estate/lead-drafts/{draft_id}/confirm,confirm_draft,app.engines.real_estate_lead.customer_router,DATABASE_MUTATION,commit,,
POST,/v1/customer/real-estate/lead-drafts/{draft_id}/cancel,cancel_draft,app.engines.real_estate_lead.customer_router,DATABASE_MUTATION,add|commit|flush,,_log_event
GET,/v1/admin/real-estate/lead-drafts,admin_list_drafts,app.engines.real_estate_lead.admin_router,READ_ONLY,,,
GET,/v1/admin/real-estate/lead-drafts/{draft_id},admin_get_draft,app.engines.real_estate_lead.admin_router,READ_ONLY,,,
GET,/v1/admin/real-estate/lead-drafts/{draft_id}/events,admin_get_draft_events,app.engines.real_estate_lead.admin_router,READ_ONLY,,,
GET,/v1/admin/real-estate/lead-routing-rules,admin_list_routing_rules,app.engines.real_estate_lead.admin_router,READ_ONLY,,,
POST,/v1/admin/real-estate/lead-routing-rules,admin_create_routing_rule,app.engines.real_estate_lead.admin_router,DATABASE_MUTATION,add|commit|flush,,
PUT,/v1/admin/real-estate/lead-routing-rules/{rule_id},admin_update_routing_rule,app.engines.real_estate_lead.admin_router,DATABASE_MUTATION,commit|flush|raw_sql,,
POST,/v1/admin/real-estate/lead-routing-rules/{rule_id}/activate,admin_activate_rule,app.engines.real_estate_lead.admin_router,DATABASE_MUTATION,commit|flush,,
POST,/v1/admin/real-estate/lead-routing-rules/{rule_id}/deactivate,admin_deactivate_rule,app.engines.real_estate_lead.admin_router,DATABASE_MUTATION,commit|flush,,
POST,/v1/admin/real-estate/seed,admin_seed_real_estate,app.engines.real_estate_lead.admin_router,DATABASE_MUTATION,commit,,
POST,/v1/admin/real-estate/expire-drafts,admin_expire_drafts,app.engines.real_estate_lead.admin_router,DATABASE_MUTATION,commit,,
POST,/v1/customer/confirm/home-service-booking/{draft_id},confirm_home_service_booking,app.engines.final_records.confirm_router,DATABASE_MUTATION,add|commit|flush,,_audit
POST,/v1/customer/confirm/coaching-appointment/{draft_id},confirm_coaching_appointment,app.engines.final_records.confirm_router,DATABASE_MUTATION,add|commit|flush,,_audit
POST,/v1/customer/confirm/real-estate-lead/{draft_id},confirm_real_estate_lead,app.engines.final_records.confirm_router,DATABASE_MUTATION,add|commit|flush,,_audit
GET,/v1/customer/my-activity,get_activity_summary,app.engines.final_records.customer_router,READ_ONLY,,,
GET,/v1/customer/my-activity/bookings,list_my_bookings,app.engines.final_records.customer_router,READ_ONLY,,,
GET,/v1/customer/my-activity/bookings/{booking_id},get_my_booking,app.engines.final_records.customer_router,READ_ONLY,,,
GET,/v1/customer/my-activity/jobs/{job_id},get_my_job,app.engines.final_records.customer_router,READ_ONLY,,,
GET,/v1/customer/my-activity/appointments,list_my_appointments,app.engines.final_records.customer_router,READ_ONLY,,,
GET,/v1/customer/my-activity/appointments/{appointment_id},get_my_appointment,app.engines.final_records.customer_router,READ_ONLY,,,
GET,/v1/customer/my-activity/leads,list_my_leads,app.engines.final_records.customer_router,READ_ONLY,,,
GET,/v1/customer/my-activity/leads/{lead_id},get_my_lead,app.engines.final_records.customer_router,READ_ONLY,,,
GET,/v1/provider/my-records,get_provider_records_summary,app.engines.final_records.provider_router,READ_ONLY,,,
GET,/v1/provider/my-records/bookings,list_provider_bookings,app.engines.final_records.provider_router,READ_ONLY,,,
GET,/v1/provider/my-records/bookings/{booking_id},get_provider_booking,app.engines.final_records.provider_router,READ_ONLY,,,
GET,/v1/provider/my-records/jobs,list_provider_jobs,app.engines.final_records.provider_router,READ_ONLY,,,
GET,/v1/provider/my-records/jobs/{job_id},get_provider_job,app.engines.final_records.provider_router,READ_ONLY,,,
GET,/v1/provider/my-records/appointments,list_provider_appointments,app.engines.final_records.provider_router,READ_ONLY,,,
GET,/v1/provider/my-records/appointments/{appointment_id},get_provider_appointment,app.engines.final_records.provider_router,READ_ONLY,,,
GET,/v1/provider/my-records/leads,list_provider_leads,app.engines.final_records.provider_router,READ_ONLY,,,
GET,/v1/provider/my-records/leads/{lead_id},get_provider_lead,app.engines.final_records.provider_router,READ_ONLY,,,
GET,/v1/admin/final-records/bookings,admin_list_bookings,app.engines.final_records.admin_router,READ_ONLY,,,
GET,/v1/admin/final-records/bookings/{booking_id},admin_get_booking,app.engines.final_records.admin_router,READ_ONLY,,,
GET,/v1/admin/final-records/jobs/summary,admin_jobs_summary,app.engines.final_records.admin_router,READ_ONLY,,,
GET,/v1/admin/final-records/jobs,admin_list_jobs,app.engines.final_records.admin_router,READ_ONLY,,,
GET,/v1/admin/final-records/jobs/{job_id},admin_get_job,app.engines.final_records.admin_router,READ_ONLY,,,
GET,/v1/admin/final-records/appointments,admin_list_appointments,app.engines.final_records.admin_router,READ_ONLY,,,
GET,/v1/admin/final-records/appointments/{appointment_id},admin_get_appointment,app.engines.final_records.admin_router,READ_ONLY,,,
GET,/v1/admin/final-records/leads,admin_list_leads,app.engines.final_records.admin_router,READ_ONLY,,,
GET,/v1/admin/final-records/leads/{lead_id},admin_get_lead,app.engines.final_records.admin_router,READ_ONLY,,,
GET,/v1/admin/final-records/audit-logs,admin_list_audit_logs,app.engines.final_records.admin_router,READ_ONLY,,,
GET,/v1/admin/final-records/confirmations,admin_list_confirmations,app.engines.final_records.admin_router,READ_ONLY,,,
GET,/v1/provider/service-jobs/assignable,list_assignable_jobs,app.engines.home_service_assignment.provider_router,READ_ONLY,,,
GET,/v1/provider/service-jobs/{job_id}/assignment-context,get_assignment_context,app.engines.home_service_assignment.provider_router,READ_ONLY,,,
GET,/v1/provider/service-jobs/{job_id}/eligible-staff,list_eligible_staff,app.engines.home_service_assignment.provider_router,READ_ONLY,,,
POST,/v1/provider/service-jobs/{job_id}/assign,assign_job,app.engines.home_service_assignment.provider_router,DATABASE_MUTATION,add|commit|flush,,
POST,/v1/provider/service-jobs/{job_id}/reassign,reassign_job,app.engines.home_service_assignment.provider_router,DATABASE_MUTATION,add|commit|flush,,
POST,/v1/provider/service-jobs/{job_id}/cancel-assignment,cancel_assignment,app.engines.home_service_assignment.provider_router,DATABASE_MUTATION,add|commit|flush,,
POST,/v1/provider/service-jobs/{job_id}/schedule,schedule_job,app.engines.home_service_assignment.provider_router,DATABASE_MUTATION,add|commit|flush,,
GET,/v1/provider/service-jobs/{job_id}/assignment-timeline,get_assignment_timeline,app.engines.home_service_assignment.provider_router,READ_ONLY,,,
GET,/v1/staff/service-jobs,list_my_jobs,app.engines.home_service_assignment.staff_router,READ_ONLY,,,
GET,/v1/staff/service-jobs/{job_id},get_my_job,app.engines.home_service_assignment.staff_router,READ_ONLY,,,
POST,/v1/staff/service-jobs/{job_id}/accept,accept_job,app.engines.home_service_assignment.staff_router,DATABASE_MUTATION,add|commit|flush,,
POST,/v1/staff/service-jobs/{job_id}/reject,reject_job,app.engines.home_service_assignment.staff_router,DATABASE_MUTATION,add|commit|flush,,
GET,/v1/staff/service-jobs/{job_id}/assignment-timeline,get_my_job_timeline,app.engines.home_service_assignment.staff_router,READ_ONLY,,,
GET,/v1/customer/bookings,list_bookings,app.engines.home_service_assignment.customer_router,READ_ONLY,,,
GET,/v1/customer/bookings/{booking_id},get_booking,app.engines.home_service_assignment.customer_router,READ_ONLY,,,
GET,/v1/customer/bookings/{booking_id}/tracking,get_booking_tracking,app.engines.home_service_assignment.customer_router,READ_ONLY,,,
POST,/v1/customer/bookings/{booking_id}/rating,submit_booking_rating,app.engines.home_service_assignment.customer_router,READ_ONLY_POST,,,
GET,/v1/customer/bookings/{booking_id}/rating,get_booking_rating,app.engines.home_service_assignment.customer_router,READ_ONLY,,,
POST,/v1/customer/bookings/{booking_id}/cancel,cancel_booking,app.engines.home_service_assignment.customer_router,DATABASE_MUTATION,add|commit|flush,,
POST,/v1/customer/bookings/{booking_id}/reschedule,reschedule_booking,app.engines.home_service_assignment.customer_router,DATABASE_MUTATION,add|commit|flush,,
GET,/v1/admin/service-job-assignments,list_assignments,app.engines.home_service_assignment.admin_router,READ_ONLY,,,
GET,/v1/admin/service-job-assignments/unassigned,list_unassigned_jobs,app.engines.home_service_assignment.admin_router,READ_ONLY,,,
GET,/v1/admin/service-job-assignments/assigned,list_assigned_jobs,app.engines.home_service_assignment.admin_router,READ_ONLY,,,
GET,/v1/admin/service-job-assignments/{assignment_id},get_assignment,app.engines.home_service_assignment.admin_router,READ_ONLY,,,
GET,/v1/admin/service-jobs/{job_id}/assignment-timeline,admin_get_timeline,app.engines.home_service_assignment.admin_router,READ_ONLY,,,
GET,/v1/admin/service-jobs/{job_id}/eligible-technicians,admin_list_eligible_technicians,app.engines.home_service_assignment.admin_router,READ_ONLY,,,
POST,/v1/admin/service-jobs/{job_id}/reassign,admin_reassign_job,app.engines.home_service_assignment.admin_router,DATABASE_MUTATION,add|commit|flush,,record_platform_audit
POST,/v1/staff/service-jobs/{job_id}/on-the-way,staff_on_the_way,app.engines.execution.home_service_router,DATABASE_MUTATION,add|commit|flush,,_log_event
POST,/v1/staff/service-jobs/{job_id}/reached-site,staff_reached_site,app.engines.execution.home_service_router,DATABASE_MUTATION,add|commit|flush,,_log_event
POST,/v1/staff/service-jobs/{job_id}/start-inspection,staff_start_inspection,app.engines.execution.home_service_router,DATABASE_MUTATION,add|commit|flush,,_log_event
POST,/v1/staff/service-jobs/{job_id}/complete-inspection,staff_complete_inspection,app.engines.execution.home_service_router,DATABASE_MUTATION,add|commit|flush,,_log_event
POST,/v1/staff/service-jobs/{job_id}/start-service,staff_start_service,app.engines.execution.home_service_router,DATABASE_MUTATION,add|commit|flush,,_log_event
POST,/v1/staff/service-jobs/{job_id}/work-done,staff_work_done,app.engines.execution.home_service_router,DATABASE_MUTATION,add|commit|flush,,_log_event
POST,/v1/staff/service-jobs/{job_id}/customer-not-available,staff_customer_not_available,app.engines.execution.home_service_router,DATABASE_MUTATION,add|commit|flush,,_log_event
POST,/v1/staff/service-jobs/{job_id}/quote-required,staff_quote_required,app.engines.execution.home_service_router,DATABASE_MUTATION,add|commit|flush,,_log_event
POST,/v1/staff/service-jobs/{job_id}/parts-required,staff_parts_required,app.engines.execution.home_service_router,DATABASE_MUTATION,add|commit|flush,,_log_event
POST,/v1/staff/service-jobs/{job_id}/notes,staff_add_note,app.engines.execution.home_service_router,DATABASE_MUTATION,add|commit|flush,,_log_event
POST,/v1/staff/service-jobs/{job_id}/diagnosis-notes,staff_add_diagnosis_note,app.engines.execution.home_service_router,DATABASE_MUTATION,add|commit|flush,,_log_event
POST,/v1/staff/service-jobs/{job_id}/media,staff_upload_media,app.engines.execution.home_service_router,DATABASE_MUTATION,add|commit|flush,,_log_event
GET,/v1/staff/service-jobs/{job_id}/timeline,staff_get_timeline,app.engines.execution.home_service_router,READ_ONLY,,,
POST,/v1/staff/service-jobs/{job_id}/parts-requests,staff_create_parts_request,app.engines.execution.home_service_router,DATABASE_MUTATION,add|commit|flush,,_log_event
GET,/v1/staff/service-jobs/{job_id}/parts-requests,staff_list_parts_requests,app.engines.execution.home_service_router,READ_ONLY,,,
POST,/v1/staff/service-jobs/{job_id}/complete,staff_complete_job,app.engines.execution.home_service_router,DATABASE_MUTATION,add|commit|flush,,_log_event
POST,/v1/provider/service-jobs/{job_id}/cancel,provider_cancel_job,app.engines.execution.home_service_router,DATABASE_MUTATION,add|commit|flush,,_log_event
GET,/v1/provider/service-jobs/{job_id}/execution-timeline,provider_get_timeline,app.engines.execution.home_service_router,READ_ONLY,,,
GET,/v1/provider/service-jobs/{job_id}/notes,provider_get_notes,app.engines.execution.home_service_router,READ_ONLY,,,
GET,/v1/provider/service-jobs/{job_id}/media,provider_get_media,app.engines.execution.home_service_router,READ_ONLY,,,
GET,/v1/provider/service-jobs/{job_id}/parts-requests,provider_list_parts_requests,app.engines.execution.home_service_router,READ_ONLY,,,
POST,/v1/provider/service-jobs/{job_id}/parts-requests/{parts_request_id}/approve,provider_approve_parts_request,app.engines.execution.home_service_router,DATABASE_MUTATION,add|commit|flush,,
POST,/v1/provider/service-jobs/{job_id}/parts-requests/{parts_request_id}/reject,provider_reject_parts_request,app.engines.execution.home_service_router,DATABASE_MUTATION,add|commit|flush,,
POST,/v1/provider/service-jobs/{job_id}/parts-requests/{parts_request_id}/install,provider_install_parts_request,app.engines.execution.home_service_router,DATABASE_MUTATION,add|commit|flush,,
GET,/v1/customer/service-jobs/{job_id}/tracking,customer_job_tracking,app.engines.execution.home_service_router,READ_ONLY,,,
GET,/v1/admin/service-jobs/{job_id}/execution-timeline,admin_get_timeline,app.engines.execution.home_service_router,READ_ONLY,,,
GET,/v1/admin/service-jobs/{job_id}/notes,admin_get_notes,app.engines.execution.home_service_router,READ_ONLY,,,
GET,/v1/admin/service-jobs/{job_id}/allowed-override-targets,admin_get_allowed_override_targets,app.engines.execution.home_service_router,READ_ONLY,,,
POST,/v1/admin/service-jobs/{job_id}/status-override,admin_override_status,app.engines.execution.home_service_router,READ_ONLY_POST,,,
POST,/v1/admin/service-jobs/{job_id}/force-close,admin_force_close,app.engines.execution.home_service_router,READ_ONLY_POST,,,
POST,/v1/admin/service-jobs/{job_id}/void,admin_void,app.engines.execution.home_service_router,READ_ONLY_POST,,,
POST,/v1/staff/coaching-appointments/{appointment_id}/accept,staff_accept,app.engines.execution.coaching_router,DATABASE_MUTATION,add|commit|flush,,_log_event
POST,/v1/staff/coaching-appointments/{appointment_id}/reject,staff_reject,app.engines.execution.coaching_router,DATABASE_MUTATION,add|commit|flush,,_log_event
POST,/v1/staff/coaching-appointments/{appointment_id}/start,staff_start,app.engines.execution.coaching_router,DATABASE_MUTATION,add|commit|flush,,_log_event
POST,/v1/staff/coaching-appointments/{appointment_id}/complete,staff_complete,app.engines.execution.coaching_router,DATABASE_MUTATION,add|commit|flush,,_log_event
POST,/v1/staff/coaching-appointments/{appointment_id}/no-show,staff_no_show,app.engines.execution.coaching_router,DATABASE_MUTATION,add|commit|flush,,_log_event
POST,/v1/staff/coaching-appointments/{appointment_id}/request-reschedule,staff_reschedule,app.engines.execution.coaching_router,DATABASE_MUTATION,add|commit|flush,,_log_event
POST,/v1/staff/coaching-appointments/{appointment_id}/notes,staff_add_note,app.engines.execution.coaching_router,DATABASE_MUTATION,add|commit|flush,,
GET,/v1/staff/coaching-appointments/{appointment_id}/timeline,staff_timeline,app.engines.execution.coaching_router,READ_ONLY,,,
POST,/v1/provider/coaching-appointments/{appointment_id}/cancel,provider_cancel,app.engines.execution.coaching_router,DATABASE_MUTATION,add|commit|flush,,_log_event
GET,/v1/provider/coaching-appointments/{appointment_id}/timeline,provider_timeline,app.engines.execution.coaching_router,READ_ONLY,,,
GET,/v1/customer/coaching-appointments/{appointment_id}/tracking,customer_tracking,app.engines.execution.coaching_router,READ_ONLY,,,
GET,/v1/admin/coaching-appointments/{appointment_id}/execution-timeline,admin_timeline,app.engines.execution.coaching_router,READ_ONLY,,,
POST,/v1/staff/real-estate-leads/{lead_id}/accept,agent_accept,app.engines.execution.real_estate_router,DATABASE_MUTATION,add|commit|flush,,_log_event
POST,/v1/staff/real-estate-leads/{lead_id}/reject,agent_reject,app.engines.execution.real_estate_router,DATABASE_MUTATION,add|commit|flush,,_log_event
POST,/v1/staff/real-estate-leads/{lead_id}/mark-contacted,agent_mark_contacted,app.engines.execution.real_estate_router,DATABASE_MUTATION,add|commit|flush,,_log_event
POST,/v1/staff/real-estate-leads/{lead_id}/schedule-follow-up,agent_follow_up,app.engines.execution.real_estate_router,DATABASE_MUTATION,add|commit|flush,,_log_event
POST,/v1/staff/real-estate-leads/{lead_id}/plan-site-visit,agent_plan_site_visit,app.engines.execution.real_estate_router,DATABASE_MUTATION,add|commit|flush,,_log_event
POST,/v1/staff/real-estate-leads/{lead_id}/complete-site-visit,agent_complete_site_visit,app.engines.execution.real_estate_router,DATABASE_MUTATION,add|commit|flush,,_log_event
POST,/v1/staff/real-estate-leads/{lead_id}/qualify,agent_qualify,app.engines.execution.real_estate_router,DATABASE_MUTATION,add|commit|flush,,_log_event
POST,/v1/staff/real-estate-leads/{lead_id}/disqualify,agent_disqualify,app.engines.execution.real_estate_router,DATABASE_MUTATION,add|commit|flush,,_log_event
POST,/v1/staff/real-estate-leads/{lead_id}/convert,agent_convert,app.engines.execution.real_estate_router,DATABASE_MUTATION,add|commit|flush,,_log_event
POST,/v1/staff/real-estate-leads/{lead_id}/close-lost,agent_close_lost,app.engines.execution.real_estate_router,DATABASE_MUTATION,add|commit|flush,,_log_event
POST,/v1/staff/real-estate-leads/{lead_id}/notes,agent_add_note,app.engines.execution.real_estate_router,DATABASE_MUTATION,add|commit|flush,,
GET,/v1/staff/real-estate-leads/{lead_id}/timeline,agent_timeline,app.engines.execution.real_estate_router,READ_ONLY,,,
GET,/v1/provider/real-estate-leads/{lead_id}/timeline,provider_timeline,app.engines.execution.real_estate_router,READ_ONLY,,,
GET,/v1/provider/real-estate-leads/{lead_id}/notes,provider_notes,app.engines.execution.real_estate_router,READ_ONLY,,,
GET,/v1/customer/real-estate-leads/{lead_id}/tracking,customer_tracking,app.engines.execution.real_estate_router,READ_ONLY,,,
GET,/v1/admin/real-estate-leads/{lead_id}/execution-timeline,admin_timeline,app.engines.execution.real_estate_router,READ_ONLY,,,
GET,/v1/admin/real-estate-leads/{lead_id}/notes,admin_notes,app.engines.execution.real_estate_router,READ_ONLY,,,
GET,/v1/staff/my-work,get_my_work,app.engines.execution.my_work_router,READ_ONLY,,,
GET,/provider/quotes/jobs/{job_id},provider_list_job_quotes,app.engines.quote_checklist.provider_router,READ_ONLY,,,
GET,/provider/quotes/{quote_id},provider_get_quote,app.engines.quote_checklist.provider_router,READ_ONLY,,,
GET,/provider/quotes/{quote_id}/events,provider_quote_events,app.engines.quote_checklist.provider_router,READ_ONLY,,,
POST,/provider/quotes/{quote_id}/cancel,provider_cancel_quote,app.engines.quote_checklist.provider_router,DATABASE_MUTATION,add|commit|sqlalchemy.update(),,_log_event
POST,/staff/quotes,staff_create_quote,app.engines.quote_checklist.provider_router,DATABASE_MUTATION,add|commit|flush,,_log_event
GET,/staff/quotes/jobs/{job_id},staff_list_job_quotes,app.engines.quote_checklist.provider_router,READ_ONLY,,,
GET,/staff/quotes/{quote_id},staff_get_quote,app.engines.quote_checklist.provider_router,READ_ONLY,,,
POST,/staff/quotes/{quote_id}/items,staff_add_item,app.engines.quote_checklist.provider_router,DATABASE_MUTATION,add|commit|flush|sqlalchemy.update(),,_log_event
PUT,/staff/quotes/{quote_id}/items/{item_id},staff_update_item,app.engines.quote_checklist.provider_router,DATABASE_MUTATION,add|commit|flush|sqlalchemy.update(),,_log_event
DELETE,/staff/quotes/{quote_id}/items/{item_id},staff_remove_item,app.engines.quote_checklist.provider_router,DATABASE_MUTATION,add|commit|delete|flush|sqlalchemy.update(),,_log_event
POST,/staff/quotes/{quote_id}/send-to-customer,staff_send_to_customer,app.engines.quote_checklist.provider_router,DATABASE_MUTATION,add|commit|sqlalchemy.update(),,_log_event
POST,/staff/quotes/{quote_id}/mark-revised,staff_mark_revised,app.engines.quote_checklist.provider_router,DATABASE_MUTATION,add|commit|sqlalchemy.update(),,_log_event
GET,/staff/quotes/{quote_id}/events,staff_quote_events,app.engines.quote_checklist.provider_router,READ_ONLY,,,
POST,/staff/quotes/{quote_id}/cancel,staff_cancel_quote,app.engines.quote_checklist.provider_router,DATABASE_MUTATION,add|commit|sqlalchemy.update(),,_log_event
POST,/staff/checklists,staff_create_checklist,app.engines.quote_checklist.provider_router,DATABASE_MUTATION,add|commit|flush,,
GET,/staff/checklists/jobs/{job_id},staff_list_job_checklists,app.engines.quote_checklist.provider_router,READ_ONLY,,,
GET,/staff/checklists/{checklist_id},staff_get_checklist,app.engines.quote_checklist.provider_router,READ_ONLY,,,
PUT,/staff/checklists/{checklist_id}/items/{item_id},staff_update_checklist_item,app.engines.quote_checklist.provider_router,DATABASE_MUTATION,commit|sqlalchemy.update(),,
POST,/staff/checklists/{checklist_id}/complete,staff_complete_checklist,app.engines.quote_checklist.provider_router,DATABASE_MUTATION,commit|sqlalchemy.update(),,
GET,/customer/quotes/jobs/{job_id},customer_list_quotes,app.engines.quote_checklist.customer_router,READ_ONLY,,,
GET,/customer/quotes/{quote_id},customer_get_quote,app.engines.quote_checklist.customer_router,READ_ONLY,,,
POST,/customer/quotes/{quote_id}/approve,customer_approve_quote,app.engines.quote_checklist.customer_router,DATABASE_MUTATION,add|commit|sqlalchemy.update(),,_log_event
POST,/customer/quotes/{quote_id}/reject,customer_reject_quote,app.engines.quote_checklist.customer_router,DATABASE_MUTATION,add|commit|sqlalchemy.update(),,_log_event
POST,/customer/quotes/{quote_id}/request-revision,customer_request_revision,app.engines.quote_checklist.customer_router,DATABASE_MUTATION,add|commit|sqlalchemy.update(),,_log_event
GET,/customer/quotes/{quote_id}/events,customer_quote_events,app.engines.quote_checklist.customer_router,READ_ONLY,,,
POST,/admin/checklist-templates,admin_create_template,app.engines.quote_checklist.admin_router,DATABASE_MUTATION,add|commit,,
GET,/admin/checklist-templates,admin_list_templates,app.engines.quote_checklist.admin_router,READ_ONLY,,,
GET,/admin/checklist-templates/{template_id},admin_get_template,app.engines.quote_checklist.admin_router,READ_ONLY,,,
POST,/admin/checklist-templates/{template_id}/items,admin_add_template_item,app.engines.quote_checklist.admin_router,DATABASE_MUTATION,add|commit,,
GET,/admin/checklist-templates/jobs/{job_id},admin_job_checklists,app.engines.quote_checklist.admin_router,READ_ONLY,,,
GET,/admin/quotes/jobs/{job_id},admin_list_job_quotes,app.engines.quote_checklist.admin_router,READ_ONLY,,,
GET,/admin/quotes/{quote_id},admin_get_quote,app.engines.quote_checklist.admin_router,READ_ONLY,,,
GET,/admin/quotes/{quote_id}/events,admin_quote_events,app.engines.quote_checklist.admin_router,READ_ONLY,,,
GET,/v1/provider/service-invoices,provider_list_invoices,app.engines.invoice_payment.provider_router,READ_ONLY,,,
GET,/v1/provider/service-invoices/{invoice_id},provider_get_invoice,app.engines.invoice_payment.provider_router,READ_ONLY,,,
POST,/v1/provider/service-invoices/{invoice_id}/issue,provider_issue_invoice,app.engines.invoice_payment.provider_router,DATABASE_MUTATION,add|commit|sqlalchemy.update(),,_log_event
POST,/v1/provider/service-invoices/{invoice_id}/record-payment,provider_record_payment,app.engines.invoice_payment.provider_router,DATABASE_MUTATION,add|commit|flush|sqlalchemy.update(),,_log_event
GET,/v1/provider/service-invoices/{invoice_id}/financial-timeline,provider_financial_timeline,app.engines.invoice_payment.provider_router,READ_ONLY,,,
GET,/v1/provider/service-invoices/{invoice_id}/commission-status,provider_commission_status,app.engines.invoice_payment.provider_router,READ_ONLY,,,
GET,/v1/provider/wallet,provider_get_wallet,app.engines.invoice_payment.provider_router,READ_ONLY,,,
GET,/v1/provider/wallet/ledger,provider_wallet_ledger,app.engines.invoice_payment.provider_router,READ_ONLY,,,
GET,/v1/provider/wallet/commission-records,provider_commission_records,app.engines.invoice_payment.provider_router,READ_ONLY,,,
GET,/v1/provider/subscription-status,provider_subscription_status,app.engines.invoice_payment.provider_router,READ_ONLY,,,
POST,/v1/staff/service-invoices,staff_create_invoice,app.engines.invoice_payment.provider_router,DATABASE_MUTATION,add|commit|flush|sqlalchemy.update(),,_log_event
POST,/v1/staff/service-invoices/{invoice_id}/items,staff_add_invoice_item,app.engines.invoice_payment.provider_router,DATABASE_MUTATION,add|commit|flush|sqlalchemy.update(),,
GET,/v1/staff/service-invoices/jobs/{job_id},staff_job_invoice,app.engines.invoice_payment.provider_router,READ_ONLY,,,
GET,/v1/customer/service-invoices,customer_list_invoices,app.engines.invoice_payment.customer_router,READ_ONLY,,,
GET,/v1/customer/service-invoices/{invoice_id},customer_get_invoice,app.engines.invoice_payment.customer_router,READ_ONLY,,,
GET,/v1/customer/service-invoices/{invoice_id}/payment-status,customer_payment_status,app.engines.invoice_payment.customer_router,READ_ONLY,,,
POST,/v1/customer/service-invoices/{invoice_id}/apply-credit,customer_apply_credit,app.engines.invoice_payment.customer_router,READ_ONLY_POST,,,
POST,/v1/customer/service-invoices/{invoice_id}/confirm-payment,customer_confirm_payment,app.engines.invoice_payment.customer_router,DATABASE_MUTATION,add|commit|sqlalchemy.update(),,_log_event
GET,/v1/customer/service-invoices/{invoice_id}/receipt,customer_get_receipt,app.engines.invoice_payment.customer_router,READ_ONLY,,,
GET,/v1/admin/service-invoices,admin_list_invoices,app.engines.invoice_payment.admin_router,READ_ONLY,,,
GET,/v1/admin/service-invoices/{invoice_id},admin_get_invoice,app.engines.invoice_payment.admin_router,READ_ONLY,,,
GET,/v1/admin/payments,admin_list_payments,app.engines.invoice_payment.admin_router,READ_ONLY,,,
POST,/v1/admin/payments/{payment_id}/verify,admin_verify_payment,app.engines.invoice_payment.admin_router,DATABASE_MUTATION,add|commit|sqlalchemy.update(),,_log_event
GET,/v1/admin/commission-records,admin_list_commissions,app.engines.invoice_payment.admin_router,READ_ONLY,,,
GET,/v1/admin/commission-records/{commission_id},admin_get_commission,app.engines.invoice_payment.admin_router,READ_ONLY,,,
POST,/v1/admin/commission-records/{commission_id}/retry,admin_retry_commission,app.engines.invoice_payment.admin_router,DATABASE_AND_EXTERNAL_MUTATION,add|commit|sqlalchemy.update(),debit_wallet,_log_event
POST,/v1/admin/commission-records/{commission_id}/reverse,admin_reverse_commission,app.engines.invoice_payment.admin_router,DATABASE_AND_EXTERNAL_MUTATION,add|commit|sqlalchemy.update(),credit_wallet,_log_event
GET,/v1/admin/provider-wallets,admin_list_wallets,app.engines.invoice_payment.admin_router,READ_ONLY,,,
GET,/v1/admin/provider-wallets/{tenant_id},admin_get_wallet,app.engines.invoice_payment.admin_router,READ_ONLY,,,
GET,/v1/admin/provider-wallets/{tenant_id}/ledger,admin_wallet_ledger,app.engines.invoice_payment.admin_router,READ_ONLY,,,
POST,/v1/admin/provider-wallets/{tenant_id}/credit,admin_credit_wallet,app.engines.invoice_payment.admin_router,DATABASE_AND_EXTERNAL_MUTATION,commit,credit_wallet,
GET,/v1/admin/subscription-status,admin_subscription_status,app.engines.invoice_payment.admin_router,READ_ONLY,,,
GET,/v1/admin/financial-events,admin_financial_events,app.engines.invoice_payment.admin_router,READ_ONLY,,,
GET,/v1/customer/reviews/eligibility,check_eligibility,app.engines.customer_reviews.customer_router,READ_ONLY,,,
POST,/v1/customer/reviews,submit_review,app.engines.customer_reviews.customer_router,DATABASE_MUTATION,add|commit|flush,,_log_event
GET,/v1/customer/reviews,list_my_reviews,app.engines.customer_reviews.customer_router,READ_ONLY,,,
GET,/v1/customer/reviews/{review_id},get_my_review,app.engines.customer_reviews.customer_router,READ_ONLY,,,
PATCH,/v1/customer/reviews/{review_id},edit_review,app.engines.customer_reviews.customer_router,DATABASE_MUTATION,add|commit|flush,,_log_event
POST,/v1/customer/reviews/{review_id}/flag,flag_review,app.engines.customer_reviews.customer_router,DATABASE_MUTATION,add|commit|flush,,_log_event
GET,/v1/provider/reviews,list_my_reviews,app.engines.customer_reviews.provider_router,READ_ONLY,,,
GET,/v1/provider/reviews/summary,get_tenant_rating_summary,app.engines.customer_reviews.provider_router,READ_ONLY,,,
GET,/v1/provider/reviews/staff-summary,get_staff_rating_summary,app.engines.customer_reviews.provider_router,READ_ONLY,,,
GET,/v1/provider/reviews/{review_id},get_review,app.engines.customer_reviews.provider_router,READ_ONLY,,,
POST,/v1/provider/reviews/{review_id}/reply,submit_reply,app.engines.customer_reviews.provider_router,DATABASE_MUTATION,add|commit|flush,,_log_event
POST,/v1/provider/reviews/{review_id}/flag,flag_review,app.engines.customer_reviews.provider_router,DATABASE_MUTATION,add|commit|flush,,_log_event
GET,/v1/public/reviews/tenant/{tenant_id},list_tenant_reviews,app.engines.customer_reviews.public_router,READ_ONLY,,,
GET,/v1/public/reviews/tenant/{tenant_id}/summary,get_tenant_rating_summary,app.engines.customer_reviews.public_router,READ_ONLY,,,
GET,/v1/public/reviews/{review_id},get_review,app.engines.customer_reviews.public_router,READ_ONLY,,,
GET,/v1/public/reviews/{review_id}/reply,get_reply,app.engines.customer_reviews.public_router,READ_ONLY,,,
GET,/v1/admin/reviews/summary,reviews_summary,app.engines.customer_reviews.admin_router,READ_ONLY,,,
GET,/v1/admin/reviews,list_reviews,app.engines.customer_reviews.admin_router,READ_ONLY,,,
GET,/v1/admin/reviews/{review_id},get_review,app.engines.customer_reviews.admin_router,READ_ONLY,,,
POST,/v1/admin/reviews/{review_id}/approve,approve_review,app.engines.customer_reviews.admin_router,DATABASE_MUTATION,add|commit|flush,,_log_event
POST,/v1/admin/reviews/{review_id}/reject,reject_review,app.engines.customer_reviews.admin_router,DATABASE_MUTATION,add|commit|flush,,_log_event
POST,/v1/admin/reviews/{review_id}/hide,hide_review,app.engines.customer_reviews.admin_router,DATABASE_MUTATION,add|commit|flush,,_log_event
DELETE,/v1/admin/reviews/{review_id},delete_review,app.engines.customer_reviews.admin_router,DATABASE_MUTATION,add|commit|flush,,_log_event
GET,/v1/admin/reviews/{review_id}/events,get_review_events,app.engines.customer_reviews.admin_router,READ_ONLY,,,
GET,/v1/admin/review-flags,list_flags,app.engines.customer_reviews.admin_router,READ_ONLY,,,
POST,/v1/admin/review-flags/{flag_id}/resolve,resolve_flag,app.engines.customer_reviews.admin_router,DATABASE_MUTATION,add|commit|flush,,_log_event
GET,/v1/admin/review-replies,list_replies,app.engines.customer_reviews.admin_router,READ_ONLY,,,
POST,/v1/admin/review-replies/{review_id}/approve,approve_reply,app.engines.customer_reviews.admin_router,DATABASE_MUTATION,add|commit|flush,,_log_event
POST,/v1/admin/review-replies/{review_id}/reject,reject_reply,app.engines.customer_reviews.admin_router,DATABASE_MUTATION,add|commit|flush,,_log_event
GET,/v1/admin/review-policies,list_policies,app.engines.customer_reviews.admin_router,READ_ONLY,,,
GET,/v1/admin/review-policies/{policy_id},get_policy,app.engines.customer_reviews.admin_router,READ_ONLY,,,
PATCH,/v1/admin/review-policies/{policy_id},update_policy,app.engines.customer_reviews.admin_router,DATABASE_MUTATION,commit,,
GET,/v1/admin/rating-summaries,list_tenant_summaries,app.engines.customer_reviews.admin_router,READ_ONLY,,,
GET,/v1/admin/rating-summaries/staff,list_staff_summaries,app.engines.customer_reviews.admin_router,READ_ONLY,,,
POST,/v1/admin/rating-summaries/tenant/{tenant_id}/recompute,recompute_tenant_summary,app.engines.customer_reviews.admin_router,DATABASE_MUTATION,add|commit|flush,,
GET,/enterprise/registry,list_resources,app.engines.enterprise_grid.router,READ_ONLY,,,
GET,/enterprise/registry/{resource_key},get_resource_config,app.engines.enterprise_grid.router,READ_ONLY,,,
GET,/enterprise/saved-views,list_saved_views,app.engines.enterprise_grid.router,READ_ONLY,,,
POST,/enterprise/saved-views,create_saved_view,app.engines.enterprise_grid.router,DATABASE_MUTATION,add|commit,,
GET,/enterprise/saved-views/{view_id},get_saved_view,app.engines.enterprise_grid.router,READ_ONLY,,,
PUT,/enterprise/saved-views/{view_id},update_saved_view,app.engines.enterprise_grid.router,DATABASE_MUTATION,commit|raw_sql,,
DELETE,/enterprise/saved-views/{view_id},delete_saved_view,app.engines.enterprise_grid.router,DATABASE_MUTATION,commit|delete,,
POST,/enterprise/saved-views/{view_id}/set-default,set_default_view,app.engines.enterprise_grid.router,DATABASE_MUTATION,commit,,
GET,/enterprise/column-preferences,get_column_preferences,app.engines.enterprise_grid.router,READ_ONLY,,,
PUT,/enterprise/column-preferences,save_column_preferences,app.engines.enterprise_grid.router,DATABASE_MUTATION,add|commit,,
POST,/enterprise/column-preferences/reset,reset_column_preferences,app.engines.enterprise_grid.router,DATABASE_MUTATION,commit|delete,,
POST,/enterprise/exports,create_export,app.engines.enterprise_grid.router,DATABASE_MUTATION,add|commit,,
GET,/enterprise/exports,list_exports,app.engines.enterprise_grid.router,READ_ONLY,,,
GET,/enterprise/exports/{export_id},get_export,app.engines.enterprise_grid.router,READ_ONLY,,,
POST,/enterprise/exports/{export_id}/retry,retry_export,app.engines.enterprise_grid.router,DATABASE_MUTATION,commit,,
POST,/enterprise/exports/{export_id}/cancel,cancel_export,app.engines.enterprise_grid.router,DATABASE_MUTATION,commit,,
GET,/enterprise/exports/{export_id}/download,download_export,app.engines.enterprise_grid.router,MUTATING_GET,commit,,record_platform_audit
GET,/v1/customer/complaints/check-eligible,check_eligible,app.engines.complaints.customer_router,READ_ONLY,,,
POST,/v1/customer/complaints,create_complaint,app.engines.complaints.customer_router,DATABASE_MUTATION,add|commit|flush,,_log_event
GET,/v1/customer/complaints,list_complaints,app.engines.complaints.customer_router,READ_ONLY,,,
GET,/v1/customer/complaints/{complaint_id},get_complaint,app.engines.complaints.customer_router,READ_ONLY,,,
POST,/v1/customer/complaints/{complaint_id}/messages,add_message,app.engines.complaints.customer_router,DATABASE_MUTATION,add|commit|flush,,_log_event
GET,/v1/customer/complaints/{complaint_id}/messages,list_messages,app.engines.complaints.customer_router,READ_ONLY,,,
GET,/v1/customer/complaints/{complaint_id}/resolutions,list_resolutions,app.engines.complaints.customer_router,READ_ONLY,,,
GET,/v1/customer/complaints/{complaint_id}/ai-session,get_ai_session,app.engines.complaints.customer_router,READ_ONLY,,,
POST,/v1/customer/complaints/{complaint_id}/ai-session/answers,submit_ai_answers,app.engines.complaints.customer_router,DATABASE_MUTATION,add|commit|flush,,
POST,/v1/customer/complaints/{complaint_id}/cancel,cancel_complaint,app.engines.complaints.customer_router,DATABASE_MUTATION,commit|flush,,_log_event
POST,/v1/customer/complaints/{complaint_id}/resolutions/{resolution_id}/accept,accept_resolution,app.engines.complaints.customer_router,DATABASE_MUTATION,add|commit|flush,,_log_event
POST,/v1/customer/complaints/{complaint_id}/resolutions/{resolution_id}/reject,reject_resolution,app.engines.complaints.customer_router,DATABASE_MUTATION,add|commit|flush,,_log_event
POST,/v1/customer/complaints/{complaint_id}/refund,request_refund,app.engines.complaints.customer_router,DATABASE_MUTATION,add|commit|flush,,_log_event
GET,/v1/customer/complaints/{complaint_id}/settlement-proposals,list_settlement_proposals,app.engines.complaints.customer_router,READ_ONLY,,,
POST,/v1/customer/complaints/{complaint_id}/settlement-proposals/{proposal_id}/respond,respond_to_settlement,app.engines.complaints.customer_router,DATABASE_MUTATION,add|commit|flush,,_log_event
GET,/v1/provider/complaints,list_complaints,app.engines.complaints.provider_router,READ_ONLY,,,
GET,/v1/provider/complaints/{complaint_id},get_complaint,app.engines.complaints.provider_router,READ_ONLY,,,
POST,/v1/provider/complaints/{complaint_id}/respond,respond_to_complaint,app.engines.complaints.provider_router,DATABASE_MUTATION,add|commit|flush,,_log_event
GET,/v1/provider/complaints/{complaint_id}/messages,list_messages,app.engines.complaints.provider_router,READ_ONLY,,,
POST,/v1/provider/complaints/{complaint_id}/offer-resolution,offer_resolution,app.engines.complaints.provider_router,DATABASE_MUTATION,add|commit|flush,,_log_event
GET,/v1/provider/complaints/{complaint_id}/resolutions,list_resolutions,app.engines.complaints.provider_router,READ_ONLY,,,
GET,/v1/provider/complaints/{complaint_id}/ai-session,get_ai_session,app.engines.complaints.provider_router,READ_ONLY,,,
POST,/v1/provider/complaints/{complaint_id}/ai-session/answers,submit_ai_answers,app.engines.complaints.provider_router,DATABASE_MUTATION,add|commit|flush,,
GET,/v1/provider/complaints/{complaint_id}/settlement-proposals,list_settlement_proposals,app.engines.complaints.provider_router,READ_ONLY,,,
POST,/v1/provider/complaints/{complaint_id}/settlement-proposals,create_settlement_proposal,app.engines.complaints.provider_router,DATABASE_MUTATION,add|commit|flush,,_log_event
POST,/v1/provider/complaints/{complaint_id}/settlement-proposals/{proposal_id}/respond,respond_to_settlement,app.engines.complaints.provider_router,DATABASE_MUTATION,add|commit|flush,,_log_event
GET,/v1/provider/rework-requests,list_rework_requests,app.engines.complaints.provider_router,READ_ONLY,,,
GET,/v1/provider/rework-requests/{rework_id},get_rework,app.engines.complaints.provider_router,READ_ONLY,,,
POST,/v1/provider/rework-requests/{rework_id}/schedule,schedule_rework,app.engines.complaints.provider_router,DATABASE_MUTATION,commit,,
POST,/v1/provider/rework-requests/{rework_id}/start,start_rework,app.engines.complaints.provider_router,DATABASE_MUTATION,commit,,
POST,/v1/provider/rework-requests/{rework_id}/complete,complete_rework,app.engines.complaints.provider_router,DATABASE_MUTATION,commit,,
GET,/v1/provider/refund-requests,list_refund_requests,app.engines.complaints.provider_router,READ_ONLY,,,
POST,/v1/provider/refund-requests/{refund_id}/review,review_refund,app.engines.complaints.provider_router,DATABASE_MUTATION,commit,,
GET,/v1/admin/complaints/summary,complaints_summary,app.engines.complaints.admin_router,READ_ONLY,,,
GET,/v1/admin/complaints/list,list_complaints_enterprise,app.engines.complaints.admin_router,READ_ONLY,,,
GET,/v1/admin/complaints,list_complaints,app.engines.complaints.admin_router,READ_ONLY,,,
GET,/v1/admin/complaints/{complaint_id},get_complaint,app.engines.complaints.admin_router,READ_ONLY,,,
POST,/v1/admin/complaints/{complaint_id}/assign,assign_complaint,app.engines.complaints.admin_router,DATABASE_MUTATION,add|commit|flush,,_log_event
POST,/v1/admin/complaints/{complaint_id}/priority,change_priority,app.engines.complaints.admin_router,DATABASE_MUTATION,add|commit|flush,,_log_event
POST,/v1/admin/complaints/{complaint_id}/request-provider-response,request_provider_response,app.engines.complaints.admin_router,DATABASE_MUTATION,add|commit|flush,,_log_event
POST,/v1/admin/complaints/{complaint_id}/messages,admin_add_message,app.engines.complaints.admin_router,DATABASE_MUTATION,add|commit|flush,,_log_event
GET,/v1/admin/complaints/{complaint_id}/messages,list_messages,app.engines.complaints.admin_router,READ_ONLY,,,
POST,/v1/admin/complaints/{complaint_id}/propose-resolution,propose_resolution,app.engines.complaints.admin_router,DATABASE_MUTATION,add|commit|flush,,_log_event
GET,/v1/admin/complaints/{complaint_id}/resolutions,list_resolutions,app.engines.complaints.admin_router,READ_ONLY,,,
POST,/v1/admin/complaints/{complaint_id}/reject,reject_complaint,app.engines.complaints.admin_router,DATABASE_MUTATION,add|commit|flush,,_log_event
POST,/v1/admin/complaints/{complaint_id}/resolve,resolve_complaint,app.engines.complaints.admin_router,DATABASE_MUTATION,add|commit|flush,,_log_event
POST,/v1/admin/complaints/{complaint_id}/close,close_complaint,app.engines.complaints.admin_router,DATABASE_MUTATION,add|commit|flush,,_log_event
GET,/v1/admin/complaints/{complaint_id}/events,list_events,app.engines.complaints.admin_router,READ_ONLY,,,
POST,/v1/admin/complaints/{complaint_id}/start-ai-settlement,start_ai_settlement,app.engines.complaints.admin_router,DATABASE_MUTATION,add|commit|flush,,_log_event
POST,/v1/admin/complaints/{complaint_id}/finalize-settlement,finalize_settlement,app.engines.complaints.admin_router,DATABASE_MUTATION,add|commit|flush,,_log_event
POST,/v1/admin/complaints/{complaint_id}/settlement-proposals,create_admin_settlement_proposal,app.engines.complaints.admin_router,DATABASE_MUTATION,add|commit|flush,,_log_event
GET,/v1/admin/complaints/{complaint_id}/settlement-proposals,list_settlement_proposals,app.engines.complaints.admin_router,READ_ONLY,,,
GET,/v1/admin/complaints/{complaint_id}/ai-session,get_ai_session,app.engines.complaints.admin_router,READ_ONLY,,,
GET,/v1/admin/complaints/{complaint_id}/timeline,get_complaint_timeline,app.engines.complaints.admin_router,READ_ONLY,,,
GET,/v1/admin/rework-requests,list_rework_requests,app.engines.complaints.admin_router,READ_ONLY,,,
POST,/v1/admin/rework-requests/{rework_id}/approve,approve_rework,app.engines.complaints.admin_router,DATABASE_MUTATION,add|commit|flush,,_log_event
POST,/v1/admin/rework-requests/{rework_id}/reject,reject_rework,app.engines.complaints.admin_router,DATABASE_MUTATION,commit,,
POST,/v1/admin/rework-requests/{rework_id}/assign,assign_rework,app.engines.complaints.admin_router,DATABASE_MUTATION,commit,,
GET,/v1/admin/refund-requests,list_refund_requests,app.engines.complaints.admin_router,READ_ONLY,,,
POST,/v1/admin/refund-requests/{refund_id}/approve,approve_refund,app.engines.complaints.admin_router,DATABASE_MUTATION,add|commit|flush,,_log_event
POST,/v1/admin/refund-requests/{refund_id}/reject,reject_refund,app.engines.complaints.admin_router,DATABASE_MUTATION,commit,,
POST,/v1/admin/refund-requests/{refund_id}/record,record_refund,app.engines.complaints.admin_router,DATABASE_MUTATION,add|commit|flush,,_log_event
POST,/v1/admin/refund-requests/{refund_id}/verify,verify_refund,app.engines.complaints.admin_router,DATABASE_MUTATION,commit,,
GET,/v1/admin/complaint-policies,list_policies,app.engines.complaints.admin_router,READ_ONLY,,,
POST,/v1/admin/complaint-policies,create_policy,app.engines.complaints.admin_router,DATABASE_MUTATION,add|commit,,
PUT,/v1/admin/complaint-policies/{policy_id},update_policy,app.engines.complaints.admin_router,DATABASE_MUTATION,commit,,
GET,/v1/customer/notifications,list_notifications,app.engines.platform_notifications.customer_router,READ_ONLY,,,
GET,/v1/customer/notifications/unread-count,unread_count,app.engines.platform_notifications.customer_router,READ_ONLY,,,
POST,/v1/customer/notifications/{notification_id}/read,mark_read,app.engines.platform_notifications.customer_router,DATABASE_MUTATION,commit,,
POST,/v1/customer/notifications/mark-all-read,mark_all_read,app.engines.platform_notifications.customer_router,DATABASE_MUTATION,commit,,
GET,/v1/customer/notifications/preferences,get_preferences,app.engines.platform_notifications.customer_router,READ_ONLY,,,
PUT,/v1/customer/notifications/preferences,update_preference,app.engines.platform_notifications.customer_router,DATABASE_MUTATION,add|commit|raw_sql,,
GET,/v1/customer/chat/threads,list_threads,app.engines.platform_notifications.customer_router,READ_ONLY,,,
POST,/v1/customer/chat/threads,create_thread,app.engines.platform_notifications.customer_router,DATABASE_MUTATION,add|commit|flush,,
GET,/v1/customer/chat/threads/{thread_id},get_thread,app.engines.platform_notifications.customer_router,READ_ONLY,,,
GET,/v1/customer/chat/threads/{thread_id}/messages,list_messages,app.engines.platform_notifications.customer_router,READ_ONLY,,,
POST,/v1/customer/chat/threads/{thread_id}/messages,send_message,app.engines.platform_notifications.customer_router,DATABASE_MUTATION,add|commit,,
POST,/v1/customer/chat/threads/{thread_id}/read,mark_thread_read,app.engines.platform_notifications.customer_router,DATABASE_MUTATION,add|commit,,
GET,/v1/provider/notifications,provider_list_notifications,app.engines.platform_notifications.provider_router,READ_ONLY,,,
GET,/v1/provider/notifications/unread-count,provider_unread_count,app.engines.platform_notifications.provider_router,READ_ONLY,,,
POST,/v1/provider/notifications/{notification_id}/read,provider_mark_read,app.engines.platform_notifications.provider_router,DATABASE_MUTATION,commit,,
POST,/v1/provider/notifications/mark-all-read,provider_mark_all_read,app.engines.platform_notifications.provider_router,DATABASE_MUTATION,commit,,
GET,/v1/provider/notifications/preferences,provider_get_prefs,app.engines.platform_notifications.provider_router,READ_ONLY,,,
PUT,/v1/provider/notifications/preferences,provider_update_pref,app.engines.platform_notifications.provider_router,DATABASE_MUTATION,add|commit|raw_sql,,
GET,/v1/provider/chat/threads,provider_list_threads,app.engines.platform_notifications.provider_router,READ_ONLY,,,
POST,/v1/provider/chat/threads,provider_create_thread,app.engines.platform_notifications.provider_router,DATABASE_MUTATION,add|commit|flush,,
GET,/v1/provider/chat/threads/{thread_id},provider_get_thread,app.engines.platform_notifications.provider_router,READ_ONLY,,,
GET,/v1/provider/chat/threads/{thread_id}/messages,provider_list_messages,app.engines.platform_notifications.provider_router,READ_ONLY,,,
POST,/v1/provider/chat/threads/{thread_id}/messages,provider_send_message,app.engines.platform_notifications.provider_router,DATABASE_MUTATION,add|commit,,
POST,/v1/provider/chat/threads/{thread_id}/read,provider_mark_thread_read,app.engines.platform_notifications.provider_router,DATABASE_MUTATION,add|commit,,
GET,/v1/provider/audit-logs,provider_list_audit,app.engines.platform_notifications.provider_router,READ_ONLY,,,
GET,/v1/provider/audit-logs/record-timeline,provider_record_timeline,app.engines.platform_notifications.provider_router,READ_ONLY,,,
GET,/v1/staff/notifications,staff_list_notifications,app.engines.platform_notifications.provider_router,READ_ONLY,,,
GET,/v1/staff/notifications/unread-count,staff_unread_count,app.engines.platform_notifications.provider_router,READ_ONLY,,,
POST,/v1/staff/notifications/{notification_id}/read,staff_mark_read,app.engines.platform_notifications.provider_router,DATABASE_MUTATION,commit,,
POST,/v1/staff/notifications/mark-all-read,staff_mark_all_read,app.engines.platform_notifications.provider_router,DATABASE_MUTATION,commit,,
GET,/v1/staff/chat/threads,staff_list_threads,app.engines.platform_notifications.provider_router,READ_ONLY,,,
GET,/v1/staff/chat/threads/{thread_id},staff_get_thread,app.engines.platform_notifications.provider_router,READ_ONLY,,,
GET,/v1/staff/chat/threads/{thread_id}/messages,staff_list_messages,app.engines.platform_notifications.provider_router,READ_ONLY,,,
POST,/v1/staff/chat/threads/{thread_id}/messages,staff_send_message,app.engines.platform_notifications.provider_router,DATABASE_MUTATION,add|commit,,
POST,/v1/staff/chat/threads/{thread_id}/read,staff_mark_thread_read,app.engines.platform_notifications.provider_router,DATABASE_MUTATION,add|commit,,
GET,/v1/admin/notifications,admin_list_notifications,app.engines.platform_notifications.admin_router,READ_ONLY,,,
GET,/v1/admin/notifications/unread-count,admin_unread_count,app.engines.platform_notifications.admin_router,READ_ONLY,,,
POST,/v1/admin/notifications/{notification_id}/read,admin_mark_read,app.engines.platform_notifications.admin_router,DATABASE_MUTATION,commit,,
POST,/v1/admin/notifications/mark-all-read,admin_mark_all_read,app.engines.platform_notifications.admin_router,DATABASE_MUTATION,commit,,
GET,/v1/admin/notifications/preferences,admin_get_prefs,app.engines.platform_notifications.admin_router,READ_ONLY,,,
PUT,/v1/admin/notifications/preferences,admin_update_pref,app.engines.platform_notifications.admin_router,DATABASE_MUTATION,add|commit|raw_sql,,
GET,/v1/admin/notification-outbox,admin_list_outbox,app.engines.platform_notifications.admin_router,READ_ONLY,,,
GET,/v1/admin/notification-outbox/{outbox_id},admin_get_outbox,app.engines.platform_notifications.admin_router,READ_ONLY,,,
POST,/v1/admin/notification-outbox/{outbox_id}/retry,admin_retry_outbox,app.engines.platform_notifications.admin_router,DATABASE_MUTATION,commit,,
GET,/v1/admin/notification-events,admin_list_events,app.engines.platform_notifications.admin_router,READ_ONLY,,,
GET,/v1/admin/notification-templates,admin_list_templates,app.engines.platform_notifications.admin_router,READ_ONLY,,,
POST,/v1/admin/notification-templates,admin_create_template,app.engines.platform_notifications.admin_router,DATABASE_MUTATION,add|commit,,
PUT,/v1/admin/notification-templates/{template_id},admin_update_template,app.engines.platform_notifications.admin_router,DATABASE_MUTATION,commit|raw_sql,,
POST,/v1/admin/notification-templates/{template_id}/activate,admin_activate_template,app.engines.platform_notifications.admin_router,DATABASE_MUTATION,commit,,
POST,/v1/admin/notification-templates/{template_id}/deactivate,admin_deactivate_template,app.engines.platform_notifications.admin_router,DATABASE_MUTATION,commit,,
GET,/v1/admin/chat/threads,admin_list_threads,app.engines.platform_notifications.admin_router,READ_ONLY,,,
GET,/v1/admin/chat/threads/{thread_id},admin_get_thread,app.engines.platform_notifications.admin_router,READ_ONLY,,,
GET,/v1/admin/chat/threads/{thread_id}/messages,admin_list_messages,app.engines.platform_notifications.admin_router,READ_ONLY,,,
POST,/v1/admin/chat/threads/{thread_id}/messages,admin_send_message,app.engines.platform_notifications.admin_router,DATABASE_MUTATION,add|commit,,
POST,/v1/admin/chat/threads/{thread_id}/close,admin_close_thread,app.engines.platform_notifications.admin_router,DATABASE_MUTATION,commit,,
POST,/v1/admin/chat/messages/{message_id}/hide,admin_hide_message,app.engines.platform_notifications.admin_router,DATABASE_MUTATION,commit,,
GET,/v1/admin/audit-logs,admin_list_audit,app.engines.platform_notifications.admin_router,READ_ONLY,,,
GET,/v1/admin/audit-logs/login-events,admin_list_login_events,app.engines.platform_notifications.admin_router,READ_ONLY,,,
GET,/v1/admin/audit-logs/record-timeline,admin_record_timeline,app.engines.platform_notifications.admin_router,READ_ONLY,,,
GET,/v1/admin/analytics/summary,admin_analytics_summary,app.engines.analytics.admin_router,READ_ONLY,,,
GET,/v1/admin/analytics/category-performance,admin_category_performance,app.engines.analytics.admin_router,READ_ONLY,,,
GET,/v1/admin/analytics/categories/{category_id},admin_category_detail,app.engines.analytics.admin_router,READ_ONLY,,,
GET,/v1/admin/analytics/provider-performance,admin_provider_performance,app.engines.analytics.admin_router,READ_ONLY,,,
GET,/v1/admin/analytics/providers/{tenant_id},admin_provider_detail,app.engines.analytics.admin_router,READ_ONLY,,,
GET,/v1/admin/analytics/financial-summary,admin_financial_summary,app.engines.analytics.admin_router,READ_ONLY,,,
GET,/v1/admin/analytics/quality-summary,admin_quality_summary,app.engines.analytics.admin_router,READ_ONLY,,,
GET,/v1/admin/analytics/complaint-summary,admin_complaint_summary,app.engines.analytics.admin_router,READ_ONLY,,,
GET,/v1/admin/analytics/staff-performance,admin_staff_performance,app.engines.analytics.admin_router,READ_ONLY,,,
GET,/v1/admin/analytics/operational-alerts,admin_operational_alerts,app.engines.analytics.admin_router,READ_ONLY,,,
GET,/v1/admin/reports,admin_list_reports,app.engines.analytics.admin_router,READ_ONLY,,,
POST,/v1/admin/reports/run,admin_run_report,app.engines.analytics.admin_router,DATABASE_MUTATION,add|commit|flush,,
GET,/v1/admin/reports/{report_run_id},admin_get_report_run,app.engines.analytics.admin_router,READ_ONLY,,,
GET,/v1/provider/analytics/summary,provider_analytics_summary,app.engines.analytics.provider_router,READ_ONLY,,,
GET,/v1/provider/analytics/operational-summary,provider_operational_summary,app.engines.analytics.provider_router,READ_ONLY,,,
GET,/v1/provider/analytics/financial-summary,provider_financial_summary,app.engines.analytics.provider_router,READ_ONLY,,,
GET,/v1/provider/analytics/staff-performance,provider_staff_performance,app.engines.analytics.provider_router,READ_ONLY,,,
GET,/v1/provider/analytics/quality-summary,provider_quality_summary,app.engines.analytics.provider_router,READ_ONLY,,,
GET,/v1/provider/analytics/complaint-summary,provider_complaint_summary,app.engines.analytics.provider_router,READ_ONLY,,,
GET,/v1/provider/analytics/operational-alerts,provider_operational_alerts,app.engines.analytics.provider_router,READ_ONLY,,,
GET,/v1/provider/reports,provider_list_reports,app.engines.analytics.provider_router,READ_ONLY,,,
POST,/v1/provider/reports/run,provider_run_report,app.engines.analytics.provider_router,DATABASE_MUTATION,add|commit|flush,,
GET,/v1/provider/reports/{report_run_id},provider_get_report_run,app.engines.analytics.provider_router,READ_ONLY,,,
GET,/v1/admin/analytics/platform/summary,get_platform_summary,app.engines.analytics.platform_router,READ_ONLY,,,
GET,/v1/admin/analytics/platform/trends,get_platform_trends,app.engines.analytics.platform_router,READ_ONLY,,,
POST,/v1/admin/analytics/operational-alerts/{alert_id}/resolve,resolve_alert,app.engines.analytics.platform_router,READ_ONLY_POST,,,
POST,/v1/admin/analytics/operational-alerts/{alert_id}/ignore,ignore_alert,app.engines.analytics.platform_router,READ_ONLY_POST,,,
GET,/v1/admin/analytics/categories/performance,get_category_performance,app.engines.analytics.platform_router,READ_ONLY,,,
GET,/v1/admin/analytics/providers/performance,get_provider_performance,app.engines.analytics.platform_router,READ_ONLY,,,
GET,/v1/admin/analytics/finance/summary,get_finance_summary,app.engines.analytics.platform_router,READ_ONLY,,,
GET,/v1/admin/analytics/finance/by-vertical,get_finance_by_vertical,app.engines.analytics.platform_router,READ_ONLY,,,
GET,/v1/admin/analytics/quality/summary,get_quality_summary,app.engines.analytics.platform_router,READ_ONLY,,,
GET,/v1/admin/analytics/complaints/summary,get_complaints_summary,app.engines.analytics.platform_router,READ_ONLY,,,
GET,/v1/admin/analytics/complaints/breakdown,get_complaints_breakdown,app.engines.analytics.platform_router,READ_ONLY,,,
GET,/v1/admin/analytics/geography/summary,get_geography_summary,app.engines.analytics.platform_router,READ_ONLY,,,
GET,/v1/admin/analytics/customers/summary,get_customer_summary,app.engines.analytics.platform_router,READ_ONLY,,,
POST,/v1/admin/analytics/reports/export,export_report,app.engines.analytics.platform_router,READ_ONLY_POST,,,
GET,/v1/admin/ai/sessions,admin_list_ai_sessions,app.engines.ai_conversation.sprint29_admin_router,READ_ONLY,,,
GET,/v1/admin/ai/sessions/{session_id},admin_get_ai_session,app.engines.ai_conversation.sprint29_admin_router,READ_ONLY,,,
GET,/v1/admin/ai/action-logs,admin_list_action_logs,app.engines.ai_conversation.sprint29_admin_router,READ_ONLY,,,
GET,/v1/admin/ai/failed-actions,admin_failed_actions,app.engines.ai_conversation.sprint29_admin_router,READ_ONLY,,,
GET,/v1/admin/ai/metrics,admin_ai_metrics,app.engines.ai_conversation.sprint29_admin_router,READ_ONLY,,,
POST,/v1/admin/ai/sessions/{session_id}/handoff,admin_handoff_session,app.engines.ai_conversation.sprint29_admin_router,DATABASE_MUTATION,commit,,
POST,/v1/admin/ai/sessions/{session_id}/close,admin_close_session,app.engines.ai_conversation.sprint29_admin_router,DATABASE_MUTATION,commit,,
POST,/v1/customer/ai/sessions,create_ai_session,app.engines.ai_conversation.sprint29_customer_router,DATABASE_MUTATION,add|commit|flush,,_audit
GET,/v1/customer/ai/sessions/{session_id},get_ai_session,app.engines.ai_conversation.sprint29_customer_router,READ_ONLY,,,
POST,/v1/customer/ai/sessions/{session_id}/messages,send_ai_message,app.engines.ai_conversation.sprint29_customer_router,DATABASE_MUTATION,add|commit|flush,,_audit
POST,/v1/customer/ai/sessions/{session_id}/reset,reset_ai_session,app.engines.ai_conversation.sprint29_customer_router,DATABASE_MUTATION,commit,,
POST,/v1/customer/ai/sessions/{session_id}/handoff,request_handoff,app.engines.ai_conversation.sprint29_customer_router,DATABASE_MUTATION,commit,,
GET,/v1/customer/ai/sessions/{session_id}/draft-status,get_draft_status,app.engines.ai_conversation.sprint29_customer_router,READ_ONLY,,,
GET,/v1/admin/marketing/campaigns,list_campaigns,app.engines.marketing_automation.admin_router,READ_ONLY,,,
POST,/v1/admin/marketing/campaigns,create_campaign,app.engines.marketing_automation.admin_router,DATABASE_MUTATION,add|commit|flush,,
GET,/v1/admin/marketing/campaigns/{campaign_id},get_campaign,app.engines.marketing_automation.admin_router,READ_ONLY,,,
PUT,/v1/admin/marketing/campaigns/{campaign_id},update_campaign,app.engines.marketing_automation.admin_router,DATABASE_MUTATION,commit|raw_sql,,
POST,/v1/admin/marketing/campaigns/{campaign_id}/schedule,schedule_campaign,app.engines.marketing_automation.admin_router,DATABASE_MUTATION,commit,,
POST,/v1/admin/marketing/campaigns/{campaign_id}/pause,pause_campaign,app.engines.marketing_automation.admin_router,DATABASE_MUTATION,commit,,
POST,/v1/admin/marketing/campaigns/{campaign_id}/resume,resume_campaign,app.engines.marketing_automation.admin_router,DATABASE_MUTATION,commit,,
POST,/v1/admin/marketing/campaigns/{campaign_id}/cancel,cancel_campaign,app.engines.marketing_automation.admin_router,DATABASE_MUTATION,commit,,
POST,/v1/admin/marketing/campaigns/{campaign_id}/run-now,run_campaign_now,app.engines.marketing_automation.admin_router,DATABASE_MUTATION,add|commit|flush,,
GET,/v1/admin/marketing/campaigns/{campaign_id}/performance,campaign_performance,app.engines.marketing_automation.admin_router,READ_ONLY,,,
POST,/v1/admin/marketing/segments/preview,preview_segment,app.engines.marketing_automation.admin_router,READ_ONLY_POST,,,
GET,/v1/admin/marketing/events,list_campaign_events,app.engines.marketing_automation.admin_router,READ_ONLY,,,
GET,/v1/admin/marketing/automation-triggers,list_triggers,app.engines.marketing_automation.admin_router,READ_ONLY,,,
POST,/v1/admin/marketing/automation-triggers/{trigger_key}/run,run_trigger,app.engines.marketing_automation.admin_router,READ_ONLY_POST,,,
GET,/v1/provider/marketing/visibility-status,provider_visibility_status,app.engines.marketing_automation.provider_router,READ_ONLY,,,
GET,/v1/provider/marketing/campaign-impact,provider_campaign_impact,app.engines.marketing_automation.provider_router,READ_ONLY,,,
GET,/v1/provider/marketing/leads-attributed,provider_leads_attributed,app.engines.marketing_automation.provider_router,READ_ONLY,,,
GET,/v1/provider/marketing/status,provider_marketing_status,app.engines.marketing_automation.provider_router,READ_ONLY,,,
GET,/v1/provider/marketing/campaigns,list_provider_campaigns,app.engines.marketing_automation.provider_router,READ_ONLY,,,
GET,/v1/provider/marketing/campaigns/{campaign_id},get_provider_campaign,app.engines.marketing_automation.provider_router,READ_ONLY,,,
POST,/v1/provider/marketing/campaigns/generate-launch,generate_launch_campaign,app.engines.marketing_automation.provider_router,DATABASE_MUTATION,commit|raw_sql,,
POST,/v1/provider/marketing/campaigns/{campaign_id}/submit-review,submit_campaign_review,app.engines.marketing_automation.provider_router,DATABASE_MUTATION,commit|raw_sql,,
GET,/v1/provider/marketing/assets,list_provider_assets,app.engines.marketing_automation.provider_router,READ_ONLY,,,
PUT,/v1/provider/marketing/assets/{asset_id}/provider-notes,update_asset_provider_notes,app.engines.marketing_automation.provider_router,DATABASE_MUTATION,commit|raw_sql,,
GET,/v1/provider/team-members,list_team_members,app.engines.provider_portal.router,READ_ONLY,,,
POST,/v1/provider/team-members,create_team_member,app.engines.provider_portal.router,DATABASE_MUTATION,commit|raw_sql,,
GET,/v1/provider/team-members/{member_id},get_team_member,app.engines.provider_portal.router,READ_ONLY,,,
PUT,/v1/provider/team-members/{member_id},update_team_member,app.engines.provider_portal.router,DATABASE_MUTATION,commit|raw_sql,,
DELETE,/v1/provider/team-members/{member_id},delete_team_member,app.engines.provider_portal.router,DATABASE_MUTATION,commit|raw_sql,,
POST,/v1/provider/team-members/{member_id}/activate,activate_team_member,app.engines.provider_portal.router,DATABASE_MUTATION,commit|raw_sql,,
POST,/v1/provider/team-members/{member_id}/deactivate,deactivate_team_member,app.engines.provider_portal.router,DATABASE_MUTATION,commit|raw_sql|sqlalchemy.update(),,
POST,/v1/provider/team-members/{member_id}/create-login,create_member_login,app.engines.provider_portal.router,READ_ONLY_POST,,,
GET,/v1/provider/availability,list_availability,app.engines.provider_portal.router,READ_ONLY,,,
POST,/v1/provider/availability,create_availability,app.engines.provider_portal.router,DATABASE_MUTATION,commit|raw_sql,,
GET,/v1/provider/availability/{rule_id},get_availability,app.engines.provider_portal.router,READ_ONLY,,,
PUT,/v1/provider/availability/{rule_id},update_availability,app.engines.provider_portal.router,DATABASE_MUTATION,commit|raw_sql,,
DELETE,/v1/provider/availability/{rule_id},delete_availability,app.engines.provider_portal.router,DATABASE_MUTATION,commit|raw_sql,,
GET,/v1/provider/availability/exceptions,list_availability_exceptions,app.engines.provider_portal.router,READ_ONLY,,,
POST,/v1/provider/availability/exceptions,create_availability_exception,app.engines.provider_portal.router,DATABASE_MUTATION,commit|raw_sql,,
PUT,/v1/provider/availability/exceptions/{exception_id},update_availability_exception,app.engines.provider_portal.router,DATABASE_MUTATION,commit|raw_sql,,
DELETE,/v1/provider/availability/exceptions/{exception_id},delete_availability_exception,app.engines.provider_portal.router,DATABASE_MUTATION,commit|raw_sql,,
GET,/v1/provider/booking-window,get_booking_window,app.engines.provider_portal.router,READ_ONLY,,,
PUT,/v1/provider/booking-window,update_booking_window,app.engines.provider_portal.router,DATABASE_MUTATION,commit|raw_sql,,
GET,/v1/provider/service-areas/{area_id}/coverage,get_area_coverage,app.engines.provider_portal.router,READ_ONLY,,,
PUT,/v1/provider/service-areas/{area_id}/coverage,set_area_coverage,app.engines.provider_portal.router,DATABASE_MUTATION,commit|raw_sql,,
POST,/v1/provider/availability/preset/{preset_key},apply_availability_preset,app.engines.provider_portal.router,DATABASE_MUTATION,commit|raw_sql,,
DELETE,/v1/provider/availability/preset/{preset_key},delete_availability_preset,app.engines.provider_portal.router,DATABASE_MUTATION,commit|raw_sql,,
GET,/v1/provider/offerings/available,list_available_offerings,app.engines.provider_portal.router,READ_ONLY,,,
GET,/v1/provider/offerings/enabled,list_enabled_offerings,app.engines.provider_portal.router,READ_ONLY,,,
POST,/v1/provider/offerings/enabled,enable_offering,app.engines.provider_portal.router,DATABASE_MUTATION,commit|raw_sql,,
GET,/v1/provider/offerings/enabled/{offering_id},get_enabled_offering,app.engines.provider_portal.router,READ_ONLY,,,
PUT,/v1/provider/offerings/enabled/{offering_id},update_enabled_offering,app.engines.provider_portal.router,DATABASE_MUTATION,commit|raw_sql,,
POST,/v1/provider/offerings/enabled/{offering_id}/activate,activate_offering,app.engines.provider_portal.router,DATABASE_MUTATION,commit|raw_sql,,
POST,/v1/provider/offerings/enabled/{offering_id}/deactivate,deactivate_offering,app.engines.provider_portal.router,DATABASE_MUTATION,commit|raw_sql,,
POST,/v1/provider/offerings/enabled/{offering_id}/refresh-readiness,refresh_offering_readiness,app.engines.provider_portal.router,DATABASE_MUTATION,commit|raw_sql,,
GET,/v1/provider/status,get_provider_status,app.engines.provider_portal.router,READ_ONLY,,,
POST,/v1/provider/status/refresh,refresh_provider_status,app.engines.provider_portal.router,DATABASE_MUTATION,commit|raw_sql,,
POST,/v1/provider/home-services/matching-inputs/preview,preview_matching_inputs,app.engines.provider_portal.router,READ_ONLY_POST,,,
GET,/v1/provider/status/offerings,get_offering_statuses,app.engines.provider_portal.router,READ_ONLY,,,
GET,/v1/provider/onboarding/status,get_onboarding_status,app.engines.provider_portal.router,READ_ONLY,,,
GET,/v1/provider/onboarding/items,get_onboarding_items,app.engines.provider_portal.router,READ_ONLY,,,
POST,/v1/provider/onboarding/refresh,refresh_onboarding,app.engines.provider_portal.router,READ_ONLY_POST,,,
GET,/v1/provider/packages/status,get_packages_status,app.engines.provider_portal.router,READ_ONLY,,,
GET,/v1/provider/usage-credits/balance,get_usage_credit_balance,app.engines.provider_portal.router,READ_ONLY,,,
GET,/v1/provider/usage-credits/ledger,get_usage_credit_ledger,app.engines.provider_portal.router,READ_ONLY,,,
GET,/v1/admin/providers/summary,get_providers_summary,app.engines.provider_portal.admin_router,READ_ONLY,,,
GET,/v1/admin/providers/new-requests/summary,get_new_requests_summary,app.engines.provider_portal.admin_router,READ_ONLY,,,
GET,/v1/admin/providers/new-requests,list_new_requests,app.engines.provider_portal.admin_router,READ_ONLY,,,
POST,/v1/admin/onboarding/providers/{tenant_id}/send-reminder,send_provider_reminder,app.engines.provider_portal.admin_router,READ_ONLY_POST,,,
GET,/v1/admin/engine-audit-logs,get_engine_audit_logs,app.engines.provider_portal.admin_router,READ_ONLY,,,
GET,/v1/admin/onboarding/providers,list_provider_onboarding,app.engines.provider_portal.admin_router,READ_ONLY,,,
GET,/v1/admin/onboarding/providers/{tenant_id},get_provider_onboarding,app.engines.provider_portal.admin_router,READ_ONLY,,,
POST,/v1/admin/onboarding/providers/{tenant_id}/approve,approve_provider_onboarding,app.engines.provider_portal.admin_router,DATABASE_MUTATION,commit,,
POST,/v1/admin/onboarding/providers/{tenant_id}/reject,reject_provider_onboarding,app.engines.provider_portal.admin_router,DATABASE_MUTATION,commit,,
POST,/v1/admin/onboarding/providers/{tenant_id}/request-changes,request_changes_provider_onboarding,app.engines.provider_portal.admin_router,DATABASE_MUTATION,commit,,
POST,/v1/admin/onboarding/providers/{tenant_id}/refresh,refresh_provider_onboarding,app.engines.provider_portal.admin_router,READ_ONLY_POST,,,
PUT,/v1/admin/onboarding/providers/{tenant_id}/items/{checklist_key}/override,override_onboarding_item,app.engines.provider_portal.admin_router,DATABASE_MUTATION,commit|raw_sql,,
GET,/v1/admin/bookability/providers,list_bookability,app.engines.provider_portal.admin_router,READ_ONLY,,,
GET,/v1/admin/bookability/providers/{tenant_id},get_provider_bookability,app.engines.provider_portal.admin_router,READ_ONLY,,,
GET,/v1/admin/bookability/providers/{tenant_id}/audit-logs,get_bookability_audit_logs,app.engines.provider_portal.admin_router,READ_ONLY,,,
POST,/v1/admin/bookability/providers/{tenant_id}/refresh,refresh_bookability,app.engines.provider_portal.admin_router,DATABASE_MUTATION,commit|raw_sql,,
POST,/v1/admin/bookability/providers/{tenant_id}/override-visibility,override_visibility,app.engines.provider_portal.admin_router,DATABASE_MUTATION,commit|raw_sql,,
DELETE,/v1/admin/bookability/providers/{tenant_id}/override-visibility,remove_visibility_override,app.engines.provider_portal.admin_router,DATABASE_MUTATION,commit|raw_sql,,
POST,/v1/admin/bookability/providers/{tenant_id}/override-bookability,override_bookability,app.engines.provider_portal.admin_router,DATABASE_MUTATION,commit|raw_sql,,
DELETE,/v1/admin/bookability/providers/{tenant_id}/override-bookability,remove_bookability_override,app.engines.provider_portal.admin_router,DATABASE_MUTATION,commit|raw_sql,,
GET,/v1/admin/bookability/rules,list_bookability_rules,app.engines.provider_portal.admin_router,READ_ONLY,,,
GET,/v1/admin/bookability/summary,bookability_summary,app.engines.provider_portal.admin_router,READ_ONLY,,,
GET,/v1/admin/monetization/configs,list_monetization_configs,app.engines.provider_portal.admin_router,READ_ONLY,,,
GET,/v1/admin/monetization/providers,list_provider_monetization,app.engines.provider_portal.admin_router,READ_ONLY,,,
GET,/v1/admin/monetization/providers/{tenant_id},get_provider_monetization,app.engines.provider_portal.admin_router,READ_ONLY,,,
POST,/v1/admin/monetization/providers/{tenant_id}/sync,sync_monetization,app.engines.provider_portal.admin_router,READ_ONLY_POST,,,
GET,/v1/admin/monetization/audit-logs,monetization_audit_logs,app.engines.provider_portal.admin_router,READ_ONLY,,,
GET,/v1/admin/verticals,list_verticals,app.engines.vertical_catalog.admin_router,READ_ONLY,,,
GET,/v1/admin/verticals/{vertical_key},get_vertical,app.engines.vertical_catalog.admin_router,READ_ONLY,,,
POST,/v1/admin/verticals/{vertical_key}/enable,enable_vertical,app.engines.vertical_catalog.admin_router,DATABASE_MUTATION,commit,,
POST,/v1/admin/verticals/{vertical_key}/disable,disable_vertical,app.engines.vertical_catalog.admin_router,DATABASE_MUTATION,commit,,
PATCH,/v1/admin/verticals/{vertical_key},update_vertical,app.engines.vertical_catalog.admin_router,DATABASE_MUTATION,commit,,
POST,/v1/admin/verticals/{vertical_key}/modules/{module_key}/enable,enable_vertical_module,app.engines.vertical_catalog.admin_router,DATABASE_MUTATION,add|commit,,
POST,/v1/admin/verticals/{vertical_key}/modules/{module_key}/disable,disable_vertical_module,app.engines.vertical_catalog.admin_router,DATABASE_MUTATION,add|commit,,
GET,/v1/admin/verticals/{vertical_key}/engine-mappings,list_engine_mappings,app.engines.vertical_catalog.admin_router,READ_ONLY,,,
PUT,/v1/admin/verticals/{vertical_key}/engine-mappings,set_engine_mappings,app.engines.vertical_catalog.admin_router,DATABASE_MUTATION,add|commit|delete|flush,,
GET,/v1/admin/catalog/modules,list_modules,app.engines.vertical_catalog.admin_router,READ_ONLY,,,
GET,/v1/admin/catalog/navigation/effective-menu,get_effective_menu,app.engines.vertical_catalog.admin_router,READ_ONLY,,,
GET,/v1/admin/tenants/{tenant_id}/entitlements,get_tenant_entitlements,app.engines.entitlement.admin_router,READ_ONLY,,,
GET,/v1/admin/tenants/{tenant_id}/entitlements/history,get_tenant_entitlement_history,app.engines.entitlement.admin_router,READ_ONLY,,,
POST,/v1/admin/tenants/{tenant_id}/entitlements/modules,assign_module,app.engines.entitlement.admin_router,DATABASE_MUTATION,add|commit|flush,,_audit
POST,/v1/admin/tenants/{tenant_id}/entitlements/modules/{module_key}/disable,disable_module,app.engines.entitlement.admin_router,DATABASE_MUTATION,add|commit|flush,,_audit
POST,/v1/admin/tenants/{tenant_id}/entitlements/modules/{module_key}/reenable,reenable_module,app.engines.entitlement.admin_router,DATABASE_MUTATION,add|commit|flush,,_audit
POST,/v1/admin/tenants/{tenant_id}/entitlements/categories,assign_category,app.engines.entitlement.admin_router,DATABASE_MUTATION,add|commit|flush,,_audit
POST,/v1/admin/tenants/{tenant_id}/entitlements/categories/{category_id}/disable,disable_category,app.engines.entitlement.admin_router,DATABASE_MUTATION,add|commit|flush,,_audit
POST,/v1/admin/tenants/{tenant_id}/entitlements/categories/{category_id}/reenable,reenable_category,app.engines.entitlement.admin_router,DATABASE_MUTATION,add|commit|flush,,_audit
GET,/v1/tenant/me/modules,get_my_modules,app.engines.entitlement.tenant_router,READ_ONLY,,,
GET,/v1/tenant/me/categories,get_my_categories,app.engines.entitlement.tenant_router,READ_ONLY,,,
GET,/v1/tenant/me/entitlements,get_my_entitlements,app.engines.entitlement.tenant_router,READ_ONLY,,,
GET,/v1/admin/service-setup/templates/summary,get_summary,app.engines.service_setup.templates_router,READ_ONLY,,,
POST,/v1/admin/service-setup/templates/seed-defaults/preview,seed_defaults_preview,app.engines.service_setup.templates_router,READ_ONLY_POST,,,
POST,/v1/admin/service-setup/templates/seed-defaults,seed_defaults,app.engines.service_setup.templates_router,DATABASE_MUTATION,add|commit|flush,,
GET,/v1/admin/service-setup/templates,list_templates,app.engines.service_setup.templates_router,READ_ONLY,,,
POST,/v1/admin/service-setup/templates,create_template,app.engines.service_setup.templates_router,DATABASE_MUTATION,add|commit|flush,,
GET,/v1/admin/service-setup/templates/{template_id},get_template,app.engines.service_setup.templates_router,READ_ONLY,,,
PUT,/v1/admin/service-setup/templates/{template_id},update_template,app.engines.service_setup.templates_router,DATABASE_MUTATION,commit,,
POST,/v1/admin/service-setup/templates/{template_id}/publish,publish_template,app.engines.service_setup.templates_router,DATABASE_MUTATION,commit,,
POST,/v1/admin/service-setup/templates/{template_id}/archive,archive_template,app.engines.service_setup.templates_router,DATABASE_MUTATION,commit,,
POST,/v1/admin/service-setup/templates/{template_id}/clone,clone_template,app.engines.service_setup.templates_router,DATABASE_MUTATION,add|commit|flush,,
DELETE,/v1/admin/service-setup/templates/{template_id},delete_template,app.engines.service_setup.templates_router,DATABASE_MUTATION,commit|delete,,
POST,/v1/admin/service-setup/templates/{template_id}/validate,validate_template,app.engines.service_setup.templates_router,READ_ONLY_POST,,,
GET,/v1/admin/service-setup/templates/{template_id}/versions,get_versions,app.engines.service_setup.templates_router,READ_ONLY,,,
GET,/v1/admin/service-setup/bulk-wizard/summary,get_summary,app.engines.service_setup.bulk_router,READ_ONLY,,,
GET,/v1/admin/service-setup/bulk-wizard,list_drafts,app.engines.service_setup.bulk_router,READ_ONLY,,,
POST,/v1/admin/service-setup/bulk-wizard/drafts,create_draft,app.engines.service_setup.bulk_router,DATABASE_MUTATION,add|commit,,
GET,/v1/admin/service-setup/bulk-wizard/drafts/{draft_id},get_draft,app.engines.service_setup.bulk_router,READ_ONLY,,,
PUT,/v1/admin/service-setup/bulk-wizard/drafts/{draft_id},update_draft,app.engines.service_setup.bulk_router,DATABASE_MUTATION,commit,,
DELETE,/v1/admin/service-setup/bulk-wizard/drafts/{draft_id},delete_draft,app.engines.service_setup.bulk_router,DATABASE_MUTATION,commit|delete,,
POST,/v1/admin/service-setup/bulk-wizard/drafts/{draft_id}/validate,validate_draft,app.engines.service_setup.bulk_router,DATABASE_MUTATION,add|commit|sqlalchemy.delete(),,
POST,/v1/admin/service-setup/bulk-wizard/drafts/{draft_id}/preview,preview_draft,app.engines.service_setup.bulk_router,DATABASE_MUTATION,add|commit|sqlalchemy.delete(),,
POST,/v1/admin/service-setup/bulk-wizard/drafts/{draft_id}/dry-run,dry_run,app.engines.service_setup.bulk_router,DATABASE_MUTATION,add|commit|flush|raw_sql,,
POST,/v1/admin/service-setup/bulk-wizard/drafts/{draft_id}/execute,execute_draft,app.engines.service_setup.bulk_router,DATABASE_MUTATION,add|commit|flush|raw_sql,,
POST,/v1/admin/service-setup/bulk-wizard/drafts/{draft_id}/clone,clone_draft,app.engines.service_setup.bulk_router,DATABASE_MUTATION,add|commit,,
GET,/v1/admin/service-setup/bulk-wizard/runs,list_runs,app.engines.service_setup.bulk_router,READ_ONLY,,,
GET,/v1/admin/service-setup/bulk-wizard/runs/{run_id},get_run,app.engines.service_setup.bulk_router,READ_ONLY,,,
POST,/v1/admin/service-setup/bulk-wizard/runs/{run_id}/rollback,rollback_run,app.engines.service_setup.bulk_router,DATABASE_MUTATION,commit,,
GET,/v1/admin/service-setup/bulk-wizard/runs/{run_id}/logs,get_run_logs,app.engines.service_setup.bulk_router,READ_ONLY,,,
GET,/v1/admin/marketing/automation/summary,get_summary,app.engines.marketing_command_center.admin_router,MUTATING_GET,add|flush,,
GET,/v1/admin/marketing/posts,list_posts,app.engines.marketing_command_center.admin_router,READ_ONLY,,,
GET,/v1/admin/marketing/posts/{post_id},get_post,app.engines.marketing_command_center.admin_router,READ_ONLY,,,
POST,/v1/admin/marketing/posts,create_post,app.engines.marketing_command_center.admin_router,DATABASE_MUTATION,add|flush,,_audit
PUT,/v1/admin/marketing/posts/{post_id},update_post,app.engines.marketing_command_center.admin_router,DATABASE_MUTATION,add|flush|raw_sql,,_audit
POST,/v1/admin/marketing/posts/{post_id}/submit-approval,submit_approval,app.engines.marketing_command_center.admin_router,DATABASE_MUTATION,add|flush,,_audit
POST,/v1/admin/marketing/posts/{post_id}/approve,approve_post,app.engines.marketing_command_center.admin_router,DATABASE_MUTATION,add|flush,,_audit
POST,/v1/admin/marketing/posts/{post_id}/reject,reject_post,app.engines.marketing_command_center.admin_router,DATABASE_MUTATION,add|flush,,_audit
POST,/v1/admin/marketing/posts/{post_id}/schedule,schedule_post,app.engines.marketing_command_center.admin_router,DATABASE_MUTATION,add|flush,,_audit
POST,/v1/admin/marketing/posts/{post_id}/reschedule,reschedule_post,app.engines.marketing_command_center.admin_router,DATABASE_MUTATION,add|flush,,_audit
POST,/v1/admin/marketing/posts/{post_id}/publish-now,publish_now,app.engines.marketing_command_center.admin_router,DATABASE_MUTATION,add|flush,,_audit
POST,/v1/admin/marketing/posts/{post_id}/retry,retry_post,app.engines.marketing_command_center.admin_router,DATABASE_MUTATION,add|flush,,_audit
POST,/v1/admin/marketing/posts/{post_id}/cancel,cancel_post,app.engines.marketing_command_center.admin_router,DATABASE_MUTATION,add|flush,,_audit
POST,/v1/admin/marketing/ai/generate-caption,generate_caption,app.engines.marketing_command_center.admin_router,DATABASE_MUTATION,add|flush,,_audit
POST,/v1/admin/marketing/ai/generate-image,generate_image,app.engines.marketing_command_center.admin_router,DATABASE_MUTATION,add|flush,,_audit
POST,/v1/admin/marketing/ai/generate-hashtags,generate_hashtags,app.engines.marketing_command_center.admin_router,DATABASE_MUTATION,add|flush,,
POST,/v1/admin/marketing/ai/generate-variations,generate_variations,app.engines.marketing_command_center.admin_router,DATABASE_MUTATION,add|flush,,
GET,/v1/admin/marketing/calendar,get_calendar,app.engines.marketing_command_center.admin_router,READ_ONLY,,,
GET,/v1/admin/marketing/social-accounts,list_social_accounts,app.engines.marketing_command_center.admin_router,READ_ONLY,,,
POST,/v1/admin/marketing/social-accounts/connect,connect_social_account,app.engines.marketing_command_center.admin_router,DATABASE_MUTATION,add|flush,,_audit
POST,/v1/admin/marketing/social-accounts/{account_id}/test,test_social_account,app.engines.marketing_command_center.admin_router,READ_ONLY_POST,,,
POST,/v1/admin/marketing/social-accounts/{account_id}/sync,sync_social_account,app.engines.marketing_command_center.admin_router,DATABASE_MUTATION,flush,,
POST,/v1/admin/marketing/social-accounts/{account_id}/disconnect,disconnect_social_account,app.engines.marketing_command_center.admin_router,DATABASE_MUTATION,add|flush,,_audit
GET,/v1/admin/marketing/content-templates,list_templates,app.engines.marketing_command_center.admin_router,READ_ONLY,,,
POST,/v1/admin/marketing/content-templates,create_template,app.engines.marketing_command_center.admin_router,DATABASE_MUTATION,add|flush,,_audit
PUT,/v1/admin/marketing/content-templates/{template_id},update_template,app.engines.marketing_command_center.admin_router,DATABASE_MUTATION,add|flush|raw_sql,,_audit
GET,/v1/admin/marketing/ai-budget,get_ai_budget,app.engines.marketing_command_center.admin_router,MUTATING_GET,add|flush,,
PUT,/v1/admin/marketing/ai-budget,update_ai_budget,app.engines.marketing_command_center.admin_router,DATABASE_MUTATION,add|flush|raw_sql,,_audit
GET,/v1/admin/marketing/ai-budget/ledger,get_ai_budget_ledger,app.engines.marketing_command_center.admin_router,READ_ONLY,,,
GET,/v1/admin/marketing/publish-failures,list_publish_failures,app.engines.marketing_command_center.admin_router,READ_ONLY,,,
GET,/v1/admin/marketing/analytics/summary,analytics_summary,app.engines.marketing_command_center.admin_router,READ_ONLY,,,
GET,/v1/admin/marketing/analytics/posts,analytics_posts,app.engines.marketing_command_center.admin_router,READ_ONLY,,,
GET,/v1/admin/marketing/analytics/campaigns,analytics_campaigns,app.engines.marketing_command_center.admin_router,READ_ONLY,,,
GET,/v1/admin/marketing/analytics/channels,analytics_channels,app.engines.marketing_command_center.admin_router,READ_ONLY,,,
GET,/v1/admin/marketing/audit-logs,audit_logs,app.engines.marketing_command_center.admin_router,READ_ONLY,,,
GET,/v1/admin/intelligence/knowledge-bases/summary,get_kb_summary,app.engines.analytics.kb_router,READ_ONLY,,,
POST,/v1/admin/intelligence/knowledge-bases/seed-defaults/preview,seed_defaults_preview,app.engines.analytics.kb_router,READ_ONLY_POST,,,
POST,/v1/admin/intelligence/knowledge-bases/seed-defaults,seed_defaults,app.engines.analytics.kb_router,DATABASE_MUTATION,add|commit,,
GET,/v1/admin/intelligence/knowledge-bases,list_kbs,app.engines.analytics.kb_router,READ_ONLY,,,
POST,/v1/admin/intelligence/knowledge-bases,create_kb,app.engines.analytics.kb_router,DATABASE_MUTATION,add|commit|flush,,
GET,/v1/admin/intelligence/knowledge-bases/{kb_id},get_kb,app.engines.analytics.kb_router,READ_ONLY,,,
PUT,/v1/admin/intelligence/knowledge-bases/{kb_id},update_kb,app.engines.analytics.kb_router,DATABASE_MUTATION,add|commit|flush,,
POST,/v1/admin/intelligence/knowledge-bases/{kb_id}/activate,activate_kb,app.engines.analytics.kb_router,DATABASE_MUTATION,commit|flush,,
POST,/v1/admin/intelligence/knowledge-bases/{kb_id}/disable,disable_kb,app.engines.analytics.kb_router,DATABASE_MUTATION,commit|flush,,
POST,/v1/admin/intelligence/knowledge-bases/{kb_id}/archive,archive_kb,app.engines.analytics.kb_router,DATABASE_MUTATION,commit|flush,,
DELETE,/v1/admin/intelligence/knowledge-bases/{kb_id},delete_kb,app.engines.analytics.kb_router,DATABASE_MUTATION,commit|delete,,
POST,/v1/admin/intelligence/knowledge-bases/{kb_id}/documents/upload,upload_document,app.engines.analytics.kb_router,DATABASE_MUTATION,add|commit,,
POST,/v1/admin/intelligence/knowledge-bases/{kb_id}/documents/link-media,link_media,app.engines.analytics.kb_router,DATABASE_MUTATION,add|commit,,
POST,/v1/admin/intelligence/knowledge-bases/{kb_id}/sources/url,add_url_source,app.engines.analytics.kb_router,DATABASE_MUTATION,add|commit,,
GET,/v1/admin/intelligence/knowledge-bases/{kb_id}/documents,list_documents,app.engines.analytics.kb_router,READ_ONLY,,,
DELETE,/v1/admin/intelligence/knowledge-bases/{kb_id}/documents/{document_id},delete_document,app.engines.analytics.kb_router,DATABASE_MUTATION,commit|delete,,
POST,/v1/admin/intelligence/knowledge-bases/{kb_id}/articles,create_article,app.engines.analytics.kb_router,DATABASE_MUTATION,add|commit,,
GET,/v1/admin/intelligence/knowledge-bases/{kb_id}/articles,list_articles,app.engines.analytics.kb_router,READ_ONLY,,,
PUT,/v1/admin/intelligence/knowledge-bases/{kb_id}/articles/{article_id},update_article,app.engines.analytics.kb_router,DATABASE_MUTATION,commit,,
POST,/v1/admin/intelligence/knowledge-bases/{kb_id}/articles/{article_id}/publish,publish_article,app.engines.analytics.kb_router,DATABASE_MUTATION,commit,,
POST,/v1/admin/intelligence/knowledge-bases/{kb_id}/index,trigger_index,app.engines.analytics.kb_router,DATABASE_MUTATION,add|commit,,
POST,/v1/admin/intelligence/knowledge-bases/{kb_id}/reindex,trigger_reindex,app.engines.analytics.kb_router,DATABASE_MUTATION,add|commit,,
GET,/v1/admin/intelligence/knowledge-bases/{kb_id}/indexing-jobs,list_indexing_jobs,app.engines.analytics.kb_router,READ_ONLY,,,
GET,/v1/admin/intelligence/knowledge-bases/{kb_id}/chunks,list_chunks,app.engines.analytics.kb_router,READ_ONLY,,,
POST,/v1/admin/intelligence/knowledge-bases/{kb_id}/test-query,test_query,app.engines.analytics.kb_router,DATABASE_MUTATION,add|commit,,
GET,/v1/admin/intelligence/knowledge-bases/{kb_id}/query-logs,list_query_logs,app.engines.analytics.kb_router,READ_ONLY,,,
GET,/v1/admin/intelligence/knowledge-bases/{kb_id}/retrieval-quality,get_retrieval_quality,app.engines.analytics.kb_router,READ_ONLY,,,
POST,/v1/admin/intelligence/knowledge-bases/{kb_id}/access-preview,preview_access,app.engines.analytics.kb_router,READ_ONLY_POST,,,
GET,/v1/admin/intelligence/knowledge-bases/{kb_id}/audit-logs,get_audit_logs,app.engines.analytics.kb_router,READ_ONLY,,,
GET,/v1/admin/intelligence/knowledge-bases/{kb_id}/versions,get_versions,app.engines.analytics.kb_router,READ_ONLY,,,
GET,/v1/admin/intelligence/summary,get_summary,app.engines.analytics.intelligence_router,READ_ONLY,,,
GET,/v1/admin/intelligence/rag/summary,get_rag_summary,app.engines.analytics.intelligence_router,READ_ONLY,,,
GET,/v1/admin/intelligence/rag/query-logs,list_query_logs,app.engines.analytics.intelligence_router,READ_ONLY,,,
GET,/v1/admin/intelligence/rag/retrieval-quality,get_retrieval_quality,app.engines.analytics.intelligence_router,READ_ONLY,,,
GET,/v1/admin/intelligence/events/summary,get_event_summary,app.engines.analytics.intelligence_router,READ_ONLY,,,
GET,/v1/admin/intelligence/events/sources,get_event_sources,app.engines.analytics.intelligence_router,READ_ONLY,,,
GET,/v1/admin/intelligence/events/failures,get_event_failures,app.engines.analytics.intelligence_router,READ_ONLY,,,
GET,/v1/admin/intelligence/risk/summary,get_risk_summary,app.engines.analytics.intelligence_router,READ_ONLY,,,
GET,/v1/admin/intelligence/risk/entities,list_risk_entities,app.engines.analytics.intelligence_router,READ_ONLY,,,
GET,/v1/admin/intelligence/risk/{entity_type}/{entity_id},get_risk_entity,app.engines.analytics.intelligence_router,READ_ONLY,,,
POST,/v1/admin/intelligence/risk/{entity_type}/{entity_id}/recompute,recompute_risk,app.engines.analytics.intelligence_router,DATABASE_MUTATION,add|commit,,
GET,/v1/admin/intelligence/anomalies,list_anomalies,app.engines.analytics.intelligence_router,READ_ONLY,,,
POST,/v1/admin/intelligence/anomalies/run-scan,run_anomaly_scan,app.engines.analytics.intelligence_router,DATABASE_MUTATION,add|commit,,
GET,/v1/admin/intelligence/anomalies/{anomaly_id},get_anomaly,app.engines.analytics.intelligence_router,READ_ONLY,,,
POST,/v1/admin/intelligence/anomalies/{anomaly_id}/investigate,investigate_anomaly,app.engines.analytics.intelligence_router,DATABASE_MUTATION,commit,,
POST,/v1/admin/intelligence/anomalies/{anomaly_id}/resolve,resolve_anomaly,app.engines.analytics.intelligence_router,DATABASE_MUTATION,commit,,
POST,/v1/admin/intelligence/anomalies/{anomaly_id}/false-positive,mark_false_positive,app.engines.analytics.intelligence_router,DATABASE_MUTATION,commit,,
GET,/v1/admin/intelligence/models,list_models,app.engines.analytics.intelligence_router,READ_ONLY,,,
GET,/v1/admin/intelligence/models/{model_id},get_model,app.engines.analytics.intelligence_router,READ_ONLY,,,
POST,/v1/admin/intelligence/models/{model_id}/activate,activate_model,app.engines.analytics.intelligence_router,DATABASE_MUTATION,commit,,
POST,/v1/admin/intelligence/models/{model_id}/deactivate,deactivate_model,app.engines.analytics.intelligence_router,DATABASE_MUTATION,commit,,
POST,/v1/admin/intelligence/models/{model_id}/evaluate,evaluate_model,app.engines.analytics.intelligence_router,READ_ONLY_POST,,,
GET,/v1/admin/intelligence/prediction-jobs,list_prediction_jobs,app.engines.analytics.intelligence_router,READ_ONLY,,,
POST,/v1/admin/intelligence/prediction-jobs,create_prediction_job,app.engines.analytics.intelligence_router,DATABASE_MUTATION,add|commit|flush,,
GET,/v1/admin/intelligence/prediction-jobs/{job_id},get_prediction_job,app.engines.analytics.intelligence_router,READ_ONLY,,,
POST,/v1/admin/intelligence/prediction-jobs/{job_id}/cancel,cancel_prediction_job,app.engines.analytics.intelligence_router,DATABASE_MUTATION,commit,,
POST,/v1/admin/intelligence/prediction-jobs/{job_id}/retry,retry_prediction_job,app.engines.analytics.intelligence_router,DATABASE_MUTATION,add|commit,,
GET,/v1/admin/intelligence/data-quality/summary,get_data_quality_summary,app.engines.analytics.intelligence_router,MUTATING_GET,add|commit,,
GET,/v1/admin/intelligence/data-quality/checks,list_data_quality_checks,app.engines.analytics.intelligence_router,MUTATING_GET,add|commit,,
POST,/v1/admin/intelligence/data-quality/checks/{check_key}/run,run_data_quality_check,app.engines.analytics.intelligence_router,DATABASE_MUTATION,commit,,
GET,/v1/admin/intelligence/data-quality/checks/{check_key}/failures,get_check_failures,app.engines.analytics.intelligence_router,READ_ONLY,,,
GET,/v1/admin/intelligence/ai-usage/summary,get_ai_usage_summary,app.engines.analytics.intelligence_router,READ_ONLY,,,
GET,/v1/admin/intelligence/ai-usage/logs,list_ai_usage_logs,app.engines.analytics.intelligence_router,READ_ONLY,,,
GET,/v1/admin/intelligence/ai-usage/cost-breakdown,get_cost_breakdown,app.engines.analytics.intelligence_router,READ_ONLY,,,
GET,/v1/admin/intelligence/audit-logs,get_audit_logs,app.engines.analytics.intelligence_router,READ_ONLY,,,
GET,/v1/admin/dashboard/executive-summary,executive_summary,app.engines.dashboard_command_center.admin_router,READ_ONLY,,,
GET,/v1/admin/dashboard/platform-health,platform_health,app.engines.dashboard_command_center.admin_router,READ_ONLY,,,
GET,/v1/admin/dashboard/finance-snapshot,finance_snapshot,app.engines.dashboard_command_center.admin_router,READ_ONLY,,,
GET,/v1/admin/dashboard/tenant-lifecycle,tenant_lifecycle,app.engines.dashboard_command_center.admin_router,READ_ONLY,,,
GET,/v1/admin/dashboard/home-services-summary,home_services_summary,app.engines.dashboard_command_center.admin_router,READ_ONLY,,,
GET,/v1/admin/dashboard/operations-snapshot,operations_snapshot,app.engines.dashboard_command_center.admin_router,READ_ONLY,,,
GET,/v1/admin/dashboard/live-operations,live_operations,app.engines.dashboard_command_center.admin_router,READ_ONLY,,,
GET,/v1/admin/dashboard/trends,trends,app.engines.dashboard_command_center.admin_router,READ_ONLY,,,
GET,/v1/admin/dashboard/action-queue,action_queue,app.engines.dashboard_command_center.admin_router,READ_ONLY,,,
POST,/v1/admin/dashboard/action-queue/{action_id}/resolve,resolve_action,app.engines.dashboard_command_center.admin_router,DATABASE_MUTATION,commit|raw_sql,,record_platform_audit
POST,/v1/admin/dashboard/action-queue/{action_id}/snooze,snooze_action,app.engines.dashboard_command_center.admin_router,DATABASE_MUTATION,commit|raw_sql,,record_platform_audit
POST,/v1/admin/dashboard/action-queue/{action_id}/assign,assign_action,app.engines.dashboard_command_center.admin_router,DATABASE_MUTATION,commit|raw_sql,,record_platform_audit
GET,/v1/admin/dashboard/engine-health,engine_health,app.engines.dashboard_command_center.admin_router,READ_ONLY,,,
GET,/v1/admin/dashboard/at-risk-tenants,at_risk_tenants,app.engines.dashboard_command_center.admin_router,READ_ONLY,,,
GET,/v1/admin/dashboard/compliance-security,compliance_security,app.engines.dashboard_command_center.admin_router,READ_ONLY,,,
GET,/v1/admin/dashboard/trust-quality,trust_quality,app.engines.dashboard_command_center.admin_router,READ_ONLY,,,
GET,/v1/admin/dashboard/activity-feed,activity_feed,app.engines.dashboard_command_center.admin_router,READ_ONLY,,,
GET,/v1/admin/dashboard/category-performance,category_performance,app.engines.dashboard_command_center.admin_router,READ_ONLY,,,
POST,/v1/admin/dashboard/refresh,refresh,app.engines.dashboard_command_center.admin_router,DATABASE_MUTATION,,,record_platform_audit
POST,/v1/admin/dashboard/export-snapshot,export_snapshot,app.engines.dashboard_command_center.admin_router,DATABASE_MUTATION,commit|raw_sql,,record_platform_audit
GET,/v1/admin/workflows/templates/summary,get_summary,app.engines.workflows.workflow_router,READ_ONLY,,,
POST,/v1/admin/workflows/templates/seed-defaults/preview,seed_defaults_preview,app.engines.workflows.workflow_router,READ_ONLY_POST,,,
POST,/v1/admin/workflows/templates/seed-defaults,seed_defaults,app.engines.workflows.workflow_router,DATABASE_MUTATION,commit|raw_sql,,
GET,/v1/admin/workflows/templates,list_templates,app.engines.workflows.workflow_router,READ_ONLY,,,
POST,/v1/admin/workflows/templates,create_template,app.engines.workflows.workflow_router,DATABASE_MUTATION,commit|raw_sql,,
GET,/v1/admin/workflows/templates/{wid},get_template,app.engines.workflows.workflow_router,READ_ONLY,,,
PUT,/v1/admin/workflows/templates/{wid},update_template,app.engines.workflows.workflow_router,DATABASE_MUTATION,commit|raw_sql,,
POST,/v1/admin/workflows/templates/{wid}/clone,clone_template,app.engines.workflows.workflow_router,DATABASE_MUTATION,commit|raw_sql,,
POST,/v1/admin/workflows/templates/{wid}/archive,archive_template,app.engines.workflows.workflow_router,DATABASE_MUTATION,commit|raw_sql,,
POST,/v1/admin/workflows/templates/{wid}/steps,add_step,app.engines.workflows.workflow_router,DATABASE_MUTATION,commit|raw_sql,,
PUT,/v1/admin/workflows/templates/{wid}/steps/{step_id},update_step,app.engines.workflows.workflow_router,DATABASE_MUTATION,commit|raw_sql,,
DELETE,/v1/admin/workflows/templates/{wid}/steps/{step_id},delete_step,app.engines.workflows.workflow_router,DATABASE_MUTATION,commit|raw_sql,,
POST,/v1/admin/workflows/templates/{wid}/transitions,add_transition,app.engines.workflows.workflow_router,DATABASE_MUTATION,commit|raw_sql,,
PUT,/v1/admin/workflows/templates/{wid}/transitions/{trans_id},update_transition,app.engines.workflows.workflow_router,DATABASE_MUTATION,commit|raw_sql,,
DELETE,/v1/admin/workflows/templates/{wid}/transitions/{trans_id},delete_transition,app.engines.workflows.workflow_router,DATABASE_MUTATION,commit|raw_sql,,
GET,/v1/admin/workflows/templates/{wid}/sla,get_sla,app.engines.workflows.workflow_router,READ_ONLY,,,
PUT,/v1/admin/workflows/templates/{wid}/sla,update_sla,app.engines.workflows.workflow_router,DATABASE_MUTATION,commit|raw_sql,,
GET,/v1/admin/workflows/templates/{wid}/approvals,get_approvals,app.engines.workflows.workflow_router,READ_ONLY,,,
PUT,/v1/admin/workflows/templates/{wid}/approvals,update_approvals,app.engines.workflows.workflow_router,DATABASE_MUTATION,commit|raw_sql,,
GET,/v1/admin/workflows/templates/{wid}/automation,get_automation,app.engines.workflows.workflow_router,READ_ONLY,,,
PUT,/v1/admin/workflows/templates/{wid}/automation,update_automation,app.engines.workflows.workflow_router,DATABASE_MUTATION,commit|raw_sql,,
GET,/v1/admin/workflows/templates/{wid}/service-mapping,get_service_mapping,app.engines.workflows.workflow_router,READ_ONLY,,,
POST,/v1/admin/workflows/templates/{wid}/service-mapping,add_service_mapping,app.engines.workflows.workflow_router,DATABASE_MUTATION,commit|raw_sql,,
DELETE,/v1/admin/workflows/templates/{wid}/service-mapping/{mapping_id},delete_service_mapping,app.engines.workflows.workflow_router,DATABASE_MUTATION,commit|raw_sql,,
POST,/v1/admin/workflows/templates/{wid}/validate,validate_template,app.engines.workflows.workflow_router,DATABASE_MUTATION,commit|raw_sql,,
POST,/v1/admin/workflows/templates/{wid}/simulate,simulate_template,app.engines.workflows.workflow_router,READ_ONLY_POST,,,
POST,/v1/admin/workflows/templates/{wid}/publish,publish_template,app.engines.workflows.workflow_router,DATABASE_MUTATION,commit|raw_sql,,
POST,/v1/admin/workflows/templates/{wid}/rollback,rollback_template,app.engines.workflows.workflow_router,DATABASE_MUTATION,commit|raw_sql,,
GET,/v1/admin/workflows/templates/{wid}/versions,get_versions,app.engines.workflows.workflow_router,READ_ONLY,,,
GET,/v1/admin/workflows/templates/{wid}/runtime-analytics,get_runtime_analytics,app.engines.workflows.workflow_router,READ_ONLY,,,
GET,/v1/admin/workflows/templates/{wid}/runtime-jobs,get_runtime_jobs,app.engines.workflows.workflow_router,READ_ONLY,,,
GET,/v1/admin/workflows/templates/{wid}/audit-logs,get_audit_logs,app.engines.workflows.workflow_router,READ_ONLY,,,
GET,/v1/admin/roles,list_roles,app.engines.roles_permissions.admin_router,READ_ONLY,,,
GET,/v1/admin/roles/{role_id},get_role,app.engines.roles_permissions.admin_router,READ_ONLY,,,
POST,/v1/admin/roles,create_role,app.engines.roles_permissions.admin_router,READ_ONLY_POST,,,
PUT,/v1/admin/roles/{role_id},update_role,app.engines.roles_permissions.admin_router,DATABASE_MUTATION,raw_sql,,
POST,/v1/admin/roles/{role_id}/enable,enable_role,app.engines.roles_permissions.admin_router,READ_ONLY_POST,,,
POST,/v1/admin/roles/{role_id}/disable,disable_role,app.engines.roles_permissions.admin_router,READ_ONLY_POST,,,
GET,/v1/admin/permissions,list_permissions,app.engines.roles_permissions.admin_router,READ_ONLY,,,
GET,/v1/admin/permissions/grouped,list_permissions_grouped,app.engines.roles_permissions.admin_router,READ_ONLY,,,
GET,/v1/admin/permissions/{permission_key},get_permission,app.engines.roles_permissions.admin_router,READ_ONLY,,,
GET,/v1/admin/test/error-500,_trigger_500,app.main,READ_ONLY,,,
