method,path,endpoint_name,module_source_file,auto_classification,dependency_names,guard_status,required_action,verification_level
POST,/v1/provider/availability,create_availability,app.engines.provider_portal.router,TENANT_USER_MUTATION,create_availability|get_db|require_tenant_owner_mutation|require_tenant_owner|get_current_user,TENANT_MUTATION_ROLE_SCOPE_AWARE,none -- already access-scope-aware (Slice 2F-2),SLICE_2F2_VERIFIED (direct HTTP test proof -- see phase-02a-slice-02f2/provider-portal-authorization-test-matrix.csv)
POST,/v1/provider/availability/exceptions,create_availability_exception,app.engines.provider_portal.router,TENANT_USER_MUTATION,create_availability_exception|get_db|require_tenant_owner_mutation|require_tenant_owner|get_current_user,TENANT_MUTATION_ROLE_SCOPE_AWARE,none -- already access-scope-aware (Slice 2F-2),SLICE_2F2_VERIFIED (direct HTTP test proof -- see phase-02a-slice-02f2/provider-portal-authorization-test-matrix.csv)
PUT,/v1/provider/availability/exceptions/{exception_id},update_availability_exception,app.engines.provider_portal.router,TENANT_USER_MUTATION,update_availability_exception|get_db|require_tenant_owner_mutation|require_tenant_owner|get_current_user,TENANT_MUTATION_ROLE_SCOPE_AWARE,none -- already access-scope-aware (Slice 2F-2),SLICE_2F2_VERIFIED (direct HTTP test proof -- see phase-02a-slice-02f2/provider-portal-authorization-test-matrix.csv)
DELETE,/v1/provider/availability/exceptions/{exception_id},delete_availability_exception,app.engines.provider_portal.router,TENANT_USER_MUTATION,delete_availability_exception|get_db|require_tenant_owner_mutation|require_tenant_owner|get_current_user,TENANT_MUTATION_ROLE_SCOPE_AWARE,none -- already access-scope-aware (Slice 2F-2),SLICE_2F2_VERIFIED (direct HTTP test proof -- see phase-02a-slice-02f2/provider-portal-authorization-test-matrix.csv)
POST,/v1/provider/availability/preset/{preset_key},apply_availability_preset,app.engines.provider_portal.router,TENANT_USER_MUTATION,apply_availability_preset|get_db|require_tenant_owner_mutation|require_tenant_owner|get_current_user,TENANT_MUTATION_ROLE_SCOPE_AWARE,none -- already access-scope-aware (Slice 2F-2),SLICE_2F2_VERIFIED (direct HTTP test proof -- see phase-02a-slice-02f2/provider-portal-authorization-test-matrix.csv)
DELETE,/v1/provider/availability/preset/{preset_key},delete_availability_preset,app.engines.provider_portal.router,TENANT_USER_MUTATION,delete_availability_preset|get_db|require_tenant_owner_mutation|require_tenant_owner|get_current_user,TENANT_MUTATION_ROLE_SCOPE_AWARE,none -- already access-scope-aware (Slice 2F-2),SLICE_2F2_VERIFIED (direct HTTP test proof -- see phase-02a-slice-02f2/provider-portal-authorization-test-matrix.csv)
PUT,/v1/provider/availability/{rule_id},update_availability,app.engines.provider_portal.router,TENANT_USER_MUTATION,update_availability|get_db|require_tenant_owner_mutation|require_tenant_owner|get_current_user,TENANT_MUTATION_ROLE_SCOPE_AWARE,none -- already access-scope-aware (Slice 2F-2),SLICE_2F2_VERIFIED (direct HTTP test proof -- see phase-02a-slice-02f2/provider-portal-authorization-test-matrix.csv)
DELETE,/v1/provider/availability/{rule_id},delete_availability,app.engines.provider_portal.router,TENANT_USER_MUTATION,delete_availability|get_db|require_tenant_owner_mutation|require_tenant_owner|get_current_user,TENANT_MUTATION_ROLE_SCOPE_AWARE,none -- already access-scope-aware (Slice 2F-2),SLICE_2F2_VERIFIED (direct HTTP test proof -- see phase-02a-slice-02f2/provider-portal-authorization-test-matrix.csv)
PUT,/v1/provider/booking-window,update_booking_window,app.engines.provider_portal.router,TENANT_USER_MUTATION,update_booking_window|get_db|require_tenant_owner_mutation|require_tenant_owner|get_current_user,TENANT_MUTATION_ROLE_SCOPE_AWARE,none -- already access-scope-aware (Slice 2F-2),SLICE_2F2_VERIFIED (direct HTTP test proof -- see phase-02a-slice-02f2/provider-portal-authorization-test-matrix.csv)
POST,/v1/provider/brands/requests,create_brand_request,app.engines.admin_catalog.brand_provider_router,TENANT_USER_MUTATION,create_brand_request|require_technician|get_current_user|_svc|get_db|require_technician|get_current_user,TENANT_MUTATION_ROLE_SCOPE_AWARE,none -- protected via require_staff_or_above_mutation (Slice 2F-36),SLICE_2F36_VERIFIED (live route/guard introspection -- see phase-02a-slice-02f36/frozen-scope-verification.md)
POST,/v1/provider/brands/services/{service_id}/supported,set_supported_brands,app.engines.admin_catalog.brand_provider_router,TENANT_USER_MUTATION,set_supported_brands|require_technician|get_current_user|_svc|get_db|require_technician|get_current_user,TENANT_MUTATION_ROLE_SCOPE_AWARE,none -- protected via require_staff_or_above_mutation (Slice 2F-36),SLICE_2F36_VERIFIED (live route/guard introspection -- see phase-02a-slice-02f36/frozen-scope-verification.md)
PUT,/v1/provider/business-profile,update_business_profile,app.engines.profile.router,TENANT_USER_MUTATION,update_business_profile|require_technician|get_current_user|_svc_technician|get_db|require_technician|get_current_user,TENANT_MUTATION_ROLE_SCOPE_AWARE,none -- protected via require_staff_or_above_mutation (Slice 2F-36),SLICE_2F36_VERIFIED (live route/guard introspection -- see phase-02a-slice-02f36/frozen-scope-verification.md)
POST,/v1/provider/business-profile/submit-review,submit_business_profile_for_review,app.engines.profile.router,TENANT_USER_MUTATION,submit_business_profile_for_review|require_technician|get_current_user|_svc_technician|get_db|require_technician|get_current_user,TENANT_MUTATION_ROLE_SCOPE_AWARE,none -- protected via require_staff_or_above_mutation (Slice 2F-36),SLICE_2F36_VERIFIED (live route/guard introspection -- see phase-02a-slice-02f36/frozen-scope-verification.md)
POST,/v1/provider/chat/threads,provider_create_thread,app.engines.platform_notifications.provider_router,TENANT_USER_MUTATION,provider_create_thread|require_owner_or_office_staff_mutation|get_current_user|get_db,TENANT_MUTATION_ROLE_SCOPE_AWARE,NONE — protected in Slice 2F-18,RUNTIME_VERIFIED (route+dependency data from live app); per-endpoint domain/ownership semantics not individually hand-reviewed for every row
POST,/v1/provider/chat/threads/{thread_id}/messages,provider_send_message,app.engines.platform_notifications.provider_router,TENANT_USER_MUTATION,provider_send_message|require_owner_or_office_staff_mutation|get_current_user|get_db,TENANT_MUTATION_ROLE_SCOPE_AWARE,NONE — protected in Slice 2F-18,RUNTIME_VERIFIED (route+dependency data from live app); per-endpoint domain/ownership semantics not individually hand-reviewed for every row
POST,/v1/provider/chat/threads/{thread_id}/read,provider_mark_thread_read,app.engines.platform_notifications.provider_router,TENANT_USER_MUTATION,provider_mark_thread_read|require_owner_or_office_staff_mutation|get_current_user|get_db,TENANT_MUTATION_ROLE_SCOPE_AWARE,NONE — protected in Slice 2F-18,RUNTIME_VERIFIED (route+dependency data from live app); per-endpoint domain/ownership semantics not individually hand-reviewed for every row
POST,/v1/provider/coaching-appointments/{appointment_id}/cancel,provider_cancel,app.engines.execution.coaching_router,TENANT_USER_MUTATION,provider_cancel|require_owner_or_office_staff_mutation|get_current_user|get_db,TENANT_MUTATION_ROLE_SCOPE_AWARE,"none -- fixed in Slice 2F-12: require_owner_or_office_staff_mutation applied (technician deliberately excluded, no caller evidence); pre-existing per-appointment staff_member_id assignment ownership check in CoachingAppointmentExecutionService unchanged",SLICE_2F12_VERIFIED (direct HTTP test proof -- see phase-02a-slice-02f12/direct-authorization-idor-test-matrix.csv)
POST,/v1/provider/complaints/{complaint_id}/ai-session/answers,submit_ai_answers,app.engines.complaints.provider_router,TENANT_USER_MUTATION,submit_ai_answers|require_tenant_owner_mutation|get_current_user|get_db,TENANT_MUTATION_ROLE_SCOPE_AWARE,none -- fixed in Slice 2F-9: require_tenant_owner_mutation applied (no COMPLAINT_*/REWORK_*/REFUND_* permission exists to use instead),SLICE_2F9_VERIFIED (direct HTTP test proof -- see phase-02a-slice-02f9/direct-authorization-test-matrix.csv)
POST,/v1/provider/complaints/{complaint_id}/offer-resolution,offer_resolution,app.engines.complaints.provider_router,TENANT_USER_MUTATION,offer_resolution|require_tenant_owner_mutation|get_current_user|get_db,TENANT_MUTATION_ROLE_SCOPE_AWARE,none -- fixed in Slice 2F-9: require_tenant_owner_mutation applied (no COMPLAINT_*/REWORK_*/REFUND_* permission exists to use instead),SLICE_2F9_VERIFIED (direct HTTP test proof -- see phase-02a-slice-02f9/direct-authorization-test-matrix.csv)
POST,/v1/provider/complaints/{complaint_id}/respond,respond_to_complaint,app.engines.complaints.provider_router,TENANT_USER_MUTATION,respond_to_complaint|require_tenant_owner_mutation|get_current_user|get_db,TENANT_MUTATION_ROLE_SCOPE_AWARE,none -- fixed in Slice 2F-9: require_tenant_owner_mutation applied (no COMPLAINT_*/REWORK_*/REFUND_* permission exists to use instead),SLICE_2F9_VERIFIED (direct HTTP test proof -- see phase-02a-slice-02f9/direct-authorization-test-matrix.csv)
POST,/v1/provider/complaints/{complaint_id}/settlement-proposals,create_settlement_proposal,app.engines.complaints.provider_router,TENANT_USER_MUTATION,create_settlement_proposal|require_tenant_owner_mutation|get_current_user|get_db,TENANT_MUTATION_ROLE_SCOPE_AWARE,none -- fixed in Slice 2F-9: require_tenant_owner_mutation applied (no COMPLAINT_*/REWORK_*/REFUND_* permission exists to use instead),SLICE_2F9_VERIFIED (direct HTTP test proof -- see phase-02a-slice-02f9/direct-authorization-test-matrix.csv)
POST,/v1/provider/complaints/{complaint_id}/settlement-proposals/{proposal_id}/respond,respond_to_settlement,app.engines.complaints.provider_router,TENANT_USER_MUTATION,respond_to_settlement|require_tenant_owner_mutation|get_current_user|get_db,TENANT_MUTATION_ROLE_SCOPE_AWARE,none -- fixed in Slice 2F-9: require_tenant_owner_mutation applied (no COMPLAINT_*/REWORK_*/REFUND_* permission exists to use instead),SLICE_2F9_VERIFIED (direct HTTP test proof -- see phase-02a-slice-02f9/direct-authorization-test-matrix.csv)
POST,/v1/provider/compliance/consents/{consent_type}/withdraw,withdraw_consent,app.engines.compliance.provider_router,TENANT_USER_MUTATION,withdraw_consent|get_db|require_tenant_owner_mutation|get_current_user|_svc|get_db|require_technician|get_current_user,TENANT_MUTATION_ROLE_SCOPE_AWARE,NONE — protected in Slice 2F-20,RUNTIME_VERIFIED (route+dependency data from live app); per-endpoint domain/ownership semantics not individually hand-reviewed for every row
POST,/v1/provider/compliance/customer-requests/{request_id}/tenant-response,customer_tenant_response,app.engines.compliance.provider_router,TENANT_USER_MUTATION,customer_tenant_response|get_db|require_tenant_owner_mutation|get_current_user,TENANT_MUTATION_ROLE_SCOPE_AWARE,NONE — protected in Slice 2F-20,RUNTIME_VERIFIED (route+dependency data from live app); per-endpoint domain/ownership semantics not individually hand-reviewed for every row
POST,/v1/provider/compliance/requests,create_my_request,app.engines.compliance.provider_router,TENANT_USER_MUTATION,create_my_request|get_db|require_tenant_owner_mutation|get_current_user|_svc|get_db|require_technician|get_current_user,TENANT_MUTATION_ROLE_SCOPE_AWARE,NONE — protected in Slice 2F-20,RUNTIME_VERIFIED (route+dependency data from live app); per-endpoint domain/ownership semantics not individually hand-reviewed for every row
POST,/v1/provider/compliance/requests/{request_id}/cancel,cancel_my_request,app.engines.compliance.provider_router,TENANT_USER_MUTATION,cancel_my_request|get_db|require_tenant_owner_mutation|get_current_user,TENANT_MUTATION_ROLE_SCOPE_AWARE,NONE — protected in Slice 2F-20,RUNTIME_VERIFIED (route+dependency data from live app); per-endpoint domain/ownership semantics not individually hand-reviewed for every row
POST,/v1/provider/compliance/requests/{request_id}/generate-export,generate_export,app.engines.compliance.provider_router,TENANT_USER_MUTATION,generate_export|get_db|require_tenant_owner_mutation|get_current_user,TENANT_MUTATION_ROLE_SCOPE_AWARE,NONE — protected in Slice 2F-20,RUNTIME_VERIFIED (route+dependency data from live app); per-endpoint domain/ownership semantics not individually hand-reviewed for every row
POST,/v1/provider/compliance/staff-requests/{request_id}/tenant-response,staff_tenant_response,app.engines.compliance.provider_router,TENANT_USER_MUTATION,staff_tenant_response|get_db|require_tenant_owner_mutation|get_current_user,TENANT_MUTATION_ROLE_SCOPE_AWARE,NONE — protected in Slice 2F-20,RUNTIME_VERIFIED (route+dependency data from live app); per-endpoint domain/ownership semantics not individually hand-reviewed for every row
PUT,/v1/provider/marketing/assets/{asset_id}/provider-notes,update_asset_provider_notes,app.engines.marketing_automation.provider_router,TENANT_USER_MUTATION,update_asset_provider_notes|get_current_user|get_db,TENANT_MUTATION_ROLE_SCOPE_AWARE,none -- protected via require_mutation_access_scope (Slice 2F-36),SLICE_2F36_VERIFIED (live route/guard introspection -- see phase-02a-slice-02f36/frozen-scope-verification.md)
POST,/v1/provider/marketing/campaigns/generate-launch,generate_launch_campaign,app.engines.marketing_automation.provider_router,TENANT_USER_MUTATION,generate_launch_campaign|get_current_user|get_db,TENANT_MUTATION_ROLE_SCOPE_AWARE,none -- protected via require_mutation_access_scope (Slice 2F-36),SLICE_2F36_VERIFIED (live route/guard introspection -- see phase-02a-slice-02f36/frozen-scope-verification.md)
POST,/v1/provider/marketing/campaigns/{campaign_id}/submit-review,submit_campaign_review,app.engines.marketing_automation.provider_router,TENANT_USER_MUTATION,submit_campaign_review|get_current_user|get_db,TENANT_MUTATION_ROLE_SCOPE_AWARE,none -- protected via require_mutation_access_scope (Slice 2F-36),SLICE_2F36_VERIFIED (live route/guard introspection -- see phase-02a-slice-02f36/frozen-scope-verification.md)
POST,/v1/provider/notifications/mark-all-read,provider_mark_all_read,app.engines.platform_notifications.provider_router,TENANT_USER_MUTATION,provider_mark_all_read|require_owner_or_office_staff_mutation|get_current_user|get_db,TENANT_MUTATION_ROLE_SCOPE_AWARE,NONE — protected in Slice 2F-18,RUNTIME_VERIFIED (route+dependency data from live app); per-endpoint domain/ownership semantics not individually hand-reviewed for every row
PUT,/v1/provider/notifications/preferences,provider_update_pref,app.engines.platform_notifications.provider_router,TENANT_USER_MUTATION,provider_update_pref|require_owner_or_office_staff_mutation|get_current_user|get_db,TENANT_MUTATION_ROLE_SCOPE_AWARE,NONE — protected in Slice 2F-18,RUNTIME_VERIFIED (route+dependency data from live app); per-endpoint domain/ownership semantics not individually hand-reviewed for every row
POST,/v1/provider/notifications/{notification_id}/read,provider_mark_read,app.engines.platform_notifications.provider_router,TENANT_USER_MUTATION,provider_mark_read|require_owner_or_office_staff_mutation|get_current_user|get_db,TENANT_MUTATION_ROLE_SCOPE_AWARE,NONE — protected in Slice 2F-18,RUNTIME_VERIFIED (route+dependency data from live app); per-endpoint domain/ownership semantics not individually hand-reviewed for every row
POST,/v1/provider/offerings/enabled,enable_offering,app.engines.provider_portal.router,TENANT_USER_MUTATION,enable_offering|get_db|require_tenant_owner_mutation|require_tenant_owner|get_current_user,TENANT_MUTATION_ROLE_SCOPE_AWARE,none -- already access-scope-aware (Slice 2F-2),SLICE_2F2_VERIFIED (direct HTTP test proof -- see phase-02a-slice-02f2/provider-portal-authorization-test-matrix.csv)
PUT,/v1/provider/offerings/enabled/{offering_id},update_enabled_offering,app.engines.provider_portal.router,TENANT_USER_MUTATION,update_enabled_offering|get_db|require_tenant_owner_mutation|require_tenant_owner|get_current_user,TENANT_MUTATION_ROLE_SCOPE_AWARE,none -- already access-scope-aware (Slice 2F-2),SLICE_2F2_VERIFIED (direct HTTP test proof -- see phase-02a-slice-02f2/provider-portal-authorization-test-matrix.csv)
POST,/v1/provider/offerings/enabled/{offering_id}/activate,activate_offering,app.engines.provider_portal.router,TENANT_USER_MUTATION,activate_offering|get_db|require_tenant_owner_mutation|require_tenant_owner|get_current_user,TENANT_MUTATION_ROLE_SCOPE_AWARE,none -- already access-scope-aware (Slice 2F-2),SLICE_2F2_VERIFIED (direct HTTP test proof -- see phase-02a-slice-02f2/provider-portal-authorization-test-matrix.csv)
POST,/v1/provider/offerings/enabled/{offering_id}/deactivate,deactivate_offering,app.engines.provider_portal.router,TENANT_USER_MUTATION,deactivate_offering|get_db|require_tenant_owner_mutation|require_tenant_owner|get_current_user,TENANT_MUTATION_ROLE_SCOPE_AWARE,none -- already access-scope-aware (Slice 2F-2),SLICE_2F2_VERIFIED (direct HTTP test proof -- see phase-02a-slice-02f2/provider-portal-authorization-test-matrix.csv)
POST,/v1/provider/offerings/enabled/{offering_id}/refresh-readiness,refresh_offering_readiness,app.engines.provider_portal.router,TENANT_USER_MUTATION,refresh_offering_readiness|get_db|require_tenant_owner_mutation|require_tenant_owner|get_current_user,TENANT_MUTATION_ROLE_SCOPE_AWARE,none -- already access-scope-aware (Slice 2F-2),SLICE_2F2_VERIFIED (direct HTTP test proof -- see phase-02a-slice-02f2/provider-portal-authorization-test-matrix.csv)
POST,/v1/provider/onboarding/refresh,refresh_onboarding,app.engines.provider_portal.router,TENANT_USER_MUTATION,refresh_onboarding|get_db|require_tenant_owner_mutation|require_tenant_owner|get_current_user,TENANT_MUTATION_ROLE_SCOPE_AWARE,none -- already access-scope-aware (Slice 2F-2),SLICE_2F2_VERIFIED (direct HTTP test proof -- see phase-02a-slice-02f2/provider-portal-authorization-test-matrix.csv)
POST,/v1/provider/profile/logo,upload_provider_logo,app.engines.media.new_router,TENANT_USER_MUTATION,upload_provider_logo|require_technician|get_current_user|_svc|get_db|get_current_user,STAFF_EXECUTION_ROLE_SCOPE_AWARE,none -- closed by Slice 2F-31 (N01): require_staff_or_above_mutation access-scope guard (same role set as require_technician) in front of the pre-existing MediaAccessService ownership chain,RUNTIME_VERIFIED + service evidence (Slice 2F-31): access-scope gated; tenant server-derived from actor; MediaAccessService.assert_can_view/replace ownership preserved
DELETE,/v1/provider/profile/logo,remove_provider_logo,app.engines.media.new_router,TENANT_USER_MUTATION,remove_provider_logo|require_technician|get_current_user|_svc|get_db|get_current_user,STAFF_EXECUTION_ROLE_SCOPE_AWARE,none -- closed by Slice 2F-31 (N01): require_staff_or_above_mutation access-scope guard (same role set as require_technician) in front of the pre-existing MediaAccessService ownership chain,RUNTIME_VERIFIED + service evidence (Slice 2F-31): access-scope gated; tenant server-derived from actor; MediaAccessService.assert_can_view/replace ownership preserved
POST,/v1/provider/profile/shop-photo,upload_provider_shop_photo,app.engines.media.new_router,TENANT_USER_MUTATION,upload_provider_shop_photo|require_technician|get_current_user|_svc|get_db|get_current_user,STAFF_EXECUTION_ROLE_SCOPE_AWARE,none -- closed by Slice 2F-31 (N01): require_staff_or_above_mutation access-scope guard (same role set as require_technician) in front of the pre-existing MediaAccessService ownership chain,RUNTIME_VERIFIED + service evidence (Slice 2F-31): access-scope gated; tenant server-derived from actor; MediaAccessService.assert_can_view/replace ownership preserved
DELETE,/v1/provider/profile/shop-photo,remove_provider_shop_photo,app.engines.media.new_router,TENANT_USER_MUTATION,remove_provider_shop_photo|require_technician|get_current_user|_svc|get_db|get_current_user,STAFF_EXECUTION_ROLE_SCOPE_AWARE,none -- closed by Slice 2F-31 (N01): require_staff_or_above_mutation access-scope guard (same role set as require_technician) in front of the pre-existing MediaAccessService ownership chain,RUNTIME_VERIFIED + service evidence (Slice 2F-31): access-scope gated; tenant server-derived from actor; MediaAccessService.assert_can_view/replace ownership preserved
POST,/v1/provider/refund-requests/{refund_id}/review,review_refund,app.engines.complaints.provider_router,TENANT_USER_MUTATION,review_refund|require_tenant_owner_mutation|get_current_user|get_db,TENANT_MUTATION_ROLE_SCOPE_AWARE,none -- fixed in Slice 2F-9: require_tenant_owner_mutation applied (no COMPLAINT_*/REWORK_*/REFUND_* permission exists to use instead),SLICE_2F9_VERIFIED (direct HTTP test proof -- see phase-02a-slice-02f9/direct-authorization-test-matrix.csv)
POST,/v1/provider/reports/run,provider_run_report,app.engines.analytics.provider_router,TENANT_USER_MUTATION,provider_run_report|get_current_user|get_db,TENANT_MUTATION_ROLE_SCOPE_AWARE,none -- protected via require_mutation_access_scope (Slice 2F-36),SLICE_2F36_VERIFIED (live route/guard introspection -- see phase-02a-slice-02f36/frozen-scope-verification.md)
POST,/v1/provider/reviews/{review_id}/flag,flag_review,app.engines.customer_reviews.provider_router,TENANT_USER_MUTATION,flag_review|get_db|require_tenant_owner_mutation|get_current_user,TENANT_MUTATION_ROLE_SCOPE_AWARE,NONE -- protected in Slice 2F-24 (persona + mutation scope + central scoped ownership lookup),RUNTIME_VERIFIED + full ownership/actor/state/alternate-route review (Slice 2F-24)
POST,/v1/provider/reviews/{review_id}/reply,submit_reply,app.engines.customer_reviews.provider_router,TENANT_USER_MUTATION,submit_reply|get_db|require_tenant_owner_mutation|get_current_user,TENANT_MUTATION_ROLE_SCOPE_AWARE,NONE -- protected in Slice 2F-24 (persona + mutation scope + central scoped ownership lookup),RUNTIME_VERIFIED + full ownership/actor/state/alternate-route review (Slice 2F-24)
POST,/v1/provider/rework-requests/{rework_id}/complete,complete_rework,app.engines.complaints.provider_router,TENANT_USER_MUTATION,complete_rework|require_tenant_owner_mutation|get_current_user|get_db,TENANT_MUTATION_ROLE_SCOPE_AWARE,none -- fixed in Slice 2F-9: require_tenant_owner_mutation applied (no COMPLAINT_*/REWORK_*/REFUND_* permission exists to use instead),SLICE_2F9_VERIFIED (direct HTTP test proof -- see phase-02a-slice-02f9/direct-authorization-test-matrix.csv)
POST,/v1/provider/rework-requests/{rework_id}/schedule,schedule_rework,app.engines.complaints.provider_router,TENANT_USER_MUTATION,schedule_rework|require_tenant_owner_mutation|get_current_user|get_db,TENANT_MUTATION_ROLE_SCOPE_AWARE,none -- fixed in Slice 2F-9: require_tenant_owner_mutation applied (no COMPLAINT_*/REWORK_*/REFUND_* permission exists to use instead),SLICE_2F9_VERIFIED (direct HTTP test proof -- see phase-02a-slice-02f9/direct-authorization-test-matrix.csv)
POST,/v1/provider/rework-requests/{rework_id}/start,start_rework,app.engines.complaints.provider_router,TENANT_USER_MUTATION,start_rework|require_tenant_owner_mutation|get_current_user|get_db,TENANT_MUTATION_ROLE_SCOPE_AWARE,none -- fixed in Slice 2F-9: require_tenant_owner_mutation applied (no COMPLAINT_*/REWORK_*/REFUND_* permission exists to use instead),SLICE_2F9_VERIFIED (direct HTTP test proof -- see phase-02a-slice-02f9/direct-authorization-test-matrix.csv)
PUT,/v1/provider/service-areas/{area_id}/coverage,set_area_coverage,app.engines.provider_portal.router,TENANT_USER_MUTATION,set_area_coverage|get_db|require_tenant_mutation_tenant_service_area_service_update|get_current_user,TENANT_MUTATION_PERMISSION_SCOPE_AWARE,none -- already access-scope-aware (Slice 2F-2),SLICE_2F2_VERIFIED (direct HTTP test proof -- see phase-02a-slice-02f2/provider-portal-authorization-test-matrix.csv)
POST,/v1/provider/service-invoices/{invoice_id}/issue,provider_issue_invoice,app.engines.invoice_payment.provider_router,TENANT_USER_MUTATION,provider_issue_invoice|require_tenant_mutation_field_ops_invoice_gen|get_current_user|get_db,TENANT_MUTATION_PERMISSION_SCOPE_AWARE,none -- already fixed in Slice 2F-6A; canonical CSV was stale (see phase-02a-slice-02f17/),SLICE_2F17_RECONCILED (runtime tool confirmed 0 unverified for app.engines.invoice_payment.provider_router)
POST,/v1/provider/service-invoices/{invoice_id}/record-payment,provider_record_payment,app.engines.invoice_payment.provider_router,TENANT_USER_MUTATION,provider_record_payment|require_owner_or_office_staff_mutation|get_current_user|get_db,STAFF_EXECUTION_ROLE_SCOPE_AWARE,none -- already fixed in Slice 2F-6A; canonical CSV was stale (see phase-02a-slice-02f17/),SLICE_2F17_RECONCILED (runtime tool confirmed 0 unverified for app.engines.invoice_payment.provider_router)
POST,/v1/provider/service-jobs/{job_id}/assign,assign_job,app.engines.home_service_assignment.provider_router,TENANT_USER_MUTATION,assign_job|require_tenant_owner_mutation|require_tenant_owner|get_current_user|get_db,TENANT_MUTATION_ROLE_SCOPE_AWARE,none -- already access-scope-aware (Slice 2F-3B),SLICE_2F3B_VERIFIED (see phase-02a-slice-02f3b/final-live-route-inventory.csv)
POST,/v1/provider/service-jobs/{job_id}/cancel,provider_cancel_job,app.engines.execution.home_service_router,TENANT_USER_MUTATION,provider_cancel_job|require_staff_or_above_mutation|require_staff_or_above|get_current_user|get_db,STAFF_EXECUTION_ROLE_SCOPE_AWARE,none -- already access-scope-aware (Slice 2F-3B),SLICE_2F3B_VERIFIED (see phase-02a-slice-02f3b/final-live-route-inventory.csv)
POST,/v1/provider/service-jobs/{job_id}/cancel-assignment,cancel_assignment,app.engines.home_service_assignment.provider_router,TENANT_USER_MUTATION,cancel_assignment|require_tenant_owner_mutation|require_tenant_owner|get_current_user|get_db,TENANT_MUTATION_ROLE_SCOPE_AWARE,none -- already access-scope-aware (Slice 2F-3B),SLICE_2F3B_VERIFIED (see phase-02a-slice-02f3b/final-live-route-inventory.csv)
POST,/v1/provider/service-jobs/{job_id}/parts-requests/{parts_request_id}/approve,provider_approve_parts_request,app.engines.execution.home_service_router,TENANT_USER_MUTATION,provider_approve_parts_request|require_staff_or_above_mutation|require_staff_or_above|get_current_user|get_db,STAFF_EXECUTION_ROLE_SCOPE_AWARE,none -- already access-scope-aware (Slice 2F-3B),SLICE_2F3B_VERIFIED (see phase-02a-slice-02f3b/final-live-route-inventory.csv)
POST,/v1/provider/service-jobs/{job_id}/parts-requests/{parts_request_id}/install,provider_install_parts_request,app.engines.execution.home_service_router,TENANT_USER_MUTATION,provider_install_parts_request|require_staff_or_above_mutation|require_staff_or_above|get_current_user|get_db,STAFF_EXECUTION_ROLE_SCOPE_AWARE,none -- already access-scope-aware (Slice 2F-3B),SLICE_2F3B_VERIFIED (see phase-02a-slice-02f3b/final-live-route-inventory.csv)
POST,/v1/provider/service-jobs/{job_id}/parts-requests/{parts_request_id}/reject,provider_reject_parts_request,app.engines.execution.home_service_router,TENANT_USER_MUTATION,provider_reject_parts_request|require_staff_or_above_mutation|require_staff_or_above|get_current_user|get_db,STAFF_EXECUTION_ROLE_SCOPE_AWARE,none -- already access-scope-aware (Slice 2F-3B),SLICE_2F3B_VERIFIED (see phase-02a-slice-02f3b/final-live-route-inventory.csv)
POST,/v1/provider/service-jobs/{job_id}/reassign,reassign_job,app.engines.home_service_assignment.provider_router,TENANT_USER_MUTATION,reassign_job|require_tenant_owner_mutation|require_tenant_owner|get_current_user|get_db,TENANT_MUTATION_ROLE_SCOPE_AWARE,none -- already access-scope-aware (Slice 2F-3B),SLICE_2F3B_VERIFIED (see phase-02a-slice-02f3b/final-live-route-inventory.csv)
POST,/v1/provider/service-jobs/{job_id}/schedule,schedule_job,app.engines.home_service_assignment.provider_router,TENANT_USER_MUTATION,schedule_job|require_tenant_owner_mutation|require_tenant_owner|get_current_user|get_db,TENANT_MUTATION_ROLE_SCOPE_AWARE,none -- already access-scope-aware (Slice 2F-3B),SLICE_2F3B_VERIFIED (see phase-02a-slice-02f3b/final-live-route-inventory.csv)
POST,/v1/provider/setup/recommendations,provider_setup_recommendations,app.engines.admin_catalog.recommendation_router,TENANT_USER_MUTATION,provider_setup_recommendations|get_db|require_technician|get_current_user,TENANT_MUTATION_ROLE_SCOPE_AWARE,none -- protected via require_staff_or_above_mutation (Slice 2F-36),SLICE_2F36_VERIFIED (live route/guard introspection -- see phase-02a-slice-02f36/frozen-scope-verification.md)
POST,/v1/provider/setup/services/{service_id}/supported-options,set_supported_options,app.engines.admin_catalog.service_option_provider_router,TENANT_USER_MUTATION,set_supported_options|require_technician|get_current_user|_svc|get_db|require_technician|get_current_user,TENANT_MUTATION_ROLE_SCOPE_AWARE,none -- protected via require_staff_or_above_mutation (Slice 2F-36),SLICE_2F36_VERIFIED (live route/guard introspection -- see phase-02a-slice-02f36/frozen-scope-verification.md)
POST,/v1/provider/status/refresh,refresh_provider_status,app.engines.provider_portal.router,TENANT_USER_MUTATION,refresh_provider_status|get_db|require_tenant_owner_mutation|require_tenant_owner|get_current_user,TENANT_MUTATION_ROLE_SCOPE_AWARE,none -- already access-scope-aware (Slice 2F-2),SLICE_2F2_VERIFIED (direct HTTP test proof -- see phase-02a-slice-02f2/provider-portal-authorization-test-matrix.csv)
POST,/v1/provider/team-members,create_team_member,app.engines.provider_portal.router,TENANT_USER_MUTATION,create_team_member|get_db|require_tenant_owner_mutation|require_tenant_owner|get_current_user,TENANT_MUTATION_ROLE_SCOPE_AWARE,none -- already access-scope-aware (Slice 2F-2),SLICE_2F2_VERIFIED (direct HTTP test proof -- see phase-02a-slice-02f2/provider-portal-authorization-test-matrix.csv)
PUT,/v1/provider/team-members/{member_id},update_team_member,app.engines.provider_portal.router,TENANT_USER_MUTATION,update_team_member|get_db|require_tenant_owner_mutation|require_tenant_owner|get_current_user,TENANT_MUTATION_ROLE_SCOPE_AWARE,none -- already access-scope-aware (Slice 2F-2),SLICE_2F2_VERIFIED (direct HTTP test proof -- see phase-02a-slice-02f2/provider-portal-authorization-test-matrix.csv)
DELETE,/v1/provider/team-members/{member_id},delete_team_member,app.engines.provider_portal.router,TENANT_USER_MUTATION,delete_team_member|get_db|require_tenant_owner_mutation|require_tenant_owner|get_current_user,TENANT_MUTATION_ROLE_SCOPE_AWARE,none -- already access-scope-aware (Slice 2F-2),SLICE_2F2_VERIFIED (direct HTTP test proof -- see phase-02a-slice-02f2/provider-portal-authorization-test-matrix.csv)
POST,/v1/provider/team-members/{member_id}/activate,activate_team_member,app.engines.provider_portal.router,TENANT_USER_MUTATION,activate_team_member|get_db|require_tenant_owner_mutation|require_tenant_owner|get_current_user,TENANT_MUTATION_ROLE_SCOPE_AWARE,none -- already access-scope-aware (Slice 2F-2),SLICE_2F2_VERIFIED (direct HTTP test proof -- see phase-02a-slice-02f2/provider-portal-authorization-test-matrix.csv)
POST,/v1/provider/team-members/{member_id}/create-login,create_member_login,app.engines.provider_portal.router,TENANT_USER_MUTATION,create_member_login|get_db|require_tenant_owner_mutation|require_tenant_owner|get_current_user,TENANT_MUTATION_ROLE_SCOPE_AWARE,none -- already access-scope-aware (Slice 2F-2),SLICE_2F2_VERIFIED (direct HTTP test proof -- see phase-02a-slice-02f2/provider-portal-authorization-test-matrix.csv)
POST,/v1/provider/team-members/{member_id}/deactivate,deactivate_team_member,app.engines.provider_portal.router,TENANT_USER_MUTATION,deactivate_team_member|get_db|require_tenant_owner_mutation|require_tenant_owner|get_current_user,TENANT_MUTATION_ROLE_SCOPE_AWARE,none -- already access-scope-aware (Slice 2F-2),SLICE_2F2_VERIFIED (direct HTTP test proof -- see phase-02a-slice-02f2/provider-portal-authorization-test-matrix.csv)
POST,/v1/staff/chat/threads/{thread_id}/messages,staff_send_message,app.engines.platform_notifications.provider_router,TENANT_TECHNICIAN_MUTATION,staff_send_message|require_staff_or_technician_only|get_current_user|get_db,STAFF_EXECUTION_ROLE_SCOPE_AWARE,NONE — protected in Slice 2F-18,RUNTIME_VERIFIED (route+dependency data from live app); per-endpoint domain/ownership semantics not individually hand-reviewed for every row
POST,/v1/staff/chat/threads/{thread_id}/read,staff_mark_thread_read,app.engines.platform_notifications.provider_router,TENANT_TECHNICIAN_MUTATION,staff_mark_thread_read|require_staff_or_technician_only|get_current_user|get_db,STAFF_EXECUTION_ROLE_SCOPE_AWARE,NONE — protected in Slice 2F-18,RUNTIME_VERIFIED (route+dependency data from live app); per-endpoint domain/ownership semantics not individually hand-reviewed for every row
POST,/v1/staff/coaching-appointments/{appointment_id}/accept,staff_accept,app.engines.execution.coaching_router,TENANT_TECHNICIAN_MUTATION,staff_accept|require_owner_or_office_staff_mutation|get_current_user|get_db,TENANT_MUTATION_ROLE_SCOPE_AWARE,"none -- fixed in Slice 2F-12: require_owner_or_office_staff_mutation applied (technician deliberately excluded, no caller evidence); pre-existing per-appointment staff_member_id assignment ownership check in CoachingAppointmentExecutionService unchanged",SLICE_2F12_VERIFIED (direct HTTP test proof -- see phase-02a-slice-02f12/direct-authorization-idor-test-matrix.csv)
POST,/v1/staff/coaching-appointments/{appointment_id}/complete,staff_complete,app.engines.execution.coaching_router,TENANT_TECHNICIAN_MUTATION,staff_complete|require_owner_or_office_staff_mutation|get_current_user|get_db,TENANT_MUTATION_ROLE_SCOPE_AWARE,"none -- fixed in Slice 2F-12: require_owner_or_office_staff_mutation applied (technician deliberately excluded, no caller evidence); pre-existing per-appointment staff_member_id assignment ownership check in CoachingAppointmentExecutionService unchanged",SLICE_2F12_VERIFIED (direct HTTP test proof -- see phase-02a-slice-02f12/direct-authorization-idor-test-matrix.csv)
POST,/v1/staff/coaching-appointments/{appointment_id}/no-show,staff_no_show,app.engines.execution.coaching_router,TENANT_TECHNICIAN_MUTATION,staff_no_show|require_owner_or_office_staff_mutation|get_current_user|get_db,TENANT_MUTATION_ROLE_SCOPE_AWARE,"none -- fixed in Slice 2F-12: require_owner_or_office_staff_mutation applied (technician deliberately excluded, no caller evidence); pre-existing per-appointment staff_member_id assignment ownership check in CoachingAppointmentExecutionService unchanged",SLICE_2F12_VERIFIED (direct HTTP test proof -- see phase-02a-slice-02f12/direct-authorization-idor-test-matrix.csv)
POST,/v1/staff/coaching-appointments/{appointment_id}/notes,staff_add_note,app.engines.execution.coaching_router,TENANT_TECHNICIAN_MUTATION,staff_add_note|require_owner_or_office_staff_mutation|get_current_user|get_db,TENANT_MUTATION_ROLE_SCOPE_AWARE,"none -- fixed in Slice 2F-12: require_owner_or_office_staff_mutation applied (technician deliberately excluded, no caller evidence); pre-existing per-appointment staff_member_id assignment ownership check in CoachingAppointmentExecutionService unchanged",SLICE_2F12_VERIFIED (direct HTTP test proof -- see phase-02a-slice-02f12/direct-authorization-idor-test-matrix.csv)
POST,/v1/staff/coaching-appointments/{appointment_id}/reject,staff_reject,app.engines.execution.coaching_router,TENANT_TECHNICIAN_MUTATION,staff_reject|require_owner_or_office_staff_mutation|get_current_user|get_db,TENANT_MUTATION_ROLE_SCOPE_AWARE,"none -- fixed in Slice 2F-12: require_owner_or_office_staff_mutation applied (technician deliberately excluded, no caller evidence); pre-existing per-appointment staff_member_id assignment ownership check in CoachingAppointmentExecutionService unchanged",SLICE_2F12_VERIFIED (direct HTTP test proof -- see phase-02a-slice-02f12/direct-authorization-idor-test-matrix.csv)
POST,/v1/staff/coaching-appointments/{appointment_id}/request-reschedule,staff_reschedule,app.engines.execution.coaching_router,TENANT_TECHNICIAN_MUTATION,staff_reschedule|require_owner_or_office_staff_mutation|get_current_user|get_db,TENANT_MUTATION_ROLE_SCOPE_AWARE,"none -- fixed in Slice 2F-12: require_owner_or_office_staff_mutation applied (technician deliberately excluded, no caller evidence); pre-existing per-appointment staff_member_id assignment ownership check in CoachingAppointmentExecutionService unchanged",SLICE_2F12_VERIFIED (direct HTTP test proof -- see phase-02a-slice-02f12/direct-authorization-idor-test-matrix.csv)
POST,/v1/staff/coaching-appointments/{appointment_id}/start,staff_start,app.engines.execution.coaching_router,TENANT_TECHNICIAN_MUTATION,staff_start|require_owner_or_office_staff_mutation|get_current_user|get_db,TENANT_MUTATION_ROLE_SCOPE_AWARE,"none -- fixed in Slice 2F-12: require_owner_or_office_staff_mutation applied (technician deliberately excluded, no caller evidence); pre-existing per-appointment staff_member_id assignment ownership check in CoachingAppointmentExecutionService unchanged",SLICE_2F12_VERIFIED (direct HTTP test proof -- see phase-02a-slice-02f12/direct-authorization-idor-test-matrix.csv)
POST,/v1/staff/me/jobs/{job_id}/accept,accept,app.engines.field_ops.staff_router,TENANT_TECHNICIAN_MUTATION,accept|_svc|get_db|require_staff_or_technician_only,STAFF_EXECUTION_ROLE_SCOPE_AWARE,"none -- fixed in Slice 2F-14: require_staff_or_technician_only applied (extracted from the router's own pre-existing, correct inline role check into a named dependency so runtime verification recognizes it); pre-existing object-layer assignment ownership (_get_job_for_staff_action) unmodified",SLICE_2F14_VERIFIED (direct HTTP test proof -- see phase-02a-slice-02f14/direct-authorization-idor-test-matrix.csv)
POST,/v1/staff/me/jobs/{job_id}/checklist/complete,my_job_checklist_complete,app.engines.field_ops.staff_router,TENANT_TECHNICIAN_MUTATION,my_job_checklist_complete|_svc|get_db|require_staff_or_technician_only,STAFF_EXECUTION_ROLE_SCOPE_AWARE,"none -- fixed in Slice 2F-14: require_staff_or_technician_only applied (extracted from the router's own pre-existing, correct inline role check into a named dependency so runtime verification recognizes it); pre-existing object-layer assignment ownership (_get_job_for_staff_action) unmodified",SLICE_2F14_VERIFIED (direct HTTP test proof -- see phase-02a-slice-02f14/direct-authorization-idor-test-matrix.csv)
PUT,/v1/staff/me/jobs/{job_id}/checklist/items/{item_id},my_job_checklist_item,app.engines.field_ops.staff_router,TENANT_TECHNICIAN_MUTATION,my_job_checklist_item|_svc|get_db|require_staff_or_technician_only,STAFF_EXECUTION_ROLE_SCOPE_AWARE,"none -- fixed in Slice 2F-14: require_staff_or_technician_only applied (extracted from the router's own pre-existing, correct inline role check into a named dependency so runtime verification recognizes it); pre-existing object-layer assignment ownership (_get_job_for_staff_action) unmodified",SLICE_2F14_VERIFIED (direct HTTP test proof -- see phase-02a-slice-02f14/direct-authorization-idor-test-matrix.csv)
POST,/v1/staff/me/jobs/{job_id}/checklist/start,my_job_checklist_start,app.engines.field_ops.staff_router,TENANT_TECHNICIAN_MUTATION,my_job_checklist_start|_svc|get_db|require_staff_or_technician_only,STAFF_EXECUTION_ROLE_SCOPE_AWARE,"none -- fixed in Slice 2F-14: require_staff_or_technician_only applied (extracted from the router's own pre-existing, correct inline role check into a named dependency so runtime verification recognizes it); pre-existing object-layer assignment ownership (_get_job_for_staff_action) unmodified",SLICE_2F14_VERIFIED (direct HTTP test proof -- see phase-02a-slice-02f14/direct-authorization-idor-test-matrix.csv)
POST,/v1/staff/me/jobs/{job_id}/reject-assignment,reject,app.engines.field_ops.staff_router,TENANT_TECHNICIAN_MUTATION,reject|_svc|get_db|require_staff_or_technician_only,STAFF_EXECUTION_ROLE_SCOPE_AWARE,"none -- fixed in Slice 2F-14: require_staff_or_technician_only applied (extracted from the router's own pre-existing, correct inline role check into a named dependency so runtime verification recognizes it); pre-existing object-layer assignment ownership (_get_job_for_staff_action) unmodified",SLICE_2F14_VERIFIED (direct HTTP test proof -- see phase-02a-slice-02f14/direct-authorization-idor-test-matrix.csv)
PUT,/v1/staff/me/jobs/{job_id}/status,update_status,app.engines.field_ops.staff_router,TENANT_TECHNICIAN_MUTATION,update_status|_svc|get_db|require_staff_or_technician_only,STAFF_EXECUTION_ROLE_SCOPE_AWARE,"none -- fixed in Slice 2F-14: require_staff_or_technician_only applied (extracted from the router's own pre-existing, correct inline role check into a named dependency so runtime verification recognizes it); pre-existing object-layer assignment ownership (_get_job_for_staff_action) unmodified",SLICE_2F14_VERIFIED (direct HTTP test proof -- see phase-02a-slice-02f14/direct-authorization-idor-test-matrix.csv)
POST,/v1/staff/notifications/mark-all-read,staff_mark_all_read,app.engines.platform_notifications.provider_router,TENANT_TECHNICIAN_MUTATION,staff_mark_all_read|require_staff_or_technician_only|get_current_user|get_db,STAFF_EXECUTION_ROLE_SCOPE_AWARE,NONE — protected in Slice 2F-18,RUNTIME_VERIFIED (route+dependency data from live app); per-endpoint domain/ownership semantics not individually hand-reviewed for every row
POST,/v1/staff/notifications/{notification_id}/read,staff_mark_read,app.engines.platform_notifications.provider_router,TENANT_TECHNICIAN_MUTATION,staff_mark_read|require_staff_or_technician_only|get_current_user|get_db,STAFF_EXECUTION_ROLE_SCOPE_AWARE,NONE — protected in Slice 2F-18,RUNTIME_VERIFIED (route+dependency data from live app); per-endpoint domain/ownership semantics not individually hand-reviewed for every row
PUT,/v1/staff/profile,update_staff_profile,app.engines.profile.router,TENANT_TECHNICIAN_MUTATION,update_staff_profile|require_technician|get_current_user|_svc_technician|get_db|require_technician|get_current_user,TENANT_MUTATION_ROLE_SCOPE_AWARE,none -- protected via require_staff_or_above_mutation (Slice 2F-36),SLICE_2F36_VERIFIED (live route/guard introspection -- see phase-02a-slice-02f36/frozen-scope-verification.md)
POST,/v1/staff/profile/photo,upload_staff_profile_photo,app.engines.media.new_router,TENANT_TECHNICIAN_MUTATION,upload_staff_profile_photo|require_technician|get_current_user|_svc|get_db|get_current_user,STAFF_EXECUTION_ROLE_SCOPE_AWARE,none -- closed by Slice 2F-31 (N01): require_staff_or_above_mutation access-scope guard (same role set as require_technician) in front of the pre-existing MediaAccessService ownership chain,RUNTIME_VERIFIED + service evidence (Slice 2F-31): access-scope gated; tenant server-derived from actor; MediaAccessService.assert_can_view/replace ownership preserved
DELETE,/v1/staff/profile/photo,remove_staff_profile_photo,app.engines.media.new_router,TENANT_TECHNICIAN_MUTATION,remove_staff_profile_photo|require_technician|get_current_user|_svc|get_db|get_current_user,STAFF_EXECUTION_ROLE_SCOPE_AWARE,none -- closed by Slice 2F-31 (N01): require_staff_or_above_mutation access-scope guard (same role set as require_technician) in front of the pre-existing MediaAccessService ownership chain,RUNTIME_VERIFIED + service evidence (Slice 2F-31): access-scope gated; tenant server-derived from actor; MediaAccessService.assert_can_view/replace ownership preserved
POST,/v1/staff/real-estate-leads/{lead_id}/accept,agent_accept,app.engines.execution.real_estate_router,TENANT_TECHNICIAN_MUTATION,agent_accept|require_owner_or_office_staff_mutation|get_current_user|get_db,TENANT_MUTATION_ROLE_SCOPE_AWARE,"none -- fixed in Slice 2F-11: require_owner_or_office_staff_mutation applied (technician deliberately excluded, no caller evidence); pre-existing per-lead agent_id assignment ownership check in RealEstateLeadExecutionService unchanged",SLICE_2F11_VERIFIED (direct HTTP test proof -- see phase-02a-slice-02f11/direct-authorization-test-matrix.csv)
POST,/v1/staff/real-estate-leads/{lead_id}/close-lost,agent_close_lost,app.engines.execution.real_estate_router,TENANT_TECHNICIAN_MUTATION,agent_close_lost|require_owner_or_office_staff_mutation|get_current_user|get_db,TENANT_MUTATION_ROLE_SCOPE_AWARE,"none -- fixed in Slice 2F-11: require_owner_or_office_staff_mutation applied (technician deliberately excluded, no caller evidence); pre-existing per-lead agent_id assignment ownership check in RealEstateLeadExecutionService unchanged",SLICE_2F11_VERIFIED (direct HTTP test proof -- see phase-02a-slice-02f11/direct-authorization-test-matrix.csv)
POST,/v1/staff/real-estate-leads/{lead_id}/complete-site-visit,agent_complete_site_visit,app.engines.execution.real_estate_router,TENANT_TECHNICIAN_MUTATION,agent_complete_site_visit|require_owner_or_office_staff_mutation|get_current_user|get_db,TENANT_MUTATION_ROLE_SCOPE_AWARE,"none -- fixed in Slice 2F-11: require_owner_or_office_staff_mutation applied (technician deliberately excluded, no caller evidence); pre-existing per-lead agent_id assignment ownership check in RealEstateLeadExecutionService unchanged",SLICE_2F11_VERIFIED (direct HTTP test proof -- see phase-02a-slice-02f11/direct-authorization-test-matrix.csv)
POST,/v1/staff/real-estate-leads/{lead_id}/convert,agent_convert,app.engines.execution.real_estate_router,TENANT_TECHNICIAN_MUTATION,agent_convert|require_owner_or_office_staff_mutation|get_current_user|get_db,TENANT_MUTATION_ROLE_SCOPE_AWARE,"none -- fixed in Slice 2F-11: require_owner_or_office_staff_mutation applied (technician deliberately excluded, no caller evidence); pre-existing per-lead agent_id assignment ownership check in RealEstateLeadExecutionService unchanged",SLICE_2F11_VERIFIED (direct HTTP test proof -- see phase-02a-slice-02f11/direct-authorization-test-matrix.csv)
POST,/v1/staff/real-estate-leads/{lead_id}/disqualify,agent_disqualify,app.engines.execution.real_estate_router,TENANT_TECHNICIAN_MUTATION,agent_disqualify|require_owner_or_office_staff_mutation|get_current_user|get_db,TENANT_MUTATION_ROLE_SCOPE_AWARE,"none -- fixed in Slice 2F-11: require_owner_or_office_staff_mutation applied (technician deliberately excluded, no caller evidence); pre-existing per-lead agent_id assignment ownership check in RealEstateLeadExecutionService unchanged",SLICE_2F11_VERIFIED (direct HTTP test proof -- see phase-02a-slice-02f11/direct-authorization-test-matrix.csv)
POST,/v1/staff/real-estate-leads/{lead_id}/mark-contacted,agent_mark_contacted,app.engines.execution.real_estate_router,TENANT_TECHNICIAN_MUTATION,agent_mark_contacted|require_owner_or_office_staff_mutation|get_current_user|get_db,TENANT_MUTATION_ROLE_SCOPE_AWARE,"none -- fixed in Slice 2F-11: require_owner_or_office_staff_mutation applied (technician deliberately excluded, no caller evidence); pre-existing per-lead agent_id assignment ownership check in RealEstateLeadExecutionService unchanged",SLICE_2F11_VERIFIED (direct HTTP test proof -- see phase-02a-slice-02f11/direct-authorization-test-matrix.csv)
POST,/v1/staff/real-estate-leads/{lead_id}/notes,agent_add_note,app.engines.execution.real_estate_router,TENANT_TECHNICIAN_MUTATION,agent_add_note|require_owner_or_office_staff_mutation|get_current_user|get_db,TENANT_MUTATION_ROLE_SCOPE_AWARE,"none -- fixed in Slice 2F-11: require_owner_or_office_staff_mutation applied (technician deliberately excluded, no caller evidence); pre-existing per-lead agent_id assignment ownership check in RealEstateLeadExecutionService unchanged",SLICE_2F11_VERIFIED (direct HTTP test proof -- see phase-02a-slice-02f11/direct-authorization-test-matrix.csv)
POST,/v1/staff/real-estate-leads/{lead_id}/plan-site-visit,agent_plan_site_visit,app.engines.execution.real_estate_router,TENANT_TECHNICIAN_MUTATION,agent_plan_site_visit|require_owner_or_office_staff_mutation|get_current_user|get_db,TENANT_MUTATION_ROLE_SCOPE_AWARE,"none -- fixed in Slice 2F-11: require_owner_or_office_staff_mutation applied (technician deliberately excluded, no caller evidence); pre-existing per-lead agent_id assignment ownership check in RealEstateLeadExecutionService unchanged",SLICE_2F11_VERIFIED (direct HTTP test proof -- see phase-02a-slice-02f11/direct-authorization-test-matrix.csv)
POST,/v1/staff/real-estate-leads/{lead_id}/qualify,agent_qualify,app.engines.execution.real_estate_router,TENANT_TECHNICIAN_MUTATION,agent_qualify|require_owner_or_office_staff_mutation|get_current_user|get_db,TENANT_MUTATION_ROLE_SCOPE_AWARE,"none -- fixed in Slice 2F-11: require_owner_or_office_staff_mutation applied (technician deliberately excluded, no caller evidence); pre-existing per-lead agent_id assignment ownership check in RealEstateLeadExecutionService unchanged",SLICE_2F11_VERIFIED (direct HTTP test proof -- see phase-02a-slice-02f11/direct-authorization-test-matrix.csv)
POST,/v1/staff/real-estate-leads/{lead_id}/reject,agent_reject,app.engines.execution.real_estate_router,TENANT_TECHNICIAN_MUTATION,agent_reject|require_owner_or_office_staff_mutation|get_current_user|get_db,TENANT_MUTATION_ROLE_SCOPE_AWARE,"none -- fixed in Slice 2F-11: require_owner_or_office_staff_mutation applied (technician deliberately excluded, no caller evidence); pre-existing per-lead agent_id assignment ownership check in RealEstateLeadExecutionService unchanged",SLICE_2F11_VERIFIED (direct HTTP test proof -- see phase-02a-slice-02f11/direct-authorization-test-matrix.csv)
POST,/v1/staff/real-estate-leads/{lead_id}/schedule-follow-up,agent_follow_up,app.engines.execution.real_estate_router,TENANT_TECHNICIAN_MUTATION,agent_follow_up|require_owner_or_office_staff_mutation|get_current_user|get_db,TENANT_MUTATION_ROLE_SCOPE_AWARE,"none -- fixed in Slice 2F-11: require_owner_or_office_staff_mutation applied (technician deliberately excluded, no caller evidence); pre-existing per-lead agent_id assignment ownership check in RealEstateLeadExecutionService unchanged",SLICE_2F11_VERIFIED (direct HTTP test proof -- see phase-02a-slice-02f11/direct-authorization-test-matrix.csv)
POST,/v1/staff/service-invoices,staff_create_invoice,app.engines.invoice_payment.provider_router,TENANT_TECHNICIAN_MUTATION,staff_create_invoice|require_owner_or_office_staff_mutation|get_current_user|get_db,STAFF_EXECUTION_ROLE_SCOPE_AWARE,none -- already fixed in Slice 2F-6A; canonical CSV was stale (see phase-02a-slice-02f17/),SLICE_2F17_RECONCILED (runtime tool confirmed 0 unverified for app.engines.invoice_payment.provider_router)
POST,/v1/staff/service-invoices/{invoice_id}/items,staff_add_invoice_item,app.engines.invoice_payment.provider_router,TENANT_TECHNICIAN_MUTATION,staff_add_invoice_item|require_owner_or_office_staff_mutation|get_current_user|get_db,STAFF_EXECUTION_ROLE_SCOPE_AWARE,none -- already fixed in Slice 2F-6A; canonical CSV was stale (see phase-02a-slice-02f17/),SLICE_2F17_RECONCILED (runtime tool confirmed 0 unverified for app.engines.invoice_payment.provider_router)
POST,/v1/staff/service-jobs/{job_id}/accept,accept_job,app.engines.home_service_assignment.staff_router,TENANT_USER_MUTATION,accept_job|require_staff_or_above_mutation|require_staff_or_above|get_current_user|get_db,STAFF_EXECUTION_ROLE_SCOPE_AWARE,none -- already access-scope-aware (Slice 2F-3B),SLICE_2F3B_VERIFIED (see phase-02a-slice-02f3b/final-live-route-inventory.csv)
POST,/v1/staff/service-jobs/{job_id}/complete,staff_complete_job,app.engines.execution.home_service_router,TENANT_USER_MUTATION,staff_complete_job|require_staff_or_above_mutation|require_staff_or_above|get_current_user|get_db,STAFF_EXECUTION_ROLE_SCOPE_AWARE,none -- already access-scope-aware (Slice 2F-3B),SLICE_2F3B_VERIFIED (see phase-02a-slice-02f3b/final-live-route-inventory.csv)
POST,/v1/staff/service-jobs/{job_id}/complete-inspection,staff_complete_inspection,app.engines.execution.home_service_router,TENANT_USER_MUTATION,staff_complete_inspection|require_staff_or_above_mutation|require_staff_or_above|get_current_user|get_db,STAFF_EXECUTION_ROLE_SCOPE_AWARE,none -- already access-scope-aware (Slice 2F-3B),SLICE_2F3B_VERIFIED (see phase-02a-slice-02f3b/final-live-route-inventory.csv)
POST,/v1/staff/service-jobs/{job_id}/customer-not-available,staff_customer_not_available,app.engines.execution.home_service_router,TENANT_USER_MUTATION,staff_customer_not_available|require_staff_or_above_mutation|require_staff_or_above|get_current_user|get_db,STAFF_EXECUTION_ROLE_SCOPE_AWARE,none -- already access-scope-aware (Slice 2F-3B),SLICE_2F3B_VERIFIED (see phase-02a-slice-02f3b/final-live-route-inventory.csv)
POST,/v1/staff/service-jobs/{job_id}/diagnosis-notes,staff_add_diagnosis_note,app.engines.execution.home_service_router,TENANT_USER_MUTATION,staff_add_diagnosis_note|require_staff_or_above_mutation|require_staff_or_above|get_current_user|get_db,STAFF_EXECUTION_ROLE_SCOPE_AWARE,none -- already access-scope-aware (Slice 2F-3B),SLICE_2F3B_VERIFIED (see phase-02a-slice-02f3b/final-live-route-inventory.csv)
POST,/v1/staff/service-jobs/{job_id}/media,staff_upload_media,app.engines.execution.home_service_router,TENANT_USER_MUTATION,staff_upload_media|require_staff_or_above_mutation|require_staff_or_above|get_current_user|get_db,STAFF_EXECUTION_ROLE_SCOPE_AWARE,none -- already access-scope-aware (Slice 2F-3B),SLICE_2F3B_VERIFIED (see phase-02a-slice-02f3b/final-live-route-inventory.csv)
POST,/v1/staff/service-jobs/{job_id}/notes,staff_add_note,app.engines.execution.home_service_router,TENANT_USER_MUTATION,staff_add_note|require_staff_or_above_mutation|require_staff_or_above|get_current_user|get_db,STAFF_EXECUTION_ROLE_SCOPE_AWARE,none -- already access-scope-aware (Slice 2F-3B),SLICE_2F3B_VERIFIED (see phase-02a-slice-02f3b/final-live-route-inventory.csv)
POST,/v1/staff/service-jobs/{job_id}/on-the-way,staff_on_the_way,app.engines.execution.home_service_router,TENANT_USER_MUTATION,staff_on_the_way|require_staff_or_above_mutation|require_staff_or_above|get_current_user|get_db,STAFF_EXECUTION_ROLE_SCOPE_AWARE,none -- already access-scope-aware (Slice 2F-3B),SLICE_2F3B_VERIFIED (see phase-02a-slice-02f3b/final-live-route-inventory.csv)
POST,/v1/staff/service-jobs/{job_id}/parts-requests,staff_create_parts_request,app.engines.execution.home_service_router,TENANT_USER_MUTATION,staff_create_parts_request|require_staff_or_above_mutation|require_staff_or_above|get_current_user|get_db,STAFF_EXECUTION_ROLE_SCOPE_AWARE,none -- already access-scope-aware (Slice 2F-3B),SLICE_2F3B_VERIFIED (see phase-02a-slice-02f3b/final-live-route-inventory.csv)
POST,/v1/staff/service-jobs/{job_id}/parts-required,staff_parts_required,app.engines.execution.home_service_router,TENANT_USER_MUTATION,staff_parts_required|require_staff_or_above_mutation|require_staff_or_above|get_current_user|get_db,STAFF_EXECUTION_ROLE_SCOPE_AWARE,none -- already access-scope-aware (Slice 2F-3B),SLICE_2F3B_VERIFIED (see phase-02a-slice-02f3b/final-live-route-inventory.csv)
POST,/v1/staff/service-jobs/{job_id}/quote-required,staff_quote_required,app.engines.execution.home_service_router,TENANT_USER_MUTATION,staff_quote_required|require_staff_or_above_mutation|require_staff_or_above|get_current_user|get_db,STAFF_EXECUTION_ROLE_SCOPE_AWARE,none -- already access-scope-aware (Slice 2F-3B),SLICE_2F3B_VERIFIED (see phase-02a-slice-02f3b/final-live-route-inventory.csv)
POST,/v1/staff/service-jobs/{job_id}/reached-site,staff_reached_site,app.engines.execution.home_service_router,TENANT_USER_MUTATION,staff_reached_site|require_staff_or_above_mutation|require_staff_or_above|get_current_user|get_db,STAFF_EXECUTION_ROLE_SCOPE_AWARE,none -- already access-scope-aware (Slice 2F-3B),SLICE_2F3B_VERIFIED (see phase-02a-slice-02f3b/final-live-route-inventory.csv)
POST,/v1/staff/service-jobs/{job_id}/reject,reject_job,app.engines.home_service_assignment.staff_router,TENANT_USER_MUTATION,reject_job|require_staff_or_above_mutation|require_staff_or_above|get_current_user|get_db,STAFF_EXECUTION_ROLE_SCOPE_AWARE,none -- already access-scope-aware (Slice 2F-3B),SLICE_2F3B_VERIFIED (see phase-02a-slice-02f3b/final-live-route-inventory.csv)
POST,/v1/staff/service-jobs/{job_id}/start-inspection,staff_start_inspection,app.engines.execution.home_service_router,TENANT_USER_MUTATION,staff_start_inspection|require_staff_or_above_mutation|require_staff_or_above|get_current_user|get_db,STAFF_EXECUTION_ROLE_SCOPE_AWARE,none -- already access-scope-aware (Slice 2F-3B),SLICE_2F3B_VERIFIED (see phase-02a-slice-02f3b/final-live-route-inventory.csv)
POST,/v1/staff/service-jobs/{job_id}/start-service,staff_start_service,app.engines.execution.home_service_router,TENANT_USER_MUTATION,staff_start_service|require_staff_or_above_mutation|require_staff_or_above|get_current_user|get_db,STAFF_EXECUTION_ROLE_SCOPE_AWARE,none -- already access-scope-aware (Slice 2F-3B),SLICE_2F3B_VERIFIED (see phase-02a-slice-02f3b/final-live-route-inventory.csv)
POST,/v1/staff/service-jobs/{job_id}/work-done,staff_work_done,app.engines.execution.home_service_router,TENANT_USER_MUTATION,staff_work_done|require_staff_or_above_mutation|require_staff_or_above|get_current_user|get_db,STAFF_EXECUTION_ROLE_SCOPE_AWARE,none -- already access-scope-aware (Slice 2F-3B),SLICE_2F3B_VERIFIED (see phase-02a-slice-02f3b/final-live-route-inventory.csv)
POST,/v1/tenant/catalog/disable-service,disable_service,app.engines.admin_catalog.tenant_router,TENANT_USER_MUTATION,disable_service|require_tenant_mutation_tenant_update|get_current_user|_svc|get_db|get_current_user,FULLY_PROTECTED,none - fully protected,RUNTIME_VERIFIED (route+dependency data from live app); per-endpoint domain/ownership semantics not individually hand-reviewed for every row
POST,/v1/tenant/catalog/enable-service,enable_service,app.engines.admin_catalog.tenant_router,TENANT_USER_MUTATION,enable_service|require_tenant_mutation_tenant_update|get_current_user|_svc|get_db|get_current_user,FULLY_PROTECTED,none - fully protected,RUNTIME_VERIFIED (route+dependency data from live app); per-endpoint domain/ownership semantics not individually hand-reviewed for every row
PUT,/v1/tenant/catalog/enabled-services/{tenant_service_id},update_enabled_service,app.engines.admin_catalog.tenant_router,TENANT_USER_MUTATION,update_enabled_service|require_tenant_mutation_tenant_update|get_current_user|_svc|get_db|get_current_user,FULLY_PROTECTED,none - fully protected,RUNTIME_VERIFIED (route+dependency data from live app); per-endpoint domain/ownership semantics not individually hand-reviewed for every row
PUT,/v1/tenant/catalog/enabled-services/{tenant_service_id}/brands,set_tenant_service_brands,app.engines.admin_catalog.tenant_router,TENANT_USER_MUTATION,set_tenant_service_brands|require_tenant_mutation_tenant_update|get_current_user|_svc|get_db|get_current_user,FULLY_PROTECTED,none - fully protected,RUNTIME_VERIFIED (route+dependency data from live app); per-endpoint domain/ownership semantics not individually hand-reviewed for every row
PUT,/v1/tenant/catalog/enabled-services/{tenant_service_id}/brands/{brand_id}/pricing,set_tenant_brand_pricing,app.engines.admin_catalog.tenant_router,TENANT_USER_MUTATION,set_tenant_brand_pricing|require_tenant_mutation_tenant_update|get_current_user|_svc|get_db|get_current_user,FULLY_PROTECTED,none - fully protected,RUNTIME_VERIFIED (route+dependency data from live app); per-endpoint domain/ownership semantics not individually hand-reviewed for every row
POST,/v1/tenant/catalog/enabled-services/{tenant_service_id}/publish,publish_tenant_service,app.engines.admin_catalog.tenant_router,TENANT_USER_MUTATION,publish_tenant_service|require_tenant_mutation_tenant_update|get_current_user|_svc|get_db|get_current_user,FULLY_PROTECTED,none - fully protected,RUNTIME_VERIFIED (route+dependency data from live app); per-endpoint domain/ownership semantics not individually hand-reviewed for every row
POST,/v1/tenant/catalog/enabled-services/{tenant_service_id}/save-draft,save_tenant_service_draft,app.engines.admin_catalog.tenant_router,TENANT_USER_MUTATION,save_tenant_service_draft|require_tenant_mutation_tenant_update|get_current_user|_svc|get_db|get_current_user,FULLY_PROTECTED,none - fully protected,RUNTIME_VERIFIED (route+dependency data from live app); per-endpoint domain/ownership semantics not individually hand-reviewed for every row
PUT,/v1/tenant/catalog/enabled-services/{tenant_service_id}/types,set_tenant_service_types,app.engines.admin_catalog.tenant_router,TENANT_USER_MUTATION,set_tenant_service_types|require_tenant_mutation_tenant_update|get_current_user|_svc|get_db|get_current_user,FULLY_PROTECTED,none - fully protected,RUNTIME_VERIFIED (route+dependency data from live app); per-endpoint domain/ownership semantics not individually hand-reviewed for every row
PUT,/v1/tenant/catalog/enabled-services/{tenant_service_id}/types/{service_type_id}/pricing,set_tenant_type_pricing,app.engines.admin_catalog.tenant_router,TENANT_USER_MUTATION,set_tenant_type_pricing|require_tenant_mutation_tenant_update|get_current_user|_svc|get_db|get_current_user,FULLY_PROTECTED,none - fully protected,RUNTIME_VERIFIED (route+dependency data from live app); per-endpoint domain/ownership semantics not individually hand-reviewed for every row
POST,/v1/tenant/checklist-templates,create_template,app.engines.field_ops.checklist_router,TENANT_USER_MUTATION,create_template|require_tenant_mutation_field_ops_checklist_manage|require_field_ops_checklist_manage|get_current_user|_svc|get_db,TENANT_MUTATION_PERMISSION_SCOPE_AWARE,"none -- fixed in Slice 2F-13: require_tenant_mutation_permission(FIELD_OPS_CHECKLIST_MANAGE) applied; plus a cross-tenant IDOR fix in ChecklistTemplateService._get_template_for_tenant (ownership check now fires for every tenant-scoped actor, not only actor_role=='tenant_owner')",SLICE_2F13_VERIFIED (direct HTTP + service IDOR test proof -- see phase-02a-slice-02f13/direct-authorization-idor-test-matrix.csv)
PUT,/v1/tenant/checklist-templates/{template_id},update_template,app.engines.field_ops.checklist_router,TENANT_USER_MUTATION,update_template|require_tenant_mutation_field_ops_checklist_manage|require_field_ops_checklist_manage|get_current_user|_svc|get_db,TENANT_MUTATION_PERMISSION_SCOPE_AWARE,"none -- fixed in Slice 2F-13: require_tenant_mutation_permission(FIELD_OPS_CHECKLIST_MANAGE) applied; plus a cross-tenant IDOR fix in ChecklistTemplateService._get_template_for_tenant (ownership check now fires for every tenant-scoped actor, not only actor_role=='tenant_owner')",SLICE_2F13_VERIFIED (direct HTTP + service IDOR test proof -- see phase-02a-slice-02f13/direct-authorization-idor-test-matrix.csv)
DELETE,/v1/tenant/checklist-templates/{template_id},delete_template,app.engines.field_ops.checklist_router,TENANT_USER_MUTATION,delete_template|require_tenant_mutation_field_ops_checklist_manage|require_field_ops_checklist_manage|get_current_user|_svc|get_db,TENANT_MUTATION_PERMISSION_SCOPE_AWARE,"none -- fixed in Slice 2F-13: require_tenant_mutation_permission(FIELD_OPS_CHECKLIST_MANAGE) applied; plus a cross-tenant IDOR fix in ChecklistTemplateService._get_template_for_tenant (ownership check now fires for every tenant-scoped actor, not only actor_role=='tenant_owner')",SLICE_2F13_VERIFIED (direct HTTP + service IDOR test proof -- see phase-02a-slice-02f13/direct-authorization-idor-test-matrix.csv)
POST,/v1/tenant/checklist-templates/{template_id}/items,add_item,app.engines.field_ops.checklist_router,TENANT_USER_MUTATION,add_item|require_tenant_mutation_field_ops_checklist_manage|require_field_ops_checklist_manage|get_current_user|_svc|get_db,TENANT_MUTATION_PERMISSION_SCOPE_AWARE,"none -- fixed in Slice 2F-13: require_tenant_mutation_permission(FIELD_OPS_CHECKLIST_MANAGE) applied; plus a cross-tenant IDOR fix in ChecklistTemplateService._get_template_for_tenant (ownership check now fires for every tenant-scoped actor, not only actor_role=='tenant_owner')",SLICE_2F13_VERIFIED (direct HTTP + service IDOR test proof -- see phase-02a-slice-02f13/direct-authorization-idor-test-matrix.csv)
PUT,/v1/tenant/checklist-templates/{template_id}/items/{item_id},update_item,app.engines.field_ops.checklist_router,TENANT_USER_MUTATION,update_item|require_tenant_mutation_field_ops_checklist_manage|require_field_ops_checklist_manage|get_current_user|_svc|get_db,TENANT_MUTATION_PERMISSION_SCOPE_AWARE,"none -- fixed in Slice 2F-13: require_tenant_mutation_permission(FIELD_OPS_CHECKLIST_MANAGE) applied; plus a cross-tenant IDOR fix in ChecklistTemplateService._get_template_for_tenant (ownership check now fires for every tenant-scoped actor, not only actor_role=='tenant_owner')",SLICE_2F13_VERIFIED (direct HTTP + service IDOR test proof -- see phase-02a-slice-02f13/direct-authorization-idor-test-matrix.csv)
DELETE,/v1/tenant/checklist-templates/{template_id}/items/{item_id},delete_item,app.engines.field_ops.checklist_router,TENANT_USER_MUTATION,delete_item|require_tenant_mutation_field_ops_checklist_manage|require_field_ops_checklist_manage|get_current_user|_svc|get_db,TENANT_MUTATION_PERMISSION_SCOPE_AWARE,"none -- fixed in Slice 2F-13: require_tenant_mutation_permission(FIELD_OPS_CHECKLIST_MANAGE) applied; plus a cross-tenant IDOR fix in ChecklistTemplateService._get_template_for_tenant (ownership check now fires for every tenant-scoped actor, not only actor_role=='tenant_owner')",SLICE_2F13_VERIFIED (direct HTTP + service IDOR test proof -- see phase-02a-slice-02f13/direct-authorization-idor-test-matrix.csv)
POST,/v1/tenant/packages/{package_id}/purchase,tenant_purchase_package,app.engines.package_commerce.tenant_router,TENANT_USER_MUTATION,tenant_purchase_package|get_db|require_tenant_owner_mutation|get_current_user,TENANT_MUTATION_ROLE_SCOPE_AWARE,NONE -- protected in Slice 2F-22 (mutation scope + client payment-state attestation removed),RUNTIME_VERIFIED + full domain/ownership/payment-authority review (Slice 2F-22)
PATCH,/v1/tenant/profile,update_profile,app.engines.tenant_engine.portal_router,TENANT_USER_MUTATION,update_profile|get_db|require_tenant_owner_mutation|require_tenant_owner|get_current_user,TENANT_MUTATION_ROLE_SCOPE_AWARE,none -- already access-scope-aware (Slice 2F-4),SLICE_2F4_VERIFIED (see phase-02a-slice-02f4/selected-module-mutation-inventory.csv)
POST,/v1/tenant/service-areas,create_tenant_service_area,app.engines.serviceability.router,TENANT_USER_MUTATION,create_tenant_service_area|require_tenant_service_area_create|get_current_user|_svc|get_db|get_current_user,TENANT_MUTATION_PERMISSION_SCOPE_AWARE,none -- fixed in Slice 2F-7: require_tenant_mutation_permission applied,SLICE_2F7_VERIFIED (direct HTTP test proof -- see phase-02a-slice-02f7/direct-authorization-test-matrix.csv)
POST,/v1/tenant/service-areas/validate,validate_tenant_service_area,app.engines.serviceability.router,TENANT_USER_MUTATION,validate_tenant_service_area|require_tenant_service_area_create|get_current_user|_svc|get_db|get_current_user,TENANT_MUTATION_PERMISSION_SCOPE_AWARE,none -- fixed in Slice 2F-7: require_tenant_mutation_permission applied,SLICE_2F7_VERIFIED (direct HTTP test proof -- see phase-02a-slice-02f7/direct-authorization-test-matrix.csv)
PUT,/v1/tenant/service-areas/{area_id},update_tenant_service_area,app.engines.serviceability.router,TENANT_USER_MUTATION,update_tenant_service_area|require_tenant_service_area_update|get_current_user|_svc|get_db|get_current_user,TENANT_MUTATION_PERMISSION_SCOPE_AWARE,none -- fixed in Slice 2F-7: require_tenant_mutation_permission applied,SLICE_2F7_VERIFIED (direct HTTP test proof -- see phase-02a-slice-02f7/direct-authorization-test-matrix.csv)
DELETE,/v1/tenant/service-areas/{area_id},delete_tenant_service_area,app.engines.serviceability.router,TENANT_USER_MUTATION,delete_tenant_service_area|require_tenant_service_area_delete|get_current_user|_svc|get_db|get_current_user,TENANT_MUTATION_PERMISSION_SCOPE_AWARE,none -- fixed in Slice 2F-7: require_tenant_mutation_permission applied,SLICE_2F7_VERIFIED (direct HTTP test proof -- see phase-02a-slice-02f7/direct-authorization-test-matrix.csv)
POST,/v1/tenant/service-areas/{area_id}/services,add_service_mapping,app.engines.serviceability.router,TENANT_USER_MUTATION,add_service_mapping|require_tenant_service_area_service_create|get_current_user|_svc|get_db|get_current_user,TENANT_MUTATION_PERMISSION_SCOPE_AWARE,none -- fixed in Slice 2F-7: require_tenant_mutation_permission applied,SLICE_2F7_VERIFIED (direct HTTP test proof -- see phase-02a-slice-02f7/direct-authorization-test-matrix.csv)
PUT,/v1/tenant/service-areas/{area_id}/services/{mapping_id},update_service_mapping,app.engines.serviceability.router,TENANT_USER_MUTATION,update_service_mapping|require_tenant_service_area_service_update|get_current_user|_svc|get_db|get_current_user,TENANT_MUTATION_PERMISSION_SCOPE_AWARE,none -- fixed in Slice 2F-7: require_tenant_mutation_permission applied,SLICE_2F7_VERIFIED (direct HTTP test proof -- see phase-02a-slice-02f7/direct-authorization-test-matrix.csv)
DELETE,/v1/tenant/service-areas/{area_id}/services/{mapping_id},delete_service_mapping,app.engines.serviceability.router,TENANT_USER_MUTATION,delete_service_mapping|require_tenant_service_area_service_delete|get_current_user|_svc|get_db|get_current_user,TENANT_MUTATION_PERMISSION_SCOPE_AWARE,none -- fixed in Slice 2F-7: require_tenant_mutation_permission applied,SLICE_2F7_VERIFIED (direct HTTP test proof -- see phase-02a-slice-02f7/direct-authorization-test-matrix.csv)
POST,/v1/tenant/service-areas/{area_id}/set-primary,set_primary_tenant_service_area,app.engines.serviceability.router,TENANT_USER_MUTATION,set_primary_tenant_service_area|require_tenant_service_area_update|get_current_user|_svc|get_db|get_current_user,TENANT_MUTATION_PERMISSION_SCOPE_AWARE,none -- fixed in Slice 2F-7: require_tenant_mutation_permission applied,SLICE_2F7_VERIFIED (direct HTTP test proof -- see phase-02a-slice-02f7/direct-authorization-test-matrix.csv)
PATCH,/v1/tenant/settings,update_settings,app.engines.tenant_engine.portal_router,TENANT_USER_MUTATION,update_settings|get_db|require_tenant_owner_mutation|require_tenant_owner|get_current_user,TENANT_MUTATION_ROLE_SCOPE_AWARE,none -- already access-scope-aware (Slice 2F-4),SLICE_2F4_VERIFIED (see phase-02a-slice-02f4/selected-module-mutation-inventory.csv)
POST,/v1/tenant/staff,create_staff,app.engines.tenant_engine.portal_router,TENANT_USER_MUTATION,create_staff|get_db|require_tenant_owner_mutation|require_tenant_owner|get_current_user,TENANT_MUTATION_ROLE_SCOPE_AWARE,none -- already access-scope-aware (Slice 2F-4),SLICE_2F4_VERIFIED (see phase-02a-slice-02f4/selected-module-mutation-inventory.csv)
POST,/v1/tenant/staff/{staff_id}/deactivate,deactivate_staff,app.engines.tenant_engine.portal_router,TENANT_USER_MUTATION,deactivate_staff|get_db|require_tenant_owner_mutation|require_tenant_owner|get_current_user,TENANT_MUTATION_ROLE_SCOPE_AWARE,none -- already access-scope-aware (Slice 2F-4),SLICE_2F4_VERIFIED (see phase-02a-slice-02f4/selected-module-mutation-inventory.csv)
PATCH,/v1/tenant/staff/{staff_id}/photo,update_staff_photo,app.engines.tenant_engine.portal_router,TENANT_USER_MUTATION,update_staff_photo|get_db|require_tenant_owner_mutation|require_tenant_owner|get_current_user,TENANT_MUTATION_ROLE_SCOPE_AWARE,none -- already access-scope-aware (Slice 2F-4),SLICE_2F4_VERIFIED (see phase-02a-slice-02f4/selected-module-mutation-inventory.csv)
POST,/v1/tenant/staff/{user_id}/lock,lock_staff,app.engines.tenant_engine.portal_router,TENANT_USER_MUTATION,lock_staff|get_db|require_tenant_owner_mutation|require_tenant_owner|get_current_user,TENANT_MUTATION_ROLE_SCOPE_AWARE,none -- already access-scope-aware (Slice 2F-4),SLICE_2F4_VERIFIED (see phase-02a-slice-02f4/selected-module-mutation-inventory.csv)
POST,/v1/tenant/staff/{user_id}/sessions/revoke-all,revoke_staff_sessions,app.engines.tenant_engine.portal_router,TENANT_USER_MUTATION,revoke_staff_sessions|get_db|require_tenant_owner_mutation|require_tenant_owner|get_current_user,TENANT_MUTATION_ROLE_SCOPE_AWARE,none -- already access-scope-aware (Slice 2F-4),SLICE_2F4_VERIFIED (see phase-02a-slice-02f4/selected-module-mutation-inventory.csv)
POST,/v1/tenant/staff/{user_id}/unlock,unlock_staff,app.engines.tenant_engine.portal_router,TENANT_USER_MUTATION,unlock_staff|get_db|require_tenant_owner_mutation|require_tenant_owner|get_current_user,TENANT_MUTATION_ROLE_SCOPE_AWARE,none -- already access-scope-aware (Slice 2F-4),SLICE_2F4_VERIFIED (see phase-02a-slice-02f4/selected-module-mutation-inventory.csv)
POST,/v1/tenant/users,create_user,app.engines.tenant_engine.portal_router,TENANT_USER_MUTATION,create_user|get_db|require_tenant_owner_mutation|require_tenant_owner|get_current_user,TENANT_MUTATION_ROLE_SCOPE_AWARE,none -- already access-scope-aware (Slice 2F-4),SLICE_2F4_VERIFIED (see phase-02a-slice-02f4/selected-module-mutation-inventory.csv)
POST,/v1/tenant/users/{user_id}/suspend,suspend_user,app.engines.tenant_engine.portal_router,TENANT_USER_MUTATION,suspend_user|get_db|require_tenant_owner_mutation|require_tenant_owner|get_current_user,TENANT_MUTATION_ROLE_SCOPE_AWARE,none -- already access-scope-aware (Slice 2F-4),SLICE_2F4_VERIFIED (see phase-02a-slice-02f4/selected-module-mutation-inventory.csv)
POST,/v1/tenants/onboarding/signup,submit_signup,app.engines.tenant_engine.router,TENANT_USER_MUTATION,submit_signup|_svc|get_db,PUBLIC_NO_AUTH,none -- public endpoint, no principal,SLICE_2F1_VERIFIED (direct HTTP test proof -- see phase-02a-slice-02f1/tenant-engine-readonly-test-matrix.csv)
POST,/v1/tenants/onboarding/{request_id}/activate,activate_tenant,app.engines.tenant_engine.router,TENANT_USER_MUTATION,activate_tenant|require_super_admin|get_current_user|_svc_with_actor|get_db|get_current_user,PLATFORM_ADMIN_ONLY,none -- platform-admin-only, access-scope check not applicable,SLICE_2F1_VERIFIED (direct HTTP test proof -- see phase-02a-slice-02f1/tenant-engine-readonly-test-matrix.csv)
PUT,/v1/tenants/onboarding/{request_id}/checklist/{item_key},update_checklist,app.engines.tenant_engine.router,TENANT_USER_MUTATION,update_checklist|require_super_admin|get_current_user|_svc_with_actor|get_db|get_current_user,PLATFORM_ADMIN_ONLY,none -- platform-admin-only, access-scope check not applicable,SLICE_2F1_VERIFIED (direct HTTP test proof -- see phase-02a-slice-02f1/tenant-engine-readonly-test-matrix.csv)
POST,/v1/tenants/onboarding/{request_id}/preflight-check,preflight_check,app.engines.tenant_engine.router,TENANT_USER_MUTATION,preflight_check|require_super_admin|get_current_user|_svc_with_actor|get_db|get_current_user,PLATFORM_ADMIN_ONLY,none -- platform-admin-only, access-scope check not applicable,SLICE_2F1_VERIFIED (direct HTTP test proof -- see phase-02a-slice-02f1/tenant-engine-readonly-test-matrix.csv)
POST,/v1/tenants/onboarding/{request_id}/reject,reject_onboarding,app.engines.tenant_engine.router,TENANT_USER_MUTATION,reject_onboarding|require_super_admin|get_current_user|_svc_with_actor|get_db|get_current_user,PLATFORM_ADMIN_ONLY,none -- platform-admin-only, access-scope check not applicable,SLICE_2F1_VERIFIED (direct HTTP test proof -- see phase-02a-slice-02f1/tenant-engine-readonly-test-matrix.csv)
POST,/v1/tenants/onboarding/{request_id}/request-documents,request_documents,app.engines.tenant_engine.router,TENANT_USER_MUTATION,request_documents|require_super_admin|get_current_user|_svc_with_actor|get_db|get_current_user,PLATFORM_ADMIN_ONLY,none -- platform-admin-only, access-scope check not applicable,SLICE_2F1_VERIFIED (direct HTTP test proof -- see phase-02a-slice-02f1/tenant-engine-readonly-test-matrix.csv)
POST,/v1/tenants/onboarding/{request_id}/start-review,start_review,app.engines.tenant_engine.router,TENANT_USER_MUTATION,start_review|require_super_admin|get_current_user|_svc_with_actor|get_db|get_current_user,PLATFORM_ADMIN_ONLY,none -- platform-admin-only, access-scope check not applicable,SLICE_2F1_VERIFIED (direct HTTP test proof -- see phase-02a-slice-02f1/tenant-engine-readonly-test-matrix.csv)
PUT,/v1/tenants/{tenant_id},update_tenant,app.engines.tenant_engine.router,TENANT_USER_MUTATION,update_tenant|require_tenant_mutation_tenant_update|get_current_user|_svc_with_actor|get_db|get_current_user,TENANT_MUTATION_PERMISSION_SCOPE_AWARE,none -- already access-scope-aware (Slice 2F-1),SLICE_2F1_VERIFIED (direct HTTP test proof -- see phase-02a-slice-02f1/tenant-engine-readonly-test-matrix.csv)
POST,/v1/tenants/{tenant_id}/billing/dunning,trigger_dunning,app.engines.tenant_engine.router,TENANT_USER_MUTATION,trigger_dunning|require_super_admin|get_current_user|_svc_with_actor|get_db|get_current_user,PLATFORM_ADMIN_ONLY,none -- platform-admin-only, access-scope check not applicable,SLICE_2F1_VERIFIED (direct HTTP test proof -- see phase-02a-slice-02f1/tenant-engine-readonly-test-matrix.csv)
PUT,/v1/tenants/{tenant_id}/billing/payment-method,update_payment_method,app.engines.tenant_engine.router,TENANT_USER_MUTATION,update_payment_method|require_tenant_mutation_tenant_billing_manage|get_current_user|_svc_with_actor|get_db|get_current_user,TENANT_MUTATION_PERMISSION_SCOPE_AWARE,none -- already access-scope-aware (Slice 2F-1),SLICE_2F1_VERIFIED (direct HTTP test proof -- see phase-02a-slice-02f1/tenant-engine-readonly-test-matrix.csv)
POST,/v1/tenants/{tenant_id}/data/delete-request,gdpr_deletion,app.engines.tenant_engine.router,PLATFORM_ADMIN_ONLY (corrected Slice 2F-1A -- see phase-02a-slice-02f1a/tenant-engine-final-policy-matrix.csv),gdpr_deletion|require_tenant_mutation_tenant_data_delete|get_current_user|_svc_with_actor|get_db|get_current_user,TENANT_MUTATION_PERMISSION_SCOPE_AWARE,none -- already access-scope-aware (Slice 2F-1),SLICE_2F1_VERIFIED (direct HTTP test proof -- see phase-02a-slice-02f1/tenant-engine-readonly-test-matrix.csv) Permission granted to no role; sole real caller is the super-admin frontend app.
POST,/v1/tenants/{tenant_id}/data/export,request_data_export,app.engines.tenant_engine.router,TENANT_USER_MUTATION,request_data_export|require_tenant_mutation_tenant_data_export|get_current_user|_svc_with_actor|get_db|get_current_user,TENANT_MUTATION_PERMISSION_SCOPE_AWARE,none -- already access-scope-aware (Slice 2F-1),SLICE_2F1_VERIFIED (direct HTTP test proof -- see phase-02a-slice-02f1/tenant-engine-readonly-test-matrix.csv)
POST,/v1/tenants/{tenant_id}/engines/bulk-disable,bulk_disable,app.engines.tenant_engine.router,TENANT_USER_MUTATION,bulk_disable|require_tenant_mutation_tenant_engines_manage|get_current_user|_svc_with_actor|get_db|get_current_user,TENANT_MUTATION_PERMISSION_SCOPE_AWARE,none -- already access-scope-aware (Slice 2F-1),SLICE_2F1_VERIFIED (direct HTTP test proof -- see phase-02a-slice-02f1/tenant-engine-readonly-test-matrix.csv)
POST,/v1/tenants/{tenant_id}/engines/bulk-enable,bulk_enable,app.engines.tenant_engine.router,TENANT_USER_MUTATION,bulk_enable|require_tenant_mutation_tenant_engines_manage|get_current_user|_svc_with_actor|get_db|get_current_user,TENANT_MUTATION_PERMISSION_SCOPE_AWARE,none -- already access-scope-aware (Slice 2F-1),SLICE_2F1_VERIFIED (direct HTTP test proof -- see phase-02a-slice-02f1/tenant-engine-readonly-test-matrix.csv)
PUT,/v1/tenants/{tenant_id}/engines/{engine_id}/config,update_engine_config,app.engines.tenant_engine.router,TENANT_USER_MUTATION,update_engine_config|require_tenant_mutation_tenant_engines_manage|get_current_user|_svc_with_actor|get_db|get_current_user,TENANT_MUTATION_PERMISSION_SCOPE_AWARE,none -- already access-scope-aware (Slice 2F-1),SLICE_2F1_VERIFIED (direct HTTP test proof -- see phase-02a-slice-02f1/tenant-engine-readonly-test-matrix.csv)
POST,/v1/tenants/{tenant_id}/engines/{engine_id}/config/validate,validate_engine_config,app.engines.tenant_engine.router,TENANT_USER_MUTATION,validate_engine_config|require_tenant_mutation_tenant_engines_manage|get_current_user|_svc_with_actor|get_db|get_current_user,TENANT_MUTATION_PERMISSION_SCOPE_AWARE,none -- already access-scope-aware (Slice 2F-1),SLICE_2F1_VERIFIED (direct HTTP test proof -- see phase-02a-slice-02f1/tenant-engine-readonly-test-matrix.csv)
POST,/v1/tenants/{tenant_id}/engines/{engine_id}/disable,disable_engine,app.engines.tenant_engine.router,TENANT_USER_MUTATION,disable_engine|require_tenant_mutation_tenant_engines_manage|get_current_user|_svc_with_actor|get_db|get_current_user,TENANT_MUTATION_PERMISSION_SCOPE_AWARE,none -- already access-scope-aware (Slice 2F-1),SLICE_2F1_VERIFIED (direct HTTP test proof -- see phase-02a-slice-02f1/tenant-engine-readonly-test-matrix.csv)
POST,/v1/tenants/{tenant_id}/engines/{engine_id}/enable,enable_engine,app.engines.tenant_engine.router,TENANT_USER_MUTATION,enable_engine|require_tenant_mutation_tenant_engines_manage|get_current_user|_svc_with_actor|get_db|get_current_user,TENANT_MUTATION_PERMISSION_SCOPE_AWARE,none -- already access-scope-aware (Slice 2F-1),SLICE_2F1_VERIFIED (direct HTTP test proof -- see phase-02a-slice-02f1/tenant-engine-readonly-test-matrix.csv)
PUT,/v1/tenants/{tenant_id}/feature-flags/{flag_key},set_feature_flag,app.engines.tenant_engine.router,TENANT_USER_MUTATION,set_feature_flag|require_tenant_mutation_tenant_flags_manage|get_current_user|_svc_with_actor|get_db|get_current_user,TENANT_MUTATION_PERMISSION_SCOPE_AWARE,none -- already access-scope-aware (Slice 2F-1),SLICE_2F1_VERIFIED (direct HTTP test proof -- see phase-02a-slice-02f1/tenant-engine-readonly-test-matrix.csv)
DELETE,/v1/tenants/{tenant_id}/feature-flags/{flag_key},delete_feature_flag,app.engines.tenant_engine.router,TENANT_USER_MUTATION,delete_feature_flag|require_tenant_mutation_tenant_flags_manage|get_current_user|_svc_with_actor|get_db|get_current_user,TENANT_MUTATION_PERMISSION_SCOPE_AWARE,none -- already access-scope-aware (Slice 2F-1),SLICE_2F1_VERIFIED (direct HTTP test proof -- see phase-02a-slice-02f1/tenant-engine-readonly-test-matrix.csv)
POST,/v1/tenants/{tenant_id}/plan/downgrade,downgrade_plan,app.engines.tenant_engine.router,PLATFORM_ADMIN_ONLY (corrected Slice 2F-1A -- see phase-02a-slice-02f1a/tenant-engine-final-policy-matrix.csv),downgrade_plan|require_tenant_mutation_tenant_plan_manage|get_current_user|_svc_with_actor|get_db|get_current_user,TENANT_MUTATION_PERMISSION_SCOPE_AWARE,none -- already access-scope-aware (Slice 2F-1),SLICE_2F1_VERIFIED (direct HTTP test proof -- see phase-02a-slice-02f1/tenant-engine-readonly-test-matrix.csv) Permission granted to no role; sole real caller is the super-admin frontend app.
POST,/v1/tenants/{tenant_id}/plan/upgrade,upgrade_plan,app.engines.tenant_engine.router,PLATFORM_ADMIN_ONLY (corrected Slice 2F-1A -- see phase-02a-slice-02f1a/tenant-engine-final-policy-matrix.csv),upgrade_plan|require_tenant_mutation_tenant_plan_manage|get_current_user|_svc_with_actor|get_db|get_current_user,TENANT_MUTATION_PERMISSION_SCOPE_AWARE,none -- already access-scope-aware (Slice 2F-1),SLICE_2F1_VERIFIED (direct HTTP test proof -- see phase-02a-slice-02f1/tenant-engine-readonly-test-matrix.csv) Permission granted to no role; sole real caller is the super-admin frontend app.
POST,/v1/tenants/{tenant_id}/reinstate,reinstate_tenant,app.engines.tenant_engine.router,PLATFORM_ADMIN_ONLY (corrected Slice 2F-1A -- see phase-02a-slice-02f1a/tenant-engine-final-policy-matrix.csv),reinstate_tenant|require_tenant_mutation_tenant_reinstate|get_current_user|_svc_with_actor|get_db|get_current_user,TENANT_MUTATION_PERMISSION_SCOPE_AWARE,none -- already access-scope-aware (Slice 2F-1),SLICE_2F1_VERIFIED (direct HTTP test proof -- see phase-02a-slice-02f1/tenant-engine-readonly-test-matrix.csv) Permission granted to no role; sole real caller is the super-admin frontend app.
POST,/v1/tenants/{tenant_id}/suspend,suspend_tenant,app.engines.tenant_engine.router,PLATFORM_ADMIN_ONLY (corrected Slice 2F-1A -- see phase-02a-slice-02f1a/tenant-engine-final-policy-matrix.csv),suspend_tenant|require_tenant_mutation_tenant_suspend|get_current_user|_svc_with_actor|get_db|get_current_user,TENANT_MUTATION_PERMISSION_SCOPE_AWARE,none -- already access-scope-aware (Slice 2F-1),SLICE_2F1_VERIFIED (direct HTTP test proof -- see phase-02a-slice-02f1/tenant-engine-readonly-test-matrix.csv) Permission granted to no role; sole real caller is the super-admin frontend app.
POST,/v1/tenants/{tenant_id}/terminate/begin,begin_termination,app.engines.tenant_engine.router,PLATFORM_ADMIN_ONLY (corrected Slice 2F-1A -- see phase-02a-slice-02f1a/tenant-engine-final-policy-matrix.csv),begin_termination|require_tenant_mutation_tenant_terminate|get_current_user|_svc_with_actor|get_db|get_current_user,TENANT_MUTATION_PERMISSION_SCOPE_AWARE,none -- already access-scope-aware (Slice 2F-1),SLICE_2F1_VERIFIED (direct HTTP test proof -- see phase-02a-slice-02f1/tenant-engine-readonly-test-matrix.csv) Permission granted to no role; sole real caller is the super-admin frontend app.
POST,/v1/tenants/{tenant_id}/terminate/confirm,confirm_termination,app.engines.tenant_engine.router,PLATFORM_ADMIN_ONLY (corrected Slice 2F-1A -- see phase-02a-slice-02f1a/tenant-engine-final-policy-matrix.csv),confirm_termination|require_tenant_mutation_tenant_terminate|get_current_user|_svc_with_actor|get_db|get_current_user,TENANT_MUTATION_PERMISSION_SCOPE_AWARE,none -- already access-scope-aware (Slice 2F-1),SLICE_2F1_VERIFIED (direct HTTP test proof -- see phase-02a-slice-02f1/tenant-engine-readonly-test-matrix.csv) Permission granted to no role; sole real caller is the super-admin frontend app.
POST,/v1/tenants/{tenant_id}/trial/convert,convert_trial,app.engines.tenant_engine.router,PLATFORM_ADMIN_ONLY (corrected Slice 2F-1A -- see phase-02a-slice-02f1a/tenant-engine-final-policy-matrix.csv),convert_trial|require_tenant_mutation_tenant_plan_manage|get_current_user|_svc_with_actor|get_db|get_current_user,TENANT_MUTATION_PERMISSION_SCOPE_AWARE,none -- already access-scope-aware (Slice 2F-1),SLICE_2F1_VERIFIED (direct HTTP test proof -- see phase-02a-slice-02f1/tenant-engine-readonly-test-matrix.csv) Permission granted to no role; sole real caller is the super-admin frontend app.
POST,/v1/jobs,create_job,app.engines.field_ops.router,TENANT_USER_MUTATION,create_job|require_tenant_mutation_tenant_update|get_current_user|_svc|get_db|get_current_user,TENANT_MUTATION_PERMISSION_SCOPE_AWARE,none -- fixed in Slice 2F-14B (see phase-02a-slice-02f14b/),SLICE_2F14B_VERIFIED (direct authorization test proof -- see phase-02a-slice-02f14b/direct-authorization-idor-test-matrix.csv)
POST,/v1/jobs/quotes/{quote_id}/respond,respond_to_quote,app.engines.field_ops.router,TENANT_USER_MUTATION,respond_to_quote|require_customer|get_current_user|_svc|get_db|get_current_user,CUSTOMER_ROLE_ONLY_NOT_TENANT_SCOPED,none -- fixed in Slice 2F-14B (see phase-02a-slice-02f14b/),SLICE_2F14B_VERIFIED (direct authorization test proof -- see phase-02a-slice-02f14b/direct-authorization-idor-test-matrix.csv)
POST,/v1/jobs/{job_id}/accept,accept_job,app.engines.field_ops.router,TENANT_USER_MUTATION,accept_job|require_staff_or_technician_only|get_current_user|_svc|get_db|get_current_user,STAFF_EXECUTION_ROLE_SCOPE_AWARE,none -- fixed in Slice 2F-14A: upgraded to access-scope-aware / staff-execution-role-scope-aware guard (see phase-02a-slice-02f14a/),SLICE_2F14A_VERIFIED (direct HTTP test proof -- see phase-02a-slice-02f14a/direct-authorization-privacy-test-matrix.csv)
POST,/v1/jobs/{job_id}/assessment/complete,complete_assessment,app.engines.field_ops.router,TENANT_USER_MUTATION,complete_assessment|require_staff_or_technician_only|get_current_user|_svc|get_db|get_current_user,STAFF_EXECUTION_ROLE_SCOPE_AWARE,none -- fixed in Slice 2F-14A: upgraded to access-scope-aware / staff-execution-role-scope-aware guard (see phase-02a-slice-02f14a/),SLICE_2F14A_VERIFIED (direct HTTP test proof -- see phase-02a-slice-02f14a/direct-authorization-privacy-test-matrix.csv)
POST,/v1/jobs/{job_id}/assessment/start,start_assessment,app.engines.field_ops.router,TENANT_USER_MUTATION,start_assessment|require_staff_or_technician_only|get_current_user|_svc|get_db|get_current_user,STAFF_EXECUTION_ROLE_SCOPE_AWARE,none -- fixed in Slice 2F-14A: upgraded to access-scope-aware / staff-execution-role-scope-aware guard (see phase-02a-slice-02f14a/),SLICE_2F14A_VERIFIED (direct HTTP test proof -- see phase-02a-slice-02f14a/direct-authorization-privacy-test-matrix.csv)
POST,/v1/jobs/{job_id}/assign,assign_job,app.engines.field_ops.router,TENANT_USER_MUTATION,assign_job|require_tenant_mutation_field_ops_jobs_assign|get_current_user|_svc|get_db|get_current_user,TENANT_MUTATION_PERMISSION_SCOPE_AWARE,none -- fixed/verified in Slice 2F-14 (see phase-02a-slice-02f14/),SLICE_2F14_VERIFIED (direct HTTP test proof -- see phase-02a-slice-02f14/direct-authorization-idor-test-matrix.csv)
PUT,/v1/jobs/{job_id}/checklist,update_checklist,app.engines.field_ops.router,TENANT_USER_MUTATION,update_checklist|require_staff_or_technician_only|get_current_user|_svc|get_db|get_current_user,STAFF_EXECUTION_ROLE_SCOPE_AWARE,none -- fixed/verified in Slice 2F-14 (see phase-02a-slice-02f14/),SLICE_2F14_VERIFIED (direct HTTP test proof -- see phase-02a-slice-02f14/direct-authorization-idor-test-matrix.csv)
POST,/v1/jobs/{job_id}/checklist/complete,complete_checklist,app.engines.field_ops.router,TENANT_USER_MUTATION,complete_checklist|require_staff_or_technician_only|get_current_user|_svc|get_db|get_current_user,STAFF_EXECUTION_ROLE_SCOPE_AWARE,none -- fixed/verified in Slice 2F-14 (see phase-02a-slice-02f14/),SLICE_2F14_VERIFIED (direct HTTP test proof -- see phase-02a-slice-02f14/direct-authorization-idor-test-matrix.csv)
PUT,/v1/jobs/{job_id}/checklist/items/{item_id},update_checklist_item,app.engines.field_ops.router,TENANT_USER_MUTATION,update_checklist_item|require_staff_or_technician_only|get_current_user|_svc|get_db|get_current_user,STAFF_EXECUTION_ROLE_SCOPE_AWARE,none -- fixed/verified in Slice 2F-14 (see phase-02a-slice-02f14/),SLICE_2F14_VERIFIED (direct HTTP test proof -- see phase-02a-slice-02f14/direct-authorization-idor-test-matrix.csv)
POST,/v1/jobs/{job_id}/checklist/start,start_checklist,app.engines.field_ops.router,TENANT_USER_MUTATION,start_checklist|require_staff_or_technician_only|get_current_user|_svc|get_db|get_current_user,STAFF_EXECUTION_ROLE_SCOPE_AWARE,none -- fixed/verified in Slice 2F-14 (see phase-02a-slice-02f14/),SLICE_2F14_VERIFIED (direct HTTP test proof -- see phase-02a-slice-02f14/direct-authorization-idor-test-matrix.csv)
POST,/v1/jobs/{job_id}/close,close_job,app.engines.field_ops.router,TENANT_USER_MUTATION,close_job|require_tenant_mutation_field_ops_jobs_close|get_current_user|_billing_svc|get_db|get_current_user,TENANT_MUTATION_PERMISSION_SCOPE_AWARE,none -- fixed in Slice 2F-14A: upgraded to access-scope-aware / staff-execution-role-scope-aware guard (see phase-02a-slice-02f14a/),SLICE_2F14A_VERIFIED (direct HTTP test proof -- see phase-02a-slice-02f14a/direct-authorization-privacy-test-matrix.csv)
POST,/v1/jobs/{job_id}/convert-to-repair,convert_to_repair,app.engines.field_ops.router,TENANT_USER_MUTATION,convert_to_repair|require_tenant_mutation_field_ops_jobs_assign|get_current_user|_svc|get_db|get_current_user,TENANT_MUTATION_PERMISSION_SCOPE_AWARE,none -- fixed in Slice 2F-14B (see phase-02a-slice-02f14b/),SLICE_2F14B_VERIFIED (direct authorization test proof -- see phase-02a-slice-02f14b/direct-authorization-idor-test-matrix.csv)
POST,/v1/jobs/{job_id}/deduct-commission,deduct_commission,app.engines.field_ops.router,TENANT_USER_MUTATION,deduct_commission|require_tenant_mutation_field_ops_jobs_close|get_current_user|_billing_svc|get_db|get_current_user,TENANT_MUTATION_PERMISSION_SCOPE_AWARE,none -- fixed in Slice 2F-14A: upgraded to access-scope-aware / staff-execution-role-scope-aware guard (see phase-02a-slice-02f14a/),SLICE_2F14A_VERIFIED (direct HTTP test proof -- see phase-02a-slice-02f14a/direct-authorization-privacy-test-matrix.csv)
POST,/v1/jobs/{job_id}/financial-close,financial_close,app.engines.field_ops.router,TENANT_USER_MUTATION,financial_close|require_tenant_mutation_field_ops_jobs_close|get_current_user|_billing_svc|get_db|get_current_user,TENANT_MUTATION_PERMISSION_SCOPE_AWARE,none -- fixed in Slice 2F-14A: upgraded to access-scope-aware / staff-execution-role-scope-aware guard (see phase-02a-slice-02f14a/),SLICE_2F14A_VERIFIED (direct HTTP test proof -- see phase-02a-slice-02f14a/direct-authorization-privacy-test-matrix.csv)
POST,/v1/jobs/{job_id}/findings,submit_findings,app.engines.field_ops.router,TENANT_USER_MUTATION,submit_findings|require_staff_or_technician_only|get_current_user|_svc|get_db|get_current_user,STAFF_EXECUTION_ROLE_SCOPE_AWARE,none -- fixed/verified in Slice 2F-14 (see phase-02a-slice-02f14/),SLICE_2F14_VERIFIED (direct HTTP test proof -- see phase-02a-slice-02f14/direct-authorization-idor-test-matrix.csv)
POST,/v1/jobs/{job_id}/generate-invoice,generate_invoice,app.engines.field_ops.router,TENANT_USER_MUTATION,generate_invoice|require_tenant_mutation_field_ops_jobs_close|get_current_user|_billing_svc|get_db|get_current_user,TENANT_MUTATION_PERMISSION_SCOPE_AWARE,none -- fixed in Slice 2F-14A: upgraded to access-scope-aware / staff-execution-role-scope-aware guard (see phase-02a-slice-02f14a/),SLICE_2F14A_VERIFIED (direct HTTP test proof -- see phase-02a-slice-02f14a/direct-authorization-privacy-test-matrix.csv)
POST,/v1/jobs/{job_id}/media,add_media,app.engines.field_ops.router,TENANT_USER_MUTATION,add_media|require_staff_or_above_mutation|require_staff_or_above|get_current_user|_svc|get_db|get_current_user,STAFF_EXECUTION_ROLE_SCOPE_AWARE,none -- fixed in Slice 2F-14C (see phase-02a-slice-02f14c/),SLICE_2F14C_VERIFIED (direct authorization test proof -- see phase-02a-slice-02f14c/direct-authorization-idor-test-matrix.csv)
POST,/v1/jobs/{job_id}/notes,add_note,app.engines.field_ops.router,TENANT_USER_MUTATION,add_note|require_staff_or_above_mutation|require_staff_or_above|get_current_user|_svc|get_db|get_current_user,STAFF_EXECUTION_ROLE_SCOPE_AWARE,none -- fixed in Slice 2F-14C (see phase-02a-slice-02f14c/),SLICE_2F14C_VERIFIED (direct authorization test proof -- see phase-02a-slice-02f14c/direct-authorization-idor-test-matrix.csv)
POST,/v1/jobs/{job_id}/quote,create_quote,app.engines.field_ops.router,TENANT_USER_MUTATION,create_quote|require_staff_or_above_mutation|require_staff_or_above|get_current_user|_svc|get_db|get_current_user,STAFF_EXECUTION_ROLE_SCOPE_AWARE,none -- fixed in Slice 2F-14B (see phase-02a-slice-02f14b/),SLICE_2F14B_VERIFIED (direct authorization test proof -- see phase-02a-slice-02f14b/direct-authorization-idor-test-matrix.csv)
POST,/v1/jobs/{job_id}/quotes,create_job_quote,app.engines.field_ops.router,TENANT_USER_MUTATION,create_job_quote|require_staff_or_above_mutation|require_staff_or_above|get_current_user|_svc|get_db|get_current_user,STAFF_EXECUTION_ROLE_SCOPE_AWARE,none -- fixed in Slice 2F-14B (see phase-02a-slice-02f14b/),SLICE_2F14B_VERIFIED (direct authorization test proof -- see phase-02a-slice-02f14b/direct-authorization-idor-test-matrix.csv)
POST,/v1/jobs/{job_id}/quotes/{quote_id}/approve,approve_job_quote,app.engines.field_ops.router,TENANT_USER_MUTATION,approve_job_quote|require_customer|get_current_user|_svc|get_db|get_current_user,CUSTOMER_ROLE_ONLY_NOT_TENANT_SCOPED,none -- fixed in Slice 2F-14B (see phase-02a-slice-02f14b/),SLICE_2F14B_VERIFIED (direct authorization test proof -- see phase-02a-slice-02f14b/direct-authorization-idor-test-matrix.csv)
POST,/v1/jobs/{job_id}/quotes/{quote_id}/reject,reject_job_quote,app.engines.field_ops.router,TENANT_USER_MUTATION,reject_job_quote|require_customer|get_current_user|_svc|get_db|get_current_user,CUSTOMER_ROLE_ONLY_NOT_TENANT_SCOPED,none -- fixed in Slice 2F-14B (see phase-02a-slice-02f14b/),SLICE_2F14B_VERIFIED (direct authorization test proof -- see phase-02a-slice-02f14b/direct-authorization-idor-test-matrix.csv)
POST,/v1/jobs/{job_id}/quotes/{quote_id}/send,send_job_quote,app.engines.field_ops.router,TENANT_USER_MUTATION,send_job_quote|require_staff_or_above_mutation|require_staff_or_above|get_current_user|_svc|get_db|get_current_user,STAFF_EXECUTION_ROLE_SCOPE_AWARE,none -- fixed in Slice 2F-14B (see phase-02a-slice-02f14b/),SLICE_2F14B_VERIFIED (direct authorization test proof -- see phase-02a-slice-02f14b/direct-authorization-idor-test-matrix.csv)
POST,/v1/jobs/{job_id}/record-payment,record_payment,app.engines.field_ops.router,TENANT_USER_MUTATION,record_payment|require_tenant_mutation_field_ops_jobs_close|get_current_user|_billing_svc|get_db|get_current_user,TENANT_MUTATION_PERMISSION_SCOPE_AWARE,none -- fixed in Slice 2F-14A: upgraded to access-scope-aware / staff-execution-role-scope-aware guard (see phase-02a-slice-02f14a/),SLICE_2F14A_VERIFIED (direct HTTP test proof -- see phase-02a-slice-02f14a/direct-authorization-privacy-test-matrix.csv)
POST,/v1/jobs/{job_id}/reject-assignment,reject_assignment,app.engines.field_ops.router,TENANT_USER_MUTATION,reject_assignment|require_staff_or_technician_only|get_current_user|_svc|get_db|get_current_user,STAFF_EXECUTION_ROLE_SCOPE_AWARE,none -- fixed/verified in Slice 2F-14 (see phase-02a-slice-02f14/),SLICE_2F14_VERIFIED (direct HTTP test proof -- see phase-02a-slice-02f14/direct-authorization-idor-test-matrix.csv)
POST,/v1/jobs/{job_id}/spawn-repair,spawn_repair,app.engines.field_ops.router,TENANT_USER_MUTATION,spawn_repair|require_tenant_mutation_tenant_update|get_current_user|_svc|get_db|get_current_user,TENANT_MUTATION_PERMISSION_SCOPE_AWARE,none -- fixed in Slice 2F-14B (see phase-02a-slice-02f14b/),SLICE_2F14B_VERIFIED (direct authorization test proof -- see phase-02a-slice-02f14b/direct-authorization-idor-test-matrix.csv)
PUT,/v1/jobs/{job_id}/status,update_status,app.engines.field_ops.router,TENANT_USER_MUTATION,update_status|require_tenant_mutation_field_ops_jobs_update|get_current_user|_svc|get_db|get_current_user,TENANT_MUTATION_PERMISSION_SCOPE_AWARE,none -- fixed/verified in Slice 2F-14 (see phase-02a-slice-02f14/),SLICE_2F14_VERIFIED (direct HTTP test proof -- see phase-02a-slice-02f14/direct-authorization-idor-test-matrix.csv)
POST,/v1/jobs/{job_id}/void,void_job,app.engines.field_ops.router,TENANT_USER_MUTATION,void_job|require_tenant_mutation_tenant_update|get_current_user|_svc|get_db|get_current_user,TENANT_MUTATION_PERMISSION_SCOPE_AWARE,none -- fixed in Slice 2F-14A: upgraded to access-scope-aware / staff-execution-role-scope-aware guard (see phase-02a-slice-02f14a/),SLICE_2F14A_VERIFIED (direct HTTP test proof -- see phase-02a-slice-02f14a/direct-authorization-privacy-test-matrix.csv)
POST,/v1/bookings/reschedule/{reschedule_id}/accept,accept_reschedule,app.engines.booking.router,TENANT_USER_MUTATION,accept_reschedule|require_tenant_mutation_tenant_update|get_current_user|_svc|get_db|get_current_user,TENANT_MUTATION_PERMISSION_SCOPE_AWARE,none -- fixed in Slice 2F-15A (see phase-02a-slice-02f15a/),SLICE_2F15A_VERIFIED (runtime tool + direct source verification -- see phase-02a-slice-02f15a/runtime-verification-report.md)
POST,/v1/bookings/reschedule/{reschedule_id}/reject,reject_reschedule,app.engines.booking.router,TENANT_USER_MUTATION,reject_reschedule|require_tenant_mutation_tenant_update|get_current_user|_svc|get_db|get_current_user,TENANT_MUTATION_PERMISSION_SCOPE_AWARE,none -- fixed in Slice 2F-15A (see phase-02a-slice-02f15a/),SLICE_2F15A_VERIFIED (runtime tool + direct source verification -- see phase-02a-slice-02f15a/runtime-verification-report.md)
POST,/v1/bookings/{booking_id}/confirm,confirm_booking,app.engines.booking.router,TENANT_USER_MUTATION,confirm_booking|require_tenant_mutation_booking_bookings_manage|get_current_user|_svc|get_db|get_current_user,TENANT_MUTATION_PERMISSION_SCOPE_AWARE,none -- fixed in Slice 2F-15 (see phase-02a-slice-02f15/),SLICE_2F15_VERIFIED (direct authorization test proof -- see phase-02a-slice-02f15/direct-authorization-test-matrix.csv)
POST,/v1/bookings/{booking_id}/convert-to-job,convert_to_job,app.engines.booking.router,TENANT_USER_MUTATION,convert_to_job|require_tenant_mutation_booking_bookings_manage|get_current_user|_svc|get_db|get_current_user,TENANT_MUTATION_PERMISSION_SCOPE_AWARE,none -- fixed in Slice 2F-15 (see phase-02a-slice-02f15/),SLICE_2F15_VERIFIED (direct authorization test proof -- see phase-02a-slice-02f15/direct-authorization-test-matrix.csv)
POST,/v1/bookings/{booking_id}/notes,add_note,app.engines.booking.router,TENANT_USER_MUTATION,add_note|require_staff_or_above_mutation|get_current_user|_svc|get_db|get_current_user,STAFF_EXECUTION_ROLE_SCOPE_AWARE,none -- fixed in Slice 2F-15A (see phase-02a-slice-02f15a/),SLICE_2F15A_VERIFIED (runtime tool + direct source verification -- see phase-02a-slice-02f15a/runtime-verification-report.md)
POST,/v1/bookings/{booking_id}/reject,reject_booking,app.engines.booking.router,TENANT_USER_MUTATION,reject_booking|require_tenant_mutation_booking_bookings_manage|get_current_user|_svc|get_db|get_current_user,TENANT_MUTATION_PERMISSION_SCOPE_AWARE,none -- fixed in Slice 2F-15 (see phase-02a-slice-02f15/),SLICE_2F15_VERIFIED (direct authorization test proof -- see phase-02a-slice-02f15/direct-authorization-test-matrix.csv)
POST,/v1/provider/quotes/{quote_id}/cancel,provider_cancel_quote,app.engines.quote_checklist.provider_router,TENANT_USER_MUTATION,provider_cancel_quote|require_owner_or_office_staff_mutation|get_current_user|get_db,TENANT_MUTATION_ROLE_SCOPE_AWARE,none -- fixed in Slice 2F-16 (see phase-02a-slice-02f16/),SLICE_2F16_VERIFIED (runtime tool + direct authorization test proof -- see phase-02a-slice-02f16/direct-authorization-idor-test-matrix.csv)
POST,/v1/staff/quotes,staff_create_quote,app.engines.quote_checklist.provider_router,TENANT_USER_MUTATION,staff_create_quote|require_owner_or_office_staff_mutation|get_current_user|get_db,TENANT_MUTATION_ROLE_SCOPE_AWARE,none -- fixed in Slice 2F-16 (see phase-02a-slice-02f16/),SLICE_2F16_VERIFIED (runtime tool + direct authorization test proof -- see phase-02a-slice-02f16/direct-authorization-idor-test-matrix.csv)
POST,/v1/staff/quotes/{quote_id}/items,staff_add_item,app.engines.quote_checklist.provider_router,TENANT_USER_MUTATION,staff_add_item|require_owner_or_office_staff_mutation|get_current_user|get_db,TENANT_MUTATION_ROLE_SCOPE_AWARE,none -- fixed in Slice 2F-16 (see phase-02a-slice-02f16/),SLICE_2F16_VERIFIED (runtime tool + direct authorization test proof -- see phase-02a-slice-02f16/direct-authorization-idor-test-matrix.csv)
PUT,/v1/staff/quotes/{quote_id}/items/{item_id},staff_update_item,app.engines.quote_checklist.provider_router,TENANT_USER_MUTATION,staff_update_item|require_owner_or_office_staff_mutation|get_current_user|get_db,TENANT_MUTATION_ROLE_SCOPE_AWARE,none -- fixed in Slice 2F-16 (see phase-02a-slice-02f16/),SLICE_2F16_VERIFIED (runtime tool + direct authorization test proof -- see phase-02a-slice-02f16/direct-authorization-idor-test-matrix.csv)
DELETE,/v1/staff/quotes/{quote_id}/items/{item_id},staff_remove_item,app.engines.quote_checklist.provider_router,TENANT_USER_MUTATION,staff_remove_item|require_owner_or_office_staff_mutation|get_current_user|get_db,TENANT_MUTATION_ROLE_SCOPE_AWARE,none -- fixed in Slice 2F-16 (see phase-02a-slice-02f16/),SLICE_2F16_VERIFIED (runtime tool + direct authorization test proof -- see phase-02a-slice-02f16/direct-authorization-idor-test-matrix.csv)
POST,/v1/staff/quotes/{quote_id}/send-to-customer,staff_send_to_customer,app.engines.quote_checklist.provider_router,TENANT_USER_MUTATION,staff_send_to_customer|require_owner_or_office_staff_mutation|get_current_user|get_db,TENANT_MUTATION_ROLE_SCOPE_AWARE,none -- fixed in Slice 2F-16 (see phase-02a-slice-02f16/),SLICE_2F16_VERIFIED (runtime tool + direct authorization test proof -- see phase-02a-slice-02f16/direct-authorization-idor-test-matrix.csv)
POST,/v1/staff/quotes/{quote_id}/mark-revised,staff_mark_revised,app.engines.quote_checklist.provider_router,TENANT_USER_MUTATION,staff_mark_revised|require_owner_or_office_staff_mutation|get_current_user|get_db,TENANT_MUTATION_ROLE_SCOPE_AWARE,none -- fixed in Slice 2F-16 (see phase-02a-slice-02f16/),SLICE_2F16_VERIFIED (runtime tool + direct authorization test proof -- see phase-02a-slice-02f16/direct-authorization-idor-test-matrix.csv)
POST,/v1/staff/quotes/{quote_id}/cancel,staff_cancel_quote,app.engines.quote_checklist.provider_router,TENANT_USER_MUTATION,staff_cancel_quote|require_owner_or_office_staff_mutation|get_current_user|get_db,TENANT_MUTATION_ROLE_SCOPE_AWARE,none -- fixed in Slice 2F-16 (see phase-02a-slice-02f16/),SLICE_2F16_VERIFIED (runtime tool + direct authorization test proof -- see phase-02a-slice-02f16/direct-authorization-idor-test-matrix.csv)
POST,/v1/staff/checklists,staff_create_checklist,app.engines.quote_checklist.provider_router,TENANT_USER_MUTATION,staff_create_checklist|require_owner_or_office_staff_mutation|get_current_user|get_db,TENANT_MUTATION_ROLE_SCOPE_AWARE,none -- fixed in Slice 2F-16 (see phase-02a-slice-02f16/),SLICE_2F16_VERIFIED (runtime tool + direct authorization test proof -- see phase-02a-slice-02f16/direct-authorization-idor-test-matrix.csv)
PUT,/v1/staff/checklists/{checklist_id}/items/{item_id},staff_update_checklist_item,app.engines.quote_checklist.provider_router,TENANT_USER_MUTATION,staff_update_checklist_item|require_owner_or_office_staff_mutation|get_current_user|get_db,TENANT_MUTATION_ROLE_SCOPE_AWARE,none -- fixed in Slice 2F-16 (see phase-02a-slice-02f16/),SLICE_2F16_VERIFIED (runtime tool + direct authorization test proof -- see phase-02a-slice-02f16/direct-authorization-idor-test-matrix.csv)
POST,/v1/staff/checklists/{checklist_id}/complete,staff_complete_checklist,app.engines.quote_checklist.provider_router,TENANT_USER_MUTATION,staff_complete_checklist|require_owner_or_office_staff_mutation|get_current_user|get_db,TENANT_MUTATION_ROLE_SCOPE_AWARE,none -- fixed in Slice 2F-16 (see phase-02a-slice-02f16/),SLICE_2F16_VERIFIED (runtime tool + direct authorization test proof -- see phase-02a-slice-02f16/direct-authorization-idor-test-matrix.csv)
POST,/v1/reviews/{review_id}/reply,submit_reply,app.engines.review.router,TENANT_USER_MUTATION,submit_reply|require_tenant_mutation_permission|get_current_user|_svc|get_db,TENANT_MUTATION_PERMISSION_SCOPE_AWARE,NONE -- discovered and protected in Slice 2F-25,RUNTIME_VERIFIED + full ownership/persona/privacy review (Slice 2F-25); added to the denominator this slice -- the prefix-based sweep never saw it
POST,/v1/reviews/{review_id}/flag,flag_review,app.engines.review.router,TENANT_USER_MUTATION,flag_review|require_tenant_mutation_permission|get_current_user|_svc|get_db,TENANT_MUTATION_PERMISSION_SCOPE_AWARE,NONE -- discovered and protected in Slice 2F-25,RUNTIME_VERIFIED + full ownership/persona/privacy review (Slice 2F-25); was bare-authenticated over a primary-key-only lookup
POST,/v1/reviews/requests,create_request,app.engines.review.router,TENANT_USER_MUTATION,create_request|require_tenant_mutation_permission|get_current_user|_svc|get_db,TENANT_MUTATION_PERMISSION_SCOPE_AWARE,NONE -- discovered and protected in Slice 2F-25,RUNTIME_VERIFIED + full ownership/persona/privacy review (Slice 2F-25); tenant_id previously taken from the request body
POST,/v1/auth/mfa/confirm,confirm_mfa,app.engines.auth.router,TENANT_USER_MUTATION,confirm_mfa|get_current_user|<fastapi.security.http.HTTPBearer object at 0x000002139C77F500>|_svc|get_db,FULLY_PROTECTED,"none -- closed by Slice 2F-29 (M01): self-service, acts only on the authenticated principal with credential proof",RUNTIME_VERIFIED + service evidence (Slice 2F-29): self-scoped to uuid.UUID(user.user_id) from the token; no client-supplied subject; credential/TOTP proof required where applicable
POST,/v1/auth/mfa/disable,disable_mfa,app.engines.auth.router,TENANT_USER_MUTATION,disable_mfa|get_current_user|<fastapi.security.http.HTTPBearer object at 0x000002139C77F500>|_svc|get_db,FULLY_PROTECTED,"none -- closed by Slice 2F-29 (M01): self-service, acts only on the authenticated principal with credential proof",RUNTIME_VERIFIED + service evidence (Slice 2F-29): self-scoped to uuid.UUID(user.user_id) from the token; no client-supplied subject; credential/TOTP proof required where applicable
PUT,/v1/auth/me,update_profile,app.engines.auth.router,TENANT_USER_MUTATION,update_profile|get_current_user|<fastapi.security.http.HTTPBearer object at 0x000002139C77F500>|_svc|get_db,FULLY_PROTECTED,"none -- closed by Slice 2F-29 (M01): self-service, acts only on the authenticated principal with credential proof",RUNTIME_VERIFIED + service evidence (Slice 2F-29): self-scoped to uuid.UUID(user.user_id) from the token; no client-supplied subject; credential/TOTP proof required where applicable
PUT,/v1/auth/password/change,change_password,app.engines.auth.router,TENANT_USER_MUTATION,change_password|get_current_user|<fastapi.security.http.HTTPBearer object at 0x000002139C77F500>|_svc|get_db,FULLY_PROTECTED,"none -- closed by Slice 2F-29 (M01): self-service, acts only on the authenticated principal with credential proof",RUNTIME_VERIFIED + service evidence (Slice 2F-29): self-scoped to uuid.UUID(user.user_id) from the token; no client-supplied subject; credential/TOTP proof required where applicable
POST,/v1/auth/staff/invite,invite_staff,app.engines.auth.router,TENANT_USER_MUTATION,invite_staff|require_auth_staff_invite|get_current_user|<fastapi.security.http.HTTPBearer object at 0x000002139C77F500>|_svc|get_db,TENANT_MUTATION_PERMISSION_SCOPE_AWARE,none -- closed by Slice 2F-29 (M01): require_tenant_mutation_permission access-scope guard + service-layer tenant scoping,RUNTIME_VERIFIED + service evidence (Slice 2F-29): access-scope gated; tenant/actor server-derived; object scoped by tenant; foreign target -> NotFound (no oracle)
PUT,/v1/auth/staff/{user_id}/permissions,update_permissions,app.engines.auth.router,TENANT_USER_MUTATION,update_permissions|require_auth_permissions_manage|get_current_user|<fastapi.security.http.HTTPBearer object at 0x000002139C77F500>|_svc|get_db,TENANT_MUTATION_PERMISSION_SCOPE_AWARE,none -- closed by Slice 2F-29 (M01): require_tenant_mutation_permission access-scope guard + service-layer tenant scoping,RUNTIME_VERIFIED + service evidence (Slice 2F-29): access-scope gated; tenant/actor server-derived; object scoped by tenant; foreign target -> NotFound (no oracle)
POST,/v1/auth/staff/{user_id}/deactivate,deactivate_staff,app.engines.auth.router,TENANT_USER_MUTATION,deactivate_staff|require_auth_staff_manage|get_current_user|<fastapi.security.http.HTTPBearer object at 0x000002139C77F500>|_svc|get_db,TENANT_MUTATION_PERMISSION_SCOPE_AWARE,none -- closed by Slice 2F-29 (M01): require_tenant_mutation_permission access-scope guard + service-layer tenant scoping,RUNTIME_VERIFIED + service evidence (Slice 2F-29): access-scope gated; tenant/actor server-derived; object scoped by tenant; foreign target -> NotFound (no oracle)
POST,/v1/auth/impersonate,impersonate,app.engines.auth.router,TENANT_USER_MUTATION,impersonate|require_platform_impersonate|get_current_user|<fastapi.security.http.HTTPBearer object at 0x000002139C77F500>|_svc|get_db,PLATFORM_ADMIN_ONLY,"none -- closed by Slice 2F-29 (M01): platform-only capability, AuthService.impersonate enforces super_admin",RUNTIME_VERIFIED + service evidence (Slice 2F-29): require_permission(PLATFORM_IMPERSONATE) at route + super_admin enforced in AuthService.impersonate; actor+subject audited
POST,/v1/auth/api-keys,create_api_key,app.engines.auth.router,TENANT_USER_MUTATION,create_api_key|require_auth_apikeys_manage|get_current_user|<fastapi.security.http.HTTPBearer object at 0x000002139C77F500>|_svc|get_db,TENANT_MUTATION_PERMISSION_SCOPE_AWARE,none -- closed by Slice 2F-29 (M01): require_tenant_mutation_permission access-scope guard + service-layer tenant scoping,RUNTIME_VERIFIED + service evidence (Slice 2F-29): access-scope gated; tenant/actor server-derived; object scoped by tenant; foreign target -> NotFound (no oracle)
DELETE,/v1/auth/api-keys/{key_id},revoke_api_key,app.engines.auth.router,TENANT_USER_MUTATION,revoke_api_key|require_auth_apikeys_manage|get_current_user|<fastapi.security.http.HTTPBearer object at 0x000002139C77F500>|_svc|get_db,TENANT_MUTATION_PERMISSION_SCOPE_AWARE,none -- closed by Slice 2F-29 (M01): require_tenant_mutation_permission access-scope guard + service-layer tenant scoping,RUNTIME_VERIFIED + service evidence (Slice 2F-29): access-scope gated; tenant/actor server-derived; object scoped by tenant; foreign target -> NotFound (no oracle)
PATCH,/v1/auth/api-keys/{key_id},update_api_key,app.engines.auth.router,TENANT_USER_MUTATION,update_api_key|require_auth_apikeys_manage|get_current_user|<fastapi.security.http.HTTPBearer object at 0x000002139C77F500>|_svc|get_db,TENANT_MUTATION_PERMISSION_SCOPE_AWARE,none -- closed by Slice 2F-29 (M01): require_tenant_mutation_permission access-scope guard + service-layer tenant scoping,RUNTIME_VERIFIED + service evidence (Slice 2F-29): access-scope gated; tenant/actor server-derived; object scoped by tenant; foreign target -> NotFound (no oracle)
POST,/v1/auth/change-password-required,change_password_required,app.engines.auth.router,TENANT_USER_MUTATION,change_password_required|get_current_user|<fastapi.security.http.HTTPBearer object at 0x000002139C77F500>|_svc|get_db,FULLY_PROTECTED,"none -- closed by Slice 2F-29 (M01): self-service, acts only on the authenticated principal with credential proof",RUNTIME_VERIFIED + service evidence (Slice 2F-29): self-scoped to uuid.UUID(user.user_id) from the token; no client-supplied subject; credential/TOTP proof required where applicable
POST,/v1/bookings/{booking_id}/cancel,cancel_booking,app.engines.booking.router,TENANT_USER_MUTATION,cancel_booking|require_tenant_mutation_booking_bookings_cancel|get_current_user|<fastapi.security.http.HTTPBearer object at 0x000002139C77F500>|_svc|get_db|get_current_user|<fastapi.security.http.HTTPBearer object at 0x000002139C77F500>,TENANT_MUTATION_PERMISSION_SCOPE_AWARE,NONE -- already protected,RUNTIME_VERIFIED + persona/side-effect evidence (Slice 2F-26): tenant=self.actor_tenant_id mutation=add
POST,/v1/bookings/{booking_id}/reschedule/request,request_reschedule,app.engines.booking.router,TENANT_USER_MUTATION,request_reschedule|require_tenant_mutation_booking_bookings_reschedule|get_current_user|<fastapi.security.http.HTTPBearer object at 0x000002139C77F500>|_svc|get_db|get_current_user|<fastapi.security.http.HTTPBearer object at 0x000002139C77F500>,TENANT_MUTATION_PERMISSION_SCOPE_AWARE,NONE -- already protected,RUNTIME_VERIFIED + persona/side-effect evidence (Slice 2F-26): tenant=self.actor_tenant_id mutation=add|flush
POST,/v1/rag/query,query,app.engines.rag.router,TENANT_USER_MUTATION,query|get_current_user|<fastapi.security.http.HTTPBearer object at 0x000002139C77F500>|_svc|get_db|get_current_user|<fastapi.security.http.HTTPBearer object at 0x000002139C77F500>,TENANT_MUTATION_ROLE_SCOPE_AWARE,none -- closed by Slice 2F-35: require_mutation_access_scope guard (mixed persona preserved) + service-layer server-derived tenant scoping (RAGService._require_trusted_tenant / _get_kb_trusted),RUNTIME_VERIFIED + service evidence (Slice 2F-35): access_scope_gated=True; knowledge-base lookup now scoped by KnowledgeBase.tenant_id == actor_tenant_id; foreign/missing -> identical NotFoundException (no oracle)
POST,/v1/media/upload,upload_media,app.engines.media.new_router,TENANT_USER_MUTATION,upload_media|get_current_user|<fastapi.security.http.HTTPBearer object at 0x000002139C77F500>|_svc|get_db|get_current_user|<fastapi.security.http.HTTPBearer object at 0x000002139C77F500>,TENANT_MUTATION_ROLE_SCOPE_AWARE,none -- closed by Slice 2F-31A (N01 residual),"RUNTIME_VERIFIED + service evidence (Slice 2F-31A): require_mutation_access_scope (scope-only, same admitted roles as before) + MediaAssetService pre-existing ownership chain unchanged"
POST,/v1/media/{media_id}/replace,replace_media,app.engines.media.new_router,TENANT_USER_MUTATION,replace_media|get_current_user|<fastapi.security.http.HTTPBearer object at 0x000002139C77F500>|_svc|get_db|get_current_user|<fastapi.security.http.HTTPBearer object at 0x000002139C77F500>,TENANT_MUTATION_ROLE_SCOPE_AWARE,none -- closed by Slice 2F-31A (N01 residual),"RUNTIME_VERIFIED + service evidence (Slice 2F-31A): require_mutation_access_scope (scope-only, same admitted roles as before) + MediaAssetService pre-existing ownership chain unchanged"
POST,/v1/me/profile-photo,upload_my_profile_photo,app.engines.media.new_router,TENANT_USER_MUTATION,upload_my_profile_photo|get_current_user|<fastapi.security.http.HTTPBearer object at 0x000002139C77F500>|_svc|get_db|get_current_user|<fastapi.security.http.HTTPBearer object at 0x000002139C77F500>,FULLY_PROTECTED,none -- closed by Slice 2F-31 (N01): self-scoped to the authenticated principal's own user; no tenant authority,RUNTIME_VERIFIED + service evidence (Slice 2F-31): set_user_profile_photo acts on actor.user_id only; no client-supplied subject
PUT,/v1/me/profile,update_my_profile,app.engines.profile.router,TENANT_USER_MUTATION,update_my_profile|get_current_user|<fastapi.security.http.HTTPBearer object at 0x000002139C77F500>|_svc|get_db|get_current_user|<fastapi.security.http.HTTPBearer object at 0x000002139C77F500>,TENANT_MUTATION_ROLE_SCOPE_AWARE,none -- protected via require_mutation_access_scope (Slice 2F-36),SLICE_2F36_VERIFIED (live route/guard introspection -- see phase-02a-slice-02f36/frozen-scope-verification.md)
GET,/v1/commerce/tenants/{tenant_id}/deposit,get_deposit,app.engines.platform_commerce.router,TENANT_USER_MUTATION,get_deposit|require_tenant_billing_read|get_current_user|<fastapi.security.http.HTTPBearer object at 0x000002139C77F500>|_svc|get_db|get_current_user|<fastapi.security.http.HTTPBearer object at 0x000002139C77F500>,TENANT_MUTATION_PERMISSION_SCOPE_AWARE,none -- protected via require_tenant_mutation_permission (Slice 2F-37),SLICE_2F37_VERIFIED (live route/guard introspection -- see phase-02a-slice-02f37/frozen-scope-verification.md)
POST,/v1/commerce/tenants/{tenant_id}/deposit/initiate,initiate_deposit,app.engines.platform_commerce.router,TENANT_USER_MUTATION,initiate_deposit|require_tenant_billing_manage|get_current_user|<fastapi.security.http.HTTPBearer object at 0x000002139C77F500>|_svc|get_db|get_current_user|<fastapi.security.http.HTTPBearer object at 0x000002139C77F500>,TENANT_MUTATION_PERMISSION_SCOPE_AWARE,none -- protected via require_tenant_mutation_permission (Slice 2F-37),SLICE_2F37_VERIFIED (live route/guard introspection -- see phase-02a-slice-02f37/frozen-scope-verification.md)
GET,/v1/commerce/tenants/{tenant_id}/deposit/transactions,get_deposit_transactions,app.engines.platform_commerce.router,TENANT_USER_MUTATION,get_deposit_transactions|require_tenant_billing_read|get_current_user|<fastapi.security.http.HTTPBearer object at 0x000002139C77F500>|_svc|get_db|get_current_user|<fastapi.security.http.HTTPBearer object at 0x000002139C77F500>,TENANT_MUTATION_PERMISSION_SCOPE_AWARE,none -- protected via require_tenant_mutation_permission (Slice 2F-37),SLICE_2F37_VERIFIED (live route/guard introspection -- see phase-02a-slice-02f37/frozen-scope-verification.md)
POST,/v1/enterprise/saved-views,create_saved_view,app.engines.enterprise_grid.router,TENANT_USER_MUTATION,create_saved_view|get_current_user|<fastapi.security.http.HTTPBearer object at 0x000002139C77F500>|get_db,TENANT_MUTATION_ROLE_SCOPE_AWARE,none -- protected via require_mutation_access_scope (Slice 2F-36),SLICE_2F36_VERIFIED (live route/guard introspection -- see phase-02a-slice-02f36/frozen-scope-verification.md)
PUT,/v1/enterprise/saved-views/{view_id},update_saved_view,app.engines.enterprise_grid.router,TENANT_USER_MUTATION,update_saved_view|get_current_user|<fastapi.security.http.HTTPBearer object at 0x000002139C77F500>|get_db,TENANT_MUTATION_ROLE_SCOPE_AWARE,none -- protected via require_mutation_access_scope (Slice 2F-36),SLICE_2F36_VERIFIED (live route/guard introspection -- see phase-02a-slice-02f36/frozen-scope-verification.md)
DELETE,/v1/enterprise/saved-views/{view_id},delete_saved_view,app.engines.enterprise_grid.router,TENANT_USER_MUTATION,delete_saved_view|get_current_user|<fastapi.security.http.HTTPBearer object at 0x000002139C77F500>|get_db,TENANT_MUTATION_ROLE_SCOPE_AWARE,none -- protected via require_mutation_access_scope (Slice 2F-36),SLICE_2F36_VERIFIED (live route/guard introspection -- see phase-02a-slice-02f36/frozen-scope-verification.md)
POST,/v1/enterprise/saved-views/{view_id}/set-default,set_default_view,app.engines.enterprise_grid.router,TENANT_USER_MUTATION,set_default_view|get_current_user|<fastapi.security.http.HTTPBearer object at 0x000002139C77F500>|get_db,TENANT_MUTATION_ROLE_SCOPE_AWARE,none -- protected via require_mutation_access_scope (Slice 2F-36),SLICE_2F36_VERIFIED (live route/guard introspection -- see phase-02a-slice-02f36/frozen-scope-verification.md)
PUT,/v1/enterprise/column-preferences,save_column_preferences,app.engines.enterprise_grid.router,TENANT_USER_MUTATION,save_column_preferences|get_current_user|<fastapi.security.http.HTTPBearer object at 0x000002139C77F500>|get_db,TENANT_MUTATION_ROLE_SCOPE_AWARE,none -- protected via require_mutation_access_scope (Slice 2F-36),SLICE_2F36_VERIFIED (live route/guard introspection -- see phase-02a-slice-02f36/frozen-scope-verification.md)
POST,/v1/enterprise/exports,create_export,app.engines.enterprise_grid.router,TENANT_USER_MUTATION,create_export|get_current_user|<fastapi.security.http.HTTPBearer object at 0x000002139C77F500>|get_db,TENANT_MUTATION_ROLE_SCOPE_AWARE,none -- protected via require_mutation_access_scope (Slice 2F-36),SLICE_2F36_VERIFIED (live route/guard introspection -- see phase-02a-slice-02f36/frozen-scope-verification.md)
DELETE,/v1/webhooks/endpoints/{endpoint_id},delete_endpoint,app.engines.webhook.router,TENANT_USER_MUTATION,delete_endpoint|require_tenant_update|get_current_user|_svc|get_db,TENANT_MUTATION_PERMISSION_SCOPE_AWARE,none -- closed by Slice 2F-35: require_tenant_mutation_permission(TENANT_UPDATE) access-scope guard + service-layer server-derived tenant scoping (WebhookService._require_trusted_tenant),RUNTIME_VERIFIED + service evidence (Slice 2F-35): access_scope_gated=True; client-supplied tenant_id now verified against server-derived actor tenant before the query; foreign/missing -> identical NotFoundException (no oracle)
DELETE,/v1/geo/zones/{zone_id},delete_zone,app.engines.geo.router,TENANT_USER_MUTATION,delete_zone|require_tenant_update|get_current_user|_svc|get_db,TENANT_MUTATION_PERMISSION_SCOPE_AWARE,none -- closed by Slice 2F-33: require_tenant_mutation_permission(TENANT_UPDATE) access-scope guard + service-layer server-derived tenant scoping (GeoService._require_trusted_tenant),RUNTIME_VERIFIED + service evidence (Slice 2F-33): access_scope_gated=True; tenant server-derived (never client-supplied on this route); scoped by ServiceZone.id AND ServiceZone.tenant_id; foreign/missing -> identical NotFoundException (no oracle)
POST,/v1/media/upload/initiate,initiate_upload,app.engines.media.router,TENANT_USER_MUTATION,initiate_upload|get_current_user|_svc|get_db,TENANT_MUTATION_ROLE_SCOPE_AWARE,none -- closed by Slice 2F-31A (N01 residual),RUNTIME_VERIFIED + service evidence (Slice 2F-31A): MediaService now requires actor_tenant_id/actor_role trusted context; client-asserted tenant compared to principal; foreign target -> non-oracular failure
POST,/v1/media/upload/{session_id}/confirm,confirm_upload,app.engines.media.router,TENANT_USER_MUTATION,confirm_upload|get_current_user|_svc|get_db,TENANT_MUTATION_ROLE_SCOPE_AWARE,none -- closed by Slice 2F-31A (N01 residual),RUNTIME_VERIFIED + service evidence (Slice 2F-31A): MediaService now requires actor_tenant_id/actor_role trusted context; client-asserted tenant compared to principal; foreign target -> non-oracular failure
DELETE,/v1/media/tenants/{tenant_id}/files/{file_id},delete_file,app.engines.media.router,TENANT_USER_MUTATION,delete_file|get_current_user|_svc|get_db,TENANT_MUTATION_PERMISSION_SCOPE_AWARE,none -- closed by Slice 2F-31A (N01 residual),RUNTIME_VERIFIED + service evidence (Slice 2F-31A): MediaService now requires actor_tenant_id/actor_role trusted context; client-asserted tenant compared to principal; foreign target -> non-oracular failure
POST,/v1/geo/tenants/{tenant_id}/zones,create_zone,app.engines.geo.router,TENANT_USER_MUTATION,create_zone|require_tenant_mutation_permission|get_current_user|_svc|get_db,TENANT_MUTATION_PERMISSION_SCOPE_AWARE,none -- added and closed by Slice 2F-33: adjudicated TENANT_PROVIDER_MUTATION_ADD from the 2F-27a held registry (row 28); require_tenant_mutation_permission(TENANT_UPDATE) + service-layer server-derived tenant scoping,RUNTIME_VERIFIED + service evidence (Slice 2F-33): access_scope_gated=True; tenant_id path value verified against actor tenant via GeoService._require_trusted_tenant before the zone is created; cross-tenant creation now denied
POST,/v1/geo/tenants/{tenant_id}/staff/{staff_id}/location,update_location,app.engines.geo.router,TENANT_USER_MUTATION,update_location|require_mutation_access_scope|get_current_user|_svc|get_db,TENANT_MUTATION_ROLE_SCOPE_AWARE,none -- added and closed by Slice 2F-33: adjudicated TENANT_PROVIDER_MUTATION_ADD from the 2F-27a held registry (row 29); mixed-persona (technician self-report + tenant dispatcher-on-behalf) closed with require_mutation_access_scope (all admitted roles preserved) + service-layer server-derived tenant scoping,RUNTIME_VERIFIED + service evidence (Slice 2F-33): access_scope_gated=True; tenant_id path value verified against actor tenant via GeoService._require_trusted_tenant before the StaffLocation row is written; router-level staff-self-check preserved unchanged
POST,/v1/security/api-keys/{key_id}/rotate,rotate_api_key,app.engines.security.router,TENANT_USER_MUTATION,rotate_api_key|require_tenant_mutation_permission|get_current_user|_svc|get_db,TENANT_MUTATION_PERMISSION_SCOPE_AWARE,none -- added and closed by Slice 2F-35: adjudicated TENANT_PROVIDER_MUTATION_ADD from the 2F-27a held registry (security module); require_tenant_mutation_permission(TENANT_UPDATE) + service-layer server-derived tenant scoping,RUNTIME_VERIFIED + service evidence (Slice 2F-35): access_scope_gated=True; tenant_id Query value verified against actor tenant via SecurityService._require_trusted_tenant before the APIKey is rotated
POST,/v1/security/api-keys/{key_id}/revoke,revoke_api_key,app.engines.security.router,TENANT_USER_MUTATION,revoke_api_key|require_tenant_mutation_permission|get_current_user|_svc|get_db,TENANT_MUTATION_PERMISSION_SCOPE_AWARE,none -- added and closed by Slice 2F-35: adjudicated TENANT_PROVIDER_MUTATION_ADD from the 2F-27a held registry (security module); require_tenant_mutation_permission(TENANT_UPDATE) + service-layer server-derived tenant scoping,RUNTIME_VERIFIED + service evidence (Slice 2F-35): access_scope_gated=True; tenant_id Query value verified against actor tenant via SecurityService._require_trusted_tenant before the APIKey is revoked
POST,/v1/documents,generate_doc,app.engines.document.router,TENANT_USER_MUTATION,generate_doc|require_tenant_mutation_permission|get_current_user|_svc|get_db,TENANT_MUTATION_PERMISSION_SCOPE_AWARE,none -- added and closed by Slice 2F-35: adjudicated TENANT_PROVIDER_MUTATION_ADD from the 2F-27a held registry (documents module); require_tenant_mutation_permission(TENANT_UPDATE) + service-layer server-derived tenant scoping,RUNTIME_VERIFIED + service evidence (Slice 2F-35): access_scope_gated=True; body tenant_id verified against actor tenant via DocumentService._require_trusted_tenant before the document is created
POST,/v1/documents/{document_id}/send,send_for_signature,app.engines.document.router,TENANT_USER_MUTATION,send_for_signature|require_tenant_mutation_permission|get_current_user|_svc|get_db,TENANT_MUTATION_PERMISSION_SCOPE_AWARE,none -- added and closed by Slice 2F-35: adjudicated TENANT_PROVIDER_MUTATION_ADD from the 2F-27a held registry (documents module); require_tenant_mutation_permission(TENANT_UPDATE) + service-layer server-derived tenant scoping,RUNTIME_VERIFIED + service evidence (Slice 2F-35): access_scope_gated=True; query scoped by Document.tenant_id == actor_tenant_id; foreign/missing -> identical NotFoundException
POST,/v1/documents/{document_id}/void,void_document,app.engines.document.router,TENANT_USER_MUTATION,void_document|require_tenant_mutation_permission|get_current_user|_svc|get_db,TENANT_MUTATION_PERMISSION_SCOPE_AWARE,none -- added and closed by Slice 2F-35: adjudicated TENANT_PROVIDER_MUTATION_ADD from the 2F-27a held registry (documents module); require_tenant_mutation_permission(TENANT_UPDATE) + service-layer server-derived tenant scoping,RUNTIME_VERIFIED + service evidence (Slice 2F-35): access_scope_gated=True; query scoped by Document.tenant_id == actor_tenant_id; foreign/missing -> identical NotFoundException
DELETE,/v1/rag/knowledge-bases/{kb_id},delete_kb,app.engines.rag.router,TENANT_USER_MUTATION,delete_kb|require_tenant_mutation_permission|get_current_user|_svc|get_db,TENANT_MUTATION_PERMISSION_SCOPE_AWARE,none -- added and closed by Slice 2F-35: adjudicated TENANT_PROVIDER_MUTATION_ADD from the 2F-27a held registry (rag module); require_tenant_mutation_permission(TENANT_UPDATE) + service-layer server-derived tenant scoping,RUNTIME_VERIFIED + service evidence (Slice 2F-35): access_scope_gated=True; KB lookup scoped via RAGService._get_kb_trusted; foreign/missing -> identical NotFoundException
POST,/v1/rag/knowledge-bases/{kb_id}/documents,ingest_document,app.engines.rag.router,TENANT_USER_MUTATION,ingest_document|require_tenant_mutation_permission|get_current_user|_svc|get_db,TENANT_MUTATION_PERMISSION_SCOPE_AWARE,none -- added and closed by Slice 2F-35: adjudicated TENANT_PROVIDER_MUTATION_ADD from the 2F-27a held registry (rag module); require_tenant_mutation_permission(TENANT_UPDATE) + service-layer server-derived tenant scoping,RUNTIME_VERIFIED + service evidence (Slice 2F-35): access_scope_gated=True; KB lookup scoped via RAGService._get_kb_trusted; foreign/missing -> identical NotFoundException
DELETE,/v1/rag/documents/{doc_id},delete_document,app.engines.rag.router,TENANT_USER_MUTATION,delete_document|require_tenant_mutation_permission|get_current_user|_svc|get_db,TENANT_MUTATION_PERMISSION_SCOPE_AWARE,none -- added and closed by Slice 2F-35: adjudicated TENANT_PROVIDER_MUTATION_ADD from the 2F-27a held registry (rag module); require_tenant_mutation_permission(TENANT_UPDATE) + service-layer server-derived tenant scoping,RUNTIME_VERIFIED + service evidence (Slice 2F-35): access_scope_gated=True; query scoped by KBDocument.tenant_id == actor_tenant_id; foreign/missing -> identical NotFoundException
POST,/v1/rag/documents/{doc_id}/reindex,reindex_document,app.engines.rag.router,TENANT_USER_MUTATION,reindex_document|require_tenant_mutation_permission|get_current_user|_svc|get_db,TENANT_MUTATION_PERMISSION_SCOPE_AWARE,none -- added and closed by Slice 2F-35: adjudicated TENANT_PROVIDER_MUTATION_ADD from the 2F-27a held registry (rag module); require_tenant_mutation_permission(TENANT_UPDATE) + service-layer server-derived tenant scoping,RUNTIME_VERIFIED + service evidence (Slice 2F-35): access_scope_gated=True; query scoped by KBDocument.tenant_id == actor_tenant_id; foreign/missing -> identical NotFoundException
POST,/v1/chat/conversations/{conversation_id}/messages,send_message,app.engines.chat.router,TENANT_MUTATION_ROLE_SCOPE_AWARE,require_mutation_access_scope,TENANT_MUTATION_ROLE_SCOPE_AWARE,none -- protected via require_mutation_access_scope + _require_trusted_tenant + _require_participant (Slice 2F-36),SLICE_2F36_VERIFIED
POST,/v1/inventory/tenants/{tenant_id}/items,create_item,app.engines.inventory.router,TENANT_MUTATION_PERMISSION_SCOPE_AWARE,require_tenant_mutation_permission,TENANT_MUTATION_PERMISSION_SCOPE_AWARE,none -- protected via require_tenant_mutation_permission + _require_trusted_tenant (Slice 2F-36),SLICE_2F36_VERIFIED
POST,/v1/inventory/items/{item_id}/locations/{location_id}/receive,receive_stock,app.engines.inventory.router,TENANT_MUTATION_PERMISSION_SCOPE_AWARE,require_tenant_mutation_permission,TENANT_MUTATION_PERMISSION_SCOPE_AWARE,none -- protected via require_tenant_mutation_permission + _require_trusted_tenant (Slice 2F-36),SLICE_2F36_VERIFIED
POST,/v1/inventory/reservations,create_reservation,app.engines.inventory.router,TENANT_MUTATION_PERMISSION_SCOPE_AWARE,require_tenant_mutation_permission,TENANT_MUTATION_PERMISSION_SCOPE_AWARE,none -- protected via require_tenant_mutation_permission + _require_trusted_tenant (Slice 2F-36),SLICE_2F36_VERIFIED
POST,/v1/inventory/reservations/confirm,confirm_reservation,app.engines.inventory.router,TENANT_MUTATION_PERMISSION_SCOPE_AWARE,require_tenant_mutation_permission,TENANT_MUTATION_PERMISSION_SCOPE_AWARE,none -- protected via require_tenant_mutation_permission + _require_trusted_tenant (Slice 2F-36),SLICE_2F36_VERIFIED
POST,/v1/inventory/reservations/release,release_reservation,app.engines.inventory.router,TENANT_MUTATION_PERMISSION_SCOPE_AWARE,require_tenant_mutation_permission,TENANT_MUTATION_PERMISSION_SCOPE_AWARE,none -- protected via require_tenant_mutation_permission + _require_trusted_tenant (Slice 2F-36),SLICE_2F36_VERIFIED
POST,/v1/appointments/{appointment_id}/confirm,confirm_hold,app.engines.appointment.router,TENANT_MUTATION_ROLE_SCOPE_AWARE,require_mutation_access_scope,TENANT_MUTATION_ROLE_SCOPE_AWARE,none -- protected via require_mutation_access_scope + _assert_appt_access (Slice 2F-36),SLICE_2F36_VERIFIED
POST,/v1/appointments/{appointment_id}/cancel,cancel_appointment,app.engines.appointment.router,TENANT_MUTATION_ROLE_SCOPE_AWARE,require_mutation_access_scope,TENANT_MUTATION_ROLE_SCOPE_AWARE,none -- protected via require_mutation_access_scope + _assert_appt_access (Slice 2F-36),SLICE_2F36_VERIFIED
POST,/v1/appointments/{appointment_id}/reschedule,reschedule,app.engines.appointment.router,TENANT_MUTATION_ROLE_SCOPE_AWARE,require_mutation_access_scope,TENANT_MUTATION_ROLE_SCOPE_AWARE,none -- protected via require_mutation_access_scope + _assert_appt_access (Slice 2F-36),SLICE_2F36_VERIFIED
POST,/v1/appointments/{appointment_id}/no-show,mark_no_show,app.engines.appointment.router,TENANT_MUTATION_PERMISSION_SCOPE_AWARE,require_tenant_mutation_permission,TENANT_MUTATION_PERMISSION_SCOPE_AWARE,none -- protected via require_tenant_mutation_permission + _assert_appt_access (Slice 2F-36),SLICE_2F36_VERIFIED
POST,/v1/appointments/staff/{staff_id}/calendar/block,block_calendar,app.engines.appointment.router,TENANT_MUTATION_PERMISSION_SCOPE_AWARE,require_tenant_mutation_permission,TENANT_MUTATION_PERMISSION_SCOPE_AWARE,none -- protected via require_tenant_mutation_permission + _require_trusted_tenant (Slice 2F-36),SLICE_2F36_VERIFIED
DELETE,/v1/appointments/calendar/blocks/{block_id},unblock_calendar,app.engines.appointment.router,TENANT_MUTATION_PERMISSION_SCOPE_AWARE,require_tenant_mutation_permission,TENANT_MUTATION_PERMISSION_SCOPE_AWARE,none -- protected via require_tenant_mutation_permission + tenant ownership check on CalendarBlock (Slice 2F-36),SLICE_2F36_VERIFIED
PUT,/v1/appointments/staff/{staff_id}/working-hours,set_working_hours,app.engines.appointment.router,TENANT_MUTATION_PERMISSION_SCOPE_AWARE,require_tenant_mutation_permission,TENANT_MUTATION_PERMISSION_SCOPE_AWARE,none -- protected via require_tenant_mutation_permission + _require_trusted_tenant (Slice 2F-36),SLICE_2F36_VERIFIED
POST,/v1/catalog,create_item,app.engines.service_catalog.router,TENANT_MUTATION_PERMISSION_SCOPE_AWARE,require_tenant_mutation_permission,TENANT_MUTATION_PERMISSION_SCOPE_AWARE,none -- protected via require_tenant_mutation_permission + _require_trusted_tenant (Slice 2F-36),SLICE_2F36_VERIFIED
PUT,/v1/catalog/{item_id},update_item,app.engines.service_catalog.router,TENANT_MUTATION_PERMISSION_SCOPE_AWARE,require_tenant_mutation_permission,TENANT_MUTATION_PERMISSION_SCOPE_AWARE,none -- protected via require_tenant_mutation_permission + tenant ownership check on ServiceCatalogItem (Slice 2F-36),SLICE_2F36_VERIFIED
POST,/v1/dispatch/jobs/{job_id}/dispatch,dispatch_job,app.engines.dispatch.router,TENANT_MUTATION_PERMISSION_SCOPE_AWARE,require_tenant_mutation_permission,TENANT_MUTATION_PERMISSION_SCOPE_AWARE,none -- protected via require_tenant_mutation_permission + _require_trusted_tenant + job.tenant_id cross-check (Slice 2F-36),SLICE_2F36_VERIFIED
POST,/v1/dispatch/jobs/{job_id}/reassign,reassign,app.engines.dispatch.router,TENANT_MUTATION_PERMISSION_SCOPE_AWARE,require_tenant_mutation_permission,TENANT_MUTATION_PERMISSION_SCOPE_AWARE,none -- protected via require_tenant_mutation_permission + tenant ownership check on DispatchRecord (Slice 2F-36),SLICE_2F36_VERIFIED
POST,/v1/ds/tenants/{tenant_id}/demand/recompute,trigger_recompute,app.engines.data_science.router,TENANT_MUTATION_PERMISSION_SCOPE_AWARE,require_tenant_mutation_permission,TENANT_MUTATION_PERMISSION_SCOPE_AWARE,none -- protected via require_tenant_mutation_permission + _require_trusted_tenant (Slice 2F-36),SLICE_2F36_VERIFIED
POST,/v1/ds/tenants/{tenant_id}/pricing/apply,apply_pricing,app.engines.data_science.router,TENANT_MUTATION_PERMISSION_SCOPE_AWARE,require_tenant_mutation_permission,TENANT_MUTATION_PERMISSION_SCOPE_AWARE,none -- protected via require_tenant_mutation_permission + _require_trusted_tenant (Slice 2F-36),SLICE_2F36_VERIFIED
GET,/v1/ds/tenants/{tenant_id}/customers/{customer_id}/ltv,customer_ltv,app.engines.data_science.router,TENANT_MUTATION_ROLE_SCOPE_AWARE,require_mutation_access_scope,TENANT_MUTATION_ROLE_SCOPE_AWARE,none -- mutating GET (lazy-creates CustomerLTVScore); protected via require_mutation_access_scope + _require_trusted_tenant (Slice 2F-36),SLICE_2F36_VERIFIED
POST,/v1/ds/tenants/{tenant_id}/customers/{customer_id}/ltv/recompute,recompute_ltv,app.engines.data_science.router,TENANT_MUTATION_ROLE_SCOPE_AWARE,require_mutation_access_scope,TENANT_MUTATION_ROLE_SCOPE_AWARE,none -- protected via require_mutation_access_scope + _require_trusted_tenant (Slice 2F-36),SLICE_2F36_VERIFIED
PUT,/v1/settings/tenants/{tenant_id}/{key},set_tenant,app.engines.settings_engine.router,TENANT_MUTATION_PERMISSION_SCOPE_AWARE,require_tenant_mutation_permission,TENANT_MUTATION_PERMISSION_SCOPE_AWARE,none -- protected via require_tenant_mutation_permission + _require_trusted_tenant (Slice 2F-36),SLICE_2F36_VERIFIED
DELETE,/v1/settings/tenants/{tenant_id}/{key},delete_tenant,app.engines.settings_engine.router,TENANT_MUTATION_PERMISSION_SCOPE_AWARE,require_tenant_mutation_permission,TENANT_MUTATION_PERMISSION_SCOPE_AWARE,none -- protected via require_tenant_mutation_permission + _require_trusted_tenant (Slice 2F-36),SLICE_2F36_VERIFIED
PUT,/v1/notifications/tenants/{tenant_id}/channels/{channel},set_channel,app.engines.notification.router,TENANT_MUTATION_PERMISSION_SCOPE_AWARE,require_tenant_mutation_permission,TENANT_MUTATION_PERMISSION_SCOPE_AWARE,none -- protected via require_tenant_mutation_permission + _require_trusted_tenant (Slice 2F-36),SLICE_2F36_VERIFIED
POST,/v1/pricing/tenants/{tenant_id}/prices/set,set_tenant_price,app.engines.pricing.router,TENANT_MUTATION_PERMISSION_SCOPE_AWARE,require_tenant_mutation_permission,TENANT_MUTATION_PERMISSION_SCOPE_AWARE,none -- protected via require_tenant_mutation_permission + PricingService._require_trusted_tenant (Slice 2F-37),SLICE_2F37_VERIFIED
PUT,/v1/pricing/tenants/{tenant_id}/brand-adjustment,set_brand_adj,app.engines.pricing.router,TENANT_MUTATION_PERMISSION_SCOPE_AWARE,require_tenant_mutation_permission,TENANT_MUTATION_PERMISSION_SCOPE_AWARE,none -- protected via require_tenant_mutation_permission + PricingService._require_trusted_tenant (Slice 2F-37),SLICE_2F37_VERIFIED
POST,/v1/pricing/tenants/{tenant_id}/zones,create_zone,app.engines.pricing.router,TENANT_MUTATION_PERMISSION_SCOPE_AWARE,require_tenant_mutation_permission,TENANT_MUTATION_PERMISSION_SCOPE_AWARE,none -- protected via require_tenant_mutation_permission + PricingService._require_trusted_tenant (Slice 2F-37),SLICE_2F37_VERIFIED
PUT,/v1/pricing/tenants/{tenant_id}/zones/{zone_id},update_zone,app.engines.pricing.router,TENANT_MUTATION_PERMISSION_SCOPE_AWARE,require_tenant_mutation_permission,TENANT_MUTATION_PERMISSION_SCOPE_AWARE,"none -- protected via require_tenant_mutation_permission + tenant ownership check on ZoneSurcharge, previously ZERO tenant scoping (Slice 2F-37)",SLICE_2F37_VERIFIED
DELETE,/v1/pricing/tenants/{tenant_id}/zones/{zone_id},delete_zone,app.engines.pricing.router,TENANT_MUTATION_PERMISSION_SCOPE_AWARE,require_tenant_mutation_permission,TENANT_MUTATION_PERMISSION_SCOPE_AWARE,"none -- protected via require_tenant_mutation_permission + tenant ownership check on ZoneSurcharge, previously ZERO tenant scoping (Slice 2F-37)",SLICE_2F37_VERIFIED
POST,/v1/pricing/tenants/{tenant_id}/rules,create_rule,app.engines.pricing.router,TENANT_MUTATION_PERMISSION_SCOPE_AWARE,require_tenant_mutation_permission,TENANT_MUTATION_PERMISSION_SCOPE_AWARE,none -- protected via require_tenant_mutation_permission + PricingService._require_trusted_tenant (Slice 2F-37),SLICE_2F37_VERIFIED
PUT,/v1/pricing/tenants/{tenant_id}/rules/{rule_id},update_rule,app.engines.pricing.router,TENANT_MUTATION_PERMISSION_SCOPE_AWARE,require_tenant_mutation_permission,TENANT_MUTATION_PERMISSION_SCOPE_AWARE,"none -- protected via require_tenant_mutation_permission + tenant ownership check on DynamicPricingRule, previously ZERO tenant scoping (Slice 2F-37)",SLICE_2F37_VERIFIED
DELETE,/v1/pricing/tenants/{tenant_id}/rules/{rule_id},delete_rule,app.engines.pricing.router,TENANT_MUTATION_PERMISSION_SCOPE_AWARE,require_tenant_mutation_permission,TENANT_MUTATION_PERMISSION_SCOPE_AWARE,"none -- protected via require_tenant_mutation_permission + tenant ownership check on DynamicPricingRule, previously ZERO tenant scoping (Slice 2F-37)",SLICE_2F37_VERIFIED
POST,/v1/pricing/compute,compute_price,app.engines.pricing.router,TENANT_MUTATION_ROLE_SCOPE_AWARE,require_mutation_access_scope,TENANT_MUTATION_ROLE_SCOPE_AWARE,none -- mixed persona (customer price-preview across providers); protected via require_mutation_access_scope (Slice 2F-37),SLICE_2F37_VERIFIED
POST,/v1/payments/tenants/{tenant_id}/payout,request_payout,app.engines.payment.router,TENANT_MUTATION_PERMISSION_SCOPE_AWARE,require_tenant_mutation_permission,TENANT_MUTATION_PERMISSION_SCOPE_AWARE,"tenant_id trust closed via require_tenant_mutation_permission + PaymentService._require_trusted_tenant (Slice 2F-37); amount remains client-supplied with no authoritative balance ledger to validate against -- open PRODUCT_DECISION_REQUIRED financial-integrity gap, see known-limitations.md",SLICE_2F37_VERIFIED_PRODUCT_POLICY_BLOCKED
PUT,/v1/subscriptions/tenants/{tenant_id}/plan,update_plan,app.engines.subscription.router,TENANT_MUTATION_PERMISSION_SCOPE_AWARE,require_tenant_mutation_permission,TENANT_MUTATION_PERMISSION_SCOPE_AWARE,none -- protected via require_tenant_mutation_permission + SubscriptionService._require_trusted_tenant (Slice 2F-37),SLICE_2F37_VERIFIED
POST,/v1/commerce/tenants/{tenant_id}/wallet/purchase/initiate,initiate_purchase,app.engines.platform_commerce.router,TENANT_MUTATION_PERMISSION_SCOPE_AWARE,require_tenant_mutation_permission,TENANT_MUTATION_PERMISSION_SCOPE_AWARE,none -- protected via require_tenant_mutation_permission + CommerceService._assert_owns_tenant_deposit (Slice 2F-37),SLICE_2F37_VERIFIED
POST,/v1/commerce/warranty/claims,submit_claim,app.engines.platform_commerce.router,TENANT_MUTATION_ROLE_SCOPE_AWARE,require_mutation_access_scope,TENANT_MUTATION_ROLE_SCOPE_AWARE,"none -- protected via require_mutation_access_scope + parent-job ownership check (job.tenant_id/customer_id), previously ZERO parent verification allowing arbitrary tenant/job claims with a client-supplied amount (Slice 2F-37)",SLICE_2F37_VERIFIED
POST,/v1/commerce/tenants/{tenant_id}/badges/recalculate,recalculate_badges,app.engines.platform_commerce.router,TENANT_MUTATION_PERMISSION_SCOPE_AWARE,require_tenant_mutation_permission,TENANT_MUTATION_PERMISSION_SCOPE_AWARE,fixed read-permission-guarding-a-write defect (was require_permission(TENANT_HEALTH_READ)); now require_tenant_mutation_permission(TENANT_UPDATE) + CommerceService._assert_owns_tenant_deposit (Slice 2F-37),SLICE_2F37_VERIFIED
POST,/v1/compliance/deletion-requests,request_deletion,app.engines.compliance.router,TENANT_MUTATION_ROLE_SCOPE_AWARE,require_mutation_access_scope,TENANT_MUTATION_ROLE_SCOPE_AWARE,existing DPDP erasure workflow already implemented; closed missing self-only ownership check (user_id was fully client-supplied) + require_mutation_access_scope (Slice 2F-37),SLICE_2F37_VERIFIED
POST,/v1/compliance/portability-requests,request_export,app.engines.compliance.router,TENANT_MUTATION_ROLE_SCOPE_AWARE,require_mutation_access_scope,TENANT_MUTATION_ROLE_SCOPE_AWARE,existing DPDP portability workflow already implemented; closed missing self-only ownership check (user_id was fully client-supplied) + require_mutation_access_scope (Slice 2F-37),SLICE_2F37_VERIFIED
